node_id,attribute,value,kind,jsd,share_staples,share_competitor,n_staples,n_competitor,known_staples,known_competitor,credibility,descriptive_only,delta,tg_attr
Office Supplies > Calendars & Planners > Planners & Personal Organizers,colour_family,beige/cream,single,0.17185584732785536,0.0037267080745341614,0.03544776119402985,3,19,805,536,1.0,True,0.03172105311949569,0.7421875
Office Supplies > Calendars & Planners > Planners & Personal Organizers,colour_family,black,single,0.17185584732785536,0.1813664596273292,0.23507462686567165,146,126,805,536,0.99175,True,0.05370816723834246,0.798048828125
Office Supplies > Calendars & Planners > Planners & Personal Organizers,colour_family,blue,single,0.17185584732785536,0.09813664596273292,0.13619402985074627,79,73,805,536,0.9826,True,0.03805738388801336,0.7446265625
Office Supplies > Calendars & Planners > Planners & Personal Organizers,colour_family,brown/wood,single,0.17185584732785536,0.02236024844720497,0.06902985074626866,18,37,805,536,1.0,True,0.046669602299063695,0.78515625
Office Supplies > Calendars & Planners > Planners & Personal Organizers,colour_family,clear,single,0.17185584732785536,0.0,0.013059701492537313,0,7,805,536,0.9998,True,0.013059701492537313,0.6248750000000001
Office Supplies > Calendars & Planners > Planners & Personal Organizers,colour_family,green,single,0.17185584732785536,0.031055900621118012,0.10634328358208955,25,57,805,536,1.0,True,0.07528738296097154,0.8671875
Office Supplies > Calendars & Planners > Planners & Personal Organizers,colour_family,grey,single,0.17185584732785536,0.02236024844720497,0.022388059701492536,18,12,805,536,0.5013,True,2.7811254287565812e-05,0.24869179687499998
Office Supplies > Calendars & Planners > Planners & Personal Organizers,colour_family,metallic,single,0.17185584732785536,0.0037267080745341614,0.03171641791044776,3,17,805,536,0.99995,True,0.0279897098359136,0.7226201171875
Office Supplies > Calendars & Planners > Planners & Personal Organizers,colour_family,multi/pattern,single,0.17185584732785536,0.5142857142857142,0.12126865671641791,414,65,805,536,0.0,True,-0.39301705756929634,0.0
Office Supplies > Calendars & Planners > Planners & Personal Organizers,colour_family,navy,single,0.17185584732785536,0.0,0.016791044776119403,0,9,805,536,0.99995,True,0.016791044776119403,0.632780859375
Office Supplies > Calendars & Planners > Planners & Personal Organizers,colour_family,purple,single,0.17185584732785536,0.02360248447204969,0.05037313432835821,19,27,805,536,0.99475,True,0.026770649856308518,0.707205078125
Office Supplies > Calendars & Planners > Planners & Personal Organizers,colour_family,red/pink,single,0.17185584732785536,0.05714285714285714,0.13059701492537312,46,70,805,536,1.0,True,0.07345415778251599,0.859375
Office Supplies > Calendars & Planners > Planners & Personal Organizers,colour_family,white,single,0.17185584732785536,0.031055900621118012,0.011194029850746268,25,6,805,536,0.00685,True,-0.019861870770371742,0.001766015625
Office Supplies > Calendars & Planners > Planners & Personal Organizers,colour_family,yellow/orange,single,0.17185584732785536,0.011180124223602485,0.020522388059701493,9,11,805,536,0.91865,True,0.009342263836099008,0.5526253906249999
Office Supplies > Calendars & Planners > Planners & Personal Organizers,colour_tone,bold,single,0.14498965881201942,0.22111801242236026,0.44402985074626866,178,238,805,536,1.0,True,0.2229118383239084,0.96875
Office Supplies > Calendars & Planners > Planners & Personal Organizers,colour_tone,dark-neutral,single,0.14498965881201942,0.1813664596273292,0.251865671641791,146,135,805,536,0.99885,True,0.07049921201446183,0.8349761718750001
Office Supplies > Calendars & Planners > Planners & Personal Organizers,colour_tone,light-neutral,single,0.14498965881201942,0.034782608695652174,0.05970149253731343,28,32,805,536,0.9836,True,0.024918883841661257,0.683909375
Office Supplies > Calendars & Planners > Planners & Personal Organizers,colour_tone,metallic,single,0.14498965881201942,0.0037267080745341614,0.03171641791044776,3,17,805,536,1.0,True,0.0279897098359136,0.72265625
Office Supplies > Calendars & Planners > Planners & Personal Organizers,colour_tone,mid-neutral,single,0.14498965881201942,0.02236024844720497,0.022388059701492536,18,12,805,536,0.5128,True,2.7811254287565812e-05,0.254396875
Office Supplies > Calendars & Planners > Planners & Personal Organizers,colour_tone,pattern,single,0.14498965881201942,0.5142857142857142,0.12126865671641791,414,65,805,536,0.0,True,-0.39301705756929634,0.0
Office Supplies > Calendars & Planners > Planners & Personal Organizers,colour_tone,warm-neutral,single,0.14498965881201942,0.02236024844720497,0.06902985074626866,18,37,805,536,1.0,True,0.046669602299063695,0.78515625
Office Supplies > Calendars & Planners > Planners & Personal Organizers,material_class,fabric/linen,single,0.3433118383255399,0.00804289544235925,0.055776892430278883,6,28,746,502,1.0,False,0.047733996987919636,0.796875
Office Supplies > Calendars & Planners > Planners & Personal Organizers,material_class,faux leather,single,0.3433118383255399,0.17962466487935658,0.099601593625498,134,50,746,502,5e-05,False,-0.08002307125385857,6.6406250000000005e-06
Office Supplies > Calendars & Planners > Planners & Personal Organizers,material_class,hardcover,single,0.3433118383255399,0.3324396782841823,0.3545816733067729,248,178,746,502,0.7816,False,0.02214199502259062,0.5190312499999999
Office Supplies > Calendars & Planners > Planners & Personal Organizers,material_class,leather,single,0.3433118383255399,0.0,0.23705179282868527,0,119,746,502,1.0,False,0.23705179282868527,0.9765625
Office Supplies > Calendars & Planners > Planners & Personal Organizers,material_class,plastic/poly,single,0.3433118383255399,0.47587131367292224,0.06573705179282868,355,33,746,502,0.0,False,-0.41013426188009355,0.0
Office Supplies > Calendars & Planners > Planners & Personal Organizers,material_class,softcover/paper,single,0.3433118383255399,0.004021447721179625,0.18725099601593626,3,94,746,502,1.0,False,0.18322954829475663,0.953125
Office Supplies > Calendars & Planners > Planners & Personal Organizers,style_family,boho/coastal,single,0.1319837140628779,0.1575492341356674,0.14285714285714285,72,6,457,42,0.42525,False,-0.014692091278524555,0.11960156250000001
Office Supplies > Calendars & Planners > Planners & Personal Organizers,style_family,contemporary,single,0.1319837140628779,0.010940919037199124,0.07142857142857142,5,3,457,42,0.9918,False,0.0604876523913723,0.8058375
Office Supplies > Calendars & Planners > Planners & Personal Organizers,style_family,farmhouse/rustic,single,0.1319837140628779,0.0087527352297593,0.07142857142857142,4,3,457,42,0.99535,False,0.06267583619881212,0.8164980468749999
Office Supplies > Calendars & Planners > Planners & Personal Organizers,style_family,gaming,single,0.1319837140628779,0.002188183807439825,0.0,1,0,457,42,0.63075,False,-0.002188183807439825,0.2562421875
Office Supplies > Calendars & Planners > Planners & Personal Organizers,style_family,glam,single,0.1319837140628779,0.006564551422319475,0.047619047619047616,3,2,457,42,0.9818,False,0.041054496196728144,0.7516906250000001
Office Supplies > Calendars & Planners > Planners & Personal Organizers,style_family,mid-century,single,0.1319837140628779,0.0,0.023809523809523808,0,1,457,42,0.9883,False,0.023809523809523808,0.67945625
Office Supplies > Calendars & Planners > Planners & Personal Organizers,style_family,minimalist,single,0.1319837140628779,0.02188183807439825,0.14285714285714285,10,6,457,42,0.9996,False,0.1209753047827446,0.9215062500000001
Office Supplies > Calendars & Planners > Planners & Personal Organizers,style_family,modern,single,0.1319837140628779,0.03282275711159737,0.023809523809523808,15,1,457,42,0.42205,False,-0.009013233302073563,0.13848515625
Office Supplies > Calendars & Planners > Planners & Personal Organizers,style_family,traditional,single,0.1319837140628779,0.7592997811816192,0.47619047619047616,347,20,457,42,0.0002,False,-0.28310930499114306,7.8125e-06
Office Supplies > Calendars & Planners > Planners & Personal Organizers,size_class,compact,single,4.415858017172114e-06,0.9987577639751553,0.9986111111111111,804,719,805,720,0.45955,False,-0.0001466528640441389,0.22259453125
Office Supplies > Calendars & Planners > Planners & Personal Organizers,size_class,standard,single,4.415858017172114e-06,0.0012422360248447205,0.001388888888888889,1,1,805,720,0.53405,False,0.0001466528640441684,0.27536953125
Office Supplies > Calendars & Planners > Planners & Personal Organizers,vibe,character/licensed,single,0.0906103795919861,0.009937888198757764,0.0025575447570332483,8,3,805,1173,0.0152,False,-0.007380343441724516,0.00534375
Office Supplies > Calendars & Planners > Planners & Personal Organizers,vibe,cozy/plush,single,0.0906103795919861,0.0012422360248447205,0.0008525149190110827,1,1,805,1173,0.38495,False,-0.00038972110583363785,0.1804453125
Office Supplies > Calendars & Planners > Planners & Personal Organizers,vibe,curved/organic,single,0.0906103795919861,0.0012422360248447205,0.0008525149190110827,1,1,805,1173,0.37925,False,-0.00038972110583363785,0.1777734375
Office Supplies > Calendars & Planners > Planners & Personal Organizers,vibe,cute/kawaii,single,0.0906103795919861,0.02360248447204969,0.00937766410912191,19,11,805,1173,0.00655,False,-0.01422482036292778,0.0019189453125
Office Supplies > Calendars & Planners > Planners & Personal Organizers,vibe,floral/botanical,single,0.0906103795919861,0.18509316770186335,0.07587382779198636,149,89,805,1173,0.0,False,-0.10921933990987699,0.0
Office Supplies > Calendars & Planners > Planners & Personal Organizers,vibe,geometric/abstract,single,0.0906103795919861,0.013664596273291925,0.0025575447570332483,11,3,805,1173,0.0021,False,-0.011107051516258676,0.00067265625
Office Supplies > Calendars & Planners > Planners & Personal Organizers,vibe,glitter/sparkle,single,0.0906103795919861,0.0012422360248447205,0.0,1,0,805,1173,0.1287,False,-0.0012422360248447205,0.057311718750000004
Office Supplies > Calendars & Planners > Planners & Personal Organizers,vibe,inspirational,single,0.0906103795919861,0.0037267080745341614,0.010230179028132993,3,12,805,1173,0.9555,False,0.006503470953598832,0.567328125
Office Supplies > Calendars & Planners > Planners & Personal Organizers,vibe,luxe,single,0.0906103795919861,0.11801242236024845,0.041773231031543054,95,49,805,1173,0.0,False,-0.0762391913287054,0.0
Office Supplies > Calendars & Planners > Planners & Personal Organizers,vibe,metal-accent,single,0.0906103795919861,0.0012422360248447205,0.0017050298380221654,1,2,805,1173,0.5882,False,0.00046279381317744484,0.31018359375
Office Supplies > Calendars & Planners > Planners & Personal Organizers,vibe,plain,single,0.0906103795919861,0.5031055900621118,0.7442455242966752,405,873,805,1173,1.0,False,0.24113993423456348,0.984375
Office Supplies > Calendars & Planners > Planners & Personal Organizers,vibe,playful/colourful,single,0.0906103795919861,0.02608695652173913,0.04859335038363171,21,57,805,1173,0.9951,False,0.02250639386189258,0.6685828125
Office Supplies > Calendars & Planners > Planners & Personal Organizers,vibe,professional,single,0.0906103795919861,0.0422360248447205,0.020460358056265986,34,24,805,1173,0.00265,False,-0.021775666788454513,0.0006625
Office Supplies > Calendars & Planners > Planners & Personal Organizers,vibe,retro/vintage,single,0.0906103795919861,0.0037267080745341614,0.03324808184143223,3,39,805,1173,1.0,False,0.029521373766898066,0.734375
Office Supplies > Calendars & Planners > Planners & Personal Organizers,vibe,sleek/minimal,single,0.0906103795919861,0.02360248447204969,0.005115089514066497,19,6,805,1173,0.0001,False,-0.018487394957983194,2.6562500000000002e-05
Office Supplies > Calendars & Planners > Planners & Personal Organizers,vibe,statement,single,0.0906103795919861,0.03229813664596273,0.0,26,0,805,1173,0.0,False,-0.03229813664596273,0.0
Office Supplies > Calendars & Planners > Planners & Personal Organizers,vibe,textured,single,0.0906103795919861,0.009937888198757764,0.0025575447570332483,8,3,805,1173,0.0158,False,-0.007380343441724516,0.005554687500000001
Office Supplies > Calendars & Planners > Planners & Personal Organizers,planner_type,address book,single,0.12109137961845254,0.012422360248447204,0.08923884514435695,10,102,805,1143,1.0,False,0.07681648489590975,0.875
Office Supplies > Calendars & Planners > Planners & Personal Organizers,planner_type,appointment book,single,0.12109137961845254,0.09316770186335403,0.0568678915135608,75,65,805,1143,0.00145,False,-0.03629981034979323,0.000305859375
Office Supplies > Calendars & Planners > Planners & Personal Organizers,planner_type,journal/guided,single,0.12109137961845254,0.0,0.1732283464566929,0,198,805,1143,1.0,False,0.1732283464566929,0.9453125
Office Supplies > Calendars & Planners > Planners & Personal Organizers,planner_type,personal organizer,single,0.12109137961845254,0.031055900621118012,0.03062117235345582,25,35,805,1143,0.48235,False,-0.0004347282676621933,0.21856484375
Office Supplies > Calendars & Planners > Planners & Personal Organizers,planner_type,planner,single,0.12109137961845254,0.8633540372670807,0.6500437445319335,695,743,805,1143,0.0,False,-0.21331029273514723,0.0
Office Supplies > Calendars & Planners > Planners & Personal Organizers,date_format,daily,single,0.07147904356525116,0.09462915601023018,0.29250720461095103,74,203,782,694,1.0,False,0.19787804860072084,0.9609375
Office Supplies > Calendars & Planners > Planners & Personal Organizers,date_format,monthly,single,0.07147904356525116,0.2672634271099744,0.24351585014409222,209,169,782,694,0.1461,False,-0.0237475769658822,0.035383593750000004
Office Supplies > Calendars & Planners > Planners & Personal Organizers,date_format,weekly,single,0.07147904356525116,0.0639386189258312,0.1340057636887608,50,93,782,694,1.0,False,0.07006714476292959,0.828125
Office Supplies > Calendars & Planners > Planners & Personal Organizers,date_format,weekly & monthly,single,0.07147904356525116,0.5741687979539642,0.329971181556196,449,229,782,694,0.0,False,-0.24419761639776827,0.0
Office Supplies > Calendars & Planners > Planners & Personal Organizers,year_format,academic,single,0.08105478027230795,0.34782608695652173,0.16202945990180032,280,99,805,611,0.0,False,-0.1857966270547214,0.0
Office Supplies > Calendars & Planners > Planners & Personal Organizers,year_format,calendar year,single,0.08105478027230795,0.5565217391304348,0.5531914893617021,448,338,805,611,0.4464,False,-0.0033302497687326404,0.1708875
Office Supplies > Calendars & Planners > Planners & Personal Organizers,year_format,multi-year,single,0.08105478027230795,0.0,0.09328968903436989,0,57,805,611,1.0,False,0.09328968903436989,0.8984375
Office Supplies > Calendars & Planners > Planners & Personal Organizers,year_format,undated,single,0.08105478027230795,0.09565217391304348,0.19148936170212766,77,117,805,611,1.0,False,0.09583718778908418,0.90625
Office Supplies > Calendars & Planners > Planners & Personal Organizers,planner_size,large,single,0.013709231520866214,0.5180124223602485,0.39210526315789473,417,298,805,760,0.0,True,-0.12590715920235374,0.0
Office Supplies > Calendars & Planners > Planners & Personal Organizers,planner_size,medium,single,0.013709231520866214,0.3279503105590062,0.36973684210526314,264,281,805,760,0.9587,True,0.041786531546256944,0.74149453125
Office Supplies > Calendars & Planners > Planners & Personal Organizers,planner_size,pocket,single,0.013709231520866214,0.15403726708074533,0.2381578947368421,124,181,805,760,1.0,True,0.08412062765609676,0.890625
Office Supplies > Calendars & Planners > Planners & Personal Organizers,binding,bound,single,0.05608939316712995,0.14921465968586387,0.3182608695652174,57,183,382,575,1.0,False,0.1690462098793535,0.9375
Office Supplies > Calendars & Planners > Planners & Personal Organizers,binding,ring/disc binder,single,0.05608939316712995,0.09424083769633508,0.19478260869565217,36,112,382,575,1.0,False,0.10054177099931709,0.9140625
Office Supplies > Calendars & Planners > Planners & Personal Organizers,binding,spiral/wire,single,0.05608939316712995,0.756544502617801,0.48695652173913045,289,280,382,575,0.0,False,-0.2695879808786706,0.0
Office Supplies > Calendars & Planners > Planners & Personal Organizers,design_theme,animal/cute,single,0.21575338679431083,0.043478260869565216,0.011935208866155157,35,14,805,1173,0.0,False,-0.03154305200341006,0.0
Office Supplies > Calendars & Planners > Planners & Personal Organizers,design_theme,art/pattern,single,0.21575338679431083,0.3652173913043478,0.023017902813299233,294,27,805,1173,0.0,False,-0.3421994884910486,0.0
Office Supplies > Calendars & Planners > Planners & Personal Organizers,design_theme,faith/inspirational,single,0.21575338679431083,0.008695652173913044,0.045183290707587385,7,53,805,1173,1.0,False,0.036487638533674344,0.75
Office Supplies > Calendars & Planners > Planners & Personal Organizers,design_theme,floral/botanical,single,0.21575338679431083,0.17888198757763976,0.08269394714407502,144,97,805,1173,0.0,False,-0.09618804043356474,0.0
Office Supplies > Calendars & Planners > Planners & Personal Organizers,design_theme,plain,single,0.21575338679431083,0.36770186335403726,0.7817561807331628,296,917,805,1173,1.0,False,0.4140543173791255,1.0
Office Supplies > Calendars & Planners > Planners & Personal Organizers,design_theme,travel/scenic,single,0.21575338679431083,0.03602484472049689,0.05541346973572037,29,65,805,1173,0.9781,False,0.019388625015223482,0.63423671875
Office Supplies > Calendars & Planners > Planners & Personal Organizers,audience,business/professional,single,0.15654259780223412,0.40372670807453415,0.08439897698209718,325,99,805,1173,0.0,False,-0.31932773109243695,0.0
Office Supplies > Calendars & Planners > Planners & Personal Organizers,audience,family/home,single,0.15654259780223412,0.040993788819875775,0.060528559249786874,33,71,805,1173,0.97165,False,0.0195347704299111,0.6376453125
Office Supplies > Calendars & Planners > Planners & Personal Organizers,audience,general,single,0.15654259780223412,0.31925465838509315,0.6308610400682012,257,740,805,1173,1.0,False,0.31160638168310806,0.9921875
Office Supplies > Calendars & Planners > Planners & Personal Organizers,audience,student,single,0.15654259780223412,0.15527950310559005,0.11679454390451834,125,137,805,1173,0.0058,False,-0.038484959201071714,0.001178125
Office Supplies > Calendars & Planners > Planners & Personal Organizers,audience,teacher,single,0.15654259780223412,0.07577639751552795,0.029838022165387893,61,35,805,1173,0.0,False,-0.04593837535014006,0.0
Office Supplies > Calendars & Planners > Planners & Personal Organizers,audience,wellness/self-care,single,0.15654259780223412,0.004968944099378882,0.07757885763000852,4,91,805,1173,1.0,False,0.07260991353062964,0.84375
Office Supplies > Calendars & Planners > Planners & Personal Organizers,aesthetic_tags,character/licensed,multi,0.11448732461269923,0.009937888198757764,0.0025575447570332483,8,3,805,1173,0.01465,False,-0.007380343441724516,0.005150390625
Office Supplies > Calendars & Planners > Planners & Personal Organizers,aesthetic_tags,cozy/plush,multi,0.11448732461269923,0.0012422360248447205,0.0008525149190110827,1,1,805,1173,0.38905,False,-0.00038972110583363785,0.1823671875
Office Supplies > Calendars & Planners > Planners & Personal Organizers,aesthetic_tags,curved/organic,multi,0.11448732461269923,0.002484472049689441,0.0008525149190110827,2,1,805,1173,0.17695,False,-0.0016319571306783584,0.0767244140625
Office Supplies > Calendars & Planners > Planners & Personal Organizers,aesthetic_tags,cute/kawaii,multi,0.11448732461269923,0.02360248447204969,0.00937766410912191,19,11,805,1173,0.0066,False,-0.01422482036292778,0.00193359375
Office Supplies > Calendars & Planners > Planners & Personal Organizers,aesthetic_tags,floral/botanical,multi,0.11448732461269923,0.18509316770186335,0.07672634271099744,149,90,805,1173,0.0,False,-0.1083668249908659,0.0
Office Supplies > Calendars & Planners > Planners & Personal Organizers,aesthetic_tags,geometric/abstract,multi,0.11448732461269923,0.016149068322981366,0.0025575447570332483,13,3,805,1173,0.0006,False,-0.013591523565948118,0.00018749999999999998
Office Supplies > Calendars & Planners > Planners & Personal Organizers,aesthetic_tags,glitter/sparkle,multi,0.11448732461269923,0.002484472049689441,0.0,2,0,805,1173,0.04545,False,-0.002484472049689441,0.0179314453125
Office Supplies > Calendars & Planners > Planners & Personal Organizers,aesthetic_tags,inspirational,multi,0.11448732461269923,0.011180124223602485,0.01619778346121057,9,19,805,1173,0.8261,False,0.005017659237608085,0.4775890625
Office Supplies > Calendars & Planners > Planners & Personal Organizers,aesthetic_tags,luxe,multi,0.11448732461269923,0.17391304347826086,0.0443307757885763,140,52,805,1173,0.0,False,-0.12958226768968456,0.0
Office Supplies > Calendars & Planners > Planners & Personal Organizers,aesthetic_tags,metal-accent,multi,0.11448732461269923,0.0037267080745341614,0.0017050298380221654,3,2,805,1173,0.19105,False,-0.002021678236511996,0.079106640625
Office Supplies > Calendars & Planners > Planners & Personal Organizers,aesthetic_tags,playful/colourful,multi,0.11448732461269923,0.07701863354037267,0.061381074168797956,62,72,805,1173,0.087,False,-0.01563755937157471,0.0237890625
Office Supplies > Calendars & Planners > Planners & Personal Organizers,aesthetic_tags,professional,multi,0.11448732461269923,0.084472049689441,0.027280477408354646,68,32,805,1173,0.0,False,-0.05719157228108635,0.0
Office Supplies > Calendars & Planners > Planners & Personal Organizers,aesthetic_tags,retro/vintage,multi,0.11448732461269923,0.009937888198757764,0.03665814151747655,8,43,805,1173,0.9999,False,0.026720253318718787,0.7030546875
Office Supplies > Calendars & Planners > Planners & Personal Organizers,aesthetic_tags,sleek/minimal,multi,0.11448732461269923,0.05714285714285714,0.005115089514066497,46,6,805,1173,0.0,False,-0.05202776762879065,0.0
Office Supplies > Calendars & Planners > Planners & Personal Organizers,aesthetic_tags,statement,multi,0.11448732461269923,0.0422360248447205,0.0,34,0,805,1173,0.0,False,-0.0422360248447205,0.0
Office Supplies > Calendars & Planners > Planners & Personal Organizers,aesthetic_tags,textured,multi,0.11448732461269923,0.02981366459627329,0.0025575447570332483,24,3,805,1173,0.0,False,-0.027256119839240044,0.0
Office Supplies > Calendars & Planners > Planners & Personal Organizers,use_context,breakroom/dining,multi,0.06687449971442132,0.002484472049689441,0.0008525149190110827,2,1,805,1173,0.17785,False,-0.0016319571306783584,0.0771146484375
Office Supplies > Calendars & Planners > Planners & Personal Organizers,use_context,corporate office,multi,0.06687449971442132,0.034782608695652174,0.10741687979539642,28,126,805,1173,1.0,False,0.07263427109974424,0.8515625
Office Supplies > Calendars & Planners > Planners & Personal Organizers,use_context,education,multi,0.06687449971442132,0.21739130434782608,0.14578005115089515,175,171,805,1173,0.0,False,-0.07161125319693093,0.0
Office Supplies > Calendars & Planners > Planners & Personal Organizers,use_context,gym/sports,multi,0.06687449971442132,0.0037267080745341614,0.00937766410912191,3,11,805,1173,0.9338,False,0.005650956034587749,0.5471484375
Office Supplies > Calendars & Planners > Planners & Personal Organizers,use_context,healthcare,multi,0.06687449971442132,0.011180124223602485,0.005115089514066497,9,6,805,1173,0.06365,False,-0.0060650347095359885,0.023371484374999998
Office Supplies > Calendars & Planners > Planners & Personal Organizers,use_context,home office,multi,0.06687449971442132,0.0012422360248447205,0.01278772378516624,1,15,805,1173,0.9995,False,0.01154548776032152,0.612974609375
Office Supplies > Calendars & Planners > Planners & Personal Organizers,use_context,hospitality/events,multi,0.06687449971442132,0.031055900621118012,0.03580562659846547,25,42,805,1173,0.7175,False,0.00474972597734746,0.40919921875000004
Office Supplies > Calendars & Planners > Planners & Personal Organizers,use_context,kids/teen,multi,0.06687449971442132,0.013664596273291925,0.011935208866155157,11,14,805,1173,0.35945,False,-0.0017293874071367676,0.15164296875
Office Supplies > Calendars & Planners > Planners & Personal Organizers,use_context,outdoor,multi,0.06687449971442132,0.024844720496894408,0.017050298380221655,20,20,805,1173,0.116,False,-0.0077944221166727536,0.03896875
Office Supplies > Calendars & Planners > Planners & Personal Organizers,use_context,residential living,multi,0.06687449971442132,0.004968944099378882,0.0,4,0,805,1173,0.00495,False,-0.004968944099378882,0.0018562500000000003
Office Supplies > Calendars & Planners > Planners & Personal Organizers,use_context,travel/commute,multi,0.06687449971442132,0.05093167701863354,0.05200341005967604,41,61,805,1173,0.5391,False,0.001071733041042501,0.29060859375000003
Office Supplies > Calendars & Planners > Planners & Personal Organizers,end_user_segment,kids,multi,0.3221543356597074,0.014906832298136646,0.01619778346121057,12,19,805,1173,0.5881,False,0.0012909511630739244,0.32161718749999996
Office Supplies > Calendars & Planners > Planners & Personal Organizers,end_user_segment,men,multi,0.3221543356597074,0.0,0.08013640238704177,0,94,805,1173,1.0,False,0.08013640238704177,0.8828125
Office Supplies > Calendars & Planners > Planners & Personal Organizers,end_user_segment,remote workers,multi,0.3221543356597074,0.0012422360248447205,0.01278772378516624,1,15,805,1173,0.99875,False,0.01154548776032152,0.6125146484375
Office Supplies > Calendars & Planners > Planners & Personal Organizers,end_user_segment,seniors,multi,0.3221543356597074,0.024844720496894408,0.042625745950554135,20,50,805,1173,0.982,False,0.017781025453659727,0.62909375
Office Supplies > Calendars & Planners > Planners & Personal Organizers,end_user_segment,students,multi,0.3221543356597074,0.115527950310559,0.05200341005967604,93,61,805,1173,0.0,False,-0.06352454025088296,0.0
Office Supplies > Calendars & Planners > Planners & Personal Organizers,end_user_segment,teachers,multi,0.3221543356597074,0.07329192546583851,0.03239556692242114,59,38,805,1173,0.0001,False,-0.040896358543417374,1.953125e-05
Office Supplies > Calendars & Planners > Planners & Personal Organizers,end_user_segment,teens,multi,0.3221543356597074,0.0,0.0034100596760443308,0,4,805,1173,0.967,False,0.0034100596760443308,0.54016015625
Office Supplies > Calendars & Planners > Planners & Personal Organizers,end_user_segment,women,multi,0.3221543356597074,0.013664596273291925,0.1568627450980392,11,184,805,1173,1.0,False,0.1431981488247473,0.9296875
Office Supplies > Calendars & Planners > Planners & Personal Organizers,key_benefits,comfort,multi,0.32183908543971196,0.0012422360248447205,0.0017050298380221654,1,2,805,1173,0.5875,False,0.00046279381317744484,0.309814453125
Office Supplies > Calendars & Planners > Planners & Personal Organizers,key_benefits,commercial-grade,multi,0.32183908543971196,0.013664596273291925,0.0,11,0,805,1173,0.0,False,-0.013664596273291925,0.0
Office Supplies > Calendars & Planners > Planners & Personal Organizers,key_benefits,easy-clean,multi,0.32183908543971196,0.002484472049689441,0.0,2,0,805,1173,0.0446,False,-0.002484472049689441,0.01759609375
Office Supplies > Calendars & Planners > Planners & Personal Organizers,key_benefits,security,multi,0.32183908543971196,0.0,0.0034100596760443308,0,4,805,1173,0.965,False,0.0034100596760443308,0.53904296875
Office Supplies > Calendars & Planners > Planners & Personal Organizers,key_benefits,space-saving,multi,0.32183908543971196,0.1391304347826087,0.011082693947144074,112,13,805,1173,0.0,False,-0.12804774083546464,0.0
Office Supplies > Calendars & Planners > Planners & Personal Organizers,key_benefits,sustainable,multi,0.32183908543971196,0.2819875776397516,0.014492753623188406,227,17,805,1173,0.0,False,-0.26749482401656316,0.0
Office Supplies > Calendars & Planners > Planners & Personal Organizers,key_benefits,tech-enabled,multi,0.32183908543971196,0.004968944099378882,0.005115089514066497,4,6,805,1173,0.5133,False,0.0001461454146876144,0.26066015625
Office Supplies > Calendars & Planners > Planners & Personal Organizers,key_benefits,water-resistant,multi,0.32183908543971196,0.0037267080745341614,0.026427962489343565,3,31,805,1173,1.0,False,0.022701254414809403,0.6796875
Office Supplies > Desk Organizers & Accessories > Desk Organizers,colour_family,beige/cream,single,0.06960501703767491,0.02510460251046025,0.0,6,0,239,112,0.02555,False,-0.02510460251046025,0.007543333333333333
Office Supplies > Desk Organizers & Accessories > Desk Organizers,colour_family,black,single,0.06960501703767491,0.36401673640167365,0.4017857142857143,87,45,239,112,0.7538,False,0.037768977884040655,0.585092380952381
Office Supplies > Desk Organizers & Accessories > Desk Organizers,colour_family,blue,single,0.06960501703767491,0.04602510460251046,0.026785714285714284,11,3,239,112,0.1943,False,-0.019239390316796178,0.06476666666666667
Office Supplies > Desk Organizers & Accessories > Desk Organizers,colour_family,brown/wood,single,0.06960501703767491,0.06276150627615062,0.13392857142857142,15,15,239,112,0.9847,False,0.0711670651524208,0.8674738095238095
Office Supplies > Desk Organizers & Accessories > Desk Organizers,colour_family,clear,single,0.06960501703767491,0.18410041841004185,0.125,44,14,239,112,0.0847,False,-0.05910041841004185,0.015326666666666666
Office Supplies > Desk Organizers & Accessories > Desk Organizers,colour_family,green,single,0.06960501703767491,0.0041841004184100415,0.026785714285714284,1,3,239,112,0.963,False,0.022601613867304242,0.7061999999999999
Office Supplies > Desk Organizers & Accessories > Desk Organizers,colour_family,grey,single,0.06960501703767491,0.08368200836820083,0.017857142857142856,20,2,239,112,0.00465,False,-0.06582486551105798,0.0007307142857142856
Office Supplies > Desk Organizers & Accessories > Desk Organizers,colour_family,metallic,single,0.06960501703767491,0.03347280334728033,0.07142857142857142,8,8,239,112,0.94265,False,0.03795576808129109,0.7496311904761904
Office Supplies > Desk Organizers & Accessories > Desk Organizers,colour_family,multi/pattern,single,0.06960501703767491,0.012552301255230125,0.026785714285714284,3,3,239,112,0.83115,False,0.014233413030484159,0.5659735714285715
Office Supplies > Desk Organizers & Accessories > Desk Organizers,colour_family,purple,single,0.06960501703767491,0.0041841004184100415,0.008928571428571428,1,1,239,112,0.73075,False,0.004744471010161387,0.3862535714285714
Office Supplies > Desk Organizers & Accessories > Desk Organizers,colour_family,red/pink,single,0.06960501703767491,0.05439330543933055,0.0,13,0,239,112,0.00085,False,-0.05439330543933055,0.00017
Office Supplies > Desk Organizers & Accessories > Desk Organizers,colour_family,white,single,0.06960501703767491,0.12133891213389121,0.15178571428571427,29,17,239,112,0.78525,False,0.030446802151823063,0.5908071428571429
Office Supplies > Desk Organizers & Accessories > Desk Organizers,colour_family,yellow/orange,single,0.06960501703767491,0.0041841004184100415,0.008928571428571428,1,1,239,112,0.72675,False,0.004744471010161387,0.38413928571428574
Office Supplies > Desk Organizers & Accessories > Desk Organizers,colour_tone,bold,single,0.036095483750014715,0.11297071129707113,0.07142857142857142,27,8,239,112,0.1097,False,-0.04154213986849971,0.027163809523809528
Office Supplies > Desk Organizers & Accessories > Desk Organizers,colour_tone,dark-neutral,single,0.036095483750014715,0.36401673640167365,0.4017857142857143,87,45,239,112,0.7603,False,0.037768977884040655,0.5901376190476191
Office Supplies > Desk Organizers & Accessories > Desk Organizers,colour_tone,light-neutral,single,0.036095483750014715,0.3305439330543933,0.2767857142857143,79,31,239,112,0.1494,False,-0.05375821876867898,0.031302857142857146
Office Supplies > Desk Organizers & Accessories > Desk Organizers,colour_tone,metallic,single,0.036095483750014715,0.03347280334728033,0.07142857142857142,8,8,239,112,0.94,False,0.03795576808129109,0.7475238095238095
Office Supplies > Desk Organizers & Accessories > Desk Organizers,colour_tone,mid-neutral,single,0.036095483750014715,0.08368200836820083,0.017857142857142856,20,2,239,112,0.00475,False,-0.06582486551105798,0.0007464285714285714
Office Supplies > Desk Organizers & Accessories > Desk Organizers,colour_tone,pattern,single,0.036095483750014715,0.012552301255230125,0.026785714285714284,3,3,239,112,0.8302,False,0.014233413030484159,0.5653266666666668
Office Supplies > Desk Organizers & Accessories > Desk Organizers,colour_tone,warm-neutral,single,0.036095483750014715,0.06276150627615062,0.13392857142857142,15,15,239,112,0.9852,False,0.0711670651524208,0.8679142857142856
Office Supplies > Desk Organizers & Accessories > Desk Organizers,material_class,acrylic/clear,single,0.13734956189118588,0.14912280701754385,0.15833333333333333,34,19,228,120,0.5913,False,0.009210526315789475,0.3829371428571429
Office Supplies > Desk Organizers & Accessories > Desk Organizers,material_class,fabric/felt,single,0.13734956189118588,0.013157894736842105,0.0,3,0,228,120,0.0989,False,-0.013157894736842105,0.03579238095238095
Office Supplies > Desk Organizers & Accessories > Desk Organizers,material_class,faux leather,single,0.13734956189118588,0.008771929824561403,0.025,2,3,228,120,0.8817,False,0.0162280701754386,0.6129914285714285
Office Supplies > Desk Organizers & Accessories > Desk Organizers,material_class,metal,single,0.13734956189118588,0.14473684210526316,0.15,33,18,228,120,0.56155,False,0.005263157894736831,0.30484142857142854
Office Supplies > Desk Organizers & Accessories > Desk Organizers,material_class,metal mesh,single,0.13734956189118588,0.16666666666666666,0.3,38,36,228,120,0.9982,False,0.13333333333333333,0.94116
Office Supplies > Desk Organizers & Accessories > Desk Organizers,material_class,plastic,single,0.13734956189118588,0.3508771929824561,0.041666666666666664,80,5,228,120,0.0,False,-0.30921052631578944,0.0
Office Supplies > Desk Organizers & Accessories > Desk Organizers,material_class,silicone,single,0.13734956189118588,0.021929824561403508,0.09166666666666666,5,11,228,120,0.998,False,0.06973684210526315,0.8649333333333333
Office Supplies > Desk Organizers & Accessories > Desk Organizers,material_class,wood/bamboo,single,0.13734956189118588,0.14473684210526316,0.23333333333333334,33,28,228,120,0.9806,False,0.08859649122807017,0.8778704761904762
Office Supplies > Desk Organizers & Accessories > Desk Organizers,style_family,boho/coastal,single,0.15257888209784015,0.005434782608695652,0.026845637583892617,1,4,184,149,0.94765,False,0.021410854975196965,0.6768928571428572
Office Supplies > Desk Organizers & Accessories > Desk Organizers,style_family,contemporary,single,0.15257888209784015,0.4673913043478261,0.785234899328859,86,117,184,149,1.0,False,0.31784359498103293,0.9904761904761905
Office Supplies > Desk Organizers & Accessories > Desk Organizers,style_family,farmhouse/rustic,single,0.15257888209784015,0.010869565217391304,0.06040268456375839,2,9,184,149,0.9953,False,0.04953311934636709,0.8341561904761905
Office Supplies > Desk Organizers & Accessories > Desk Organizers,style_family,gaming,single,0.15257888209784015,0.016304347826086956,0.020134228187919462,3,3,184,149,0.6059,False,0.0038298803618325057,0.31160571428571426
Office Supplies > Desk Organizers & Accessories > Desk Organizers,style_family,glam,single,0.15257888209784015,0.010869565217391304,0.013422818791946308,2,2,184,149,0.5892,False,0.0025532535745550044,0.2974057142857143
Office Supplies > Desk Organizers & Accessories > Desk Organizers,style_family,industrial,single,0.15257888209784015,0.08695652173913043,0.013422818791946308,16,2,184,149,0.00095,False,-0.07353370294718413,0.00012666666666666666
Office Supplies > Desk Organizers & Accessories > Desk Organizers,style_family,minimalist,single,0.15257888209784015,0.07065217391304347,0.013422818791946308,13,2,184,149,0.0039,False,-0.05722935512109716,0.0007428571428571428
Office Supplies > Desk Organizers & Accessories > Desk Organizers,style_family,modern,single,0.15257888209784015,0.266304347826087,0.040268456375838924,49,6,184,149,0.0,False,-0.22603589145024805,0.0
Office Supplies > Desk Organizers & Accessories > Desk Organizers,style_family,scandinavian,single,0.15257888209784015,0.005434782608695652,0.013422818791946308,1,2,184,149,0.7778,False,0.007988036183250656,0.4963104761904762
Office Supplies > Desk Organizers & Accessories > Desk Organizers,style_family,traditional,single,0.15257888209784015,0.059782608695652176,0.013422818791946308,11,2,184,149,0.01165,False,-0.046359789903705866,0.002773809523809524
Office Supplies > Desk Organizers & Accessories > Desk Organizers,vibe,curved/organic,single,0.20450112727843886,0.11715481171548117,0.0,28,0,239,185,0.0,False,-0.11715481171548117,0.0
Office Supplies > Desk Organizers & Accessories > Desk Organizers,vibe,cute/kawaii,single,0.20450112727843886,0.0,0.12972972972972974,0,24,239,185,1.0,False,0.12972972972972974,0.9285714285714286
Office Supplies > Desk Organizers & Accessories > Desk Organizers,vibe,floral/botanical,single,0.20450112727843886,0.0041841004184100415,0.021621621621621623,1,4,239,185,0.9483,False,0.01743752120321158,0.6683257142857143
Office Supplies > Desk Organizers & Accessories > Desk Organizers,vibe,geometric/abstract,single,0.20450112727843886,0.0041841004184100415,0.005405405405405406,1,1,239,185,0.5791,False,0.0012213049869953642,0.2785195238095238
Office Supplies > Desk Organizers & Accessories > Desk Organizers,vibe,inspirational,single,0.20450112727843886,0.0,0.005405405405405406,0,1,239,185,0.85635,False,0.005405405405405406,0.4893428571428571
Office Supplies > Desk Organizers & Accessories > Desk Organizers,vibe,luxe,single,0.20450112727843886,0.0794979079497908,0.016216216216216217,19,3,239,185,0.0012,False,-0.06328169173357458,0.0002057142857142857
Office Supplies > Desk Organizers & Accessories > Desk Organizers,vibe,metal-accent,single,0.20450112727843886,0.0041841004184100415,0.005405405405405406,1,1,239,185,0.58335,False,0.0012213049869953642,0.28056357142857147
Office Supplies > Desk Organizers & Accessories > Desk Organizers,vibe,natural/woven,single,0.20450112727843886,0.0502092050209205,0.021621621621621623,12,4,239,185,0.0557,False,-0.02858758339929888,0.015383809523809525
Office Supplies > Desk Organizers & Accessories > Desk Organizers,vibe,plain,single,0.20450112727843886,0.49372384937238495,0.745945945945946,118,138,239,185,1.0,False,0.25222209657356104,0.9809523809523809
Office Supplies > Desk Organizers & Accessories > Desk Organizers,vibe,playful/colourful,single,0.20450112727843886,0.02092050209205021,0.010810810810810811,5,2,239,185,0.20675,False,-0.010109691281239397,0.0836845238095238
Office Supplies > Desk Organizers & Accessories > Desk Organizers,vibe,professional,single,0.20450112727843886,0.09205020920502092,0.010810810810810811,22,2,239,185,5e-05,False,-0.08123939839421011,5.7142857142857145e-06
Office Supplies > Desk Organizers & Accessories > Desk Organizers,vibe,retro/vintage,single,0.20450112727843886,0.0041841004184100415,0.010810810810810811,1,2,239,185,0.78945,False,0.00662671039240077,0.47367
Office Supplies > Desk Organizers & Accessories > Desk Organizers,vibe,sleek/minimal,single,0.20450112727843886,0.100418410041841,0.016216216216216217,24,3,239,185,5e-05,False,-0.08420219382562479,5.2380952380952384e-06
Office Supplies > Desk Organizers & Accessories > Desk Organizers,vibe,statement,single,0.20450112727843886,0.02092050209205021,0.0,5,0,239,185,0.0127,False,-0.02092050209205021,0.004051904761904762
Office Supplies > Desk Organizers & Accessories > Desk Organizers,vibe,textured,single,0.20450112727843886,0.008368200836820083,0.0,2,0,239,185,0.1091,False,-0.008368200836820083,0.04675714285714286
Office Supplies > Desk Organizers & Accessories > Desk Organizers,organizer_type,accessory tray,single,0.39935808085378016,0.06956521739130435,0.0,16,0,230,180,0.0,False,-0.06956521739130435,0.0
Office Supplies > Desk Organizers & Accessories > Desk Organizers,organizer_type,clip holder,single,0.39935808085378016,0.004347826086956522,0.2222222222222222,1,40,230,180,1.0,False,0.21787439613526569,0.9619047619047619
Office Supplies > Desk Organizers & Accessories > Desk Organizers,organizer_type,drawer organizer,single,0.39935808085378016,0.02608695652173913,0.0,6,0,230,180,0.0065,False,-0.02608695652173913,0.001857142857142857
Office Supplies > Desk Organizers & Accessories > Desk Organizers,organizer_type,file sorter,single,0.39935808085378016,0.030434782608695653,0.005555555555555556,7,1,230,180,0.0283,False,-0.024879227053140097,0.008624761904761906
Office Supplies > Desk Organizers & Accessories > Desk Organizers,organizer_type,letter tray,single,0.39935808085378016,0.05217391304347826,0.005555555555555556,12,1,230,180,0.00215,False,-0.0466183574879227,0.0004914285714285714
Office Supplies > Desk Organizers & Accessories > Desk Organizers,organizer_type,monitor stand/shelf,single,0.39935808085378016,0.08695652173913043,0.19444444444444445,20,35,230,180,0.9992,False,0.10748792270531402,0.9135542857142857
Office Supplies > Desk Organizers & Accessories > Desk Organizers,organizer_type,multi-compartment organizer,single,0.39935808085378016,0.5,0.03333333333333333,115,6,230,180,0.0,False,-0.4666666666666667,0.0
Office Supplies > Desk Organizers & Accessories > Desk Organizers,organizer_type,pen cup,single,0.39935808085378016,0.2,0.5388888888888889,46,97,230,180,1.0,False,0.33888888888888885,1.0
Office Supplies > Desk Organizers & Accessories > Desk Organizers,organizer_type,storage drawers,single,0.39935808085378016,0.030434782608695653,0.0,7,0,230,180,0.00355,False,-0.030434782608695653,0.0009128571428571428
Office Supplies > Desk Organizers & Accessories > Desk Organizers,rotating,no,single,0.00043040268608149877,0.9414225941422594,0.9297297297297298,225,172,239,185,0.30445,False,-0.011692864412529591,0.11888047619047619
Office Supplies > Desk Organizers & Accessories > Desk Organizers,rotating,yes,single,0.00043040268608149877,0.058577405857740586,0.07027027027027027,14,13,239,185,0.6879,False,0.011692864412529688,0.4520485714285714
Office Supplies > Desk Organizers & Accessories > Desk Organizers,stackable,no,single,0.06389543048112961,0.7531380753138075,0.9567567567567568,180,177,239,185,1.0,False,0.20361868144294926,0.9523809523809523
Office Supplies > Desk Organizers & Accessories > Desk Organizers,stackable,yes,single,0.06389543048112961,0.24686192468619247,0.043243243243243246,59,8,239,185,0.0,False,-0.20361868144294923,0.0
Office Supplies > Desk Organizers & Accessories > Desk Organizers,aesthetic_tags,curved/organic,multi,0.449599918013057,0.1297071129707113,0.0,31,0,239,185,0.0,False,-0.1297071129707113,0.0
Office Supplies > Desk Organizers & Accessories > Desk Organizers,aesthetic_tags,cute/kawaii,multi,0.449599918013057,0.0,0.12972972972972974,0,24,239,185,1.0,False,0.12972972972972974,0.9285714285714286
Office Supplies > Desk Organizers & Accessories > Desk Organizers,aesthetic_tags,floral/botanical,multi,0.449599918013057,0.0041841004184100415,0.03783783783783784,1,7,239,185,0.99505,False,0.0336537374194278,0.7581333333333333
Office Supplies > Desk Organizers & Accessories > Desk Organizers,aesthetic_tags,geometric/abstract,multi,0.449599918013057,0.008368200836820083,0.016216216216216217,2,3,239,185,0.7714,False,0.007848015379396134,0.4775333333333333
Office Supplies > Desk Organizers & Accessories > Desk Organizers,aesthetic_tags,glitter/sparkle,multi,0.449599918013057,0.0,0.005405405405405406,0,1,239,185,0.85675,False,0.005405405405405406,0.48957142857142855
Office Supplies > Desk Organizers & Accessories > Desk Organizers,aesthetic_tags,inspirational,multi,0.449599918013057,0.0,0.005405405405405406,0,1,239,185,0.85685,False,0.005405405405405406,0.4896285714285714
Office Supplies > Desk Organizers & Accessories > Desk Organizers,aesthetic_tags,luxe,multi,0.449599918013057,0.09205020920502092,0.016216216216216217,22,3,239,185,0.00025,False,-0.07583399298880471,3.095238095238095e-05
Office Supplies > Desk Organizers & Accessories > Desk Organizers,aesthetic_tags,metal-accent,multi,0.449599918013057,0.008368200836820083,0.005405405405405406,2,1,239,185,0.3732,False,-0.0029627954314146773,0.17415999999999998
Office Supplies > Desk Organizers & Accessories > Desk Organizers,aesthetic_tags,natural/woven,multi,0.449599918013057,0.0794979079497908,0.032432432432432434,19,6,239,185,0.01675,False,-0.04706547551735836,0.003669047619047619
Office Supplies > Desk Organizers & Accessories > Desk Organizers,aesthetic_tags,playful/colourful,multi,0.449599918013057,0.02092050209205021,0.016216216216216217,5,3,239,185,0.3732,False,-0.004704285875833991,0.16349714285714284
Office Supplies > Desk Organizers & Accessories > Desk Organizers,aesthetic_tags,professional,multi,0.449599918013057,0.13807531380753138,0.010810810810810811,33,2,239,185,0.0,False,-0.12726450299672057,0.0
Office Supplies > Desk Organizers & Accessories > Desk Organizers,aesthetic_tags,retro/vintage,multi,0.449599918013057,0.0041841004184100415,0.016216216216216217,1,3,239,185,0.8956,False,0.012032115797806175,0.5970666666666666
Office Supplies > Desk Organizers & Accessories > Desk Organizers,aesthetic_tags,sleek/minimal,multi,0.449599918013057,0.2594142259414226,0.016216216216216217,62,3,239,185,0.0,False,-0.2431980097252064,0.0
Office Supplies > Desk Organizers & Accessories > Desk Organizers,aesthetic_tags,statement,multi,0.449599918013057,0.02092050209205021,0.0,5,0,239,185,0.0137,False,-0.02092050209205021,0.004370952380952381
Office Supplies > Desk Organizers & Accessories > Desk Organizers,aesthetic_tags,textured,multi,0.449599918013057,0.012552301255230125,0.0,3,0,239,185,0.0517,False,-0.012552301255230125,0.01944904761904762
Office Supplies > Desk Organizers & Accessories > Desk Organizers,use_context,breakroom/dining,multi,0.031832914105966045,0.06276150627615062,0.05405405405405406,15,10,239,185,0.35525,False,-0.008707452222096568,0.14886666666666667
Office Supplies > Desk Organizers & Accessories > Desk Organizers,use_context,corporate office,multi,0.031832914105966045,0.5815899581589958,0.6702702702702703,139,124,239,185,0.96845,False,0.08868031211127447,0.8762166666666668
Office Supplies > Desk Organizers & Accessories > Desk Organizers,use_context,education,multi,0.031832914105966045,0.2175732217573222,0.4648648648648649,52,86,239,185,1.0,False,0.2472916431075427,0.9714285714285714
Office Supplies > Desk Organizers & Accessories > Desk Organizers,use_context,gaming,multi,0.031832914105966045,0.008368200836820083,0.016216216216216217,2,3,239,185,0.77635,False,0.007848015379396134,0.48059761904761905
Office Supplies > Desk Organizers & Accessories > Desk Organizers,use_context,healthcare,multi,0.031832914105966045,0.0,0.005405405405405406,0,1,239,185,0.8539,False,0.005405405405405406,0.4879428571428571
Office Supplies > Desk Organizers & Accessories > Desk Organizers,use_context,home office,multi,0.031832914105966045,0.06694560669456066,0.0972972972972973,16,18,239,185,0.87435,False,0.03035169060273664,0.6495171428571429
Office Supplies > Desk Organizers & Accessories > Desk Organizers,use_context,kids/teen,multi,0.031832914105966045,0.0,0.043243243243243246,0,8,239,185,0.99985,False,0.043243243243243246,0.8189247619047619
Office Supplies > Desk Organizers & Accessories > Desk Organizers,use_context,outdoor,multi,0.031832914105966045,0.0041841004184100415,0.0,1,0,239,185,0.2242,False,-0.0041841004184100415,0.10142380952380953
Office Supplies > Desk Organizers & Accessories > Desk Organizers,use_context,reception/lobby,multi,0.031832914105966045,0.012552301255230125,0.0,3,0,239,185,0.04995,False,-0.012552301255230125,0.018790714285714286
Office Supplies > Desk Organizers & Accessories > Desk Organizers,use_context,residential living,multi,0.031832914105966045,0.02510460251046025,0.02702702702702703,6,5,239,185,0.55375,False,0.001922424516566778,0.2742380952380952
Office Supplies > Desk Organizers & Accessories > Desk Organizers,end_user_segment,gamers,multi,0.18244778884797475,0.008368200836820083,0.016216216216216217,2,3,239,185,0.7695,False,0.007848015379396134,0.47635714285714287
Office Supplies > Desk Organizers & Accessories > Desk Organizers,end_user_segment,kids,multi,0.18244778884797475,0.0,0.06486486486486487,0,12,239,185,1.0,False,0.06486486486486487,0.8571428571428571
Office Supplies > Desk Organizers & Accessories > Desk Organizers,end_user_segment,men,multi,0.18244778884797475,0.0,0.021621621621621623,0,4,239,185,0.9925,False,0.021621621621621623,0.7183809523809525
Office Supplies > Desk Organizers & Accessories > Desk Organizers,end_user_segment,remote workers,multi,0.18244778884797475,0.05439330543933055,0.0972972972972973,13,18,239,185,0.9539,False,0.042903991857966756,0.7722047619047618
Office Supplies > Desk Organizers & Accessories > Desk Organizers,end_user_segment,students,multi,0.18244778884797475,0.06694560669456066,0.03783783783783784,16,7,239,185,0.0908,False,-0.029107768856722824,0.024213333333333333
Office Supplies > Desk Organizers & Accessories > Desk Organizers,end_user_segment,teachers,multi,0.18244778884797475,0.016736401673640166,0.08108108108108109,4,15,239,185,0.99945,False,0.06434467940744092,0.847152857142857
Office Supplies > Desk Organizers & Accessories > Desk Organizers,end_user_segment,women,multi,0.18244778884797475,0.0041841004184100415,0.04864864864864865,1,9,239,185,0.999,False,0.04446454823023861,0.8277428571428572
Office Supplies > Desk Organizers & Accessories > Desk Organizers,key_benefits,comfort,multi,0.09309917620941698,0.0041841004184100415,0.0,1,0,239,185,0.2252,False,-0.0041841004184100415,0.10187619047619048
Office Supplies > Desk Organizers & Accessories > Desk Organizers,key_benefits,commercial-grade,multi,0.09309917620941698,0.02092050209205021,0.010810810810810811,5,2,239,185,0.2069,False,-0.010109691281239397,0.0837452380952381
Office Supplies > Desk Organizers & Accessories > Desk Organizers,key_benefits,easy-clean,multi,0.09309917620941698,0.1087866108786611,0.005405405405405406,26,1,239,185,0.0,False,-0.10338120547325569,0.0
Office Supplies > Desk Organizers & Accessories > Desk Organizers,key_benefits,ergonomic,multi,0.09309917620941698,0.016736401673640166,0.0,4,0,239,185,0.02455,False,-0.016736401673640166,0.00865095238095238
Office Supplies > Desk Organizers & Accessories > Desk Organizers,key_benefits,space-saving,multi,0.09309917620941698,0.3179916317991632,0.043243243243243246,76,8,239,185,0.0,False,-0.27474838855591993,0.0
Office Supplies > Desk Organizers & Accessories > Desk Organizers,key_benefits,sustainable,multi,0.09309917620941698,0.09205020920502092,0.005405405405405406,22,1,239,185,0.0,False,-0.08664480379961552,0.0
Office Supplies > Desk Organizers & Accessories > Desk Organizers,key_benefits,tech-enabled,multi,0.09309917620941698,0.029288702928870293,0.010810810810810811,7,2,239,185,0.0949,False,-0.01847789211805948,0.032537142857142855
Office Supplies > Desk Organizers & Accessories > Desk Organizers,key_benefits,water-resistant,multi,0.09309917620941698,0.0,0.005405405405405406,0,1,239,185,0.8594,False,0.005405405405405406,0.4910857142857143
"Bags, Backpacks & Luggage > Backpacks & Laptop Bags > Backpacks",colour_family,beige/cream,single,0.0822127838762404,0.0158311345646438,0.049162011173184354,6,44,379,895,0.99905,True,0.033330876608540554,0.772702734375
"Bags, Backpacks & Luggage > Backpacks & Laptop Bags > Backpacks",colour_family,black,single,0.0822127838762404,0.3562005277044855,0.5441340782122905,135,487,379,895,1.0,True,0.18793355050780503,0.90625
"Bags, Backpacks & Luggage > Backpacks & Laptop Bags > Backpacks",colour_family,blue,single,0.0822127838762404,0.14775725593667546,0.049162011173184354,56,44,379,895,0.0,True,-0.0985952447634911,0.0
"Bags, Backpacks & Luggage > Backpacks & Laptop Bags > Backpacks",colour_family,brown/wood,single,0.0822127838762404,0.052770448548812667,0.03687150837988827,20,33,379,895,0.09575,True,-0.015898940168924396,0.0362802734375
"Bags, Backpacks & Luggage > Backpacks & Laptop Bags > Backpacks",colour_family,clear,single,0.0822127838762404,0.013192612137203167,0.041340782122905026,5,37,379,895,0.9978,True,0.02814816998570186,0.7483500000000001
"Bags, Backpacks & Luggage > Backpacks & Laptop Bags > Backpacks",colour_family,green,single,0.0822127838762404,0.06068601583113457,0.05698324022346369,23,51,379,895,0.39195,True,-0.0037027756076708773,0.217409765625
"Bags, Backpacks & Luggage > Backpacks & Laptop Bags > Backpacks",colour_family,grey,single,0.0822127838762404,0.06596306068601583,0.055865921787709494,25,50,379,895,0.245,True,-0.010097138898306338,0.11197265625
"Bags, Backpacks & Luggage > Backpacks & Laptop Bags > Backpacks",colour_family,metallic,single,0.0822127838762404,0.0,0.013407821229050279,0,12,379,895,0.99635,True,0.013407821229050279,0.6888826171875
"Bags, Backpacks & Luggage > Backpacks & Laptop Bags > Backpacks",colour_family,multi/pattern,single,0.0822127838762404,0.13984168865435356,0.04692737430167598,53,42,379,895,0.0,True,-0.09291431435267758,0.0
"Bags, Backpacks & Luggage > Backpacks & Laptop Bags > Backpacks",colour_family,navy,single,0.0822127838762404,0.0,0.01899441340782123,0,17,379,895,0.99975,True,0.01899441340782123,0.726380859375
"Bags, Backpacks & Luggage > Backpacks & Laptop Bags > Backpacks",colour_family,purple,single,0.0822127838762404,0.0395778364116095,0.0223463687150838,15,20,379,895,0.0494,True,-0.017231467696525702,0.0181390625
"Bags, Backpacks & Luggage > Backpacks & Laptop Bags > Backpacks",colour_family,red/pink,single,0.0822127838762404,0.09234828496042216,0.042458100558659215,35,38,379,895,0.0006,True,-0.049890184401762946,0.00015468749999999999
"Bags, Backpacks & Luggage > Backpacks & Laptop Bags > Backpacks",colour_family,white,single,0.0822127838762404,0.005277044854881266,0.01005586592178771,2,9,379,895,0.7959,True,0.004778821066906443,0.52852734375
"Bags, Backpacks & Luggage > Backpacks & Laptop Bags > Backpacks",colour_family,yellow/orange,single,0.0822127838762404,0.010554089709762533,0.012290502793296089,4,11,379,895,0.58725,True,0.001736413083533556,0.371619140625
"Bags, Backpacks & Luggage > Backpacks & Laptop Bags > Backpacks",colour_tone,bold,single,0.07091677400365042,0.35092348284960423,0.18324022346368715,133,164,379,895,0.0,True,-0.16768325938591708,0.0
"Bags, Backpacks & Luggage > Backpacks & Laptop Bags > Backpacks",colour_tone,dark-neutral,single,0.07091677400365042,0.3562005277044855,0.5631284916201117,135,504,379,895,1.0,True,0.20692796391562618,0.9140625
"Bags, Backpacks & Luggage > Backpacks & Laptop Bags > Backpacks",colour_tone,light-neutral,single,0.07091677400365042,0.03430079155672823,0.1005586592178771,13,90,379,895,0.99995,True,0.06625786766114887,0.82808359375
"Bags, Backpacks & Luggage > Backpacks & Laptop Bags > Backpacks",colour_tone,metallic,single,0.07091677400365042,0.0,0.013407821229050279,0,12,379,895,0.99675,True,0.013407821229050279,0.6891591796875001
"Bags, Backpacks & Luggage > Backpacks & Laptop Bags > Backpacks",colour_tone,mid-neutral,single,0.07091677400365042,0.06596306068601583,0.055865921787709494,25,50,379,895,0.2374,True,-0.010097138898306338,0.10849921875
"Bags, Backpacks & Luggage > Backpacks & Laptop Bags > Backpacks",colour_tone,pattern,single,0.07091677400365042,0.13984168865435356,0.04692737430167598,53,42,379,895,0.0,True,-0.09291431435267758,0.0
"Bags, Backpacks & Luggage > Backpacks & Laptop Bags > Backpacks",colour_tone,warm-neutral,single,0.07091677400365042,0.052770448548812667,0.03687150837988827,20,33,379,895,0.0976,True,-0.015898940168924396,0.03698125
"Bags, Backpacks & Luggage > Backpacks & Laptop Bags > Backpacks",material_class,canvas/cotton,single,0.2764145675085037,0.007936507936507936,0.13548387096774195,3,42,378,310,1.0,True,0.127547363031234,0.875
"Bags, Backpacks & Luggage > Backpacks & Laptop Bags > Backpacks",material_class,clear/vinyl,single,0.2764145675085037,0.021164021164021163,0.23225806451612904,8,72,378,310,1.0,True,0.21109404335210788,0.9296875
"Bags, Backpacks & Luggage > Backpacks & Laptop Bags > Backpacks",material_class,faux leather,single,0.2764145675085037,0.031746031746031744,0.06129032258064516,12,19,378,310,0.9698,True,0.029544290834613414,0.742503125
"Bags, Backpacks & Luggage > Backpacks & Laptop Bags > Backpacks",material_class,leather,single,0.2764145675085037,0.03439153439153439,0.15161290322580645,13,47,378,310,1.0,True,0.11722136883427206,0.8671875
"Bags, Backpacks & Luggage > Backpacks & Laptop Bags > Backpacks",material_class,nylon,single,0.2764145675085037,0.2275132275132275,0.26129032258064516,86,81,378,310,0.8487,True,0.03377709506741766,0.663046875
"Bags, Backpacks & Luggage > Backpacks & Laptop Bags > Backpacks",material_class,polyester,single,0.2764145675085037,0.6772486772486772,0.15806451612903225,256,49,378,310,0.0,True,-0.5191841611196449,0.0
"Bags, Backpacks & Luggage > Backpacks & Laptop Bags > Backpacks",style_family,boho/coastal,single,0.204119896080676,0.012987012987012988,0.14666666666666667,1,11,77,75,0.9993,False,0.13367965367965368,0.88219453125
"Bags, Backpacks & Luggage > Backpacks & Laptop Bags > Backpacks",style_family,contemporary,single,0.204119896080676,0.06493506493506493,0.0,5,0,77,75,0.0071,False,-0.06493506493506493,0.00160859375
"Bags, Backpacks & Luggage > Backpacks & Laptop Bags > Backpacks",style_family,farmhouse/rustic,single,0.204119896080676,0.025974025974025976,0.02666666666666667,2,2,77,75,0.509,False,0.0006926406926406926,0.310171875
"Bags, Backpacks & Luggage > Backpacks & Laptop Bags > Backpacks",style_family,gaming,single,0.204119896080676,0.03896103896103896,0.10666666666666667,3,8,77,75,0.94915,False,0.06770562770562771,0.8008453125
"Bags, Backpacks & Luggage > Backpacks & Laptop Bags > Backpacks",style_family,glam,single,0.204119896080676,0.0,0.013333333333333334,0,1,77,75,0.8192,False,0.013333333333333334,0.5568000000000001
"Bags, Backpacks & Luggage > Backpacks & Laptop Bags > Backpacks",style_family,industrial,single,0.204119896080676,0.012987012987012988,0.0,1,0,77,75,0.1832,False,-0.012987012987012988,0.07585625
"Bags, Backpacks & Luggage > Backpacks & Laptop Bags > Backpacks",style_family,mid-century,single,0.204119896080676,0.0,0.06666666666666667,0,5,77,75,0.99365,False,0.06666666666666667,0.830629296875
"Bags, Backpacks & Luggage > Backpacks & Laptop Bags > Backpacks",style_family,minimalist,single,0.204119896080676,0.05194805194805195,0.02666666666666667,4,2,77,75,0.21545,False,-0.025281385281385283,0.072377734375
"Bags, Backpacks & Luggage > Backpacks & Laptop Bags > Backpacks",style_family,modern,single,0.204119896080676,0.36363636363636365,0.04,28,3,77,75,0.0,False,-0.32363636363636367,0.0
"Bags, Backpacks & Luggage > Backpacks & Laptop Bags > Backpacks",style_family,traditional,single,0.204119896080676,0.42857142857142855,0.5733333333333334,33,43,77,75,0.9635,False,0.1447619047619048,0.8581171875
"Bags, Backpacks & Luggage > Backpacks & Laptop Bags > Backpacks",vibe,character/licensed,single,0.1358412563838128,0.09762532981530343,0.05255179383527034,37,104,379,1979,0.00055,False,-0.045073535980033094,0.0001525390625
"Bags, Backpacks & Luggage > Backpacks & Laptop Bags > Backpacks",vibe,cozy/plush,single,0.1358412563838128,0.0079155672823219,0.001010611419909045,3,2,379,1979,0.0106,False,-0.0069049558624128555,0.0053
"Bags, Backpacks & Luggage > Backpacks & Laptop Bags > Backpacks",vibe,curved/organic,single,0.1358412563838128,0.010554089709762533,0.00404244567963618,4,8,379,1979,0.0592,False,-0.006511644030126352,0.030062500000000002
"Bags, Backpacks & Luggage > Backpacks & Laptop Bags > Backpacks",vibe,cute/kawaii,single,0.1358412563838128,0.04221635883905013,0.021222839818089943,16,42,379,1979,0.01095,False,-0.020993519020960187,0.0038496093749999997
"Bags, Backpacks & Luggage > Backpacks & Laptop Bags > Backpacks",vibe,floral/botanical,single,0.1358412563838128,0.021108179419525065,0.0055583628094997475,8,11,379,1979,0.00235,False,-0.015549816610025318,0.0009179687500000001
"Bags, Backpacks & Luggage > Backpacks & Laptop Bags > Backpacks",vibe,geometric/abstract,single,0.1358412563838128,0.010554089709762533,0.0005053057099545225,4,1,379,1979,0.00045,False,-0.01004878399980801,0.0002109375
"Bags, Backpacks & Luggage > Backpacks & Laptop Bags > Backpacks",vibe,glitter/sparkle,single,0.1358412563838128,0.0,0.0015159171298635675,0,3,379,1979,0.71145,False,0.0015159171298635675,0.44187714843750003
"Bags, Backpacks & Luggage > Backpacks & Laptop Bags > Backpacks",vibe,luxe,single,0.1358412563838128,0.11345646437994723,0.010611419909044972,43,21,379,1979,0.0,False,-0.10284504447090226,0.0
"Bags, Backpacks & Luggage > Backpacks & Laptop Bags > Backpacks",vibe,natural/woven,single,0.1358412563838128,0.005277044854881266,0.0,2,0,379,1979,0.0034,False,-0.005277044854881266,0.001753125
"Bags, Backpacks & Luggage > Backpacks & Laptop Bags > Backpacks",vibe,plain,single,0.1358412563838128,0.43799472295514513,0.7842344618494189,166,1552,379,1979,1.0,False,0.3462397388942738,0.9921875
"Bags, Backpacks & Luggage > Backpacks & Laptop Bags > Backpacks",vibe,playful/colourful,single,0.1358412563838128,0.013192612137203167,0.0015159171298635675,5,3,379,1979,0.0011,False,-0.011676695007339599,0.00048984375
"Bags, Backpacks & Luggage > Backpacks & Laptop Bags > Backpacks",vibe,professional,single,0.1358412563838128,0.17150395778364116,0.08893380495199596,65,176,379,1979,0.0,False,-0.0825701528316452,0.0
"Bags, Backpacks & Luggage > Backpacks & Laptop Bags > Backpacks",vibe,retro/vintage,single,0.1358412563838128,0.0,0.017180394138453764,0,34,379,1979,0.99945,False,0.017180394138453764,0.710546484375
"Bags, Backpacks & Luggage > Backpacks & Laptop Bags > Backpacks",vibe,sleek/minimal,single,0.1358412563838128,0.047493403693931395,0.0025265285497726125,18,5,379,1979,0.0,False,-0.044966875144158786,0.0
"Bags, Backpacks & Luggage > Backpacks & Laptop Bags > Backpacks",vibe,statement,single,0.1358412563838128,0.013192612137203167,0.0005053057099545225,5,1,379,1979,0.00015,False,-0.012687306427248643,6.445312499999999e-05
"Bags, Backpacks & Luggage > Backpacks & Laptop Bags > Backpacks",vibe,textured,single,0.1358412563838128,0.0079155672823219,0.00808489135927236,3,16,379,1979,0.4829,False,0.0001693240769504601,0.286721875
"Bags, Backpacks & Luggage > Backpacks & Laptop Bags > Backpacks",pack_type,hiking/outdoor,single,0.4414756345458174,0.013477088948787063,0.3992197659297789,5,614,371,1538,1.0,False,0.38574267698099185,1.0
"Bags, Backpacks & Luggage > Backpacks & Laptop Bags > Backpacks",pack_type,laptop/work,single,0.4414756345458174,0.6199460916442049,0.11703511053315994,230,180,371,1538,0.0,False,-0.5029109811110449,0.0
"Bags, Backpacks & Luggage > Backpacks & Laptop Bags > Backpacks",pack_type,mini/sling,single,0.4414756345458174,0.013477088948787063,0.1235370611183355,5,190,371,1538,1.0,False,0.11005997216954844,0.859375
"Bags, Backpacks & Luggage > Backpacks & Laptop Bags > Backpacks",pack_type,rolling,single,0.4414756345458174,0.029649595687331536,0.029258777633289986,11,45,371,1538,0.47155,False,-0.0003908180540415501,0.276298828125
"Bags, Backpacks & Luggage > Backpacks & Laptop Bags > Backpacks",pack_type,school/kids,single,0.4414756345458174,0.2668463611859838,0.054616384915474644,99,84,371,1538,0.0,False,-0.21222997627050916,0.0
"Bags, Backpacks & Luggage > Backpacks & Laptop Bags > Backpacks",pack_type,travel/carry-on,single,0.4414756345458174,0.05660377358490566,0.276332899869961,21,425,371,1538,1.0,False,0.21972912628505537,0.9453125
"Bags, Backpacks & Luggage > Backpacks & Laptop Bags > Backpacks",water_resistant,no,single,0.05107158742410538,0.47229551451187335,0.7311773623041941,179,1447,379,1979,1.0,True,0.2588818477923207,0.9609375
"Bags, Backpacks & Luggage > Backpacks & Laptop Bags > Backpacks",water_resistant,yes,single,0.05107158742410538,0.5277044854881267,0.26882263769580594,200,532,379,1979,0.0,True,-0.2588818477923207,0.0
"Bags, Backpacks & Luggage > Backpacks & Laptop Bags > Backpacks",usb_port,no,single,2.5243312789357012e-05,0.9445910290237467,0.9408792319353209,358,1862,379,1979,0.3982,False,-0.003711797088425839,0.217765625
"Bags, Backpacks & Luggage > Backpacks & Laptop Bags > Backpacks",usb_port,yes,single,2.5243312789357012e-05,0.055408970976253295,0.059120768064679134,21,117,379,1979,0.60605,False,0.003711797088425839,0.392985546875
"Bags, Backpacks & Luggage > Backpacks & Laptop Bags > Backpacks",anti_theft,no,single,0.0029194952685102186,0.9129287598944591,0.8726629610914604,346,1727,379,1979,0.01095,False,-0.04026579880299874,0.003336328125
"Bags, Backpacks & Luggage > Backpacks & Laptop Bags > Backpacks",anti_theft,yes,single,0.0029194952685102186,0.0870712401055409,0.12733703890853967,33,252,379,1979,0.9875,False,0.04026579880299877,0.790771484375
"Bags, Backpacks & Luggage > Backpacks & Laptop Bags > Backpacks",laptop_fit,15-16 in,single,0.1821759368531527,0.6369230769230769,0.5717884130982368,207,227,325,397,0.039,True,-0.06513466382484012,0.00853125
"Bags, Backpacks & Luggage > Backpacks & Laptop Bags > Backpacks",laptop_fit,17 in+,single,0.1821759368531527,0.04923076923076923,0.380352644836272,16,151,325,397,1.0,True,0.33112187560550277,0.984375
"Bags, Backpacks & Luggage > Backpacks & Laptop Bags > Backpacks",laptop_fit,up to 14 in,single,0.1821759368531527,0.31384615384615383,0.04785894206549118,102,19,325,397,0.0,True,-0.26598721178066265,0.0
"Bags, Backpacks & Luggage > Backpacks & Laptop Bags > Backpacks",capacity_band,21-30 L,single,0.04405695599230486,0.5303030303030303,0.3111111111111111,70,210,132,675,0.0,False,-0.21919191919191916,0.0
"Bags, Backpacks & Luggage > Backpacks & Laptop Bags > Backpacks",capacity_band,31 L+,single,0.04405695599230486,0.17424242424242425,0.3585185185185185,23,242,132,675,1.0,False,0.18427609427609426,0.8984375
"Bags, Backpacks & Luggage > Backpacks & Laptop Bags > Backpacks",capacity_band,up to 20 L,single,0.04405695599230486,0.29545454545454547,0.33037037037037037,39,223,132,675,0.78315,False,0.0349158249158249,0.617954296875
"Bags, Backpacks & Luggage > Backpacks & Laptop Bags > Backpacks",pattern,camo,single,0.0920809879611374,0.0158311345646438,0.007579585649317837,6,15,379,1979,0.068,False,-0.008251548915325964,0.0329375
"Bags, Backpacks & Luggage > Backpacks & Laptop Bags > Backpacks",pattern,character/licensed,single,0.0920809879611374,0.09762532981530343,0.05103587670540677,37,101,379,1979,0.0005,False,-0.046589453109896664,0.0001328125
"Bags, Backpacks & Luggage > Backpacks & Laptop Bags > Backpacks",pattern,floral,single,0.0920809879611374,0.021108179419525065,0.003031834259727135,8,6,379,1979,0.0001,False,-0.01807634515979793,3.59375e-05
"Bags, Backpacks & Luggage > Backpacks & Laptop Bags > Backpacks",pattern,novelty/animal,single,0.0920809879611374,0.052770448548812667,0.01616978271854472,20,32,379,1979,0.0,False,-0.03660066583026794,0.0
"Bags, Backpacks & Luggage > Backpacks & Laptop Bags > Backpacks",pattern,print/pattern,single,0.0920809879611374,0.15567282321899736,0.009095502779181405,59,18,379,1979,0.0,False,-0.14657732043981597,0.0
"Bags, Backpacks & Luggage > Backpacks & Laptop Bags > Backpacks",pattern,solid,single,0.0920809879611374,0.6569920844327177,0.9130874178878221,249,1807,379,1979,1.0,False,0.2560953334551044,0.953125
"Bags, Backpacks & Luggage > Backpacks & Laptop Bags > Backpacks",audience,general,single,0.22500060656492027,0.6596306068601583,0.5229914098029308,250,1035,379,1979,0.0,False,-0.1366391970572275,0.0
"Bags, Backpacks & Luggage > Backpacks & Laptop Bags > Backpacks",audience,kids,single,0.22500060656492027,0.2532981530343008,0.020717534108135423,96,41,379,1979,0.0,False,-0.23258061892616538,0.0
"Bags, Backpacks & Luggage > Backpacks & Laptop Bags > Backpacks",audience,kids & men,single,0.22500060656492027,0.0,0.0035371399696816574,0,7,379,1979,0.8879,False,0.0035371399696816574,0.5688109375
"Bags, Backpacks & Luggage > Backpacks & Laptop Bags > Backpacks",audience,kids & women,single,0.22500060656492027,0.0,0.01010611419909045,0,20,379,1979,0.99305,False,0.01010611419909045,0.66720546875
"Bags, Backpacks & Luggage > Backpacks & Laptop Bags > Backpacks",audience,kids & women & men,single,0.22500060656492027,0.0079155672823219,0.012632642748863061,3,25,379,1979,0.77565,False,0.004717075466541161,0.5090203125
"Bags, Backpacks & Luggage > Backpacks & Laptop Bags > Backpacks",audience,men,single,0.22500060656492027,0.0,0.09550277918140475,0,189,379,1979,1.0,False,0.09550277918140475,0.8515625
"Bags, Backpacks & Luggage > Backpacks & Laptop Bags > Backpacks",audience,women,single,0.22500060656492027,0.0712401055408971,0.11723092470944922,27,232,379,1979,0.99715,False,0.04599081916855212,0.817974609375
"Bags, Backpacks & Luggage > Backpacks & Laptop Bags > Backpacks",audience,women & men,single,0.22500060656492027,0.0079155672823219,0.21728145528044468,3,430,379,1979,1.0,False,0.20936588799812278,0.921875
"Bags, Backpacks & Luggage > Backpacks & Laptop Bags > Backpacks",aesthetic_tags,character/licensed,multi,0.150850032268203,0.09762532981530343,0.05255179383527034,37,104,379,1979,0.00045,False,-0.045073535980033094,0.0001248046875
"Bags, Backpacks & Luggage > Backpacks & Laptop Bags > Backpacks",aesthetic_tags,cozy/plush,multi,0.150850032268203,0.0158311345646438,0.0015159171298635675,6,3,379,1979,0.00035,False,-0.014315217434780233,0.000139453125
"Bags, Backpacks & Luggage > Backpacks & Laptop Bags > Backpacks",aesthetic_tags,curved/organic,multi,0.150850032268203,0.013192612137203167,0.004547751389590703,5,9,379,1979,0.03085,False,-0.008644860747612464,0.014701953125
"Bags, Backpacks & Luggage > Backpacks & Laptop Bags > Backpacks",aesthetic_tags,cute/kawaii,multi,0.150850032268203,0.05013192612137203,0.02223345123799899,19,44,379,1979,0.00215,False,-0.02789847488337304,0.00070546875
"Bags, Backpacks & Luggage > Backpacks & Laptop Bags > Backpacks",aesthetic_tags,floral/botanical,multi,0.150850032268203,0.021108179419525065,0.00808489135927236,8,16,379,1979,0.01775,False,-0.013023288060252705,0.0072109374999999995
"Bags, Backpacks & Luggage > Backpacks & Laptop Bags > Backpacks",aesthetic_tags,geometric/abstract,multi,0.150850032268203,0.013192612137203167,0.0005053057099545225,5,1,379,1979,0.00015,False,-0.012687306427248643,6.445312499999999e-05
"Bags, Backpacks & Luggage > Backpacks & Laptop Bags > Backpacks",aesthetic_tags,glitter/sparkle,multi,0.150850032268203,0.026385224274406333,0.003031834259727135,10,6,379,1979,0.0,False,-0.023353390014679197,0.0
"Bags, Backpacks & Luggage > Backpacks & Laptop Bags > Backpacks",aesthetic_tags,inspirational,multi,0.150850032268203,0.0,0.0005053057099545225,0,1,379,1979,0.4973,False,0.0005053057099545225,0.29915703125000004
"Bags, Backpacks & Luggage > Backpacks & Laptop Bags > Backpacks",aesthetic_tags,luxe,multi,0.150850032268203,0.1503957783641161,0.011622031328954016,57,23,379,1979,0.0,False,-0.1387737470351621,0.0
"Bags, Backpacks & Luggage > Backpacks & Laptop Bags > Backpacks",aesthetic_tags,natural/woven,multi,0.150850032268203,0.0079155672823219,0.0,3,0,379,1979,0.0008,False,-0.0079155672823219,0.00039375
"Bags, Backpacks & Luggage > Backpacks & Laptop Bags > Backpacks",aesthetic_tags,playful/colourful,multi,0.150850032268203,0.0633245382585752,0.003031834259727135,24,6,379,1979,0.0,False,-0.06029270399884807,0.0
"Bags, Backpacks & Luggage > Backpacks & Laptop Bags > Backpacks",aesthetic_tags,professional,multi,0.150850032268203,0.20316622691292877,0.0944921677614957,77,187,379,1979,0.0,False,-0.10867405915143306,0.0
"Bags, Backpacks & Luggage > Backpacks & Laptop Bags > Backpacks",aesthetic_tags,retro/vintage,multi,0.150850032268203,0.0,0.01819100555836281,0,36,379,1979,0.99985,False,0.01819100555836281,0.7186421875
"Bags, Backpacks & Luggage > Backpacks & Laptop Bags > Backpacks",aesthetic_tags,sleek/minimal,multi,0.150850032268203,0.079155672823219,0.004547751389590703,30,9,379,1979,0.0,False,-0.0746079214336283,0.0
"Bags, Backpacks & Luggage > Backpacks & Laptop Bags > Backpacks",aesthetic_tags,statement,multi,0.150850032268203,0.013192612137203167,0.0005053057099545225,5,1,379,1979,0.00015,False,-0.012687306427248643,6.445312499999999e-05
"Bags, Backpacks & Luggage > Backpacks & Laptop Bags > Backpacks",aesthetic_tags,textured,multi,0.150850032268203,0.013192612137203167,0.009095502779181405,5,18,379,1979,0.218,False,-0.004097109358021761,0.114109375
"Bags, Backpacks & Luggage > Backpacks & Laptop Bags > Backpacks",use_context,breakroom/dining,multi,0.15283537117207724,0.0,0.0015159171298635675,0,3,379,1979,0.71445,False,0.0015159171298635675,0.4437404296875
"Bags, Backpacks & Luggage > Backpacks & Laptop Bags > Backpacks",use_context,corporate office,multi,0.15283537117207724,0.047493403693931395,0.015664477008590198,18,31,379,1979,5e-05,False,-0.031828926685341194,1.6015625e-05
"Bags, Backpacks & Luggage > Backpacks & Laptop Bags > Backpacks",use_context,education,multi,0.15283537117207724,0.3113456464379947,0.1571500757958565,118,311,379,1979,0.0,False,-0.15419557064213824,0.0
"Bags, Backpacks & Luggage > Backpacks & Laptop Bags > Backpacks",use_context,gaming,multi,0.15283537117207724,0.0079155672823219,0.00404244567963618,3,8,379,1979,0.15305,False,-0.00387312160268572,0.0819056640625
"Bags, Backpacks & Luggage > Backpacks & Laptop Bags > Backpacks",use_context,gym/sports,multi,0.15283537117207724,0.10554089709762533,0.05507832238504295,40,109,379,1979,0.00015,False,-0.050462574712582385,3.75e-05
"Bags, Backpacks & Luggage > Backpacks & Laptop Bags > Backpacks",use_context,healthcare,multi,0.15283537117207724,0.0,0.02425467407781708,0,48,379,1979,1.0,False,0.02425467407781708,0.7421875
"Bags, Backpacks & Luggage > Backpacks & Laptop Bags > Backpacks",use_context,home office,multi,0.15283537117207724,0.002638522427440633,0.0,1,0,379,1979,0.02655,False,-0.002638522427440633,0.015038085937500001
"Bags, Backpacks & Luggage > Backpacks & Laptop Bags > Backpacks",use_context,hospitality/events,multi,0.15283537117207724,0.002638522427440633,0.001010611419909045,1,2,379,1979,0.1898,False,-0.001627911007531588,0.109728125
"Bags, Backpacks & Luggage > Backpacks & Laptop Bags > Backpacks",use_context,kids/teen,multi,0.15283537117207724,0.2559366754617414,0.027791814047498736,97,55,379,1979,0.0,False,-0.2281448614142427,0.0
"Bags, Backpacks & Luggage > Backpacks & Laptop Bags > Backpacks",use_context,outdoor,multi,0.15283537117207724,0.03430079155672823,0.2516422435573522,13,498,379,1979,1.0,False,0.217341452000624,0.9375
"Bags, Backpacks & Luggage > Backpacks & Laptop Bags > Backpacks",use_context,travel/commute,multi,0.15283537117207724,0.49868073878627966,0.5224861040929762,189,1034,379,1979,0.8002,False,0.02380536530669658,0.587646875
"Bags, Backpacks & Luggage > Backpacks & Laptop Bags > Backpacks",end_user_segment,gamers,multi,0.4148624372094074,0.0079155672823219,0.00404244567963618,3,8,379,1979,0.15285,False,-0.00387312160268572,0.08179863281250001
"Bags, Backpacks & Luggage > Backpacks & Laptop Bags > Backpacks",end_user_segment,kids,multi,0.4148624372094074,0.24538258575197888,0.04598281960586155,93,91,379,1979,0.0,False,-0.19939976614611732,0.0
"Bags, Backpacks & Luggage > Backpacks & Laptop Bags > Backpacks",end_user_segment,men,multi,0.4148624372094074,0.0158311345646438,0.32895401718039413,6,651,379,1979,1.0,False,0.31312288261575033,0.9765625
"Bags, Backpacks & Luggage > Backpacks & Laptop Bags > Backpacks",end_user_segment,remote workers,multi,0.4148624372094074,0.002638522427440633,0.0,1,0,379,1979,0.02925,False,-0.002638522427440633,0.0165673828125
"Bags, Backpacks & Luggage > Backpacks & Laptop Bags > Backpacks",end_user_segment,students,multi,0.4148624372094074,0.11345646437994723,0.1298635674583123,43,257,379,1979,0.8109,False,0.016407103078365057,0.5701640625
"Bags, Backpacks & Luggage > Backpacks & Laptop Bags > Backpacks",end_user_segment,teachers,multi,0.4148624372094074,0.0,0.029307731177362305,0,58,379,1979,1.0,False,0.029307731177362305,0.7578125
"Bags, Backpacks & Luggage > Backpacks & Laptop Bags > Backpacks",end_user_segment,teens,multi,0.4148624372094074,0.25065963060686014,0.015159171298635674,95,30,379,1979,0.0,False,-0.23550045930822447,0.0
"Bags, Backpacks & Luggage > Backpacks & Laptop Bags > Backpacks",end_user_segment,women,multi,0.4148624372094074,0.0870712401055409,0.3572511369378474,33,707,379,1979,1.0,False,0.2701798968323065,0.96875
"Bags, Backpacks & Luggage > Backpacks & Laptop Bags > Backpacks",key_benefits,comfort,multi,0.24103601898393706,0.8047493403693932,0.03991915108640728,305,79,379,1979,0.0,False,-0.7648301892829859,0.0
"Bags, Backpacks & Luggage > Backpacks & Laptop Bags > Backpacks",key_benefits,commercial-grade,multi,0.24103601898393706,0.0633245382585752,0.020717534108135423,24,41,379,1979,0.0,False,-0.042607004150439776,0.0
"Bags, Backpacks & Luggage > Backpacks & Laptop Bags > Backpacks",key_benefits,easy-clean,multi,0.24103601898393706,0.08443271767810026,0.0,32,0,379,1979,0.0,False,-0.08443271767810026,0.0
"Bags, Backpacks & Luggage > Backpacks & Laptop Bags > Backpacks",key_benefits,ergonomic,multi,0.24103601898393706,0.09498680738786279,0.006568974229408792,36,13,379,1979,0.0,False,-0.088417833158454,0.0
"Bags, Backpacks & Luggage > Backpacks & Laptop Bags > Backpacks",key_benefits,security,multi,0.24103601898393706,0.0870712401055409,0.12733703890853967,33,252,379,1979,0.9885,False,0.04026579880299877,0.791572265625
"Bags, Backpacks & Luggage > Backpacks & Laptop Bags > Backpacks",key_benefits,space-saving,multi,0.24103601898393706,0.052770448548812667,0.09550277918140475,20,189,379,1979,0.9978,False,0.04273233063259208,0.8107125000000001
"Bags, Backpacks & Luggage > Backpacks & Laptop Bags > Backpacks",key_benefits,sustainable,multi,0.24103601898393706,0.1424802110817942,0.00606366851945427,54,12,379,1979,0.0,False,-0.13641654256233993,0.0
"Bags, Backpacks & Luggage > Backpacks & Laptop Bags > Backpacks",key_benefits,tech-enabled,multi,0.24103601898393706,0.11081794195250659,0.05861546235472461,42,116,379,1979,0.00045,False,-0.05220247959778198,0.00010898437499999999
"Bags, Backpacks & Luggage > Backpacks & Laptop Bags > Backpacks",key_benefits,water-resistant,multi,0.24103601898393706,0.5277044854881267,0.269833249115715,200,534,379,1979,0.0,False,-0.25787123637241166,0.0
Furniture > Desks > Office Desks,colour_family,beige/cream,single,0.11968266241359643,0.004491017964071856,0.07041699449252557,3,179,668,2542,1.0,True,0.06592597652845372,0.8244274809160306
Furniture > Desks > Office Desks,colour_family,black,single,0.11968266241359643,0.07035928143712575,0.2025963808025177,47,515,668,2542,1.0,True,0.13223709936539196,0.9083969465648855
Furniture > Desks > Office Desks,colour_family,blue,single,0.11968266241359643,0.0,0.016915814319433516,0,43,668,2542,1.0,True,0.016915814319433516,0.6412213740458015
Furniture > Desks > Office Desks,colour_family,brown/wood,single,0.11968266241359643,0.48952095808383234,0.32926829268292684,327,837,668,2542,0.0,True,-0.1602526654009055,0.0
Furniture > Desks > Office Desks,colour_family,clear,single,0.11968266241359643,0.004491017964071856,0.015342250196695516,3,39,668,2542,0.9932,True,0.010851232232623659,0.5610442748091603
Furniture > Desks > Office Desks,colour_family,green,single,0.11968266241359643,0.0,0.0023603461841070024,0,6,668,2542,0.90935,True,0.0023603461841070024,0.40261297709923666
Furniture > Desks > Office Desks,colour_family,grey,single,0.11968266241359643,0.28592814371257486,0.10975609756097561,191,279,668,2542,0.0,True,-0.17617204615159926,0.0
Furniture > Desks > Office Desks,colour_family,metallic,single,0.11968266241359643,0.004491017964071856,0.021243115656963022,3,54,668,2542,0.99945,True,0.016752097692891165,0.6294246183206107
Furniture > Desks > Office Desks,colour_family,multi/pattern,single,0.11968266241359643,0.014970059880239521,0.0011801730920535012,10,3,668,2542,0.0,True,-0.01378988678818602,0.0
Furniture > Desks > Office Desks,colour_family,navy,single,0.11968266241359643,0.0,0.004720692368214005,0,12,668,2542,0.9821,True,0.004720692368214005,0.48355305343511445
Furniture > Desks > Office Desks,colour_family,purple,single,0.11968266241359643,0.0014970059880239522,0.0,1,0,668,2542,0.04465,True,-0.0014970059880239522,0.012951908396946564
Furniture > Desks > Office Desks,colour_family,red/pink,single,0.11968266241359643,0.0014970059880239522,0.010621557828481511,1,27,668,2542,0.99555,True,0.00912455184045756,0.5547721374045802
Furniture > Desks > Office Desks,colour_family,white,single,0.11968266241359643,0.12275449101796407,0.2108575924468922,82,536,668,2542,1.0,True,0.08810310142892813,0.8625954198473282
Furniture > Desks > Office Desks,colour_family,yellow/orange,single,0.11968266241359643,0.0,0.004720692368214005,0,12,668,2542,0.98285,True,0.004720692368214005,0.4839223282442748
Furniture > Desks > Office Desks,colour_tone,bold,single,0.10825492340607756,0.0029940119760479044,0.03461841070023604,2,88,668,2542,1.0,True,0.03162439872418813,0.7099236641221374
Furniture > Desks > Office Desks,colour_tone,dark-neutral,single,0.10825492340607756,0.07035928143712575,0.2073170731707317,47,527,668,2542,1.0,True,0.13695779173360595,0.916030534351145
Furniture > Desks > Office Desks,colour_tone,light-neutral,single,0.10825492340607756,0.1317365269461078,0.2966168371361133,88,754,668,2542,1.0,True,0.1648803101900055,0.9465648854961832
Furniture > Desks > Office Desks,colour_tone,metallic,single,0.10825492340607756,0.004491017964071856,0.021243115656963022,3,54,668,2542,0.99975,True,0.016752097692891165,0.6296135496183206
Furniture > Desks > Office Desks,colour_tone,mid-neutral,single,0.10825492340607756,0.28592814371257486,0.10975609756097561,191,279,668,2542,0.0,True,-0.17617204615159926,0.0
Furniture > Desks > Office Desks,colour_tone,pattern,single,0.10825492340607756,0.014970059880239521,0.0011801730920535012,10,3,668,2542,0.0,True,-0.01378988678818602,0.0
Furniture > Desks > Office Desks,colour_tone,warm-neutral,single,0.10825492340607756,0.48952095808383234,0.32926829268292684,327,837,668,2542,0.0,True,-0.1602526654009055,0.0
Furniture > Desks > Office Desks,material_class,engineered wood,single,0.16568865790813936,0.9236526946107785,0.5083212735166426,617,1405,668,2764,0.0,True,-0.4153314210941359,0.0
Furniture > Desks > Office Desks,material_class,faux leather,single,0.16568865790813936,0.0,0.002532561505065123,0,7,668,2764,0.92385,True,0.002532561505065123,0.41608511450381674
Furniture > Desks > Office Desks,material_class,glass,single,0.16568865790813936,0.0074850299401197605,0.03545586107091172,5,98,668,2764,0.99995,True,0.02797083113079196,0.6946217557251909
Furniture > Desks > Office Desks,material_class,metal,single,0.16568865790813936,0.017964071856287425,0.16027496382054993,12,443,668,2764,1.0,True,0.1423108919642625,0.9312977099236641
Furniture > Desks > Office Desks,material_class,plastic,single,0.16568865790813936,0.0029940119760479044,0.002894356005788712,2,8,668,2764,0.4493,True,-9.965597025919258e-05,0.13719083969465648
Furniture > Desks > Office Desks,material_class,wicker/rattan,single,0.16568865790813936,0.0,0.001085383502170767,0,3,668,2764,0.76435,True,0.001085383502170767,0.3092408396946565
Furniture > Desks > Office Desks,material_class,wood,single,0.16568865790813936,0.04790419161676647,0.2894356005788712,32,800,668,2764,1.0,True,0.24153140896210473,0.9694656488549618
Furniture > Desks > Office Desks,style_family,boho/coastal,single,0.10757875769977138,0.0031446540880503146,0.0015355086372360845,2,4,636,2605,0.18915,False,-0.00160914545081423,0.05342404580152672
Furniture > Desks > Office Desks,style_family,contemporary,single,0.10757875769977138,0.4418238993710692,0.26948176583493283,281,702,636,2605,0.0,False,-0.17234213353613637,0.0
Furniture > Desks > Office Desks,style_family,farmhouse/rustic,single,0.10757875769977138,0.03773584905660377,0.11900191938579655,24,310,636,2605,1.0,False,0.08126607032919278,0.8549618320610687
Furniture > Desks > Office Desks,style_family,gaming,single,0.10757875769977138,0.031446540880503145,0.07984644913627639,20,208,636,2605,1.0,False,0.04839990825577325,0.7862595419847328
Furniture > Desks > Office Desks,style_family,glam,single,0.10757875769977138,0.0,0.00690978886756238,0,18,636,2605,0.99545,False,0.00690978886756238,0.5395187022900764
Furniture > Desks > Office Desks,style_family,industrial,single,0.10757875769977138,0.031446540880503145,0.09942418426103647,20,259,636,2605,1.0,False,0.06797764338053333,0.8320610687022901
Furniture > Desks > Office Desks,style_family,mid-century,single,0.10757875769977138,0.0031446540880503146,0.03416506717850288,2,89,636,2605,1.0,False,0.031020413090452566,0.7022900763358778
Furniture > Desks > Office Desks,style_family,minimalist,single,0.10757875769977138,0.006289308176100629,0.047216890595009595,4,123,636,2605,1.0,False,0.04092758241890897,0.7404580152671756
Furniture > Desks > Office Desks,style_family,modern,single,0.10757875769977138,0.23427672955974843,0.2564299424184261,149,668,636,2605,0.8812,False,0.022153212858677662,0.5919511450381679
Furniture > Desks > Office Desks,style_family,scandinavian,single,0.10757875769977138,0.0110062893081761,0.022264875239923224,7,58,636,2605,0.97045,False,0.011258585931747124,0.5556011450381679
Furniture > Desks > Office Desks,style_family,traditional,single,0.10757875769977138,0.1430817610062893,0.05758157389635317,91,150,636,2605,0.0,False,-0.08550018710993613,0.0
Furniture > Desks > Office Desks,style_family,transitional,single,0.10757875769977138,0.05660377358490566,0.006142034548944338,36,16,636,2605,0.0,False,-0.05046173903596132,0.0
Furniture > Desks > Office Desks,vibe,cozy/plush,single,0.2255970263919889,0.0014970059880239522,0.012761432116270826,1,36,668,2821,0.99855,False,0.011264426128246874,0.5793114503816794
Furniture > Desks > Office Desks,vibe,curved/organic,single,0.2255970263919889,0.15718562874251496,0.02694080113434952,105,76,668,2821,0.0,False,-0.13024482760816544,0.0
Furniture > Desks > Office Desks,vibe,cute/kawaii,single,0.2255970263919889,0.0,0.0003544842254519674,0,1,668,2821,0.5439,False,0.0003544842254519674,0.190987786259542
Furniture > Desks > Office Desks,vibe,floral/botanical,single,0.2255970263919889,0.004491017964071856,0.004608294930875576,3,13,668,2821,0.48945,False,0.0001172769668037199,0.15879103053435115
Furniture > Desks > Office Desks,vibe,geometric/abstract,single,0.2255970263919889,0.0029940119760479044,0.00815313718539525,2,23,668,2821,0.9313,False,0.005159125209347346,0.47275916030534354
Furniture > Desks > Office Desks,vibe,luxe,single,0.2255970263919889,0.0688622754491018,0.3034384969868841,46,856,668,2821,1.0,False,0.2345762215377823,0.9618320610687023
Furniture > Desks > Office Desks,vibe,metal-accent,single,0.2255970263919889,0.0,0.0014179369018078695,0,4,668,2821,0.8202,False,0.0014179369018078695,0.3412282442748092
Furniture > Desks > Office Desks,vibe,natural/woven,single,0.2255970263919889,0.038922155688622756,0.07231478199220134,26,204,668,2821,0.99965,False,0.03339262630357859,0.7249370229007633
Furniture > Desks > Office Desks,vibe,plain,single,0.2255970263919889,0.21407185628742514,0.22970577809287487,143,648,668,2821,0.80685,False,0.01563392180544973,0.4988919847328244
Furniture > Desks > Office Desks,vibe,playful/colourful,single,0.2255970263919889,0.0,0.005317263381779511,0,15,668,2821,0.98875,False,0.005317263381779511,0.5132442748091602
Furniture > Desks > Office Desks,vibe,professional,single,0.2255970263919889,0.4341317365269461,0.0999645515774548,290,282,668,2821,0.0,False,-0.33416718494949127,0.0
Furniture > Desks > Office Desks,vibe,retro/vintage,single,0.2255970263919889,0.016467065868263474,0.03970223325062035,11,112,668,2821,0.9993,False,0.023235167382356873,0.6789137404580152
Furniture > Desks > Office Desks,vibe,sleek/minimal,single,0.2255970263919889,0.0344311377245509,0.0957107408720312,23,270,668,2821,1.0,False,0.0612796031474803,0.8091603053435115
Furniture > Desks > Office Desks,vibe,statement,single,0.2255970263919889,0.0074850299401197605,0.08826657213753988,5,249,668,2821,1.0,False,0.08078154219742012,0.8396946564885496
Furniture > Desks > Office Desks,vibe,textured,single,0.2255970263919889,0.019461077844311378,0.011343495214462956,13,32,668,2821,0.0527,False,-0.008117582629848422,0.013677862595419846
Furniture > Desks > Office Desks,desk_type,armoire/hideaway,single,0.09910074806791021,0.0015082956259426848,0.025522864232541652,1,72,663,2821,1.0,False,0.024014568606598966,0.6870229007633588
Furniture > Desks > Office Desks,desk_type,computer,single,0.09910074806791021,0.6410256410256411,0.5568947181850408,425,1571,663,2821,5e-05,False,-0.08413092284060031,6.870229007633589e-06
Furniture > Desks > Office Desks,desk_type,credenza,single,0.09910074806791021,0.06636500754147813,0.004962779156327543,44,14,663,2821,0.0,False,-0.06140222838515059,0.0
Furniture > Desks > Office Desks,desk_type,executive,single,0.09910074806791021,0.06033182503770739,0.10350939383197448,40,292,663,2821,0.99975,False,0.04317756879426709,0.7479045801526718
Furniture > Desks > Office Desks,desk_type,floating/wall,single,0.09910074806791021,0.0030165912518853697,0.006380716058135413,2,18,663,2821,0.85065,False,0.0033641248062500433,0.4025977099236641
Furniture > Desks > Office Desks,desk_type,gaming,single,0.09910074806791021,0.027149321266968326,0.03934774902516838,18,111,663,2821,0.93845,False,0.012198427758200056,0.5659354961832062
Furniture > Desks > Office Desks,desk_type,ladder,single,0.09910074806791021,0.0015082956259426848,0.0003544842254519674,1,1,663,2821,0.13805,False,-0.0011538114004907174,0.04109885496183206
Furniture > Desks > Office Desks,desk_type,reception,single,0.09910074806791021,0.03619909502262444,0.0003544842254519674,24,1,663,2821,0.0,False,-0.03584461079717247,0.0
Furniture > Desks > Office Desks,desk_type,secretary,single,0.09910074806791021,0.0015082956259426848,0.003544842254519674,1,10,663,2821,0.79115,False,0.0020365466285769893,0.3442408396946565
Furniture > Desks > Office Desks,desk_type,vanity,single,0.09910074806791021,0.0,0.012052463665366891,0,34,663,2821,0.9998,False,0.012052463665366891,0.5953007633587787
Furniture > Desks > Office Desks,desk_type,workstation,single,0.09910074806791021,0.1085972850678733,0.0499822757887274,72,141,663,2821,0.0,False,-0.058615009279145903,0.0
Furniture > Desks > Office Desks,desk_type,writing/table,single,0.09910074806791021,0.05279034690799397,0.19709322935129386,35,556,663,2821,1.0,False,0.1443028824432999,0.9389312977099237
Furniture > Desks > Office Desks,shape,L-shaped,single,0.031031145167826228,0.2762345679012346,0.20483693660681568,179,559,648,2729,0.0,False,-0.0713976312944189,0.0
Furniture > Desks > Office Desks,shape,U-shaped,single,0.031031145167826228,0.06481481481481481,0.01978746793697325,42,54,648,2729,0.0,False,-0.04502734687784156,0.0
Furniture > Desks > Office Desks,shape,bow-front,single,0.031031145167826228,0.027777777777777776,0.0007328691828508611,18,2,648,2729,0.0,False,-0.027044908594926916,0.0
Furniture > Desks > Office Desks,shape,corner,single,0.031031145167826228,0.023148148148148147,0.043605716379626236,15,119,648,2729,0.9946,False,0.02045756823147809,0.6605358778625955
Furniture > Desks > Office Desks,shape,rectangular,single,0.031031145167826228,0.6080246913580247,0.731037009893734,394,1995,648,2729,1.0,False,0.12301231853570926,0.8931297709923665
Furniture > Desks > Office Desks,drawers,no,single,2.671182201775422e-05,0.5299401197604791,0.5359801488833746,354,1512,668,2821,0.6178,False,0.006040029122895585,0.3301221374045802
Furniture > Desks > Office Desks,drawers,yes,single,2.671182201775422e-05,0.47005988023952094,0.4640198511166253,314,1309,668,2821,0.38945,False,-0.00604002912289564,0.10405152671755726
Furniture > Desks > Office Desks,storage,no,single,0.006935974312045234,0.38772455089820357,0.29493087557603687,259,832,668,2821,0.0,False,-0.0927936753221667,0.0
Furniture > Desks > Office Desks,storage,yes,single,0.006935974312045234,0.6122754491017964,0.7050691244239631,409,1989,668,2821,1.0,False,0.09279367532216665,0.8778625954198473
Furniture > Desks > Office Desks,keyboard_tray,no,single,0.005857966662534277,0.907185628742515,0.9524991137894364,606,2687,668,2821,1.0,False,0.04531348504692145,0.7557251908396947
Furniture > Desks > Office Desks,keyboard_tray,yes,single,0.005857966662534277,0.09281437125748503,0.04750088621056363,62,134,668,2821,0.0,False,-0.0453134850469214,0.0
Furniture > Desks > Office Desks,width_band,40-48 in,single,0.22715234151786837,0.08283132530120482,0.22019077901430842,55,277,664,1258,1.0,False,0.1373594537131036,0.9236641221374046
Furniture > Desks > Office Desks,width_band,48-60 in,single,0.22715234151786837,0.15963855421686746,0.13990461049284578,106,176,664,1258,0.1262,False,-0.01973394372402168,0.027937404580152675
Furniture > Desks > Office Desks,width_band,60-72 in,single,0.22715234151786837,0.5346385542168675,0.16454689984101747,355,207,664,1258,0.0,False,-0.37009165437585,0.0
Furniture > Desks > Office Desks,width_band,72+ in,single,0.22715234151786837,0.18373493975903615,0.0890302066772655,122,112,664,1258,0.0,False,-0.09470473308177066,0.0
Furniture > Desks > Office Desks,width_band,<40 in,single,0.22715234151786837,0.0391566265060241,0.3863275039745628,26,486,664,1258,1.0,False,0.3471708774685387,1.0
Furniture > Desks > Office Desks,aesthetic_tags,cozy/plush,multi,0.1896404690757795,0.0029940119760479044,0.03544842254519674,2,100,668,2821,1.0,False,0.032454410569148835,0.7175572519083969
Furniture > Desks > Office Desks,aesthetic_tags,curved/organic,multi,0.1896404690757795,0.17365269461077845,0.056008507621410845,116,158,668,2821,0.0,False,-0.1176441869893676,0.0
Furniture > Desks > Office Desks,aesthetic_tags,cute/kawaii,multi,0.1896404690757795,0.0,0.0003544842254519674,0,1,668,2821,0.5419,False,0.0003544842254519674,0.19028549618320612
Furniture > Desks > Office Desks,aesthetic_tags,floral/botanical,multi,0.1896404690757795,0.004491017964071856,0.004608294930875576,3,13,668,2821,0.4871,False,0.0001172769668037199,0.15802862595419845
Furniture > Desks > Office Desks,aesthetic_tags,geometric/abstract,multi,0.1896404690757795,0.004491017964071856,0.024104927330733782,3,68,668,2821,0.9999,False,0.019613909366661925,0.6487900763358778
Furniture > Desks > Office Desks,aesthetic_tags,glitter/sparkle,multi,0.1896404690757795,0.0,0.0003544842254519674,0,1,668,2821,0.5397,False,0.0003544842254519674,0.18951297709923662
Furniture > Desks > Office Desks,aesthetic_tags,inspirational,multi,0.1896404690757795,0.0,0.0003544842254519674,0,1,668,2821,0.5335,False,0.0003544842254519674,0.1873358778625954
Furniture > Desks > Office Desks,aesthetic_tags,luxe,multi,0.1896404690757795,0.0688622754491018,0.3516483516483517,46,992,668,2821,1.0,False,0.2827860761992499,0.9770992366412213
Furniture > Desks > Office Desks,aesthetic_tags,metal-accent,multi,0.1896404690757795,0.0,0.020205600850762142,0,57,668,2821,1.0,False,0.020205600850762142,0.6564885496183206
Furniture > Desks > Office Desks,aesthetic_tags,nailhead,multi,0.1896404690757795,0.0,0.0007089684509039348,0,2,668,2821,0.67535,False,0.0007089684509039348,0.2551895038167939
Furniture > Desks > Office Desks,aesthetic_tags,natural/woven,multi,0.1896404690757795,0.04491017964071856,0.15632754342431762,30,441,668,2821,1.0,False,0.11141736378359907,0.8854961832061069
Furniture > Desks > Office Desks,aesthetic_tags,playful/colourful,multi,0.1896404690757795,0.0,0.012761432116270826,0,36,668,2821,1.0,False,0.012761432116270826,0.6106870229007634
Furniture > Desks > Office Desks,aesthetic_tags,professional,multi,0.1896404690757795,0.5568862275449101,0.27507975895072667,372,776,668,2821,0.0,False,-0.28180646859418346,0.0
Furniture > Desks > Office Desks,aesthetic_tags,retro/vintage,multi,0.1896404690757795,0.020958083832335328,0.06983339241403758,14,197,668,2821,1.0,False,0.04887530858170225,0.7938931297709924
Furniture > Desks > Office Desks,aesthetic_tags,sleek/minimal,multi,0.1896404690757795,0.13023952095808383,0.32683445586671395,87,922,668,2821,1.0,False,0.19659493490863011,0.9541984732824428
Furniture > Desks > Office Desks,aesthetic_tags,statement,multi,0.1896404690757795,0.0074850299401197605,0.08862105636299185,5,250,668,2821,1.0,False,0.08113602642287208,0.8473282442748091
Furniture > Desks > Office Desks,aesthetic_tags,textured,multi,0.1896404690757795,0.020958083832335328,0.02197802197802198,14,62,668,2821,0.5587,False,0.0010199381456866517,0.21750916030534348
Furniture > Desks > Office Desks,aesthetic_tags,tufted,multi,0.1896404690757795,0.0,0.0003544842254519674,0,1,668,2821,0.539,False,0.0003544842254519674,0.18926717557251907
Furniture > Desks > Office Desks,use_context,breakroom/dining,multi,0.15922791607336959,0.004491017964071856,0.0163062743707905,3,46,668,2821,0.99595,False,0.011815256406718645,0.5854057251908397
Furniture > Desks > Office Desks,use_context,corporate office,multi,0.15922791607336959,0.812874251497006,0.5008862105636299,543,1413,668,2821,0.0,False,-0.31198804093337607,0.0
Furniture > Desks > Office Desks,use_context,education,multi,0.15922791607336959,0.0374251497005988,0.07834101382488479,25,221,668,2821,0.99995,False,0.04091586412428599,0.732787786259542
Furniture > Desks > Office Desks,use_context,gaming,multi,0.15922791607336959,0.0374251497005988,0.08507621410847217,25,240,668,2821,1.0,False,0.047651064407873374,0.7748091603053435
Furniture > Desks > Office Desks,use_context,gym/sports,multi,0.15922791607336959,0.0014970059880239522,0.0014179369018078695,1,4,668,2821,0.42615,False,-7.906908621608264e-05,0.13337519083969465
Furniture > Desks > Office Desks,use_context,healthcare,multi,0.15922791607336959,0.15718562874251496,0.0003544842254519674,105,1,668,2821,0.0,False,-0.15683114451706298,0.0
Furniture > Desks > Office Desks,use_context,home office,multi,0.15922791607336959,0.19311377245508982,0.5161290322580645,129,1456,668,2821,1.0,False,0.3230152598029747,0.9923664122137404
Furniture > Desks > Office Desks,use_context,hospitality/events,multi,0.15922791607336959,0.014970059880239521,0.022686990428925913,10,64,668,2821,0.8983,False,0.007716930548686392,0.49372213740458015
Furniture > Desks > Office Desks,use_context,kids/teen,multi,0.15922791607336959,0.0029940119760479044,0.008862105636299186,2,25,668,2821,0.9516,False,0.005868093660251281,0.501224427480916
Furniture > Desks > Office Desks,use_context,outdoor,multi,0.15922791607336959,0.0,0.002835873803615739,0,8,668,2821,0.9392,False,0.002835873803615739,0.43016793893129773
Furniture > Desks > Office Desks,use_context,reception/lobby,multi,0.15922791607336959,0.04790419161676647,0.0021269053527118043,32,6,668,2821,0.0,False,-0.04577728626405467,0.0
Furniture > Desks > Office Desks,use_context,residential living,multi,0.15922791607336959,0.02844311377245509,0.12123360510457284,19,342,668,2821,1.0,False,0.09279049133211775,0.8702290076335878
Furniture > Desks > Office Desks,use_context,travel/commute,multi,0.15922791607336959,0.0,0.004253810705423609,0,12,668,2821,0.9772,False,0.004253810705423609,0.46995114503816793
Furniture > Desks > Office Desks,end_user_segment,big & tall,multi,0.053983336147788955,0.0,0.0031903580290677065,0,9,668,2821,0.9561,False,0.0031903580290677065,0.4452068702290076
Furniture > Desks > Office Desks,end_user_segment,gamers,multi,0.053983336147788955,0.0374251497005988,0.08507621410847217,25,240,668,2821,1.0,False,0.047651064407873374,0.7748091603053435
Furniture > Desks > Office Desks,end_user_segment,kids,multi,0.053983336147788955,0.0029940119760479044,0.00815313718539525,2,23,668,2821,0.93475,False,0.005159125209347346,0.4745104961832061
Furniture > Desks > Office Desks,end_user_segment,remote workers,multi,0.053983336147788955,0.18712574850299402,0.5062034739454094,125,1428,668,2821,1.0,False,0.3190777254424154,0.9847328244274809
Furniture > Desks > Office Desks,end_user_segment,seniors,multi,0.053983336147788955,0.0,0.0007089684509039348,0,2,668,2821,0.67585,False,0.0007089684509039348,0.2553784351145038
Furniture > Desks > Office Desks,end_user_segment,students,multi,0.053983336147788955,0.005988023952095809,0.07018787663948954,4,198,668,2821,1.0,False,0.06419985268739373,0.816793893129771
Furniture > Desks > Office Desks,end_user_segment,teachers,multi,0.053983336147788955,0.019461077844311378,0.0007089684509039348,13,2,668,2821,0.0,False,-0.01875210939340744,0.0
Furniture > Desks > Office Desks,end_user_segment,teens,multi,0.053983336147788955,0.0,0.0014179369018078695,0,4,668,2821,0.824,False,0.0014179369018078695,0.34280916030534353
Furniture > Desks > Office Desks,end_user_segment,women,multi,0.053983336147788955,0.0,0.001772421127259837,0,5,668,2821,0.862,False,0.001772421127259837,0.3684885496183206
Furniture > Desks > Office Desks,key_benefits,comfort,multi,0.36949535988873533,0.0,0.0010634526763559022,0,3,668,2821,0.76595,False,0.0010634526763559022,0.3040412213740458
Furniture > Desks > Office Desks,key_benefits,commercial-grade,multi,0.36949535988873533,0.6137724550898204,0.03013115916341723,410,85,668,2821,0.0,False,-0.5836412959264031,0.0
Furniture > Desks > Office Desks,key_benefits,easy-clean,multi,0.36949535988873533,0.24550898203592814,0.04395604395604396,164,124,668,2821,0.0,False,-0.20155293807988417,0.0
Furniture > Desks > Office Desks,key_benefits,ergonomic,multi,0.36949535988873533,0.03293413173652695,0.07869549805033677,22,222,668,2821,1.0,False,0.045761366313809816,0.7633587786259542
Furniture > Desks > Office Desks,key_benefits,security,multi,0.36949535988873533,0.019461077844311378,0.008862105636299186,13,25,668,2821,0.01275,False,-0.010598972208012192,0.0032118320610687017
Furniture > Desks > Office Desks,key_benefits,space-saving,multi,0.36949535988873533,0.061377245508982034,0.1900035448422545,41,536,668,2821,1.0,False,0.12862629933327246,0.9007633587786259
Furniture > Desks > Office Desks,key_benefits,sustainable,multi,0.36949535988873533,0.09131736526946108,0.018787663948954272,61,53,668,2821,0.0,False,-0.0725297013205068,0.0
Furniture > Desks > Office Desks,key_benefits,tech-enabled,multi,0.36949535988873533,0.040419161676646706,0.09606522509748316,27,271,668,2821,1.0,False,0.05564606342083646,0.8015267175572519
Furniture > Desks > Office Desks,key_benefits,water-resistant,multi,0.36949535988873533,0.017964071856287425,0.0163062743707905,12,46,668,2821,0.37865,False,-0.001657797485496923,0.10405648854961833
"Coffee, Water & Snacks > Water & Beverages > Water Bottles, Tumblers & Travel Mugs",colour_family,beige/cream,single,0.2370879540122773,0.023255813953488372,0.03571428571428571,8,3,344,84,0.75695,True,0.01245847176079734,0.560143
"Coffee, Water & Snacks > Water & Beverages > Water Bottles, Tumblers & Travel Mugs",colour_family,black,single,0.2370879540122773,0.1308139534883721,0.15476190476190477,45,13,344,84,0.7257,True,0.023947951273532664,0.5442750000000001
"Coffee, Water & Snacks > Water & Beverages > Water Bottles, Tumblers & Travel Mugs",colour_family,blue,single,0.2370879540122773,0.1569767441860465,0.11904761904761904,54,10,344,84,0.1936,True,-0.03792912513842747,0.06582400000000001
"Coffee, Water & Snacks > Water & Beverages > Water Bottles, Tumblers & Travel Mugs",colour_family,brown/wood,single,0.2370879540122773,0.02616279069767442,0.023809523809523808,9,2,344,84,0.4867,True,-0.0023532668881506118,0.3041875
"Coffee, Water & Snacks > Water & Beverages > Water Bottles, Tumblers & Travel Mugs",colour_family,clear,single,0.2370879540122773,0.011627906976744186,0.10714285714285714,4,9,344,84,1.0,True,0.09551495016611294,0.84
"Coffee, Water & Snacks > Water & Beverages > Water Bottles, Tumblers & Travel Mugs",colour_family,green,single,0.2370879540122773,0.04941860465116279,0.13095238095238096,17,11,344,84,0.99455,True,0.08153377630121816,0.8055855000000001
"Coffee, Water & Snacks > Water & Beverages > Water Bottles, Tumblers & Travel Mugs",colour_family,grey,single,0.2370879540122773,0.09883720930232558,0.047619047619047616,34,4,344,84,0.05885,True,-0.05121816168327796,0.01677225
"Coffee, Water & Snacks > Water & Beverages > Water Bottles, Tumblers & Travel Mugs",colour_family,metallic,single,0.2370879540122773,0.0,0.011904761904761904,0,1,344,84,0.9621,True,0.011904761904761904,0.6879014999999999
"Coffee, Water & Snacks > Water & Beverages > Water Bottles, Tumblers & Travel Mugs",colour_family,multi/pattern,single,0.2370879540122773,0.38953488372093026,0.03571428571428571,134,3,344,84,0.0,True,-0.35382059800664456,0.0
"Coffee, Water & Snacks > Water & Beverages > Water Bottles, Tumblers & Travel Mugs",colour_family,navy,single,0.2370879540122773,0.0,0.09523809523809523,0,8,344,84,1.0,True,0.09523809523809523,0.83
"Coffee, Water & Snacks > Water & Beverages > Water Bottles, Tumblers & Travel Mugs",colour_family,purple,single,0.2370879540122773,0.029069767441860465,0.023809523809523808,10,2,344,84,0.4227,True,-0.0052602436323366565,0.21980400000000003
"Coffee, Water & Snacks > Water & Beverages > Water Bottles, Tumblers & Travel Mugs",colour_family,red/pink,single,0.2370879540122773,0.0436046511627907,0.11904761904761904,15,10,344,84,0.99215,True,0.07544296788482835,0.79372
"Coffee, Water & Snacks > Water & Beverages > Water Bottles, Tumblers & Travel Mugs",colour_family,white,single,0.2370879540122773,0.020348837209302327,0.047619047619047616,7,4,344,84,0.91615,True,0.02727021040974529,0.7008547500000001
"Coffee, Water & Snacks > Water & Beverages > Water Bottles, Tumblers & Travel Mugs",colour_family,yellow/orange,single,0.2370879540122773,0.020348837209302327,0.047619047619047616,7,4,344,84,0.91385,True,0.02727021040974529,0.6990952500000001
"Coffee, Water & Snacks > Water & Beverages > Water Bottles, Tumblers & Travel Mugs",colour_tone,bold,single,0.1776160337712594,0.29941860465116277,0.44047619047619047,103,37,344,84,0.9923,True,0.1410575858250277,0.89307
"Coffee, Water & Snacks > Water & Beverages > Water Bottles, Tumblers & Travel Mugs",colour_tone,dark-neutral,single,0.1776160337712594,0.1308139534883721,0.25,45,21,344,84,0.9951,True,0.1191860465116279,0.8557859999999999
"Coffee, Water & Snacks > Water & Beverages > Water Bottles, Tumblers & Travel Mugs",colour_tone,light-neutral,single,0.1776160337712594,0.055232558139534885,0.19047619047619047,19,16,344,84,1.0,True,0.1352436323366556,0.89
"Coffee, Water & Snacks > Water & Beverages > Water Bottles, Tumblers & Travel Mugs",colour_tone,metallic,single,0.1776160337712594,0.0,0.011904761904761904,0,1,344,84,0.96105,True,0.011904761904761904,0.6871507499999999
"Coffee, Water & Snacks > Water & Beverages > Water Bottles, Tumblers & Travel Mugs",colour_tone,mid-neutral,single,0.1776160337712594,0.09883720930232558,0.047619047619047616,34,4,344,84,0.0618,True,-0.05121816168327796,0.017613
"Coffee, Water & Snacks > Water & Beverages > Water Bottles, Tumblers & Travel Mugs",colour_tone,pattern,single,0.1776160337712594,0.38953488372093026,0.03571428571428571,134,3,344,84,0.0,True,-0.35382059800664456,0.0
"Coffee, Water & Snacks > Water & Beverages > Water Bottles, Tumblers & Travel Mugs",colour_tone,warm-neutral,single,0.1776160337712594,0.02616279069767442,0.023809523809523808,9,2,344,84,0.4802,True,-0.0023532668881506118,0.30012500000000003
"Coffee, Water & Snacks > Water & Beverages > Water Bottles, Tumblers & Travel Mugs",material_class,aluminum,single,0.06495149284918549,0.0,0.006024096385542169,0,1,343,166,0.9102,False,0.006024096385542169,0.600732
"Coffee, Water & Snacks > Water & Beverages > Water Bottles, Tumblers & Travel Mugs",material_class,ceramic,single,0.06495149284918549,0.0,0.012048192771084338,0,2,343,166,0.9767,False,0.012048192771084338,0.712991
"Coffee, Water & Snacks > Water & Beverages > Water Bottles, Tumblers & Travel Mugs",material_class,plastic/tritan,single,0.06495149284918549,0.27988338192419826,0.19879518072289157,96,33,343,166,0.02395,False,-0.08108820120130669,0.004311
"Coffee, Water & Snacks > Water & Beverages > Water Bottles, Tumblers & Travel Mugs",material_class,silicone,single,0.06495149284918549,0.0029154518950437317,0.12650602409638553,1,21,343,166,1.0,False,0.1235905722013418,0.88
"Coffee, Water & Snacks > Water & Beverages > Water Bottles, Tumblers & Travel Mugs",material_class,stainless steel,single,0.06495149284918549,0.717201166180758,0.6566265060240963,246,109,343,166,0.08335,False,-0.060574660156661686,0.021671
"Coffee, Water & Snacks > Water & Beverages > Water Bottles, Tumblers & Travel Mugs",style_family,boho/coastal,single,0.08082683315614497,0.3076923076923077,0.6,4,3,13,5,0.8739,False,0.29230769230769227,0.856422
"Coffee, Water & Snacks > Water & Beverages > Water Bottles, Tumblers & Travel Mugs",style_family,minimalist,single,0.08082683315614497,0.23076923076923078,0.0,3,0,13,5,0.11605,False,-0.23076923076923078,0.009284
"Coffee, Water & Snacks > Water & Beverages > Water Bottles, Tumblers & Travel Mugs",style_family,modern,single,0.08082683315614497,0.38461538461538464,0.2,5,1,13,5,0.23545,False,-0.18461538461538463,0.0306085
"Coffee, Water & Snacks > Water & Beverages > Water Bottles, Tumblers & Travel Mugs",style_family,traditional,single,0.08082683315614497,0.07692307692307693,0.2,1,1,13,5,0.77875,False,0.12307692307692308,0.6775125000000001
"Coffee, Water & Snacks > Water & Beverages > Water Bottles, Tumblers & Travel Mugs",vibe,character/licensed,single,0.13851428464759,0.08139534883720931,0.005154639175257732,28,1,344,194,0.0,False,-0.07624070966195158,0.0
"Coffee, Water & Snacks > Water & Beverages > Water Bottles, Tumblers & Travel Mugs",vibe,cozy/plush,single,0.13851428464759,0.005813953488372093,0.0,2,0,344,194,0.15295,False,-0.005813953488372093,0.07418075
"Coffee, Water & Snacks > Water & Beverages > Water Bottles, Tumblers & Travel Mugs",vibe,cute/kawaii,single,0.13851428464759,0.04941860465116279,0.0,17,0,344,194,0.0001,False,-0.04941860465116279,3.05e-05
"Coffee, Water & Snacks > Water & Beverages > Water Bottles, Tumblers & Travel Mugs",vibe,floral/botanical,single,0.13851428464759,0.040697674418604654,0.0,14,0,344,194,0.00025,False,-0.040697674418604654,8.125000000000001e-05
"Coffee, Water & Snacks > Water & Beverages > Water Bottles, Tumblers & Travel Mugs",vibe,geometric/abstract,single,0.13851428464759,0.005813953488372093,0.005154639175257732,2,1,344,194,0.4866,False,-0.0006593143131143611,0.311424
"Coffee, Water & Snacks > Water & Beverages > Water Bottles, Tumblers & Travel Mugs",vibe,glitter/sparkle,single,0.13851428464759,0.0029069767441860465,0.0,1,0,344,194,0.28525,False,-0.0029069767441860465,0.16401875
"Coffee, Water & Snacks > Water & Beverages > Water Bottles, Tumblers & Travel Mugs",vibe,inspirational,single,0.13851428464759,0.00872093023255814,0.015463917525773196,3,3,344,194,0.76175,False,0.006742987293215057,0.5217987500000001
"Coffee, Water & Snacks > Water & Beverages > Water Bottles, Tumblers & Travel Mugs",vibe,luxe,single,0.13851428464759,0.040697674418604654,0.020618556701030927,14,4,344,194,0.10625,False,-0.020079117717573727,0.0435625
"Coffee, Water & Snacks > Water & Beverages > Water Bottles, Tumblers & Travel Mugs",vibe,natural/woven,single,0.13851428464759,0.0029069767441860465,0.0,1,0,344,194,0.28995,False,-0.0029069767441860465,0.16672125
"Coffee, Water & Snacks > Water & Beverages > Water Bottles, Tumblers & Travel Mugs",vibe,plain,single,0.13851428464759,0.5901162790697675,0.9381443298969072,203,182,344,194,1.0,False,0.3480280508271397,0.99
"Coffee, Water & Snacks > Water & Beverages > Water Bottles, Tumblers & Travel Mugs",vibe,playful/colourful,single,0.13851428464759,0.0755813953488372,0.015463917525773196,26,3,344,194,0.00095,False,-0.06011747782306401,0.0002565
"Coffee, Water & Snacks > Water & Beverages > Water Bottles, Tumblers & Travel Mugs",vibe,professional,single,0.13851428464759,0.014534883720930232,0.0,5,0,344,194,0.0298,False,-0.014534883720930232,0.013112
"Coffee, Water & Snacks > Water & Beverages > Water Bottles, Tumblers & Travel Mugs",vibe,sleek/minimal,single,0.13851428464759,0.07267441860465117,0.0,25,0,344,194,0.0,False,-0.07267441860465117,0.0
"Coffee, Water & Snacks > Water & Beverages > Water Bottles, Tumblers & Travel Mugs",vibe,statement,single,0.13851428464759,0.005813953488372093,0.0,2,0,344,194,0.15255,False,-0.005813953488372093,0.07398674999999999
"Coffee, Water & Snacks > Water & Beverages > Water Bottles, Tumblers & Travel Mugs",vibe,textured,single,0.13851428464759,0.0029069767441860465,0.0,1,0,344,194,0.28325,False,-0.0029069767441860465,0.16286874999999998
"Coffee, Water & Snacks > Water & Beverages > Water Bottles, Tumblers & Travel Mugs",vessel_type,can cooler,single,0.14166753905754942,0.01749271137026239,0.0,6,0,343,189,0.01805,False,-0.01749271137026239,0.007581
"Coffee, Water & Snacks > Water & Beverages > Water Bottles, Tumblers & Travel Mugs",vessel_type,soft flask,single,0.14166753905754942,0.0,0.10052910052910052,0,19,343,189,1.0,False,0.10052910052910052,0.85
"Coffee, Water & Snacks > Water & Beverages > Water Bottles, Tumblers & Travel Mugs",vessel_type,travel mug,single,0.14166753905754942,0.07871720116618076,0.005291005291005291,27,1,343,189,0.0001,False,-0.07342619587517547,2.2000000000000003e-05
"Coffee, Water & Snacks > Water & Beverages > Water Bottles, Tumblers & Travel Mugs",vessel_type,tumbler,single,0.14166753905754942,0.239067055393586,0.037037037037037035,82,7,343,189,0.0,False,-0.20203001835654896,0.0
"Coffee, Water & Snacks > Water & Beverages > Water Bottles, Tumblers & Travel Mugs",vessel_type,water bottle,single,0.14166753905754942,0.6647230320699709,0.8571428571428571,228,162,343,189,1.0,False,0.19241982507288624,0.94
"Coffee, Water & Snacks > Water & Beverages > Water Bottles, Tumblers & Travel Mugs",insulation,no,single,0.028112481165631212,0.26453488372093026,0.4536082474226804,91,88,344,194,1.0,False,0.18907336370175015,0.92
"Coffee, Water & Snacks > Water & Beverages > Water Bottles, Tumblers & Travel Mugs",insulation,yes,single,0.028112481165631212,0.7354651162790697,0.5463917525773195,253,106,344,194,0.0,False,-0.1890733637017502,0.0
"Coffee, Water & Snacks > Water & Beverages > Water Bottles, Tumblers & Travel Mugs",lid_type,chug/spout,single,0.05056974332957877,0.4241486068111455,0.19736842105263158,137,15,323,76,0.0001,False,-0.22678018575851394,9e-06
"Coffee, Water & Snacks > Water & Beverages > Water Bottles, Tumblers & Travel Mugs",lid_type,screw cap,single,0.05056974332957877,0.09907120743034056,0.14473684210526316,32,11,323,76,0.87535,False,0.0456656346749226,0.682773
"Coffee, Water & Snacks > Water & Beverages > Water Bottles, Tumblers & Travel Mugs",lid_type,slide/press,single,0.05056974332957877,0.02476780185758514,0.0,8,0,323,76,0.06075,False,-0.02476780185758514,0.022477499999999997
"Coffee, Water & Snacks > Water & Beverages > Water Bottles, Tumblers & Travel Mugs",lid_type,straw,single,0.05056974332957877,0.4520123839009288,0.6578947368421053,146,50,323,76,0.9996,False,0.20588235294117652,0.94962
"Coffee, Water & Snacks > Water & Beverages > Water Bottles, Tumblers & Travel Mugs",handle,no,single,0.14530952346732276,0.4273255813953488,0.8505154639175257,147,165,344,194,1.0,False,0.42318988252217693,1.0
"Coffee, Water & Snacks > Water & Beverages > Water Bottles, Tumblers & Travel Mugs",handle,yes,single,0.14530952346732276,0.5726744186046512,0.14948453608247422,197,29,344,194,0.0,False,-0.42318988252217693,0.0
"Coffee, Water & Snacks > Water & Beverages > Water Bottles, Tumblers & Travel Mugs",capacity_band,16-24 oz,single,0.010666123222086713,0.501466275659824,0.46745562130177515,171,79,341,169,0.2366,False,-0.0340106543580489,0.08281
"Coffee, Water & Snacks > Water & Beverages > Water Bottles, Tumblers & Travel Mugs",capacity_band,25-40 oz,single,0.010666123222086713,0.2932551319648094,0.38461538461538464,100,65,341,169,0.98065,False,0.09136025265057524,0.804133
"Coffee, Water & Snacks > Water & Beverages > Water Bottles, Tumblers & Travel Mugs",capacity_band,40 oz+,single,0.010666123222086713,0.026392961876832845,0.03550295857988166,9,6,341,169,0.72675,False,0.009109996703048812,0.508725
"Coffee, Water & Snacks > Water & Beverages > Water Bottles, Tumblers & Travel Mugs",capacity_band,under 16 oz,single,0.010666123222086713,0.17888563049853373,0.11242603550295859,61,19,341,169,0.02375,False,-0.06645959499557515,0.0057
"Coffee, Water & Snacks > Water & Beverages > Water Bottles, Tumblers & Travel Mugs",pattern,character/licensed,single,0.06647944679297854,0.06976744186046512,0.005154639175257732,24,1,344,194,5e-05,False,-0.06461280268520739,1.25e-05
"Coffee, Water & Snacks > Water & Beverages > Water Bottles, Tumblers & Travel Mugs",pattern,floral,single,0.06647944679297854,0.02616279069767442,0.0,9,0,344,194,0.00445,False,-0.02616279069767442,0.001602
"Coffee, Water & Snacks > Water & Beverages > Water Bottles, Tumblers & Travel Mugs",pattern,print/pattern,single,0.06647944679297854,0.11627906976744186,0.015463917525773196,40,3,344,194,0.0,False,-0.10081515224166866,0.0
"Coffee, Water & Snacks > Water & Beverages > Water Bottles, Tumblers & Travel Mugs",pattern,solid,single,0.06647944679297854,0.7877906976744186,0.979381443298969,271,190,344,194,1.0,False,0.19159074562455047,0.93
"Coffee, Water & Snacks > Water & Beverages > Water Bottles, Tumblers & Travel Mugs",audience,general,single,0.08625895822713317,0.6715116279069767,0.9381443298969072,231,182,344,194,1.0,False,0.2666327019899305,0.97
"Coffee, Water & Snacks > Water & Beverages > Water Bottles, Tumblers & Travel Mugs",audience,kids,single,0.08625895822713317,0.32848837209302323,0.061855670103092786,113,12,344,194,0.0,False,-0.26663270198993044,0.0
"Coffee, Water & Snacks > Water & Beverages > Water Bottles, Tumblers & Travel Mugs",aesthetic_tags,character/licensed,multi,0.20530107501328312,0.08139534883720931,0.005154639175257732,28,1,344,194,0.0,False,-0.07624070966195158,0.0
"Coffee, Water & Snacks > Water & Beverages > Water Bottles, Tumblers & Travel Mugs",aesthetic_tags,cozy/plush,multi,0.20530107501328312,0.005813953488372093,0.0,2,0,344,194,0.152,False,-0.005813953488372093,0.07372
"Coffee, Water & Snacks > Water & Beverages > Water Bottles, Tumblers & Travel Mugs",aesthetic_tags,curved/organic,multi,0.20530107501328312,0.0029069767441860465,0.0,1,0,344,194,0.28315,False,-0.0029069767441860465,0.16281125
"Coffee, Water & Snacks > Water & Beverages > Water Bottles, Tumblers & Travel Mugs",aesthetic_tags,cute/kawaii,multi,0.20530107501328312,0.04941860465116279,0.0,17,0,344,194,0.0001,False,-0.04941860465116279,3.05e-05
"Coffee, Water & Snacks > Water & Beverages > Water Bottles, Tumblers & Travel Mugs",aesthetic_tags,floral/botanical,multi,0.20530107501328312,0.040697674418604654,0.0,14,0,344,194,0.0003,False,-0.040697674418604654,9.75e-05
"Coffee, Water & Snacks > Water & Beverages > Water Bottles, Tumblers & Travel Mugs",aesthetic_tags,geometric/abstract,multi,0.20530107501328312,0.00872093023255814,0.005154639175257732,3,1,344,194,0.342,False,-0.0035662910573004076,0.18126000000000003
"Coffee, Water & Snacks > Water & Beverages > Water Bottles, Tumblers & Travel Mugs",aesthetic_tags,glitter/sparkle,multi,0.20530107501328312,0.005813953488372093,0.0,2,0,344,194,0.152,False,-0.005813953488372093,0.07372
"Coffee, Water & Snacks > Water & Beverages > Water Bottles, Tumblers & Travel Mugs",aesthetic_tags,inspirational,multi,0.20530107501328312,0.00872093023255814,0.015463917525773196,3,3,344,194,0.76795,False,0.006742987293215057,0.5260457500000001
"Coffee, Water & Snacks > Water & Beverages > Water Bottles, Tumblers & Travel Mugs",aesthetic_tags,luxe,multi,0.20530107501328312,0.0436046511627907,0.020618556701030927,15,4,344,194,0.07425,False,-0.02298609446175977,0.028215
"Coffee, Water & Snacks > Water & Beverages > Water Bottles, Tumblers & Travel Mugs",aesthetic_tags,natural/woven,multi,0.20530107501328312,0.0029069767441860465,0.0,1,0,344,194,0.28405,False,-0.0029069767441860465,0.16332875
"Coffee, Water & Snacks > Water & Beverages > Water Bottles, Tumblers & Travel Mugs",aesthetic_tags,playful/colourful,multi,0.20530107501328312,0.10174418604651163,0.015463917525773196,35,3,344,194,0.0,False,-0.08628026852073843,0.0
"Coffee, Water & Snacks > Water & Beverages > Water Bottles, Tumblers & Travel Mugs",aesthetic_tags,professional,multi,0.20530107501328312,0.020348837209302327,0.0,7,0,344,194,0.0106,False,-0.020348837209302327,0.004187000000000001
"Coffee, Water & Snacks > Water & Beverages > Water Bottles, Tumblers & Travel Mugs",aesthetic_tags,sleek/minimal,multi,0.20530107501328312,0.10755813953488372,0.0,37,0,344,194,0.0,False,-0.10755813953488372,0.0
"Coffee, Water & Snacks > Water & Beverages > Water Bottles, Tumblers & Travel Mugs",aesthetic_tags,statement,multi,0.20530107501328312,0.005813953488372093,0.0,2,0,344,194,0.1538,False,-0.005813953488372093,0.07459299999999999
"Coffee, Water & Snacks > Water & Beverages > Water Bottles, Tumblers & Travel Mugs",aesthetic_tags,textured,multi,0.20530107501328312,0.0029069767441860465,0.0,1,0,344,194,0.28225,False,-0.0029069767441860465,0.16229375
"Coffee, Water & Snacks > Water & Beverages > Water Bottles, Tumblers & Travel Mugs",use_context,corporate office,multi,0.13538097464619225,0.03488372093023256,0.041237113402061855,12,8,344,194,0.64915,False,0.006353392471829297,0.43493050000000005
"Coffee, Water & Snacks > Water & Beverages > Water Bottles, Tumblers & Travel Mugs",use_context,education,multi,0.13538097464619225,0.18604651162790697,0.10824742268041238,64,21,344,194,0.00765,False,-0.0777990889474946,0.0014535
"Coffee, Water & Snacks > Water & Beverages > Water Bottles, Tumblers & Travel Mugs",use_context,gym/sports,multi,0.13538097464619225,0.14534883720930233,0.3711340206185567,50,72,344,194,1.0,False,0.22578518340925438,0.96
"Coffee, Water & Snacks > Water & Beverages > Water Bottles, Tumblers & Travel Mugs",use_context,healthcare,multi,0.13538097464619225,0.0029069767441860465,0.0,1,0,344,194,0.2819,False,-0.0029069767441860465,0.16209249999999997
"Coffee, Water & Snacks > Water & Beverages > Water Bottles, Tumblers & Travel Mugs",use_context,hospitality/events,multi,0.13538097464619225,0.0029069767441860465,0.0,1,0,344,194,0.28135,False,-0.0029069767441860465,0.16177624999999998
"Coffee, Water & Snacks > Water & Beverages > Water Bottles, Tumblers & Travel Mugs",use_context,kids/teen,multi,0.13538097464619225,0.32558139534883723,0.061855670103092786,112,12,344,194,0.0,False,-0.26372572524574445,0.0
"Coffee, Water & Snacks > Water & Beverages > Water Bottles, Tumblers & Travel Mugs",use_context,outdoor,multi,0.13538097464619225,0.08430232558139535,0.26804123711340205,29,52,344,194,1.0,False,0.18373891153200672,0.91
"Coffee, Water & Snacks > Water & Beverages > Water Bottles, Tumblers & Travel Mugs",use_context,travel/commute,multi,0.13538097464619225,0.36046511627906974,0.26804123711340205,124,52,344,194,0.0135,False,-0.09242387916566769,0.00216
"Coffee, Water & Snacks > Water & Beverages > Water Bottles, Tumblers & Travel Mugs",end_user_segment,kids,multi,0.16415057026920632,0.30523255813953487,0.061855670103092786,105,12,344,194,0.0,False,-0.24337688803644209,0.0
"Coffee, Water & Snacks > Water & Beverages > Water Bottles, Tumblers & Travel Mugs",end_user_segment,teachers,multi,0.16415057026920632,0.020348837209302327,0.0,7,0,344,194,0.01035,False,-0.020348837209302327,0.00408825
"Coffee, Water & Snacks > Water & Beverages > Water Bottles, Tumblers & Travel Mugs",end_user_segment,teens,multi,0.16415057026920632,0.2238372093023256,0.0,77,0,344,194,0.0,False,-0.2238372093023256,0.0
"Coffee, Water & Snacks > Water & Beverages > Water Bottles, Tumblers & Travel Mugs",key_benefits,easy-clean,multi,0.10213043109177347,0.5930232558139535,0.061855670103092786,204,12,344,194,0.0,False,-0.5311675857108608,0.0
"Coffee, Water & Snacks > Water & Beverages > Water Bottles, Tumblers & Travel Mugs",key_benefits,ergonomic,multi,0.10213043109177347,0.01744186046511628,0.0,6,0,344,194,0.017,False,-0.01744186046511628,0.0073100000000000005
"Coffee, Water & Snacks > Water & Beverages > Water Bottles, Tumblers & Travel Mugs",key_benefits,security,multi,0.10213043109177347,0.005813953488372093,0.0,2,0,344,194,0.14885,False,-0.005813953488372093,0.07219225
"Coffee, Water & Snacks > Water & Beverages > Water Bottles, Tumblers & Travel Mugs",key_benefits,space-saving,multi,0.10213043109177347,0.0872093023255814,0.09278350515463918,30,18,344,194,0.5933,False,0.005574202829057781,0.38564500000000007
"Coffee, Water & Snacks > Water & Beverages > Water Bottles, Tumblers & Travel Mugs",key_benefits,sustainable,multi,0.10213043109177347,0.9651162790697675,0.422680412371134,332,82,344,194,0.0,False,-0.5424358666986335,0.0
"Coffee, Water & Snacks > Water & Beverages > Water Bottles, Tumblers & Travel Mugs",key_benefits,tech-enabled,multi,0.10213043109177347,0.00872093023255814,0.0,3,0,344,194,0.0848,False,-0.00872093023255814,0.03816
"Coffee, Water & Snacks > Water & Beverages > Water Bottles, Tumblers & Travel Mugs",key_benefits,water-resistant,multi,0.10213043109177347,0.38372093023255816,0.44329896907216493,132,86,344,194,0.91095,False,0.05957803883960677,0.7196505000000001
Furniture > Chairs & Seating > Accent & Waiting Room Chairs,colour_family,beige/cream,single,0.25033794688751754,0.02586206896551724,0.2109640831758034,3,558,116,2645,1.0,False,0.18510201421028616,0.9473684210526315
Furniture > Chairs & Seating > Accent & Waiting Room Chairs,colour_family,black,single,0.25033794688751754,0.4827586206896552,0.08166351606805293,56,216,116,2645,0.0,False,-0.40109510462160225,0.0
Furniture > Chairs & Seating > Accent & Waiting Room Chairs,colour_family,blue,single,0.25033794688751754,0.14655172413793102,0.08090737240075614,17,214,116,2645,0.01125,False,-0.06564435173717488,0.0021992481203007516
Furniture > Chairs & Seating > Accent & Waiting Room Chairs,colour_family,brown/wood,single,0.25033794688751754,0.06896551724137931,0.1387523629489603,8,367,116,2645,0.98765,False,0.06978684570758098,0.8057144736842106
Furniture > Chairs & Seating > Accent & Waiting Room Chairs,colour_family,clear,single,0.25033794688751754,0.008620689655172414,0.0011342155009451795,1,3,116,2645,0.04525,False,-0.007486474154227234,0.016671052631578948
Furniture > Chairs & Seating > Accent & Waiting Room Chairs,colour_family,green,single,0.25033794688751754,0.0,0.07372400756143667,0,195,116,2645,0.99995,False,0.07372400756143667,0.8270263157894736
Furniture > Chairs & Seating > Accent & Waiting Room Chairs,colour_family,grey,single,0.25033794688751754,0.20689655172413793,0.15387523629489602,24,407,116,2645,0.0636,False,-0.053021315429241905,0.014106766917293232
Furniture > Chairs & Seating > Accent & Waiting Room Chairs,colour_family,metallic,single,0.25033794688751754,0.0,0.0223062381852552,0,59,116,2645,0.9764,False,0.0223062381852552,0.6276857142857144
Furniture > Chairs & Seating > Accent & Waiting Room Chairs,colour_family,multi/pattern,single,0.25033794688751754,0.017241379310344827,0.07372400756143667,2,195,116,2645,0.9957,False,0.05648262825109184,0.7973086466165413
Furniture > Chairs & Seating > Accent & Waiting Room Chairs,colour_family,navy,single,0.25033794688751754,0.0,0.020793950850661626,0,55,116,2645,0.97445,False,0.020793950850661626,0.6154421052631579
Furniture > Chairs & Seating > Accent & Waiting Room Chairs,colour_family,purple,single,0.25033794688751754,0.0,0.003780718336483932,0,10,116,2645,0.6547,False,0.003780718336483932,0.3298112781954887
Furniture > Chairs & Seating > Accent & Waiting Room Chairs,colour_family,red/pink,single,0.25033794688751754,0.017241379310344827,0.03440453686200378,2,91,116,2645,0.8437,False,0.017163157551658953,0.5265195488721804
Furniture > Chairs & Seating > Accent & Waiting Room Chairs,colour_family,white,single,0.25033794688751754,0.02586206896551724,0.05860113421550094,3,155,116,2645,0.94355,False,0.0327390652499837,0.66686992481203
Furniture > Chairs & Seating > Accent & Waiting Room Chairs,colour_family,yellow/orange,single,0.25033794688751754,0.0,0.045368620037807186,0,120,116,2645,0.99885,False,0.045368620037807186,0.7510150375939849
Furniture > Chairs & Seating > Accent & Waiting Room Chairs,colour_tone,bold,single,0.17548533190648052,0.16379310344827586,0.2381852551984877,19,630,116,2645,0.9713,False,0.07439215175021185,0.8179368421052632
Furniture > Chairs & Seating > Accent & Waiting Room Chairs,colour_tone,dark-neutral,single,0.17548533190648052,0.4827586206896552,0.10245746691871456,56,271,116,2645,0.0,False,-0.38030115377094065,0.0
Furniture > Chairs & Seating > Accent & Waiting Room Chairs,colour_tone,light-neutral,single,0.17548533190648052,0.0603448275862069,0.2706994328922495,7,716,116,2645,1.0,False,0.2103546053060426,0.9699248120300752
Furniture > Chairs & Seating > Accent & Waiting Room Chairs,colour_tone,metallic,single,0.17548533190648052,0.0,0.0223062381852552,0,59,116,2645,0.97725,False,0.0223062381852552,0.6282321428571429
Furniture > Chairs & Seating > Accent & Waiting Room Chairs,colour_tone,mid-neutral,single,0.17548533190648052,0.20689655172413793,0.15387523629489602,24,407,116,2645,0.0652,False,-0.053021315429241905,0.014461654135338344
Furniture > Chairs & Seating > Accent & Waiting Room Chairs,colour_tone,pattern,single,0.17548533190648052,0.017241379310344827,0.07372400756143667,2,195,116,2645,0.9956,False,0.05648262825109184,0.7972285714285714
Furniture > Chairs & Seating > Accent & Waiting Room Chairs,colour_tone,warm-neutral,single,0.17548533190648052,0.06896551724137931,0.1387523629489603,8,367,116,2645,0.9887,False,0.06978684570758098,0.8065710526315789
Furniture > Chairs & Seating > Accent & Waiting Room Chairs,material_class,bonded leather,single,0.3446816725765434,0.008620689655172414,0.0014414414414414415,1,4,116,2775,0.05905,True,-0.007179248213730972,0.02219924812030075
Furniture > Chairs & Seating > Accent & Waiting Room Chairs,material_class,boucle,single,0.3446816725765434,0.0,0.05333333333333334,0,148,116,2775,0.99975,True,0.05333333333333334,0.7742424812030075
Furniture > Chairs & Seating > Accent & Waiting Room Chairs,material_class,fabric,single,0.3446816725765434,0.2413793103448276,0.6324324324324324,28,1755,116,2775,1.0,True,0.3910531220876048,1.0
Furniture > Chairs & Seating > Accent & Waiting Room Chairs,material_class,faux leather,single,0.3446816725765434,0.15517241379310345,0.07387387387387387,18,205,116,2775,0.00165,True,-0.08129853991922958,0.00029774436090225563
Furniture > Chairs & Seating > Accent & Waiting Room Chairs,material_class,leather,single,0.3446816725765434,0.09482758620689655,0.05765765765765766,11,160,116,2775,0.05595,True,-0.03716992854923889,0.013882330827067668
Furniture > Chairs & Seating > Accent & Waiting Room Chairs,material_class,mesh,single,0.3446816725765434,0.0603448275862069,0.0,7,0,116,2775,0.0,True,-0.0603448275862069,0.0
Furniture > Chairs & Seating > Accent & Waiting Room Chairs,material_class,metal,single,0.3446816725765434,0.017241379310344827,0.009369369369369369,2,26,116,2775,0.1838,True,-0.007872009940975458,0.06633383458646616
Furniture > Chairs & Seating > Accent & Waiting Room Chairs,material_class,plastic,single,0.3446816725765434,0.034482758620689655,0.0025225225225225223,4,7,116,2775,0.0004,True,-0.03196023609816713,0.00010827067669172932
Furniture > Chairs & Seating > Accent & Waiting Room Chairs,material_class,velvet,single,0.3446816725765434,0.0,0.10774774774774774,0,299,116,2775,1.0,True,0.10774774774774774,0.8872180451127819
Furniture > Chairs & Seating > Accent & Waiting Room Chairs,material_class,vinyl,single,0.3446816725765434,0.3017241379310345,0.0,35,0,116,2775,0.0,True,-0.3017241379310345,0.0
Furniture > Chairs & Seating > Accent & Waiting Room Chairs,material_class,wicker/rattan,single,0.3446816725765434,0.04310344827586207,0.008648648648648649,5,24,116,2775,0.0025,True,-0.03445479962721342,0.0006578947368421052
Furniture > Chairs & Seating > Accent & Waiting Room Chairs,material_class,wood,single,0.3446816725765434,0.04310344827586207,0.05297297297297297,5,147,116,2775,0.66005,True,0.009869524697110901,0.3722086466165414
Furniture > Chairs & Seating > Accent & Waiting Room Chairs,style_family,boho/coastal,single,0.2186096829472621,0.01904761904761905,0.027924528301886794,2,74,105,2650,0.67965,False,0.008876909254267745,0.37815112781954885
Furniture > Chairs & Seating > Accent & Waiting Room Chairs,style_family,contemporary,single,0.2186096829472621,0.4,0.08150943396226415,42,216,105,2650,0.0,False,-0.31849056603773584,0.0
Furniture > Chairs & Seating > Accent & Waiting Room Chairs,style_family,farmhouse/rustic,single,0.2186096829472621,0.0,0.08188679245283019,0,217,105,2650,0.99995,False,0.08188679245283019,0.8495815789473684
Furniture > Chairs & Seating > Accent & Waiting Room Chairs,style_family,gaming,single,0.2186096829472621,0.0,0.006792452830188679,0,18,105,2650,0.7637,False,0.006792452830188679,0.4019473684210526
Furniture > Chairs & Seating > Accent & Waiting Room Chairs,style_family,glam,single,0.2186096829472621,0.0,0.02490566037735849,0,66,105,2650,0.9762,False,0.02490566037735849,0.6459067669172932
Furniture > Chairs & Seating > Accent & Waiting Room Chairs,style_family,industrial,single,0.2186096829472621,0.0380952380952381,0.007547169811320755,4,20,105,2650,0.0042,False,-0.030548068283917346,0.0011684210526315788
Furniture > Chairs & Seating > Accent & Waiting Room Chairs,style_family,mid-century,single,0.2186096829472621,0.01904761904761905,0.10415094339622641,2,276,105,2650,0.99925,False,0.08510332434860736,0.8640131578947369
Furniture > Chairs & Seating > Accent & Waiting Room Chairs,style_family,minimalist,single,0.2186096829472621,0.01904761904761905,0.026037735849056602,2,69,105,2650,0.64125,False,0.006990116801437553,0.34232142857142855
Furniture > Chairs & Seating > Accent & Waiting Room Chairs,style_family,modern,single,0.2186096829472621,0.21904761904761905,0.26943396226415095,23,714,105,2650,0.8748,False,0.050386343216531904,0.6643218045112782
Furniture > Chairs & Seating > Accent & Waiting Room Chairs,style_family,scandinavian,single,0.2186096829472621,0.0,0.040377358490566034,0,107,105,2650,0.9965,False,0.040377358490566034,0.7267706766917293
Furniture > Chairs & Seating > Accent & Waiting Room Chairs,style_family,traditional,single,0.2186096829472621,0.1619047619047619,0.32037735849056603,17,849,105,2650,0.99995,False,0.15847259658580412,0.9247657894736843
Furniture > Chairs & Seating > Accent & Waiting Room Chairs,style_family,transitional,single,0.2186096829472621,0.12380952380952381,0.009056603773584906,13,24,105,2650,0.0,False,-0.11475292003593891,0.0
Furniture > Chairs & Seating > Accent & Waiting Room Chairs,size_class,compact,single,0.05357069474238715,0.2807017543859649,0.08905380333951762,32,48,114,539,0.0,False,-0.19164795104644727,0.0
Furniture > Chairs & Seating > Accent & Waiting Room Chairs,size_class,oversize,single,0.05357069474238715,0.05263157894736842,0.02411873840445269,6,13,114,539,0.0585,False,-0.028512840542915727,0.016714285714285713
Furniture > Chairs & Seating > Accent & Waiting Room Chairs,size_class,standard,single,0.05357069474238715,0.6666666666666666,0.8868274582560297,76,478,114,539,1.0,False,0.22016079158936308,0.9774436090225563
Furniture > Chairs & Seating > Accent & Waiting Room Chairs,vibe,channel-tufted,single,0.1297853650098111,0.0,0.0006718172657037286,0,2,116,2977,0.32505,False,0.0006718172657037286,0.14419511278195488
Furniture > Chairs & Seating > Accent & Waiting Room Chairs,vibe,character/licensed,single,0.1297853650098111,0.0,0.0003359086328518643,0,1,116,2977,0.2461,False,0.0003359086328518643,0.10362105263157895
Furniture > Chairs & Seating > Accent & Waiting Room Chairs,vibe,cozy/plush,single,0.1297853650098111,0.08620689655172414,0.06415854887470608,10,191,116,2977,0.16825,False,-0.022048347677018063,0.04933646616541353
Furniture > Chairs & Seating > Accent & Waiting Room Chairs,vibe,curved/organic,single,0.1297853650098111,0.06896551724137931,0.0950621430970776,8,283,116,2977,0.82635,False,0.02609662585569829,0.5591842105263157
Furniture > Chairs & Seating > Accent & Waiting Room Chairs,vibe,cute/kawaii,single,0.1297853650098111,0.0,0.001007725898555593,0,3,116,2977,0.38695,False,0.001007725898555593,0.178928007518797
Furniture > Chairs & Seating > Accent & Waiting Room Chairs,vibe,floral/botanical,single,0.1297853650098111,0.017241379310344827,0.07121263016459523,2,212,116,2977,0.9953,False,0.0539712508542504,0.7782796992481202
Furniture > Chairs & Seating > Accent & Waiting Room Chairs,vibe,geometric/abstract,single,0.1297853650098111,0.034482758620689655,0.017803157541148806,4,53,116,2977,0.10185,False,-0.01667960107954085,0.03216315789473684
Furniture > Chairs & Seating > Accent & Waiting Room Chairs,vibe,luxe,single,0.1297853650098111,0.22413793103448276,0.20591199193819282,26,613,116,2977,0.31415,False,-0.018225939096289945,0.09684323308270676
Furniture > Chairs & Seating > Accent & Waiting Room Chairs,vibe,metal-accent,single,0.1297853650098111,0.0,0.0016795431642593216,0,5,116,2977,0.4752,False,0.0016795431642593216,0.22866766917293233
Furniture > Chairs & Seating > Accent & Waiting Room Chairs,vibe,nailhead,single,0.1297853650098111,0.0,0.004030903594222372,0,12,116,2977,0.66725,False,0.004030903594222372,0.3461672932330827
Furniture > Chairs & Seating > Accent & Waiting Room Chairs,vibe,natural/woven,single,0.1297853650098111,0.04310344827586207,0.05878401074907625,5,175,116,2977,0.74715,False,0.015680562473214178,0.4550312030075188
Furniture > Chairs & Seating > Accent & Waiting Room Chairs,vibe,plain,single,0.1297853650098111,0.27586206896551724,0.19314746388982196,32,575,116,2977,0.0166,False,-0.08271460507569528,0.0027458646616541353
Furniture > Chairs & Seating > Accent & Waiting Room Chairs,vibe,playful/colourful,single,0.1297853650098111,0.0,0.002015451797111186,0,6,116,2977,0.5019,False,0.002015451797111186,0.24528947368421053
Furniture > Chairs & Seating > Accent & Waiting Room Chairs,vibe,professional,single,0.1297853650098111,0.13793103448275862,0.002015451797111186,16,6,116,2977,0.0,False,-0.13591558268564743,0.0
Furniture > Chairs & Seating > Accent & Waiting Room Chairs,vibe,retro/vintage,single,0.1297853650098111,0.008620689655172414,0.03459858918374202,1,103,116,2977,0.9547,False,0.025977899528569607,0.6388593984962406
Furniture > Chairs & Seating > Accent & Waiting Room Chairs,vibe,sleek/minimal,single,0.1297853650098111,0.034482758620689655,0.020154517971111858,4,60,116,2977,0.14585,False,-0.014328240649577797,0.04825112781954887
Furniture > Chairs & Seating > Accent & Waiting Room Chairs,vibe,statement,single,0.1297853650098111,0.008620689655172414,0.11353711790393013,1,338,116,2977,1.0,False,0.10491642824875771,0.8796992481203008
Furniture > Chairs & Seating > Accent & Waiting Room Chairs,vibe,textured,single,0.1297853650098111,0.04310344827586207,0.054081289889150154,5,161,116,2977,0.67935,False,0.010977841613288082,0.39330789473684213
Furniture > Chairs & Seating > Accent & Waiting Room Chairs,vibe,tufted,single,0.1297853650098111,0.017241379310344827,0.05979173664763184,2,178,116,2977,0.98465,False,0.042550357337287015,0.7255315789473684
Furniture > Chairs & Seating > Accent & Waiting Room Chairs,form_factor,armchair,single,0.2659632659700586,0.0990990990990991,0.3634111818825195,11,1027,111,2826,1.0,False,0.2643120827834204,0.9849624060150376
Furniture > Chairs & Seating > Accent & Waiting Room Chairs,form_factor,barrel,single,0.2659632659700586,0.0,0.13305024769992924,0,376,111,2826,1.0,False,0.13305024769992924,0.9172932330827067
Furniture > Chairs & Seating > Accent & Waiting Room Chairs,form_factor,chaise,single,0.2659632659700586,0.0,0.013092710544939844,0,37,111,2826,0.91255,False,0.013092710544939844,0.542040977443609
Furniture > Chairs & Seating > Accent & Waiting Room Chairs,form_factor,chesterfield,single,0.2659632659700586,0.0,0.02724699221514508,0,77,111,2826,0.98695,False,0.02724699221514508,0.6752815789473684
Furniture > Chairs & Seating > Accent & Waiting Room Chairs,form_factor,guest/side,single,0.2659632659700586,0.6846846846846847,0.13906581740976645,76,393,111,2826,0.0,False,-0.5456188672749183,0.0
Furniture > Chairs & Seating > Accent & Waiting Room Chairs,form_factor,lounge/club,single,0.2659632659700586,0.11711711711711711,0.12101910828025478,13,342,111,2826,0.5304,False,0.0039019911631376636,0.271181954887218
Furniture > Chairs & Seating > Accent & Waiting Room Chairs,form_factor,multi-seat,single,0.2659632659700586,0.07207207207207207,0.12420382165605096,8,351,111,2826,0.9579,False,0.052131749583978884,0.7346300751879699
Furniture > Chairs & Seating > Accent & Waiting Room Chairs,form_factor,recliner/rocker,single,0.2659632659700586,0.018018018018018018,0.03326256192498231,2,94,111,2826,0.8092,False,0.015244543906964291,0.48673684210526313
Furniture > Chairs & Seating > Accent & Waiting Room Chairs,form_factor,slipper,single,0.2659632659700586,0.0,0.0028308563340410475,0,8,111,2826,0.5796,False,0.0028308563340410475,0.28762105263157894
Furniture > Chairs & Seating > Accent & Waiting Room Chairs,form_factor,wingback,single,0.2659632659700586,0.009009009009009009,0.04281670205237084,1,121,111,2826,0.97745,False,0.033807693043361835,0.6981785714285714
Furniture > Chairs & Seating > Accent & Waiting Room Chairs,arm_type,armless,single,0.018876934043377286,0.19827586206896552,0.08807212205270458,23,127,116,1442,0.00025,False,-0.11020374001626095,3.571428571428571e-05
Furniture > Chairs & Seating > Accent & Waiting Room Chairs,arm_type,with arms,single,0.018876934043377286,0.8017241379310345,0.9119278779472955,93,1315,116,1442,0.99975,False,0.11020374001626099,0.8945131578947368
Furniture > Chairs & Seating > Accent & Waiting Room Chairs,base_type,casters,single,0.11592729896447031,0.08653846153846154,0.02998965873836608,9,29,104,967,0.004,False,-0.05654880280009546,0.0008421052631578947
Furniture > Chairs & Seating > Accent & Waiting Room Chairs,base_type,legs,single,0.11592729896447031,0.7884615384615384,0.7766287487073423,82,751,104,967,0.39305,False,-0.011832789754196105,0.13298684210526315
Furniture > Chairs & Seating > Accent & Waiting Room Chairs,base_type,sled,single,0.11592729896447031,0.125,0.01964839710444674,13,19,104,967,0.0,False,-0.10535160289555326,0.0
Furniture > Chairs & Seating > Accent & Waiting Room Chairs,base_type,swivel base,single,0.11592729896447031,0.0,0.1737331954498449,0,168,104,967,1.0,False,0.1737331954498449,0.9398496240601504
Furniture > Chairs & Seating > Accent & Waiting Room Chairs,swivel,no,single,0.058142465406728044,0.9827586206896551,0.8169297950957339,114,2432,116,2977,0.0,False,-0.1658288255939212,0.0
Furniture > Chairs & Seating > Accent & Waiting Room Chairs,swivel,yes,single,0.058142465406728044,0.017241379310344827,0.18307020490426604,2,545,116,2977,1.0,False,0.1658288255939212,0.9323308270676691
Furniture > Chairs & Seating > Accent & Waiting Room Chairs,stackable,no,single,0.10000767328780079,0.8103448275862069,0.9993281827342962,94,2975,116,2977,1.0,False,0.1889833551480894,0.9548872180451128
Furniture > Chairs & Seating > Accent & Waiting Room Chairs,stackable,yes,single,0.10000767328780079,0.1896551724137931,0.0006718172657037286,22,2,116,2977,0.0,False,-0.18898335514808937,0.0
Furniture > Chairs & Seating > Accent & Waiting Room Chairs,aesthetic_tags,channel-tufted,multi,0.15969858647499655,0.017241379310344827,0.010413167618407793,2,31,116,2977,0.21815,False,-0.006828211691937034,0.08365150375939849
Furniture > Chairs & Seating > Accent & Waiting Room Chairs,aesthetic_tags,character/licensed,multi,0.15969858647499655,0.0,0.0003359086328518643,0,1,116,2977,0.2468,False,0.0003359086328518643,0.1039157894736842
Furniture > Chairs & Seating > Accent & Waiting Room Chairs,aesthetic_tags,cozy/plush,multi,0.15969858647499655,0.12931034482758622,0.32818273429627143,15,977,116,2977,1.0,False,0.1988723894686852,0.9624060150375939
Furniture > Chairs & Seating > Accent & Waiting Room Chairs,aesthetic_tags,curved/organic,multi,0.15969858647499655,0.11206896551724138,0.23177695666778636,13,690,116,2977,0.9993,False,0.11970799115054498,0.9091375939849624
Furniture > Chairs & Seating > Accent & Waiting Room Chairs,aesthetic_tags,cute/kawaii,multi,0.15969858647499655,0.0,0.001007725898555593,0,3,116,2977,0.3745,False,0.001007725898555593,0.17317105263157895
Furniture > Chairs & Seating > Accent & Waiting Room Chairs,aesthetic_tags,floral/botanical,multi,0.15969858647499655,0.017241379310344827,0.07154853879744709,2,213,116,2977,0.99485,False,0.05430715948710226,0.7854078947368421
Furniture > Chairs & Seating > Accent & Waiting Room Chairs,aesthetic_tags,geometric/abstract,multi,0.15969858647499655,0.06896551724137931,0.026200873362445413,8,78,116,2977,0.007,False,-0.042764643878933896,0.001631578947368421
Furniture > Chairs & Seating > Accent & Waiting Room Chairs,aesthetic_tags,glitter/sparkle,multi,0.15969858647499655,0.0,0.0003359086328518643,0,1,116,2977,0.2408,False,0.0003359086328518643,0.10138947368421052
Furniture > Chairs & Seating > Accent & Waiting Room Chairs,aesthetic_tags,luxe,multi,0.15969858647499655,0.23275862068965517,0.262344642257306,27,781,116,2977,0.75905,False,0.02958602156765086,0.5307642857142857
Furniture > Chairs & Seating > Accent & Waiting Room Chairs,aesthetic_tags,metal-accent,multi,0.15969858647499655,0.017241379310344827,0.01713134027544508,2,51,116,2977,0.45005,False,-0.00011003903489974903,0.17934323308270675
Furniture > Chairs & Seating > Accent & Waiting Room Chairs,aesthetic_tags,nailhead,multi,0.15969858647499655,0.034482758620689655,0.05710446758481693,4,170,116,2977,0.8515,False,0.022621708964127275,0.5569962406015038
Furniture > Chairs & Seating > Accent & Waiting Room Chairs,aesthetic_tags,natural/woven,multi,0.15969858647499655,0.08620689655172414,0.20591199193819282,10,613,116,2977,0.99965,False,0.11970509538646867,0.9019398496240602
Furniture > Chairs & Seating > Accent & Waiting Room Chairs,aesthetic_tags,playful/colourful,multi,0.15969858647499655,0.0,0.012428619415518979,0,37,116,2977,0.90905,False,0.012428619415518979,0.533127067669173
Furniture > Chairs & Seating > Accent & Waiting Room Chairs,aesthetic_tags,professional,multi,0.15969858647499655,0.35344827586206895,0.012428619415518979,41,37,116,2977,0.0,False,-0.34101965644654997,0.0
Furniture > Chairs & Seating > Accent & Waiting Room Chairs,aesthetic_tags,retro/vintage,multi,0.15969858647499655,0.034482758620689655,0.06281491434329863,4,187,116,2977,0.9028,False,0.02833215572260897,0.6244932330827068
Furniture > Chairs & Seating > Accent & Waiting Room Chairs,aesthetic_tags,sleek/minimal,multi,0.15969858647499655,0.13793103448275862,0.17635203224722876,16,525,116,2977,0.8529,False,0.03842099776447014,0.6156270676691729
Furniture > Chairs & Seating > Accent & Waiting Room Chairs,aesthetic_tags,statement,multi,0.15969858647499655,0.017241379310344827,0.11588847833389318,2,345,116,2977,0.99995,False,0.09864709902354835,0.8721368421052631
Furniture > Chairs & Seating > Accent & Waiting Room Chairs,aesthetic_tags,textured,multi,0.15969858647499655,0.05172413793103448,0.09674168626133692,6,288,116,2977,0.95595,False,0.045017548330302436,0.7115718045112782
Furniture > Chairs & Seating > Accent & Waiting Room Chairs,aesthetic_tags,tufted,multi,0.15969858647499655,0.04310344827586207,0.12764528048370843,5,380,116,2977,0.99895,False,0.08454183220784636,0.8562428571428571
Furniture > Chairs & Seating > Accent & Waiting Room Chairs,use_context,breakroom/dining,multi,0.4279681101983236,0.07758620689655173,0.04299630500503863,9,128,116,2977,0.0499,False,-0.0345899018915131,0.012756390977443608
Furniture > Chairs & Seating > Accent & Waiting Room Chairs,use_context,corporate office,multi,0.4279681101983236,0.5948275862068966,0.09909304669129997,69,295,116,2977,0.0,False,-0.4957345395155966,0.0
Furniture > Chairs & Seating > Accent & Waiting Room Chairs,use_context,education,multi,0.4279681101983236,0.05172413793103448,0.013100436681222707,6,39,116,2977,0.0026,False,-0.03862370124981178,0.000625563909774436
Furniture > Chairs & Seating > Accent & Waiting Room Chairs,use_context,gaming,multi,0.4279681101983236,0.0,0.008733624454148471,0,26,116,2977,0.84575,False,0.008733624454148471,0.4610291353383459
Furniture > Chairs & Seating > Accent & Waiting Room Chairs,use_context,healthcare,multi,0.4279681101983236,0.23275862068965517,0.0006718172657037286,27,2,116,2977,0.0,False,-0.23208680342395144,0.0
Furniture > Chairs & Seating > Accent & Waiting Room Chairs,use_context,home office,multi,0.4279681101983236,0.0603448275862069,0.04467584816929795,7,133,116,2977,0.20945,False,-0.01566897941690895,0.06771691729323308
Furniture > Chairs & Seating > Accent & Waiting Room Chairs,use_context,hospitality/events,multi,0.4279681101983236,0.13793103448275862,0.013100436681222707,16,39,116,2977,0.0,False,-0.12483059780153591,0.0
Furniture > Chairs & Seating > Accent & Waiting Room Chairs,use_context,kids/teen,multi,0.4279681101983236,0.0,0.016123614376889486,0,48,116,2977,0.947,False,0.016123614376889486,0.5838646616541353
Furniture > Chairs & Seating > Accent & Waiting Room Chairs,use_context,outdoor,multi,0.4279681101983236,0.034482758620689655,0.016123614376889486,4,48,116,2977,0.0739,False,-0.01835914424380017,0.022225563909774433
Furniture > Chairs & Seating > Accent & Waiting Room Chairs,use_context,reception/lobby,multi,0.4279681101983236,0.5689655172413793,0.012764528048370843,66,38,116,2977,0.0,False,-0.5562009891930085,0.0
Furniture > Chairs & Seating > Accent & Waiting Room Chairs,use_context,residential living,multi,0.4279681101983236,0.06896551724137931,0.38461538461538464,8,1145,116,2977,1.0,False,0.31564986737400536,0.9924812030075187
Furniture > Chairs & Seating > Accent & Waiting Room Chairs,end_user_segment,bariatric,multi,0.44360375196326246,0.09482758620689655,0.0,11,0,116,2977,0.0,False,-0.09482758620689655,0.0
Furniture > Chairs & Seating > Accent & Waiting Room Chairs,end_user_segment,big & tall,multi,0.44360375196326246,0.19827586206896552,0.006382264024185421,23,19,116,2977,0.0,False,-0.1918935980447801,0.0
Furniture > Chairs & Seating > Accent & Waiting Room Chairs,end_user_segment,gamers,multi,0.44360375196326246,0.0,0.008733624454148471,0,26,116,2977,0.8437,False,0.008733624454148471,0.45991165413533835
Furniture > Chairs & Seating > Accent & Waiting Room Chairs,end_user_segment,kids,multi,0.44360375196326246,0.0,0.010749076251259657,0,32,116,2977,0.8824,False,0.010749076251259657,0.5042285714285714
Furniture > Chairs & Seating > Accent & Waiting Room Chairs,end_user_segment,remote workers,multi,0.44360375196326246,0.05172413793103448,0.04299630500503863,6,128,116,2977,0.30225,False,-0.008727832925995854,0.1045375939849624
Furniture > Chairs & Seating > Accent & Waiting Room Chairs,end_user_segment,seniors,multi,0.44360375196326246,0.0,0.0003359086328518643,0,1,116,2977,0.24225,False,0.0003359086328518643,0.102
Furniture > Chairs & Seating > Accent & Waiting Room Chairs,end_user_segment,students,multi,0.44360375196326246,0.0,0.001007725898555593,0,3,116,2977,0.38255,False,0.001007725898555593,0.1768934210526316
Furniture > Chairs & Seating > Accent & Waiting Room Chairs,end_user_segment,teens,multi,0.44360375196326246,0.0,0.001007725898555593,0,3,116,2977,0.3827,False,0.001007725898555593,0.1769627819548872
Furniture > Chairs & Seating > Accent & Waiting Room Chairs,key_benefits,comfort,multi,0.31570006539019335,0.25862068965517243,0.17601612361437688,30,524,116,2977,0.0133,False,-0.08260456604079555,0.0023
Furniture > Chairs & Seating > Accent & Waiting Room Chairs,key_benefits,commercial-grade,multi,0.31570006539019335,0.7931034482758621,0.013100436681222707,92,39,116,2977,0.0,False,-0.7800030115946394,0.0
Furniture > Chairs & Seating > Accent & Waiting Room Chairs,key_benefits,easy-clean,multi,0.31570006539019335,0.1896551724137931,0.03258313738663084,22,97,116,2977,0.0,False,-0.15707203502716227,0.0
Furniture > Chairs & Seating > Accent & Waiting Room Chairs,key_benefits,ergonomic,multi,0.31570006539019335,0.1724137931034483,0.09842122942559624,20,293,116,2977,0.0079,False,-0.07399256367785205,0.0014849624060150376
Furniture > Chairs & Seating > Accent & Waiting Room Chairs,key_benefits,security,multi,0.31570006539019335,0.0,0.0003359086328518643,0,1,116,2977,0.2503,False,0.0003359086328518643,0.10538947368421053
Furniture > Chairs & Seating > Accent & Waiting Room Chairs,key_benefits,space-saving,multi,0.31570006539019335,0.0603448275862069,0.1346993617735976,7,401,116,2977,0.99455,False,0.07435453418739069,0.830037969924812
Furniture > Chairs & Seating > Accent & Waiting Room Chairs,key_benefits,sustainable,multi,0.31570006539019335,0.13793103448275862,0.0050386294927779645,16,15,116,2977,0.0,False,-0.13289240498998064,0.0
Furniture > Chairs & Seating > Accent & Waiting Room Chairs,key_benefits,tech-enabled,multi,0.31570006539019335,0.04310344827586207,0.03459858918374202,5,103,116,2977,0.2948,False,-0.008504859092120051,0.10417744360902255
Furniture > Chairs & Seating > Accent & Waiting Room Chairs,key_benefits,water-resistant,multi,0.31570006539019335,0.017241379310344827,0.01175680214981525,2,35,116,2977,0.26105,False,-0.005484577160529577,0.10206466165413533
Furniture > Lamps & Lighting > Desk Lamps,colour_family,beige/cream,single,0.09838552988819915,0.0,0.10064935064935066,0,62,169,616,1.0,False,0.10064935064935066,0.8869565217391304
Furniture > Lamps & Lighting > Desk Lamps,colour_family,black,single,0.09838552988819915,0.47337278106508873,0.2824675324675325,80,174,169,616,0.0,False,-0.19090524859755625,0.0
Furniture > Lamps & Lighting > Desk Lamps,colour_family,blue,single,0.09838552988819915,0.01775147928994083,0.022727272727272728,3,14,169,616,0.63,False,0.004975793437331899,0.29582608695652174
Furniture > Lamps & Lighting > Desk Lamps,colour_family,brown/wood,single,0.09838552988819915,0.005917159763313609,0.05032467532467533,1,31,169,616,0.9983,False,0.044407515561361716,0.7769378260869565
Furniture > Lamps & Lighting > Desk Lamps,colour_family,clear,single,0.09838552988819915,0.01775147928994083,0.01461038961038961,3,9,169,616,0.3606,False,-0.003141089679551219,0.1160191304347826
Furniture > Lamps & Lighting > Desk Lamps,colour_family,green,single,0.09838552988819915,0.01775147928994083,0.01948051948051948,3,12,169,616,0.5311,False,0.0017290401905786512,0.2078217391304348
Furniture > Lamps & Lighting > Desk Lamps,colour_family,grey,single,0.09838552988819915,0.047337278106508875,0.05194805194805195,8,32,169,616,0.58135,False,0.004610773841543077,0.26034369565217397
Furniture > Lamps & Lighting > Desk Lamps,colour_family,metallic,single,0.09838552988819915,0.1834319526627219,0.27435064935064934,31,169,169,616,0.9925,False,0.09091869668792746,0.8673586956521739
Furniture > Lamps & Lighting > Desk Lamps,colour_family,multi/pattern,single,0.09838552988819915,0.005917159763313609,0.017857142857142856,1,11,169,616,0.87015,False,0.011939983093829248,0.4729076086956521
Furniture > Lamps & Lighting > Desk Lamps,colour_family,navy,single,0.09838552988819915,0.005917159763313609,0.006493506493506494,1,4,169,616,0.487,False,0.0005763467301928846,0.16515652173913042
Furniture > Lamps & Lighting > Desk Lamps,colour_family,purple,single,0.09838552988819915,0.0,0.003246753246753247,0,2,169,616,0.70605,False,0.003246753246753247,0.2946991304347826
Furniture > Lamps & Lighting > Desk Lamps,colour_family,red/pink,single,0.09838552988819915,0.0,0.02922077922077922,0,18,169,616,0.9976,False,0.02922077922077922,0.6419339130434782
Furniture > Lamps & Lighting > Desk Lamps,colour_family,white,single,0.09838552988819915,0.22485207100591717,0.12175324675324675,38,75,169,616,0.0006,False,-0.10309882425267042,7.304347826086956e-05
Furniture > Lamps & Lighting > Desk Lamps,colour_family,yellow/orange,single,0.09838552988819915,0.0,0.00487012987012987,0,3,169,616,0.79665,False,0.00487012987012987,0.36715173913043475
Furniture > Lamps & Lighting > Desk Lamps,colour_tone,bold,single,0.041736372146191844,0.03550295857988166,0.07954545454545454,6,49,169,616,0.9825,False,0.044042495965572886,0.7518260869565218
Furniture > Lamps & Lighting > Desk Lamps,colour_tone,dark-neutral,single,0.041736372146191844,0.47928994082840237,0.288961038961039,81,178,169,616,0.0,False,-0.1903289018673634,0.0
Furniture > Lamps & Lighting > Desk Lamps,colour_tone,light-neutral,single,0.041736372146191844,0.24260355029585798,0.237012987012987,41,146,169,616,0.436,False,-0.0055905632828709695,0.13269565217391305
Furniture > Lamps & Lighting > Desk Lamps,colour_tone,metallic,single,0.041736372146191844,0.1834319526627219,0.27435064935064934,31,169,169,616,0.99305,False,0.09091869668792746,0.8678393478260868
Furniture > Lamps & Lighting > Desk Lamps,colour_tone,mid-neutral,single,0.041736372146191844,0.047337278106508875,0.05194805194805195,8,32,169,616,0.58505,False,0.004610773841543077,0.26200065217391305
Furniture > Lamps & Lighting > Desk Lamps,colour_tone,pattern,single,0.041736372146191844,0.005917159763313609,0.017857142857142856,1,11,169,616,0.87195,False,0.011939983093829248,0.4738858695652174
Furniture > Lamps & Lighting > Desk Lamps,colour_tone,warm-neutral,single,0.041736372146191844,0.005917159763313609,0.05032467532467533,1,31,169,616,0.9992,False,0.044407515561361716,0.7776382608695651
Furniture > Lamps & Lighting > Desk Lamps,material_class,ceramic/porcelain,single,0.09866901257403622,0.0,0.03731343283582089,0,25,110,670,0.99395,False,0.03731343283582089,0.7000865217391304
Furniture > Lamps & Lighting > Desk Lamps,material_class,glass/crystal,single,0.09866901257403622,0.0,0.1208955223880597,0,81,110,670,1.0,False,0.1208955223880597,0.9217391304347826
Furniture > Lamps & Lighting > Desk Lamps,material_class,marble/stone,single,0.09866901257403622,0.0,0.04029850746268657,0,27,110,670,0.99595,False,0.04029850746268657,0.7447973913043479
Furniture > Lamps & Lighting > Desk Lamps,material_class,metal,single,0.09866901257403622,0.8,0.6656716417910448,88,446,110,670,0.0019,False,-0.13432835820895528,0.0001652173913043478
Furniture > Lamps & Lighting > Desk Lamps,material_class,plastic/resin,single,0.09866901257403622,0.12727272727272726,0.03283582089552239,14,22,110,670,5e-05,False,-0.09443690637720487,7.82608695652174e-06
Furniture > Lamps & Lighting > Desk Lamps,material_class,wood/bamboo,single,0.09866901257403622,0.07272727272727272,0.10298507462686567,8,69,110,670,0.8423,False,0.030257801899592943,0.5639747826086957
Furniture > Lamps & Lighting > Desk Lamps,style_family,boho/coastal,single,0.12612969733239407,0.0,0.029605263157894735,0,18,106,608,0.9847,False,0.029605263157894735,0.6507582608695652
Furniture > Lamps & Lighting > Desk Lamps,style_family,contemporary,single,0.12612969733239407,0.10377358490566038,0.09539473684210527,11,58,106,608,0.382,False,-0.008378848063555114,0.10629565217391304
Furniture > Lamps & Lighting > Desk Lamps,style_family,farmhouse/rustic,single,0.12612969733239407,0.009433962264150943,0.06414473684210527,1,39,106,608,0.99545,False,0.05471077457795433,0.8136721739130435
Furniture > Lamps & Lighting > Desk Lamps,style_family,gaming,single,0.12612969733239407,0.08490566037735849,0.027960526315789474,9,17,106,608,0.0044,False,-0.05694513406156901,0.0008417391304347826
Furniture > Lamps & Lighting > Desk Lamps,style_family,glam,single,0.12612969733239407,0.009433962264150943,0.05756578947368421,1,35,106,608,0.99205,False,0.04813182720953327,0.79364
Furniture > Lamps & Lighting > Desk Lamps,style_family,industrial,single,0.12612969733239407,0.009433962264150943,0.14473684210526316,1,88,106,608,1.0,False,0.13530287984111222,0.9304347826086956
Furniture > Lamps & Lighting > Desk Lamps,style_family,mid-century,single,0.12612969733239407,0.07547169811320754,0.09868421052631579,8,60,106,608,0.7714,False,0.023212512413108247,0.46954782608695655
Furniture > Lamps & Lighting > Desk Lamps,style_family,minimalist,single,0.12612969733239407,0.18867924528301888,0.07072368421052631,20,43,106,608,0.00015,False,-0.11795556107249257,1.5652173913043477e-05
Furniture > Lamps & Lighting > Desk Lamps,style_family,modern,single,0.12612969733239407,0.22641509433962265,0.18914473684210525,24,115,106,608,0.18145,False,-0.03727035749751739,0.041023478260869564
Furniture > Lamps & Lighting > Desk Lamps,style_family,scandinavian,single,0.12612969733239407,0.09433962264150944,0.12664473684210525,10,77,106,608,0.828,False,0.032305114200595814,0.576
Furniture > Lamps & Lighting > Desk Lamps,style_family,traditional,single,0.12612969733239407,0.19811320754716982,0.08552631578947369,21,52,106,608,0.0005,False,-0.11258689175769614,5.6521739130434784e-05
Furniture > Lamps & Lighting > Desk Lamps,style_family,transitional,single,0.12612969733239407,0.0,0.009868421052631578,0,6,106,608,0.84115,False,0.009868421052631578,0.43154652173913044
Furniture > Lamps & Lighting > Desk Lamps,size_class,extra tall (26 in+),single,0.06471111664724058,0.08552631578947369,0.32335329341317365,13,54,152,167,1.0,False,0.23782697762369998,0.9565217391304348
Furniture > Lamps & Lighting > Desk Lamps,size_class,medium (15-20 in),single,0.06471111664724058,0.46710526315789475,0.3652694610778443,71,61,152,167,0.0308,False,-0.10183580208005044,0.004017391304347826
Furniture > Lamps & Lighting > Desk Lamps,size_class,short (<15 in),single,0.06471111664724058,0.23026315789473684,0.16766467065868262,35,28,152,167,0.085,False,-0.06259848723605421,0.015521739130434784
Furniture > Lamps & Lighting > Desk Lamps,size_class,tall (20-26 in),single,0.06471111664724058,0.21710526315789475,0.1437125748502994,33,24,152,167,0.04365,False,-0.07339268830759535,0.007591304347826087
Furniture > Lamps & Lighting > Desk Lamps,vibe,character/licensed,single,0.09249061653772916,0.0,0.001288659793814433,0,1,169,776,0.5226,False,0.001288659793814433,0.19086260869565216
Furniture > Lamps & Lighting > Desk Lamps,vibe,cozy/plush,single,0.09249061653772916,0.0,0.03221649484536082,0,25,169,776,0.9982,False,0.03221649484536082,0.68572
Furniture > Lamps & Lighting > Desk Lamps,vibe,curved/organic,single,0.09249061653772916,0.011834319526627219,0.023195876288659795,2,18,169,776,0.81395,False,0.011361556762032576,0.42466956521739124
Furniture > Lamps & Lighting > Desk Lamps,vibe,cute/kawaii,single,0.09249061653772916,0.0,0.006443298969072165,0,5,169,776,0.85445,False,0.006443298969072165,0.427225
Furniture > Lamps & Lighting > Desk Lamps,vibe,floral/botanical,single,0.09249061653772916,0.0,0.03994845360824742,0,31,169,776,0.99935,False,0.03994845360824742,0.734305
Furniture > Lamps & Lighting > Desk Lamps,vibe,geometric/abstract,single,0.09249061653772916,0.0,0.015463917525773196,0,12,169,776,0.97005,False,0.015463917525773196,0.5398539130434783
Furniture > Lamps & Lighting > Desk Lamps,vibe,glitter/sparkle,single,0.09249061653772916,0.0,0.001288659793814433,0,1,169,776,0.5158,False,0.001288659793814433,0.18837913043478263
Furniture > Lamps & Lighting > Desk Lamps,vibe,luxe,single,0.09249061653772916,0.08284023668639054,0.18427835051546393,14,143,169,776,0.99965,False,0.10143811382907339,0.8953386956521739
Furniture > Lamps & Lighting > Desk Lamps,vibe,metal-accent,single,0.09249061653772916,0.01775147928994083,0.002577319587628866,3,2,169,776,0.0142,False,-0.015174159702311963,0.003704347826086957
Furniture > Lamps & Lighting > Desk Lamps,vibe,natural/woven,single,0.09249061653772916,0.011834319526627219,0.04381443298969072,2,34,169,776,0.98475,False,0.0319801134630635,0.6679173913043478
Furniture > Lamps & Lighting > Desk Lamps,vibe,plain,single,0.09249061653772916,0.4437869822485207,0.26288659793814434,75,204,169,776,0.0,False,-0.18090038431037636,0.0
Furniture > Lamps & Lighting > Desk Lamps,vibe,playful/colourful,single,0.09249061653772916,0.0,0.01675257731958763,0,13,169,776,0.9783,False,0.01675257731958763,0.5529521739130434
Furniture > Lamps & Lighting > Desk Lamps,vibe,professional,single,0.09249061653772916,0.011834319526627219,0.005154639175257732,2,4,169,776,0.15115,False,-0.006679680351369487,0.04403065217391304
Furniture > Lamps & Lighting > Desk Lamps,vibe,retro/vintage,single,0.09249061653772916,0.09467455621301775,0.07603092783505154,16,59,169,776,0.20345,False,-0.01864362837796621,0.04953565217391304
Furniture > Lamps & Lighting > Desk Lamps,vibe,sleek/minimal,single,0.09249061653772916,0.26627218934911245,0.16623711340206185,45,129,169,776,0.0019,False,-0.1000350759470506,0.00028086956521739133
Furniture > Lamps & Lighting > Desk Lamps,vibe,statement,single,0.09249061653772916,0.03550295857988166,0.09664948453608248,6,75,169,776,0.9975,False,0.06114652595620082,0.8326956521739131
Furniture > Lamps & Lighting > Desk Lamps,vibe,textured,single,0.09249061653772916,0.023668639053254437,0.02577319587628866,4,20,169,776,0.5352,False,0.002104556823034221,0.21873391304347828
Furniture > Lamps & Lighting > Desk Lamps,lamp_form,architect/swing-arm,single,0.20742584122259217,0.25,0.061611374407582936,38,39,152,633,0.0,False,-0.18838862559241706,0.0
Furniture > Lamps & Lighting > Desk Lamps,lamp_form,banker's,single,0.20742584122259217,0.03289473684210526,0.00315955766192733,5,2,152,633,0.001,False,-0.029735179180177932,0.00023478260869565218
Furniture > Lamps & Lighting > Desk Lamps,lamp_form,bar/panel LED,single,0.20742584122259217,0.013157894736842105,0.001579778830963665,2,1,152,633,0.03055,False,-0.01157811590587844,0.008235217391304348
Furniture > Lamps & Lighting > Desk Lamps,lamp_form,gooseneck/flex,single,0.20742584122259217,0.3355263157894737,0.06951026856240126,51,44,152,633,0.0,False,-0.2660160472270724,0.0
Furniture > Lamps & Lighting > Desk Lamps,lamp_form,novelty/sculptural,single,0.20742584122259217,0.006578947368421052,0.08846761453396525,1,56,152,633,1.0,False,0.08188866716554419,0.8608695652173913
Furniture > Lamps & Lighting > Desk Lamps,lamp_form,shaded table-style,single,0.20742584122259217,0.3618421052631579,0.7756714060031595,55,491,152,633,1.0,False,0.4138293007400016,0.991304347826087
Furniture > Lamps & Lighting > Desk Lamps,bulb,LED,single,0.022199115981537988,0.8545454545454545,0.7087912087912088,141,258,165,364,0.0001,False,-0.14575424575424567,7.82608695652174e-06
Furniture > Lamps & Lighting > Desk Lamps,bulb,bulb (E26/E12),single,0.022199115981537988,0.14545454545454545,0.29120879120879123,24,106,165,364,0.9999,False,0.14575424575424578,0.9390365217391304
Furniture > Lamps & Lighting > Desk Lamps,usb_port,no,single,0.32616617803203973,0.17159763313609466,0.8195876288659794,29,636,169,776,1.0,False,0.6479899957298847,1.0
Furniture > Lamps & Lighting > Desk Lamps,usb_port,yes,single,0.32616617803203973,0.8284023668639053,0.18041237113402062,140,140,169,776,0.0,False,-0.6479899957298847,0.0
Furniture > Lamps & Lighting > Desk Lamps,wireless_charging,no,single,0.11391159428901619,0.7100591715976331,0.9780927835051546,120,759,169,776,1.0,False,0.2680336119075215,0.9652173913043478
Furniture > Lamps & Lighting > Desk Lamps,wireless_charging,yes,single,0.11391159428901619,0.28994082840236685,0.02190721649484536,49,17,169,776,0.0,False,-0.2680336119075215,0.0
Furniture > Lamps & Lighting > Desk Lamps,dimmable,no,single,0.09195308032657407,0.514792899408284,0.8427835051546392,87,654,169,776,1.0,False,0.3279906057463552,0.9826086956521739
Furniture > Lamps & Lighting > Desk Lamps,dimmable,yes,single,0.09195308032657407,0.48520710059171596,0.15721649484536082,82,122,169,776,0.0,False,-0.32799060574635513,0.0
Furniture > Lamps & Lighting > Desk Lamps,cordless,no,single,0.004051054871819089,0.9053254437869822,0.9432989690721649,153,732,169,776,0.96365,False,0.03797352528518272,0.6955039130434784
Furniture > Lamps & Lighting > Desk Lamps,cordless,yes,single,0.004051054871819089,0.09467455621301775,0.05670103092783505,16,44,169,776,0.03885,False,-0.0379735252851827,0.008445652173913043
Furniture > Lamps & Lighting > Desk Lamps,clamp,no,single,0.033369174873997084,0.8816568047337278,0.9832474226804123,149,763,169,776,1.0,False,0.10159061794668456,0.9043478260869565
Furniture > Lamps & Lighting > Desk Lamps,clamp,yes,single,0.033369174873997084,0.11834319526627218,0.01675257731958763,20,13,169,776,0.0,False,-0.10159061794668456,0.0
Furniture > Lamps & Lighting > Desk Lamps,aesthetic_tags,character/licensed,multi,0.10505361163341786,0.0,0.001288659793814433,0,1,169,776,0.5223,False,0.001288659793814433,0.19075304347826086
Furniture > Lamps & Lighting > Desk Lamps,aesthetic_tags,cozy/plush,multi,0.10505361163341786,0.0,0.11984536082474227,0,93,169,776,1.0,False,0.11984536082474227,0.9130434782608695
Furniture > Lamps & Lighting > Desk Lamps,aesthetic_tags,curved/organic,multi,0.10505361163341786,0.023668639053254437,0.07216494845360824,4,56,169,776,0.99455,False,0.04849630940035381,0.8042882608695653
Furniture > Lamps & Lighting > Desk Lamps,aesthetic_tags,cute/kawaii,multi,0.10505361163341786,0.0,0.006443298969072165,0,5,169,776,0.8477,False,0.006443298969072165,0.42385
Furniture > Lamps & Lighting > Desk Lamps,aesthetic_tags,floral/botanical,multi,0.10505361163341786,0.0,0.03994845360824742,0,31,169,776,0.9997,False,0.03994845360824742,0.7345621739130435
Furniture > Lamps & Lighting > Desk Lamps,aesthetic_tags,geometric/abstract,multi,0.10505361163341786,0.029585798816568046,0.06701030927835051,5,52,169,776,0.9781,False,0.03742451046178247,0.6974278260869565
Furniture > Lamps & Lighting > Desk Lamps,aesthetic_tags,glitter/sparkle,multi,0.10505361163341786,0.0,0.003865979381443299,0,3,169,776,0.74755,False,0.003865979381443299,0.3217715217391305
Furniture > Lamps & Lighting > Desk Lamps,aesthetic_tags,luxe,multi,0.10505361163341786,0.08284023668639054,0.23711340206185566,14,184,169,776,1.0,False,0.15427316537546512,0.9478260869565217
Furniture > Lamps & Lighting > Desk Lamps,aesthetic_tags,metal-accent,multi,0.10505361163341786,0.023668639053254437,0.041237113402061855,4,32,169,776,0.86325,False,0.017568474348807418,0.4954304347826087
Furniture > Lamps & Lighting > Desk Lamps,aesthetic_tags,natural/woven,multi,0.10505361163341786,0.01775147928994083,0.06056701030927835,3,47,169,776,0.9947,False,0.04281553101933752,0.7525121739130435
Furniture > Lamps & Lighting > Desk Lamps,aesthetic_tags,playful/colourful,multi,0.10505361163341786,0.0,0.04768041237113402,0,37,169,776,0.99985,False,0.04768041237113402,0.791185652173913
Furniture > Lamps & Lighting > Desk Lamps,aesthetic_tags,professional,multi,0.10505361163341786,0.05325443786982249,0.007731958762886598,9,6,169,776,0.0,False,-0.04552247910693589,0.0
Furniture > Lamps & Lighting > Desk Lamps,aesthetic_tags,retro/vintage,multi,0.10505361163341786,0.1301775147928994,0.14175257731958762,22,110,169,776,0.6467,False,0.011575062526688218,0.3430321739130435
Furniture > Lamps & Lighting > Desk Lamps,aesthetic_tags,sleek/minimal,multi,0.10505361163341786,0.3609467455621302,0.38917525773195877,61,302,169,776,0.74755,False,0.02822851216982858,0.47453173913043484
Furniture > Lamps & Lighting > Desk Lamps,aesthetic_tags,statement,multi,0.10505361163341786,0.03550295857988166,0.10051546391752578,6,78,169,776,0.9986,False,0.06501250533764412,0.8509808695652173
Furniture > Lamps & Lighting > Desk Lamps,aesthetic_tags,textured,multi,0.10505361163341786,0.023668639053254437,0.04639175257731959,4,36,169,776,0.91525,False,0.022723113524065152,0.54915
Furniture > Lamps & Lighting > Desk Lamps,use_context,breakroom/dining,multi,0.12151671829684094,0.011834319526627219,0.037371134020618556,2,29,169,776,0.96605,False,0.02553681449399134,0.6048313043478261
Furniture > Lamps & Lighting > Desk Lamps,use_context,corporate office,multi,0.12151671829684094,0.26627218934911245,0.18943298969072164,45,147,169,776,0.0135,False,-0.07683919965839081,0.0022304347826086956
Furniture > Lamps & Lighting > Desk Lamps,use_context,education,multi,0.12151671829684094,0.09467455621301775,0.045103092783505154,16,35,169,776,0.0078,False,-0.049571463429512595,0.00156
Furniture > Lamps & Lighting > Desk Lamps,use_context,gym/sports,multi,0.12151671829684094,0.005917159763313609,0.001288659793814433,1,1,169,776,0.12385,False,-0.004628499969499177,0.0387704347826087
Furniture > Lamps & Lighting > Desk Lamps,use_context,home office,multi,0.12151671829684094,0.029585798816568046,0.09407216494845361,5,73,169,776,0.9985,False,0.06448636613188556,0.842213043478261
Furniture > Lamps & Lighting > Desk Lamps,use_context,hospitality/events,multi,0.12151671829684094,0.011834319526627219,0.041237113402061855,2,32,169,776,0.97975,False,0.029402793875434638,0.6389673913043479
Furniture > Lamps & Lighting > Desk Lamps,use_context,kids/teen,multi,0.12151671829684094,0.0,0.02190721649484536,0,17,169,776,0.99115,False,0.02190721649484536,0.5817619565217391
Furniture > Lamps & Lighting > Desk Lamps,use_context,outdoor,multi,0.12151671829684094,0.0,0.02190721649484536,0,17,169,776,0.9916,False,0.02190721649484536,0.5820260869565218
Furniture > Lamps & Lighting > Desk Lamps,use_context,residential living,multi,0.12151671829684094,0.11834319526627218,0.42010309278350516,20,326,169,776,1.0,False,0.301759897517233,0.9739130434782609
Furniture > Lamps & Lighting > Desk Lamps,use_context,travel/commute,multi,0.12151671829684094,0.0,0.005154639175257732,0,4,169,776,0.80355,False,0.005154639175257732,0.3878002173913043
Furniture > Lamps & Lighting > Desk Lamps,end_user_segment,kids,multi,0.07368513162135198,0.0,0.024484536082474227,0,19,169,776,0.9943,False,0.024484536082474227,0.6138721739130435
Furniture > Lamps & Lighting > Desk Lamps,end_user_segment,remote workers,multi,0.07368513162135198,0.029585798816568046,0.08505154639175258,5,66,169,776,0.9969,False,0.055465747575184535,0.8235260869565217
Furniture > Lamps & Lighting > Desk Lamps,end_user_segment,seniors,multi,0.07368513162135198,0.0,0.001288659793814433,0,1,169,776,0.52185,False,0.001288659793814433,0.19058869565217393
Furniture > Lamps & Lighting > Desk Lamps,end_user_segment,students,multi,0.07368513162135198,0.005917159763313609,0.006443298969072165,1,5,169,776,0.47875,False,0.0005261392057585553,0.15819565217391304
Furniture > Lamps & Lighting > Desk Lamps,end_user_segment,teens,multi,0.07368513162135198,0.0,0.001288659793814433,0,1,169,776,0.5252,False,0.001288659793814433,0.19181217391304348
Furniture > Lamps & Lighting > Desk Lamps,key_benefits,commercial-grade,multi,0.021388879784529413,0.011834319526627219,0.005154639175257732,2,4,169,776,0.16005,False,-0.006679680351369487,0.04662326086956521
Furniture > Lamps & Lighting > Desk Lamps,key_benefits,easy-clean,multi,0.021388879784529413,0.0,0.003865979381443299,0,3,169,776,0.7462,False,0.003865979381443299,0.32119043478260867
Furniture > Lamps & Lighting > Desk Lamps,key_benefits,ergonomic,multi,0.021388879784529413,0.005917159763313609,0.007731958762886598,1,6,169,776,0.5497,False,0.001814798999572989,0.21988
Furniture > Lamps & Lighting > Desk Lamps,key_benefits,space-saving,multi,0.021388879784529413,0.20710059171597633,0.08118556701030928,35,63,169,776,0.0,False,-0.12591502470566707,0.0
Furniture > Lamps & Lighting > Desk Lamps,key_benefits,sustainable,multi,0.021388879784529413,0.023668639053254437,0.005154639175257732,4,4,169,776,0.0145,False,-0.018513999877996706,0.0036565217391304346
Furniture > Lamps & Lighting > Desk Lamps,key_benefits,tech-enabled,multi,0.021388879784529413,0.8579881656804734,0.19845360824742267,145,154,169,776,0.0,False,-0.6595345574330508,0.0
Furniture > Lamps & Lighting > Desk Lamps,key_benefits,water-resistant,multi,0.021388879784529413,0.0,0.005154639175257732,0,4,169,776,0.80885,False,0.005154639175257732,0.39035804347826086
"Bags, Backpacks & Luggage > Totes & Handbags > Lunch Bags & Boxes",colour_family,beige/cream,single,0.19714831745940076,0.009523809523809525,0.07280219780219781,3,53,315,728,1.0,True,0.06327838827838828,0.8527131782945736
"Bags, Backpacks & Luggage > Totes & Handbags > Lunch Bags & Boxes",colour_family,black,single,0.19714831745940076,0.07301587301587302,0.24725274725274726,23,180,315,728,1.0,True,0.17423687423687423,0.937984496124031
"Bags, Backpacks & Luggage > Totes & Handbags > Lunch Bags & Boxes",colour_family,blue,single,0.19714831745940076,0.15555555555555556,0.14560439560439561,49,106,315,728,0.3363,True,-0.009951159951159944,0.15381162790697672
"Bags, Backpacks & Luggage > Totes & Handbags > Lunch Bags & Boxes",colour_family,brown/wood,single,0.19714831745940076,0.022222222222222223,0.038461538461538464,7,28,315,728,0.91195,True,0.01623931623931624,0.6680563953488372
"Bags, Backpacks & Luggage > Totes & Handbags > Lunch Bags & Boxes",colour_family,clear,single,0.19714831745940076,0.0031746031746031746,0.06456043956043957,1,47,315,728,1.0,True,0.06138583638583639,0.8372093023255814
"Bags, Backpacks & Luggage > Totes & Handbags > Lunch Bags & Boxes",colour_family,green,single,0.19714831745940076,0.06984126984126984,0.07554945054945054,22,55,315,728,0.6215,True,0.005708180708180702,0.4046976744186047
"Bags, Backpacks & Luggage > Totes & Handbags > Lunch Bags & Boxes",colour_family,grey,single,0.19714831745940076,0.06666666666666667,0.05631868131868132,21,41,315,728,0.249,True,-0.010347985347985346,0.10905813953488372
"Bags, Backpacks & Luggage > Totes & Handbags > Lunch Bags & Boxes",colour_family,metallic,single,0.19714831745940076,0.006349206349206349,0.01510989010989011,2,11,315,728,0.88175,True,0.00876068376068376,0.604921511627907
"Bags, Backpacks & Luggage > Totes & Handbags > Lunch Bags & Boxes",colour_family,multi/pattern,single,0.19714831745940076,0.4095238095238095,0.0521978021978022,129,38,315,728,0.0,True,-0.35732600732600733,0.0
"Bags, Backpacks & Luggage > Totes & Handbags > Lunch Bags & Boxes",colour_family,navy,single,0.19714831745940076,0.0,0.012362637362637362,0,9,315,728,0.99105,True,0.012362637362637362,0.6991127906976744
"Bags, Backpacks & Luggage > Totes & Handbags > Lunch Bags & Boxes",colour_family,purple,single,0.19714831745940076,0.05714285714285714,0.04807692307692308,18,35,315,728,0.26575,True,-0.009065934065934061,0.1236046511627907
"Bags, Backpacks & Luggage > Totes & Handbags > Lunch Bags & Boxes",colour_family,red/pink,single,0.19714831745940076,0.08253968253968254,0.12774725274725274,26,93,315,728,0.98405,True,0.0452075702075702,0.8085992248062015
"Bags, Backpacks & Luggage > Totes & Handbags > Lunch Bags & Boxes",colour_family,white,single,0.19714831745940076,0.02857142857142857,0.03159340659340659,9,23,315,728,0.58955,True,0.0030219780219780217,0.3610422480620155
"Bags, Backpacks & Luggage > Totes & Handbags > Lunch Bags & Boxes",colour_family,yellow/orange,single,0.19714831745940076,0.015873015873015872,0.012362637362637362,5,9,315,728,0.3152,True,-0.00351037851037851,0.15882170542635657
"Bags, Backpacks & Luggage > Totes & Handbags > Lunch Bags & Boxes",colour_tone,bold,single,0.1833921787811888,0.38095238095238093,0.40934065934065933,120,298,315,728,0.80695,True,0.0283882783882784,0.6317980620155038
"Bags, Backpacks & Luggage > Totes & Handbags > Lunch Bags & Boxes",colour_tone,dark-neutral,single,0.1833921787811888,0.07301587301587302,0.25961538461538464,23,189,315,728,1.0,True,0.1865995115995116,0.9457364341085271
"Bags, Backpacks & Luggage > Totes & Handbags > Lunch Bags & Boxes",colour_tone,light-neutral,single,0.1833921787811888,0.04126984126984127,0.16895604395604397,13,123,315,728,1.0,True,0.1276862026862027,0.8992248062015504
"Bags, Backpacks & Luggage > Totes & Handbags > Lunch Bags & Boxes",colour_tone,metallic,single,0.1833921787811888,0.006349206349206349,0.01510989010989011,2,11,315,728,0.882,True,0.00876068376068376,0.6050930232558139
"Bags, Backpacks & Luggage > Totes & Handbags > Lunch Bags & Boxes",colour_tone,mid-neutral,single,0.1833921787811888,0.06666666666666667,0.05631868131868132,21,41,315,728,0.25565,True,-0.010347985347985346,0.11197073643410853
"Bags, Backpacks & Luggage > Totes & Handbags > Lunch Bags & Boxes",colour_tone,pattern,single,0.1833921787811888,0.4095238095238095,0.0521978021978022,129,38,315,728,0.0,True,-0.35732600732600733,0.0
"Bags, Backpacks & Luggage > Totes & Handbags > Lunch Bags & Boxes",colour_tone,warm-neutral,single,0.1833921787811888,0.022222222222222223,0.038461538461538464,7,28,315,728,0.91475,True,0.01623931623931624,0.6701075581395348
"Bags, Backpacks & Luggage > Totes & Handbags > Lunch Bags & Boxes",material_class,bamboo/wood,single,0.15524428513074603,0.0,0.007361963190184049,0,6,318,815,0.95835,False,0.007361963190184049,0.6463290697674419
"Bags, Backpacks & Luggage > Totes & Handbags > Lunch Bags & Boxes",material_class,fabric/poly,single,0.15524428513074603,0.4088050314465409,0.09815950920245399,130,80,318,815,0.0,False,-0.3106455222440869,0.0
"Bags, Backpacks & Luggage > Totes & Handbags > Lunch Bags & Boxes",material_class,faux leather,single,0.15524428513074603,0.0,0.0049079754601227,0,4,318,815,0.9043,False,0.0049079754601227,0.5748263565891473
"Bags, Backpacks & Luggage > Totes & Handbags > Lunch Bags & Boxes",material_class,glass,single,0.15524428513074603,0.02830188679245283,0.014723926380368098,9,12,318,815,0.0675,False,-0.013577960412084733,0.028255813953488376
"Bags, Backpacks & Luggage > Totes & Handbags > Lunch Bags & Boxes",material_class,neoprene,single,0.15524428513074603,0.009433962264150943,0.011042944785276074,3,9,318,815,0.57915,False,0.001608982521125131,0.323246511627907
"Bags, Backpacks & Luggage > Totes & Handbags > Lunch Bags & Boxes",material_class,paper,single,0.15524428513074603,0.02830188679245283,0.00245398773006135,9,2,318,815,0.00015,False,-0.02584789906239148,5.2325581395348834e-05
"Bags, Backpacks & Luggage > Totes & Handbags > Lunch Bags & Boxes",material_class,plastic,single,0.15524428513074603,0.3553459119496855,0.3312883435582822,113,270,318,815,0.2199,False,-0.024057568391403328,0.08011860465116279
"Bags, Backpacks & Luggage > Totes & Handbags > Lunch Bags & Boxes",material_class,silicone,single,0.15524428513074603,0.018867924528301886,0.07484662576687116,6,61,318,815,1.0,False,0.05597870123856928,0.8294573643410853
"Bags, Backpacks & Luggage > Totes & Handbags > Lunch Bags & Boxes",material_class,stainless steel,single,0.15524428513074603,0.1509433962264151,0.45521472392638035,48,371,318,815,1.0,False,0.30427132769996523,0.9612403100775194
"Bags, Backpacks & Luggage > Totes & Handbags > Lunch Bags & Boxes",style_family,boho/coastal,single,0.2642659522786452,0.15517241379310345,0.581081081081081,9,86,58,148,1.0,False,0.4259086672879776,0.9767441860465116
"Bags, Backpacks & Luggage > Totes & Handbags > Lunch Bags & Boxes",style_family,farmhouse/rustic,single,0.2642659522786452,0.05172413793103448,0.02702702702702703,3,4,58,148,0.1853,False,-0.024697110904007454,0.06607596899224806
"Bags, Backpacks & Luggage > Totes & Handbags > Lunch Bags & Boxes",style_family,gaming,single,0.2642659522786452,0.0,0.08783783783783784,0,13,58,148,0.9977,False,0.08783783783783784,0.8739542635658915
"Bags, Backpacks & Luggage > Totes & Handbags > Lunch Bags & Boxes",style_family,glam,single,0.2642659522786452,0.017241379310344827,0.0,1,0,58,148,0.0709,False,-0.017241379310344827,0.028579844961240313
"Bags, Backpacks & Luggage > Totes & Handbags > Lunch Bags & Boxes",style_family,mid-century,single,0.2642659522786452,0.0,0.04054054054054054,0,6,58,148,0.95915,False,0.04054054054054054,0.780703488372093
"Bags, Backpacks & Luggage > Totes & Handbags > Lunch Bags & Boxes",style_family,minimalist,single,0.2642659522786452,0.06896551724137931,0.02702702702702703,4,4,58,148,0.08605,False,-0.04193849021435228,0.024681007751937985
"Bags, Backpacks & Luggage > Totes & Handbags > Lunch Bags & Boxes",style_family,modern,single,0.2642659522786452,0.5,0.07432432432432433,29,11,58,148,0.0,False,-0.42567567567567566,0.0
"Bags, Backpacks & Luggage > Totes & Handbags > Lunch Bags & Boxes",style_family,traditional,single,0.2642659522786452,0.20689655172413793,0.16216216216216217,12,24,58,148,0.22645,False,-0.04473438956197576,0.0631953488372093
"Bags, Backpacks & Luggage > Totes & Handbags > Lunch Bags & Boxes",size_class,compact,single,0.45830612353659356,1.0,0.3247863247863248,305,38,305,117,0.0,False,-0.6752136752136753,0.0
"Bags, Backpacks & Luggage > Totes & Handbags > Lunch Bags & Boxes",size_class,oversize,single,0.45830612353659356,0.0,0.6752136752136753,0,79,305,117,1.0,False,0.6752136752136753,1.0
"Bags, Backpacks & Luggage > Totes & Handbags > Lunch Bags & Boxes",vibe,character/licensed,single,0.3083430204985249,0.09119496855345911,0.040804918949133594,29,73,318,1789,0.0003,False,-0.05039004960432552,7.55813953488372e-05
"Bags, Backpacks & Luggage > Totes & Handbags > Lunch Bags & Boxes",vibe,cozy/plush,single,0.3083430204985249,0.006289308176100629,0.0022358859698155395,2,4,318,1789,0.1097,False,-0.00405342220628509,0.05442480620155039
"Bags, Backpacks & Luggage > Totes & Handbags > Lunch Bags & Boxes",vibe,curved/organic,single,0.3083430204985249,0.1289308176100629,0.002794857462269424,41,5,318,1789,0.0,False,-0.12613596014779346,0.0
"Bags, Backpacks & Luggage > Totes & Handbags > Lunch Bags & Boxes",vibe,cute/kawaii,single,0.3083430204985249,0.11949685534591195,0.07937395192845165,38,142,318,1789,0.01025,False,-0.040122903417460304,0.0030988372093023256
"Bags, Backpacks & Luggage > Totes & Handbags > Lunch Bags & Boxes",vibe,floral/botanical,single,0.3083430204985249,0.05345911949685535,0.011738401341531582,17,21,318,1789,0.0,False,-0.041720718155323765,0.0
"Bags, Backpacks & Luggage > Totes & Handbags > Lunch Bags & Boxes",vibe,geometric/abstract,single,0.3083430204985249,0.015723270440251572,0.0005589714924538849,5,1,318,1789,0.0001,False,-0.015164298947797687,4.108527131782946e-05
"Bags, Backpacks & Luggage > Totes & Handbags > Lunch Bags & Boxes",vibe,glitter/sparkle,single,0.3083430204985249,0.0031446540880503146,0.003912800447177194,1,7,318,1789,0.5321,False,0.0007681463591268792,0.2887364341085271
"Bags, Backpacks & Luggage > Totes & Handbags > Lunch Bags & Boxes",vibe,inspirational,single,0.3083430204985249,0.0,0.0016769144773616546,0,3,318,1789,0.70345,False,0.0016769144773616546,0.4035294573643411
"Bags, Backpacks & Luggage > Totes & Handbags > Lunch Bags & Boxes",vibe,luxe,single,0.3083430204985249,0.16037735849056603,0.006148686416992733,51,11,318,1789,0.0,False,-0.1542286720735733,0.0
"Bags, Backpacks & Luggage > Totes & Handbags > Lunch Bags & Boxes",vibe,natural/woven,single,0.3083430204985249,0.0,0.002794857462269424,0,5,318,1789,0.8084,False,0.002794857462269424,0.4825333333333333
"Bags, Backpacks & Luggage > Totes & Handbags > Lunch Bags & Boxes",vibe,plain,single,0.3083430204985249,0.2641509433962264,0.825041922861934,84,1476,318,1789,1.0,False,0.5608909794657075,0.9922480620155039
"Bags, Backpacks & Luggage > Totes & Handbags > Lunch Bags & Boxes",vibe,playful/colourful,single,0.3083430204985249,0.07232704402515723,0.0022358859698155395,23,4,318,1789,0.0,False,-0.07009115805534169,0.0
"Bags, Backpacks & Luggage > Totes & Handbags > Lunch Bags & Boxes",vibe,professional,single,0.3083430204985249,0.0031446540880503146,0.0016769144773616546,1,3,318,1789,0.245,False,-0.00146773961068866,0.12724806201550387
"Bags, Backpacks & Luggage > Totes & Handbags > Lunch Bags & Boxes",vibe,retro/vintage,single,0.3083430204985249,0.0,0.004471771939631079,0,8,318,1789,0.9009,False,0.004471771939631079,0.5656813953488372
"Bags, Backpacks & Luggage > Totes & Handbags > Lunch Bags & Boxes",vibe,sleek/minimal,single,0.3083430204985249,0.040880503144654086,0.0022358859698155395,13,4,318,1789,0.0,False,-0.038644617174838546,0.0
"Bags, Backpacks & Luggage > Totes & Handbags > Lunch Bags & Boxes",vibe,statement,single,0.3083430204985249,0.006289308176100629,0.0,2,0,318,1789,0.00325,False,-0.006289308176100629,0.0015872093023255813
"Bags, Backpacks & Luggage > Totes & Handbags > Lunch Bags & Boxes",vibe,textured,single,0.3083430204985249,0.03459119496855346,0.012297372833985467,11,22,318,1789,0.0039,False,-0.022293822134567993,0.0014813953488372093
"Bags, Backpacks & Luggage > Totes & Handbags > Lunch Bags & Boxes",lunch_type,bento box,single,0.07441839152252476,0.20440251572327045,0.32223476297968395,65,571,318,1772,0.9999,False,0.1178322472564135,0.8913837209302325
"Bags, Backpacks & Luggage > Totes & Handbags > Lunch Bags & Boxes",lunch_type,container/snack,single,0.07441839152252476,0.11320754716981132,0.06376975169300225,36,113,318,1772,0.00175,False,-0.04943779547680907,0.00046124031007751946
"Bags, Backpacks & Luggage > Totes & Handbags > Lunch Bags & Boxes",lunch_type,electric heated,single,0.07441839152252476,0.018867924528301886,0.1190744920993228,6,211,318,1772,1.0,False,0.10020656757102092,0.8837209302325582
"Bags, Backpacks & Luggage > Totes & Handbags > Lunch Bags & Boxes",lunch_type,food jar,single,0.07441839152252476,0.1792452830188679,0.05248306997742664,57,93,318,1772,0.0,False,-0.12676221304144128,0.0
"Bags, Backpacks & Luggage > Totes & Handbags > Lunch Bags & Boxes",lunch_type,ice pack,single,0.07441839152252476,0.06918238993710692,0.0327313769751693,22,58,318,1772,0.002,False,-0.03645101296193762,0.0006356589147286822
"Bags, Backpacks & Luggage > Totes & Handbags > Lunch Bags & Boxes",lunch_type,lunch bag/tote,single,0.07441839152252476,0.3490566037735849,0.3306997742663657,111,586,318,1772,0.26265,False,-0.018356829507219175,0.10383837209302325
"Bags, Backpacks & Luggage > Totes & Handbags > Lunch Bags & Boxes",lunch_type,lunch box,single,0.07441839152252476,0.0660377358490566,0.07900677200902935,21,140,318,1772,0.7879,False,0.012969036159972747,0.5619131782945737
"Bags, Backpacks & Luggage > Totes & Handbags > Lunch Bags & Boxes",insulated,no,single,0.012673557085349431,0.4025157232704403,0.5349357182783678,128,957,318,1789,1.0,False,0.13241999500792756,0.9069767441860465
"Bags, Backpacks & Luggage > Totes & Handbags > Lunch Bags & Boxes",insulated,yes,single,0.012673557085349431,0.5974842767295597,0.4650642817216322,190,832,318,1789,0.0,False,-0.1324199950079275,0.0
"Bags, Backpacks & Luggage > Totes & Handbags > Lunch Bags & Boxes",leakproof,no,single,0.0008675616958270082,0.5628930817610063,0.596981553940749,179,1068,318,1789,0.87045,False,0.03408847217974276,0.695010465116279
"Bags, Backpacks & Luggage > Totes & Handbags > Lunch Bags & Boxes",leakproof,yes,single,0.0008675616958270082,0.4371069182389937,0.40301844605925097,139,721,318,1789,0.12625,False,-0.03408847217974276,0.041104651162790704
"Bags, Backpacks & Luggage > Totes & Handbags > Lunch Bags & Boxes",compartments,multi-compartment,single,0.00392478663109016,0.9578313253012049,0.9815436241610739,159,585,166,596,0.956,False,0.02371229885986903,0.7410852713178294
"Bags, Backpacks & Luggage > Totes & Handbags > Lunch Bags & Boxes",compartments,single,single,0.00392478663109016,0.04216867469879518,0.018456375838926176,7,11,166,596,0.04345,False,-0.023712298859869002,0.016167441860465117
"Bags, Backpacks & Luggage > Totes & Handbags > Lunch Bags & Boxes",dishwasher_safe,no,single,0.08387104782078499,0.4811320754716981,0.8038010061486864,153,1438,318,1789,1.0,False,0.3226689306769883,0.9689922480620154
"Bags, Backpacks & Luggage > Totes & Handbags > Lunch Bags & Boxes",dishwasher_safe,yes,single,0.08387104782078499,0.5188679245283019,0.1961989938513136,165,351,318,1789,0.0,False,-0.3226689306769883,0.0
"Bags, Backpacks & Luggage > Totes & Handbags > Lunch Bags & Boxes",pattern,character/licensed,single,0.20011246901443414,0.0880503144654088,0.040804918949133594,28,73,318,1789,0.0002,False,-0.047245395516275206,5.426356589147287e-05
"Bags, Backpacks & Luggage > Totes & Handbags > Lunch Bags & Boxes",pattern,floral,single,0.20011246901443414,0.03459119496855346,0.01621017328116266,11,29,318,1789,0.01895,False,-0.018381021687390798,0.007344961240310079
"Bags, Backpacks & Luggage > Totes & Handbags > Lunch Bags & Boxes",pattern,novelty/animal,single,0.20011246901443414,0.16981132075471697,0.03130240357741755,54,56,318,1789,0.0,False,-0.1385089171772994,0.0
"Bags, Backpacks & Luggage > Totes & Handbags > Lunch Bags & Boxes",pattern,print/pattern,single,0.20011246901443414,0.27044025157232704,0.017887087758524316,86,32,318,1789,0.0,False,-0.2525531638138027,0.0
"Bags, Backpacks & Luggage > Totes & Handbags > Lunch Bags & Boxes",pattern,solid,single,0.20011246901443414,0.4371069182389937,0.8937954164337619,139,1599,318,1789,1.0,False,0.4566884981947682,0.9844961240310077
"Bags, Backpacks & Luggage > Totes & Handbags > Lunch Bags & Boxes",audience,adult/work,single,0.1100315422102855,0.1918238993710692,0.2146450531022918,61,384,318,1789,0.82365,False,0.022821153731222593,0.6257186046511628
"Bags, Backpacks & Luggage > Totes & Handbags > Lunch Bags & Boxes",audience,general,single,0.1100315422102855,0.18238993710691823,0.24427054220234767,58,437,318,1789,0.99255,False,0.06188060509542945,0.8386662790697674
"Bags, Backpacks & Luggage > Totes & Handbags > Lunch Bags & Boxes",audience,kids,single,0.1100315422102855,0.5880503144654088,0.2733370598099497,187,489,318,1789,0.0,False,-0.3147132546554591,0.0
"Bags, Backpacks & Luggage > Totes & Handbags > Lunch Bags & Boxes",audience,kids & men,single,0.1100315422102855,0.0,0.0016769144773616546,0,3,318,1789,0.69665,False,0.0016769144773616546,0.39962868217054265
"Bags, Backpacks & Luggage > Totes & Handbags > Lunch Bags & Boxes",audience,kids & women,single,0.1100315422102855,0.0031446540880503146,0.021799888205701508,1,39,318,1789,0.9954,False,0.018655234117651194,0.7484790697674418
"Bags, Backpacks & Luggage > Totes & Handbags > Lunch Bags & Boxes",audience,kids & women & men,single,0.1100315422102855,0.0031446540880503146,0.0184460592509782,1,33,318,1789,0.9878,False,0.015301405162927887,0.7121348837209301
"Bags, Backpacks & Luggage > Totes & Handbags > Lunch Bags & Boxes",audience,men,single,0.1100315422102855,0.0,0.03465623253214086,0,62,318,1789,1.0,False,0.03465623253214086,0.8062015503875969
"Bags, Backpacks & Luggage > Totes & Handbags > Lunch Bags & Boxes",audience,women,single,0.1100315422102855,0.018867924528301886,0.09837898267188373,6,176,318,1789,1.0,False,0.07951105814358185,0.8604651162790697
"Bags, Backpacks & Luggage > Totes & Handbags > Lunch Bags & Boxes",audience,women & men,single,0.1100315422102855,0.012578616352201259,0.09278926774734489,4,166,318,1789,1.0,False,0.08021065139514363,0.8682170542635659
"Bags, Backpacks & Luggage > Totes & Handbags > Lunch Bags & Boxes",aesthetic_tags,character/licensed,multi,0.2729483392286784,0.09119496855345911,0.040804918949133594,29,73,318,1789,0.00015,False,-0.05039004960432552,3.77906976744186e-05
"Bags, Backpacks & Luggage > Totes & Handbags > Lunch Bags & Boxes",aesthetic_tags,cozy/plush,multi,0.2729483392286784,0.012578616352201259,0.0022358859698155395,4,4,318,1789,0.0088,False,-0.010342730382385718,0.0039565891472868224
"Bags, Backpacks & Luggage > Totes & Handbags > Lunch Bags & Boxes",aesthetic_tags,curved/organic,multi,0.2729483392286784,0.14150943396226415,0.003353828954723309,45,6,318,1789,0.0,False,-0.13815560500754084,0.0
"Bags, Backpacks & Luggage > Totes & Handbags > Lunch Bags & Boxes",aesthetic_tags,cute/kawaii,multi,0.2729483392286784,0.14150943396226415,0.08160983789826719,45,146,318,1789,0.0005,False,-0.05989959606399696,0.00011627906976744187
"Bags, Backpacks & Luggage > Totes & Handbags > Lunch Bags & Boxes",aesthetic_tags,floral/botanical,multi,0.2729483392286784,0.07861635220125786,0.01956400223588597,25,35,318,1789,0.0,False,-0.059052349965371884,0.0
"Bags, Backpacks & Luggage > Totes & Handbags > Lunch Bags & Boxes",aesthetic_tags,geometric/abstract,multi,0.2729483392286784,0.02830188679245283,0.0005589714924538849,9,1,318,1789,0.0,False,-0.027742915299998946,0.0
"Bags, Backpacks & Luggage > Totes & Handbags > Lunch Bags & Boxes",aesthetic_tags,glitter/sparkle,multi,0.2729483392286784,0.06918238993710692,0.004471771939631079,22,8,318,1789,0.0,False,-0.06471061799747584,0.0
"Bags, Backpacks & Luggage > Totes & Handbags > Lunch Bags & Boxes",aesthetic_tags,inspirational,multi,0.2729483392286784,0.0,0.0016769144773616546,0,3,318,1789,0.69935,False,0.0016769144773616546,0.40117751937984497
"Bags, Backpacks & Luggage > Totes & Handbags > Lunch Bags & Boxes",aesthetic_tags,luxe,multi,0.2729483392286784,0.20754716981132076,0.0072666294019005035,66,13,318,1789,0.0,False,-0.20028054040942025,0.0
"Bags, Backpacks & Luggage > Totes & Handbags > Lunch Bags & Boxes",aesthetic_tags,natural/woven,multi,0.2729483392286784,0.0031446540880503146,0.002794857462269424,1,5,318,1789,0.4032,False,-0.0003497966257808905,0.21566511627906976
"Bags, Backpacks & Luggage > Totes & Handbags > Lunch Bags & Boxes",aesthetic_tags,playful/colourful,multi,0.2729483392286784,0.2389937106918239,0.003912800447177194,76,7,318,1789,0.0,False,-0.2350809102446467,0.0
"Bags, Backpacks & Luggage > Totes & Handbags > Lunch Bags & Boxes",aesthetic_tags,professional,multi,0.2729483392286784,0.0031446540880503146,0.0022358859698155395,1,4,318,1789,0.32495,False,-0.0009087681182347752,0.17129147286821708
"Bags, Backpacks & Luggage > Totes & Handbags > Lunch Bags & Boxes",aesthetic_tags,retro/vintage,multi,0.2729483392286784,0.0,0.005589714924538848,0,10,318,1789,0.9309,False,0.005589714924538848,0.5989511627906977
"Bags, Backpacks & Luggage > Totes & Handbags > Lunch Bags & Boxes",aesthetic_tags,sleek/minimal,multi,0.2729483392286784,0.11635220125786164,0.002794857462269424,37,5,318,1789,0.0,False,-0.11355734379559221,0.0
"Bags, Backpacks & Luggage > Totes & Handbags > Lunch Bags & Boxes",aesthetic_tags,statement,multi,0.2729483392286784,0.012578616352201259,0.0,4,0,318,1789,0.0,False,-0.012578616352201259,0.0
"Bags, Backpacks & Luggage > Totes & Handbags > Lunch Bags & Boxes",aesthetic_tags,textured,multi,0.2729483392286784,0.04716981132075472,0.020122973728339856,15,36,318,1789,0.00375,False,-0.027046837592414864,0.0012790697674418604
"Bags, Backpacks & Luggage > Totes & Handbags > Lunch Bags & Boxes",use_context,breakroom/dining,multi,0.12049975050868927,0.07232704402515723,0.010061486864169928,23,18,318,1789,0.0,False,-0.062265557160987306,0.0
"Bags, Backpacks & Luggage > Totes & Handbags > Lunch Bags & Boxes",use_context,corporate office,multi,0.12049975050868927,0.13522012578616352,0.16433761878144215,43,294,318,1789,0.90395,False,0.029117492995278632,0.7147511627906976
"Bags, Backpacks & Luggage > Totes & Handbags > Lunch Bags & Boxes",use_context,education,multi,0.12049975050868927,0.5911949685534591,0.2822806036892119,188,505,318,1789,0.0,False,-0.3089143648642472,0.0
"Bags, Backpacks & Luggage > Totes & Handbags > Lunch Bags & Boxes",use_context,gaming,multi,0.12049975050868927,0.0,0.0072666294019005035,0,13,318,1789,0.96265,False,0.0072666294019005035,0.6380354651162791
"Bags, Backpacks & Luggage > Totes & Handbags > Lunch Bags & Boxes",use_context,gym/sports,multi,0.12049975050868927,0.1918238993710692,0.011179429849077696,61,20,318,1789,0.0,False,-0.1806444695219915,0.0
"Bags, Backpacks & Luggage > Totes & Handbags > Lunch Bags & Boxes",use_context,healthcare,multi,0.12049975050868927,0.0,0.022917831190609278,0,41,318,1789,0.99985,False,0.022917831190609278,0.7673267441860465
"Bags, Backpacks & Luggage > Totes & Handbags > Lunch Bags & Boxes",use_context,home office,multi,0.12049975050868927,0.0,0.002794857462269424,0,5,318,1789,0.81205,False,0.002794857462269424,0.48471201550387594
"Bags, Backpacks & Luggage > Totes & Handbags > Lunch Bags & Boxes",use_context,hospitality/events,multi,0.12049975050868927,0.0031446540880503146,0.004471771939631079,1,8,318,1789,0.592,False,0.0013271178515807643,0.32582945736434105
"Bags, Backpacks & Luggage > Totes & Handbags > Lunch Bags & Boxes",use_context,kids/teen,multi,0.12049975050868927,0.6132075471698113,0.29346003353828953,195,525,318,1789,0.0,False,-0.31974751363152176,0.0
"Bags, Backpacks & Luggage > Totes & Handbags > Lunch Bags & Boxes",use_context,outdoor,multi,0.12049975050868927,0.12264150943396226,0.26271660145332587,39,470,318,1789,1.0,False,0.1400750920193636,0.9224806201550387
"Bags, Backpacks & Luggage > Totes & Handbags > Lunch Bags & Boxes",use_context,travel/commute,multi,0.12049975050868927,0.14779874213836477,0.3074343208496367,47,550,318,1789,1.0,False,0.1596355787112719,0.9302325581395349
"Bags, Backpacks & Luggage > Totes & Handbags > Lunch Bags & Boxes",end_user_segment,gamers,multi,0.3531033150087258,0.0,0.0072666294019005035,0,13,318,1789,0.96335,False,0.0072666294019005035,0.6384994186046511
"Bags, Backpacks & Luggage > Totes & Handbags > Lunch Bags & Boxes",end_user_segment,kids,multi,0.3531033150087258,0.610062893081761,0.31470095025153716,194,563,318,1789,0.0,False,-0.2953619428302238,0.0
"Bags, Backpacks & Luggage > Totes & Handbags > Lunch Bags & Boxes",end_user_segment,men,multi,0.3531033150087258,0.015723270440251572,0.1509223029625489,5,270,318,1789,1.0,False,0.13519903252229734,0.9147286821705426
"Bags, Backpacks & Luggage > Totes & Handbags > Lunch Bags & Boxes",end_user_segment,remote workers,multi,0.3531033150087258,0.0,0.002794857462269424,0,5,318,1789,0.80675,False,0.002794857462269424,0.48154844961240306
"Bags, Backpacks & Luggage > Totes & Handbags > Lunch Bags & Boxes",end_user_segment,students,multi,0.3531033150087258,0.0220125786163522,0.013974287311347122,7,25,318,1789,0.13975,False,-0.008038291305005078,0.06608333333333334
"Bags, Backpacks & Luggage > Totes & Handbags > Lunch Bags & Boxes",end_user_segment,teachers,multi,0.3531033150087258,0.009433962264150943,0.02738960313024036,3,49,318,1789,0.9808,False,0.017955640866089417,0.7298976744186046
"Bags, Backpacks & Luggage > Totes & Handbags > Lunch Bags & Boxes",end_user_segment,teens,multi,0.3531033150087258,0.5031446540880503,0.0072666294019005035,160,13,318,1789,0.0,False,-0.49587802468614983,0.0
"Bags, Backpacks & Luggage > Totes & Handbags > Lunch Bags & Boxes",end_user_segment,women,multi,0.3531033150087258,0.03773584905660377,0.23141419787590833,12,414,318,1789,1.0,False,0.19367834881930457,0.9534883720930233
"Bags, Backpacks & Luggage > Totes & Handbags > Lunch Bags & Boxes",key_benefits,comfort,multi,0.0564323779794717,0.2138364779874214,0.003353828954723309,68,6,318,1789,0.0,False,-0.2104826490326981,0.0
"Bags, Backpacks & Luggage > Totes & Handbags > Lunch Bags & Boxes",key_benefits,commercial-grade,multi,0.0564323779794717,0.012578616352201259,0.010620458356623811,4,19,318,1789,0.3549,False,-0.001958157995577447,0.18157674418604652
"Bags, Backpacks & Luggage > Totes & Handbags > Lunch Bags & Boxes",key_benefits,easy-clean,multi,0.0564323779794717,0.5723270440251572,0.1363890441587479,182,244,318,1789,0.0,False,-0.43593799986640935,0.0
"Bags, Backpacks & Luggage > Totes & Handbags > Lunch Bags & Boxes",key_benefits,ergonomic,multi,0.0564323779794717,0.009433962264150943,0.0022358859698155395,3,4,318,1789,0.03325,False,-0.007198076294335404,0.01598062015503876
"Bags, Backpacks & Luggage > Totes & Handbags > Lunch Bags & Boxes",key_benefits,security,multi,0.0564323779794717,0.0031446540880503146,0.0072666294019005035,1,13,318,1789,0.7846,False,0.004121975313850189,0.4865736434108527
"Bags, Backpacks & Luggage > Totes & Handbags > Lunch Bags & Boxes",key_benefits,space-saving,multi,0.0564323779794717,0.24842767295597484,0.043040804918949134,79,77,318,1789,0.0,False,-0.20538686803702572,0.0
"Bags, Backpacks & Luggage > Totes & Handbags > Lunch Bags & Boxes",key_benefits,sustainable,multi,0.0564323779794717,0.9025157232704403,0.41140301844605925,287,736,318,1789,0.0,False,-0.491112704824381,0.0
"Bags, Backpacks & Luggage > Totes & Handbags > Lunch Bags & Boxes",key_benefits,tech-enabled,multi,0.0564323779794717,0.0031446540880503146,0.012856344326439352,1,23,318,1789,0.9497,False,0.009711690238389036,0.6625813953488372
"Bags, Backpacks & Luggage > Totes & Handbags > Lunch Bags & Boxes",key_benefits,water-resistant,multi,0.0564323779794717,0.8081761006289309,0.41140301844605925,257,736,318,1789,0.0,False,-0.3967730821828716,0.0
Furniture > Decor > Clocks & Timers,colour_family,beige/cream,single,0.0632112912055992,0.017964071856287425,0.06724845995893224,3,131,167,1948,0.99785,False,0.04928438810264481,0.7725290322580645
Furniture > Decor > Clocks & Timers,colour_family,black,single,0.0632112912055992,0.281437125748503,0.17607802874743325,47,343,167,1948,0.0006,False,-0.10535909700106974,6.290322580645161e-05
Furniture > Decor > Clocks & Timers,colour_family,blue,single,0.0632112912055992,0.04790419161676647,0.09034907597535935,8,176,167,1948,0.9776,False,0.04244488435859288,0.7332000000000001
Furniture > Decor > Clocks & Timers,colour_family,brown/wood,single,0.0632112912055992,0.05389221556886228,0.12474332648870637,9,243,167,1948,0.9986,False,0.07085111091984408,0.833508870967742
Furniture > Decor > Clocks & Timers,colour_family,clear,single,0.0632112912055992,0.017964071856287425,0.024640657084188913,3,48,167,1948,0.6804,False,0.006676585227901488,0.389583870967742
Furniture > Decor > Clocks & Timers,colour_family,green,single,0.0632112912055992,0.03592814371257485,0.03593429158110883,6,70,167,1948,0.46875,False,6.147868533978862e-06,0.20413306451612903
Furniture > Decor > Clocks & Timers,colour_family,grey,single,0.0632112912055992,0.04790419161676647,0.043121149897330596,8,84,167,1948,0.3729,False,-0.004783041719435874,0.13683024193548388
Furniture > Decor > Clocks & Timers,colour_family,metallic,single,0.0632112912055992,0.23353293413173654,0.1257700205338809,39,245,167,1948,0.0002,False,-0.10776291359785564,1.8548387096774193e-05
Furniture > Decor > Clocks & Timers,colour_family,multi/pattern,single,0.0632112912055992,0.017964071856287425,0.08572895277207392,3,167,167,1948,0.9997,False,0.06776488091578649,0.8183028225806452
Furniture > Decor > Clocks & Timers,colour_family,navy,single,0.0632112912055992,0.005988023952095809,0.002566735112936345,1,5,167,1948,0.1844,False,-0.003421288839159464,0.07286774193548387
Furniture > Decor > Clocks & Timers,colour_family,purple,single,0.0632112912055992,0.005988023952095809,0.010780287474332649,1,21,167,1948,0.68955,False,0.00479226352223684,0.3892620967741936
Furniture > Decor > Clocks & Timers,colour_family,red/pink,single,0.0632112912055992,0.041916167664670656,0.061601642710472276,7,120,167,1948,0.85275,False,0.01968547504580162,0.5570383064516129
Furniture > Decor > Clocks & Timers,colour_family,white,single,0.0632112912055992,0.1377245508982036,0.11652977412731007,23,227,167,1948,0.20275,False,-0.021194776770893528,0.0506875
Furniture > Decor > Clocks & Timers,colour_family,yellow/orange,single,0.0632112912055992,0.05389221556886228,0.03490759753593429,9,68,167,1948,0.10585,False,-0.01898461803292799,0.02987701612903226
Furniture > Decor > Clocks & Timers,colour_tone,bold,single,0.049002597852782784,0.18562874251497005,0.2335728952772074,31,455,167,1948,0.92235,False,0.047944152762237346,0.7066391129032258
Furniture > Decor > Clocks & Timers,colour_tone,dark-neutral,single,0.049002597852782784,0.2874251497005988,0.17864476386036962,48,348,167,1948,0.00045,False,-0.10878038584022917,3.629032258064516e-05
Furniture > Decor > Clocks & Timers,colour_tone,light-neutral,single,0.049002597852782784,0.17365269461077845,0.20841889117043122,29,406,167,1948,0.85945,False,0.03476619655965277,0.6030012096774194
Furniture > Decor > Clocks & Timers,colour_tone,metallic,single,0.049002597852782784,0.23353293413173654,0.1257700205338809,39,245,167,1948,5e-05,False,-0.10776291359785564,4.637096774193548e-06
Furniture > Decor > Clocks & Timers,colour_tone,mid-neutral,single,0.049002597852782784,0.04790419161676647,0.043121149897330596,8,84,167,1948,0.36805,False,-0.004783041719435874,0.13505060483870968
Furniture > Decor > Clocks & Timers,colour_tone,pattern,single,0.049002597852782784,0.017964071856287425,0.08572895277207392,3,167,167,1948,0.9999,False,0.06776488091578649,0.8184665322580645
Furniture > Decor > Clocks & Timers,colour_tone,warm-neutral,single,0.049002597852782784,0.05389221556886228,0.12474332648870637,9,243,167,1948,0.99825,False,0.07085111091984408,0.8332167338709677
Furniture > Decor > Clocks & Timers,material_class,ceramic/stone,single,0.30288730210902626,0.0,0.03648509763617677,0,71,146,1946,0.9988,False,0.03648509763617677,0.7249354838709677
Furniture > Decor > Clocks & Timers,material_class,glass/mirror,single,0.30288730210902626,0.02054794520547945,0.18191161356628982,3,354,146,1946,1.0,False,0.16136366836081037,0.9354838709677419
Furniture > Decor > Clocks & Timers,material_class,metal,single,0.30288730210902626,0.2945205479452055,0.5025693730729702,43,978,146,1946,1.0,False,0.20804882512776474,0.9516129032258065
Furniture > Decor > Clocks & Timers,material_class,plastic/resin,single,0.30288730210902626,0.6027397260273972,0.04984583761562179,88,97,146,1946,0.0,False,-0.5528938884117754,0.0
Furniture > Decor > Clocks & Timers,material_class,wood,single,0.30288730210902626,0.0821917808219178,0.22918807810894143,12,446,146,1946,0.99995,False,0.14699629728702363,0.9112447580645161
Furniture > Decor > Clocks & Timers,style_family,boho/coastal,single,0.26006179464408874,0.011764705882352941,0.06309297912713473,2,133,170,2108,0.9992,False,0.051328273244781786,0.7816322580645161
Furniture > Decor > Clocks & Timers,style_family,contemporary,single,0.26006179464408874,0.45294117647058824,0.056451612903225805,77,119,170,2108,0.0,False,-0.3964895635673624,0.0
Furniture > Decor > Clocks & Timers,style_family,farmhouse/rustic,single,0.26006179464408874,0.047058823529411764,0.16129032258064516,8,340,170,2108,1.0,False,0.11423149905123339,0.8790322580645161
Furniture > Decor > Clocks & Timers,style_family,gaming,single,0.26006179464408874,0.041176470588235294,0.004269449715370019,7,9,170,2108,0.0,False,-0.03690702087286527,0.0
Furniture > Decor > Clocks & Timers,style_family,glam,single,0.26006179464408874,0.0,0.03557874762808349,0,75,170,2108,0.99915,False,0.03557874762808349,0.7171318548387097
Furniture > Decor > Clocks & Timers,style_family,industrial,single,0.26006179464408874,0.023529411764705882,0.054079696394686905,4,114,170,2108,0.96785,False,0.030550284629981023,0.671250806451613
Furniture > Decor > Clocks & Timers,style_family,mid-century,single,0.26006179464408874,0.17058823529411765,0.09155597722960152,29,193,170,2108,0.00115,False,-0.07903225806451614,0.00016693548387096776
Furniture > Decor > Clocks & Timers,style_family,minimalist,single,0.26006179464408874,0.01764705882352941,0.05455407969639469,3,115,170,2108,0.9911,False,0.03690702087286528,0.7353322580645161
Furniture > Decor > Clocks & Timers,style_family,modern,single,0.26006179464408874,0.058823529411764705,0.27466793168880455,10,579,170,2108,1.0,False,0.21584440227703983,0.9596774193548387
Furniture > Decor > Clocks & Timers,style_family,scandinavian,single,0.26006179464408874,0.0058823529411764705,0.03415559772296015,1,72,170,2108,0.99185,False,0.028273244781783682,0.6638995967741935
Furniture > Decor > Clocks & Timers,style_family,traditional,single,0.26006179464408874,0.15294117647058825,0.1413662239089184,26,298,170,2108,0.3362,False,-0.011574952561669849,0.10302903225806452
Furniture > Decor > Clocks & Timers,style_family,transitional,single,0.26006179464408874,0.01764705882352941,0.028937381404174574,3,61,170,2108,0.80175,False,0.011290322580645162,0.47199798387096775
Furniture > Decor > Clocks & Timers,size_class,large (14-20 in),single,0.13217143463514944,0.29133858267716534,0.357487922705314,37,74,127,207,0.89465,False,0.06614934002814865,0.7214919354838709
Furniture > Decor > Clocks & Timers,size_class,medium (10-14 in),single,0.13217143463514944,0.4015748031496063,0.21739130434782608,51,45,127,207,0.00025,False,-0.18418349880178023,8.064516129032258e-06
Furniture > Decor > Clocks & Timers,size_class,oversized (20 in+),single,0.13217143463514944,0.031496062992125984,0.30434782608695654,4,63,127,207,1.0,False,0.27285176309483056,0.9919354838709677
Furniture > Decor > Clocks & Timers,size_class,small (<10 in),single,0.13217143463514944,0.2755905511811024,0.12077294685990338,35,25,127,207,0.0002,False,-0.154817604321199,9.67741935483871e-06
Furniture > Decor > Clocks & Timers,vibe,character/licensed,single,0.18169025121836058,0.034482758620689655,0.0030935808197989174,6,8,174,2586,5e-05,False,-0.03138917780089074,9.072580645161291e-06
Furniture > Decor > Clocks & Timers,vibe,cozy/plush,single,0.18169025121836058,0.005747126436781609,0.0038669760247486465,1,10,174,2586,0.2921,False,-0.0018801504120329626,0.12484919354838711
Furniture > Decor > Clocks & Timers,vibe,curved/organic,single,0.18169025121836058,0.011494252873563218,0.013534416086620264,2,35,174,2586,0.5505,False,0.0020401632130570453,0.293008064516129
Furniture > Decor > Clocks & Timers,vibe,cute/kawaii,single,0.18169025121836058,0.005747126436781609,0.00580046403712297,1,15,174,2586,0.4407,False,5.333760034136048e-05,0.1954717741935484
Furniture > Decor > Clocks & Timers,vibe,floral/botanical,single,0.18169025121836058,0.0,0.11020881670533643,0,285,174,2586,1.0,False,0.11020881670533643,0.8629032258064516
Furniture > Decor > Clocks & Timers,vibe,geometric/abstract,single,0.18169025121836058,0.0,0.015081206496519721,0,39,174,2586,0.97695,False,0.015081206496519721,0.61059375
Furniture > Decor > Clocks & Timers,vibe,glitter/sparkle,single,0.18169025121836058,0.0,0.0003866976024748647,0,1,174,2586,0.3207,False,0.0003866976024748647,0.1487116935483871
Furniture > Decor > Clocks & Timers,vibe,inspirational,single,0.18169025121836058,0.0,0.0007733952049497294,0,2,174,2586,0.4066,False,0.0007733952049497294,0.1951024193548387
Furniture > Decor > Clocks & Timers,vibe,luxe,single,0.18169025121836058,0.13218390804597702,0.12103634957463263,23,313,174,2586,0.32125,False,-0.011147558471344382,0.10362903225806451
Furniture > Decor > Clocks & Timers,vibe,metal-accent,single,0.18169025121836058,0.005747126436781609,0.0015467904098994587,1,4,174,2586,0.1023,False,-0.00420033602688215,0.038775
Furniture > Decor > Clocks & Timers,vibe,natural/woven,single,0.18169025121836058,0.022988505747126436,0.02320185614849188,4,60,174,2586,0.47,False,0.00021335040136544192,0.21225806451612902
Furniture > Decor > Clocks & Timers,vibe,plain,single,0.18169025121836058,0.4482758620689655,0.22776488785769528,78,589,174,2586,0.0,False,-0.22051097421127025,0.0
Furniture > Decor > Clocks & Timers,vibe,playful/colourful,single,0.18169025121836058,0.0,0.015081206496519721,0,39,174,2586,0.9785,False,0.015081206496519721,0.6115625
Furniture > Decor > Clocks & Timers,vibe,professional,single,0.18169025121836058,0.08620689655172414,0.0030935808197989174,15,8,174,2586,0.0,False,-0.08311331573192522,0.0
Furniture > Decor > Clocks & Timers,vibe,retro/vintage,single,0.18169025121836058,0.10344827586206896,0.0897138437741686,18,232,174,2586,0.26365,False,-0.013734432087900358,0.07866975806451613
Furniture > Decor > Clocks & Timers,vibe,sleek/minimal,single,0.18169025121836058,0.04597701149425287,0.03557617942768755,8,92,174,2586,0.22945,False,-0.010400832066565321,0.07586653225806451
Furniture > Decor > Clocks & Timers,vibe,statement,single,0.18169025121836058,0.08620689655172414,0.32559938128383603,15,842,174,2586,1.0,False,0.2393924847321119,0.967741935483871
Furniture > Decor > Clocks & Timers,vibe,textured,single,0.18169025121836058,0.011494252873563218,0.004640371229698376,2,12,174,2586,0.1132,False,-0.0068538816438648426,0.03925483870967742
Furniture > Decor > Clocks & Timers,clock_type,alarm,single,0.059997012753158524,0.15028901734104047,0.1209137455691217,26,307,173,2539,0.1305,False,-0.029375271771918773,0.02631048387096774
Furniture > Decor > Clocks & Timers,clock_type,cuckoo,single,0.059997012753158524,0.0,0.029539188656951557,0,75,173,2539,0.9987,False,0.029539188656951557,0.6765387096774194
Furniture > Decor > Clocks & Timers,clock_type,grandfather/floor,single,0.059997012753158524,0.0,0.0019692792437967705,0,5,173,2539,0.5924,False,0.0019692792437967705,0.3105322580645161
Furniture > Decor > Clocks & Timers,clock_type,mantel/tabletop,single,0.059997012753158524,0.10404624277456648,0.08467900748326113,18,215,173,2539,0.1925,False,-0.01936723529130535,0.05278225806451613
Furniture > Decor > Clocks & Timers,clock_type,pendulum,single,0.059997012753158524,0.0,0.09019298936589208,0,229,173,2539,1.0,False,0.09019298936589208,0.8548387096774194
Furniture > Decor > Clocks & Timers,clock_type,projection,single,0.059997012753158524,0.005780346820809248,0.0031508467900748325,1,8,173,2539,0.23705,False,-0.0026295000307344158,0.09749637096774194
Furniture > Decor > Clocks & Timers,clock_type,wall,single,0.059997012753158524,0.7052023121387283,0.665222528554549,122,1689,173,2539,0.1387,False,-0.03997978358417931,0.02125241935483871
Furniture > Decor > Clocks & Timers,clock_type,weather station,single,0.059997012753158524,0.03468208092485549,0.004332414336352895,6,11,173,2539,0.0001,False,-0.03034966658850259,1.935483870967742e-05
Furniture > Decor > Clocks & Timers,display,analog,single,0.017247624790411094,0.7558139534883721,0.8740208877284595,130,1339,172,1532,0.99995,False,0.11820693424008744,0.8951165322580645
Furniture > Decor > Clocks & Timers,display,digital,single,0.017247624790411094,0.2441860465116279,0.12597911227154046,42,193,172,1532,5e-05,False,-0.11820693424008744,3.225806451612903e-06
Furniture > Decor > Clocks & Timers,atomic,no,single,0.08241663592688767,0.7988505747126436,0.9887857695282289,139,2557,174,2586,1.0,False,0.1899351948155853,0.9435483870967742
Furniture > Decor > Clocks & Timers,atomic,yes,single,0.08241663592688767,0.20114942528735633,0.011214230471771076,35,29,174,2586,0.0,False,-0.18993519481558524,0.0
Furniture > Decor > Clocks & Timers,silent,no,single,0.011617358785646716,0.632183908045977,0.748646558391338,110,1936,174,2586,0.99955,False,0.11646265034536096,0.8866975806451614
Furniture > Decor > Clocks & Timers,silent,yes,single,0.011617358785646716,0.367816091954023,0.251353441608662,64,650,174,2586,0.0005,False,-0.11646265034536096,3.6290322580645165e-05
Furniture > Decor > Clocks & Timers,theme,kids/cartoon,single,0.12412369167456824,0.028735632183908046,0.01740139211136891,5,45,174,2586,0.1415,False,-0.011334240072539137,0.04450403225806451
Furniture > Decor > Clocks & Timers,theme,nature/animals,single,0.12412369167456824,0.005747126436781609,0.1531322505800464,1,396,174,2586,1.0,False,0.1473851241432648,0.9193548387096774
Furniture > Decor > Clocks & Timers,theme,nautical/coastal,single,0.12412369167456824,0.017241379310344827,0.042536736272235115,3,110,174,2586,0.96215,False,0.025295356961890288,0.6362604838709677
Furniture > Decor > Clocks & Timers,theme,none,single,0.12412369167456824,0.8275862068965517,0.6631863882443929,144,1715,174,2586,0.0,False,-0.1643998186521588,0.0
Furniture > Decor > Clocks & Timers,theme,sports/licensed,single,0.12412369167456824,0.08620689655172414,0.001160092807424594,15,3,174,2586,0.0,False,-0.08504680374429954,0.0
Furniture > Decor > Clocks & Timers,theme,vintage/ornate,single,0.12412369167456824,0.034482758620689655,0.1225831399845321,6,317,174,2586,1.0,False,0.08810038136384245,0.8467741935483871
Furniture > Decor > Clocks & Timers,aesthetic_tags,character/licensed,multi,0.20702946508170378,0.034482758620689655,0.0030935808197989174,6,8,174,2586,0.0,False,-0.03138917780089074,0.0
Furniture > Decor > Clocks & Timers,aesthetic_tags,cozy/plush,multi,0.20702946508170378,0.005747126436781609,0.01817478731631864,1,47,174,2586,0.90365,False,0.01242766087953703,0.5465625
Furniture > Decor > Clocks & Timers,aesthetic_tags,curved/organic,multi,0.20702946508170378,0.011494252873563218,0.04137664346481052,2,107,174,2586,0.9854,False,0.029882390591247303,0.6754758064516129
Furniture > Decor > Clocks & Timers,aesthetic_tags,cute/kawaii,multi,0.20702946508170378,0.022988505747126436,0.00580046403712297,4,15,174,2586,0.0131,False,-0.017188041710003467,0.0038032258064516133
Furniture > Decor > Clocks & Timers,aesthetic_tags,floral/botanical,multi,0.20702946508170378,0.0,0.11098221191028615,0,287,174,2586,1.0,False,0.11098221191028615,0.8709677419354839
Furniture > Decor > Clocks & Timers,aesthetic_tags,geometric/abstract,multi,0.20702946508170378,0.0,0.1488785769528229,0,385,174,2586,1.0,False,0.1488785769528229,0.9274193548387096
Furniture > Decor > Clocks & Timers,aesthetic_tags,glitter/sparkle,multi,0.20702946508170378,0.0,0.0034802784222737818,0,9,174,2586,0.7291,False,0.0034802784222737818,0.39688911290322576
Furniture > Decor > Clocks & Timers,aesthetic_tags,inspirational,multi,0.20702946508170378,0.0,0.0007733952049497294,0,2,174,2586,0.41835,False,0.0007733952049497294,0.2007405241935484
Furniture > Decor > Clocks & Timers,aesthetic_tags,luxe,multi,0.20702946508170378,0.15517241379310345,0.1740139211136891,27,450,174,2586,0.73025,False,0.01884150732058565,0.47112903225806446
Furniture > Decor > Clocks & Timers,aesthetic_tags,metal-accent,multi,0.20702946508170378,0.011494252873563218,0.007733952049497293,2,20,174,2586,0.2628,False,-0.003760300824065925,0.10172903225806451
Furniture > Decor > Clocks & Timers,aesthetic_tags,natural/woven,multi,0.20702946508170378,0.040229885057471264,0.08584686774941995,7,222,174,2586,0.9891,False,0.045616982691948686,0.7498016129032258
Furniture > Decor > Clocks & Timers,aesthetic_tags,playful/colourful,multi,0.20702946508170378,0.017241379310344827,0.05259087393658159,3,136,174,2586,0.9894,False,0.035349494626236766,0.7021548387096774
Furniture > Decor > Clocks & Timers,aesthetic_tags,professional,multi,0.20702946508170378,0.09770114942528736,0.009667440061871617,17,25,174,2586,0.0,False,-0.08803370936341574,0.0
Furniture > Decor > Clocks & Timers,aesthetic_tags,retro/vintage,multi,0.20702946508170378,0.20689655172413793,0.1728538283062645,36,447,174,2586,0.1301,False,-0.03404272341787343,0.02203306451612903
Furniture > Decor > Clocks & Timers,aesthetic_tags,sleek/minimal,multi,0.20702946508170378,0.08620689655172414,0.33410672853828305,15,864,174,2586,1.0,False,0.2478998319865589,0.9758064516129032
Furniture > Decor > Clocks & Timers,aesthetic_tags,statement,multi,0.20702946508170378,0.08620689655172414,0.3909512761020882,15,1011,174,2586,1.0,False,0.30474437955036404,1.0
Furniture > Decor > Clocks & Timers,aesthetic_tags,textured,multi,0.20702946508170378,0.017241379310344827,0.008507347254447023,3,22,174,2586,0.12105,False,-0.008734032055897805,0.0410008064516129
Furniture > Decor > Clocks & Timers,use_context,breakroom/dining,multi,0.11775841073934631,0.034482758620689655,0.09860788863109049,6,255,174,2586,0.99905,False,0.06412513001040084,0.7976286290322581
Furniture > Decor > Clocks & Timers,use_context,corporate office,multi,0.11775841073934631,0.2413793103448276,0.5135344160866203,42,1328,174,2586,1.0,False,0.2721551057417927,0.9838709677419355
Furniture > Decor > Clocks & Timers,use_context,education,multi,0.11775841073934631,0.04597701149425287,0.025908739365815933,8,67,174,2586,0.06275,False,-0.02006827212843694,0.016699596774193547
Furniture > Decor > Clocks & Timers,use_context,gaming,multi,0.11775841073934631,0.028735632183908046,0.0,5,0,174,2586,0.0,False,-0.028735632183908046,0.0
Furniture > Decor > Clocks & Timers,use_context,gym/sports,multi,0.11775841073934631,0.034482758620689655,0.008507347254447023,6,22,174,2586,0.0033,False,-0.02597541136624263,0.0007451612903225806
Furniture > Decor > Clocks & Timers,use_context,healthcare,multi,0.11775841073934631,0.005747126436781609,0.0,1,0,174,2586,0.00705,False,-0.005747126436781609,0.0025016129032258065
Furniture > Decor > Clocks & Timers,use_context,home office,multi,0.11775841073934631,0.022988505747126436,0.020494972931167827,4,53,174,2586,0.38165,False,-0.0024935328159586094,0.1600467741935484
Furniture > Decor > Clocks & Timers,use_context,hospitality/events,multi,0.11775841073934631,0.034482758620689655,0.012761020881670533,6,33,174,2586,0.0194,False,-0.02172173773901912,0.004693548387096774
Furniture > Decor > Clocks & Timers,use_context,kids/teen,multi,0.11775841073934631,0.005747126436781609,0.018561484918793503,1,48,174,2586,0.9078,False,0.012814358482011894,0.5563935483870969
Furniture > Decor > Clocks & Timers,use_context,outdoor,multi,0.11775841073934631,0.11494252873563218,0.035189481825212685,20,91,174,2586,0.0,False,-0.0797530469104195,0.0
Furniture > Decor > Clocks & Timers,use_context,reception/lobby,multi,0.11775841073934631,0.022988505747126436,0.002320185614849188,4,6,174,2586,0.0006,False,-0.02066832013227725,0.00015483870967741934
Furniture > Decor > Clocks & Timers,use_context,residential living,multi,0.11775841073934631,0.14367816091954022,0.271461716937355,25,702,174,2586,0.99995,False,0.12778355601781477,0.9031806451612903
Furniture > Decor > Clocks & Timers,use_context,travel/commute,multi,0.11775841073934631,0.005747126436781609,0.010054137664346482,1,26,174,2586,0.67415,False,0.004307011227564873,0.37513185483870964
Furniture > Decor > Clocks & Timers,end_user_segment,gamers,multi,0.2854987702868939,0.028735632183908046,0.0,5,0,174,2586,0.0,False,-0.028735632183908046,0.0
Furniture > Decor > Clocks & Timers,end_user_segment,kids,multi,0.2854987702868939,0.005747126436781609,0.02088167053364269,1,54,174,2586,0.93165,False,0.015134544096861081,0.5935512096774194
Furniture > Decor > Clocks & Timers,end_user_segment,men,multi,0.2854987702868939,0.0,0.0019334880123743233,0,5,174,2586,0.5971,False,0.0019334880123743233,0.3081806451612903
Furniture > Decor > Clocks & Timers,end_user_segment,remote workers,multi,0.2854987702868939,0.022988505747126436,0.020108275328692964,4,52,174,2586,0.3664,False,-0.002880230418433473,0.14774193548387096
Furniture > Decor > Clocks & Timers,end_user_segment,seniors,multi,0.2854987702868939,0.0,0.01237432327919567,0,32,174,2586,0.9628,False,0.01237432327919567,0.5745741935483871
Furniture > Decor > Clocks & Timers,end_user_segment,students,multi,0.2854987702868939,0.0,0.001160092807424594,0,3,174,2586,0.48805,False,0.001160092807424594,0.244025
Furniture > Decor > Clocks & Timers,end_user_segment,teachers,multi,0.2854987702868939,0.0,0.0003866976024748647,0,1,174,2586,0.3181,False,0.0003866976024748647,0.14750604838709677
Furniture > Decor > Clocks & Timers,end_user_segment,teens,multi,0.2854987702868939,0.0,0.001160092807424594,0,3,174,2586,0.48305,False,0.001160092807424594,0.241525
Furniture > Decor > Clocks & Timers,end_user_segment,women,multi,0.2854987702868939,0.0,0.001160092807424594,0,3,174,2586,0.4831,False,0.001160092807424594,0.24155
Furniture > Decor > Clocks & Timers,key_benefits,commercial-grade,multi,0.32826653149282525,0.017241379310344827,0.05375096674400619,3,139,174,2586,0.9909,False,0.03650958743366136,0.7271927419354839
Furniture > Decor > Clocks & Timers,key_benefits,easy-clean,multi,0.32826653149282525,0.0,0.0568445475638051,0,147,174,2586,1.0,False,0.0568445475638051,0.7903225806451613
Furniture > Decor > Clocks & Timers,key_benefits,space-saving,multi,0.32826653149282525,0.017241379310344827,0.024361948955916472,3,63,174,2586,0.7067,False,0.007120569645571645,0.410341935483871
Furniture > Decor > Clocks & Timers,key_benefits,sustainable,multi,0.32826653149282525,0.022988505747126436,0.0007733952049497294,4,2,174,2586,0.0001,False,-0.022215110542176706,2.338709677419355e-05
Furniture > Decor > Clocks & Timers,key_benefits,tech-enabled,multi,0.32826653149282525,0.16666666666666666,0.03634957463263728,29,94,174,2586,0.0,False,-0.13031709203402939,0.0
Furniture > Decor > Clocks & Timers,key_benefits,water-resistant,multi,0.32826653149282525,0.0,0.0034802784222737818,0,9,174,2586,0.7244,False,0.0034802784222737818,0.3943306451612903
Office Supplies > Desk Organizers & Accessories > Desk Pads,colour_family,beige/cream,single,0.15641319091307837,0.0,0.05714285714285714,0,2,55,35,0.9657,False,0.05714285714285714,0.7579622093023255
Office Supplies > Desk Organizers & Accessories > Desk Pads,colour_family,black,single,0.15641319091307837,0.4,0.3142857142857143,22,11,55,35,0.20805,False,-0.08571428571428574,0.05322209302325582
Office Supplies > Desk Organizers & Accessories > Desk Pads,colour_family,blue,single,0.15641319091307837,0.03636363636363636,0.02857142857142857,2,1,55,35,0.4441,False,-0.007792207792207791,0.2013941860465116
Office Supplies > Desk Organizers & Accessories > Desk Pads,colour_family,brown/wood,single,0.15641319091307837,0.03636363636363636,0.17142857142857143,2,6,55,35,0.98585,False,0.13506493506493505,0.9113380813953488
Office Supplies > Desk Organizers & Accessories > Desk Pads,colour_family,clear,single,0.15641319091307837,0.32727272727272727,0.08571428571428572,18,3,55,35,0.003,False,-0.24155844155844156,0.0001744186046511628
Office Supplies > Desk Organizers & Accessories > Desk Pads,colour_family,green,single,0.15641319091307837,0.0,0.05714285714285714,0,2,55,35,0.96285,False,0.05714285714285714,0.7557252906976744
Office Supplies > Desk Organizers & Accessories > Desk Pads,colour_family,grey,single,0.15641319091307837,0.05454545454545454,0.08571428571428572,3,3,55,35,0.71495,False,0.031168831168831172,0.4613921511627907
Office Supplies > Desk Organizers & Accessories > Desk Pads,colour_family,multi/pattern,single,0.15641319091307837,0.01818181818181818,0.05714285714285714,1,2,55,35,0.8443,False,0.03896103896103896,0.5939552325581396
Office Supplies > Desk Organizers & Accessories > Desk Pads,colour_family,navy,single,0.15641319091307837,0.0,0.02857142857142857,0,1,55,35,0.87995,False,0.02857142857142857,0.5320627906976744
Office Supplies > Desk Organizers & Accessories > Desk Pads,colour_family,red/pink,single,0.15641319091307837,0.03636363636363636,0.11428571428571428,2,4,55,35,0.925,False,0.07792207792207792,0.7744186046511629
Office Supplies > Desk Organizers & Accessories > Desk Pads,colour_family,white,single,0.15641319091307837,0.07272727272727272,0.0,4,0,55,35,0.03725,False,-0.07272727272727272,0.010828488372093024
Office Supplies > Desk Organizers & Accessories > Desk Pads,colour_family,yellow/orange,single,0.15641319091307837,0.01818181818181818,0.0,1,0,55,35,0.25415,False,-0.01818181818181818,0.10638837209302325
Office Supplies > Desk Organizers & Accessories > Desk Pads,colour_tone,bold,single,0.09497710745664335,0.09090909090909091,0.2,5,7,55,35,0.9318,False,0.1090909090909091,0.8017813953488372
Office Supplies > Desk Organizers & Accessories > Desk Pads,colour_tone,dark-neutral,single,0.09497710745664335,0.4,0.34285714285714286,22,12,55,35,0.29025,False,-0.05714285714285716,0.08775
Office Supplies > Desk Organizers & Accessories > Desk Pads,colour_tone,light-neutral,single,0.09497710745664335,0.4,0.14285714285714285,22,5,55,35,0.0038,False,-0.2571428571428572,0.00013255813953488372
Office Supplies > Desk Organizers & Accessories > Desk Pads,colour_tone,mid-neutral,single,0.09497710745664335,0.05454545454545454,0.08571428571428572,3,3,55,35,0.7207,False,0.031168831168831172,0.4651029069767442
Office Supplies > Desk Organizers & Accessories > Desk Pads,colour_tone,pattern,single,0.09497710745664335,0.01818181818181818,0.05714285714285714,1,2,55,35,0.8402,False,0.03896103896103896,0.5910709302325581
Office Supplies > Desk Organizers & Accessories > Desk Pads,colour_tone,warm-neutral,single,0.09497710745664335,0.03636363636363636,0.17142857142857143,2,6,55,35,0.98575,False,0.13506493506493505,0.9112456395348837
Office Supplies > Desk Organizers & Accessories > Desk Pads,material_class,clear plastic,single,0.23369740737816347,0.2,0.05084745762711865,11,3,55,59,0.00525,False,-0.14915254237288136,0.0004883720930232558
Office Supplies > Desk Organizers & Accessories > Desk Pads,material_class,fabric/cloth,single,0.23369740737816347,0.10909090909090909,0.01694915254237288,6,1,55,59,0.0171,False,-0.09214175654853621,0.0035790697674418608
Office Supplies > Desk Organizers & Accessories > Desk Pads,material_class,faux leather,single,0.23369740737816347,0.2909090909090909,0.7627118644067796,16,45,55,59,1.0,False,0.47180277349768873,0.9883720930232558
Office Supplies > Desk Organizers & Accessories > Desk Pads,material_class,felt/wool,single,0.23369740737816347,0.0,0.03389830508474576,0,2,55,59,0.915,False,0.03389830508474576,0.6277325581395349
Office Supplies > Desk Organizers & Accessories > Desk Pads,material_class,glass,single,0.23369740737816347,0.03636363636363636,0.01694915254237288,2,1,55,59,0.26135,False,-0.01941448382126348,0.10028546511627909
Office Supplies > Desk Organizers & Accessories > Desk Pads,material_class,paper,single,0.23369740737816347,0.07272727272727272,0.03389830508474576,4,2,55,59,0.1782,False,-0.03882896764252696,0.06216279069767442
Office Supplies > Desk Organizers & Accessories > Desk Pads,material_class,rubber,single,0.23369740737816347,0.05454545454545454,0.0847457627118644,3,5,55,59,0.73295,False,0.03020030816640986,0.45170174418604647
Office Supplies > Desk Organizers & Accessories > Desk Pads,material_class,vinyl/pvc,single,0.23369740737816347,0.23636363636363636,0.0,13,0,55,59,0.0,False,-0.23636363636363636,0.0
Office Supplies > Desk Organizers & Accessories > Desk Pads,style_family,farmhouse/rustic,single,0.2684414300451999,0.0,0.1111111111111111,0,1,11,9,0.85265,False,0.1111111111111111,0.7485473837209302
Office Supplies > Desk Organizers & Accessories > Desk Pads,style_family,gaming,single,0.2684414300451999,0.2727272727272727,0.7777777777777778,3,7,11,9,0.98915,False,0.5050505050505051,0.98915
Office Supplies > Desk Organizers & Accessories > Desk Pads,style_family,industrial,single,0.2684414300451999,0.09090909090909091,0.0,1,0,11,9,0.20185,False,-0.09090909090909091,0.048115406976744185
Office Supplies > Desk Organizers & Accessories > Desk Pads,style_family,minimalist,single,0.2684414300451999,0.09090909090909091,0.0,1,0,11,9,0.20655,False,-0.09090909090909091,0.049235755813953494
Office Supplies > Desk Organizers & Accessories > Desk Pads,style_family,modern,single,0.2684414300451999,0.5454545454545454,0.0,6,0,11,9,0.0024,False,-0.5454545454545454,0.0
Office Supplies > Desk Organizers & Accessories > Desk Pads,style_family,traditional,single,0.2684414300451999,0.0,0.1111111111111111,0,1,11,9,0.8522,False,0.1111111111111111,0.7481523255813953
Office Supplies > Desk Organizers & Accessories > Desk Pads,size_class,extra large (36 in+),single,0.21808150319837755,0.0,0.0425531914893617,0,2,54,47,0.9432,True,0.0425531914893617,0.6799813953488372
Office Supplies > Desk Organizers & Accessories > Desk Pads,size_class,large (30-36 in),single,0.21808150319837755,0.18518518518518517,0.5531914893617021,10,26,54,47,0.99995,True,0.368006304176517,0.9766953488372093
Office Supplies > Desk Organizers & Accessories > Desk Pads,size_class,small (<20 in),single,0.21808150319837755,0.48148148148148145,0.0425531914893617,26,2,54,47,0.0,True,-0.43892828999211975,0.0
Office Supplies > Desk Organizers & Accessories > Desk Pads,size_class,standard (20-30 in),single,0.21808150319837755,0.3333333333333333,0.3617021276595745,18,17,54,47,0.61575,True,0.028368794326241176,0.3651540697674419
Office Supplies > Desk Organizers & Accessories > Desk Pads,vibe,cozy/plush,single,0.1474227439580213,0.01818181818181818,0.0,1,0,55,61,0.16645,False,-0.01818181818181818,0.06967674418604651
Office Supplies > Desk Organizers & Accessories > Desk Pads,vibe,curved/organic,single,0.1474227439580213,0.14545454545454545,0.0,8,0,55,61,0.00015,False,-0.14545454545454545,1.7441860465116278e-05
Office Supplies > Desk Organizers & Accessories > Desk Pads,vibe,cute/kawaii,single,0.1474227439580213,0.0,0.01639344262295082,0,1,55,61,0.80655,False,0.01639344262295082,0.43609970930232556
Office Supplies > Desk Organizers & Accessories > Desk Pads,vibe,floral/botanical,single,0.1474227439580213,0.0,0.04918032786885246,0,3,55,61,0.961,False,0.04918032786885246,0.72075
Office Supplies > Desk Organizers & Accessories > Desk Pads,vibe,inspirational,single,0.1474227439580213,0.0,0.01639344262295082,0,1,55,61,0.8017,False,0.01639344262295082,0.4334773255813953
Office Supplies > Desk Organizers & Accessories > Desk Pads,vibe,luxe,single,0.1474227439580213,0.36363636363636365,0.2786885245901639,20,17,55,61,0.1605,False,-0.08494783904619974,0.04385755813953488
Office Supplies > Desk Organizers & Accessories > Desk Pads,vibe,natural/woven,single,0.1474227439580213,0.0,0.04918032786885246,0,3,55,61,0.96075,False,0.04918032786885246,0.7205625
Office Supplies > Desk Organizers & Accessories > Desk Pads,vibe,plain,single,0.1474227439580213,0.36363636363636365,0.5737704918032787,20,35,55,61,0.98805,False,0.210134128166915,0.9420941860465116
Office Supplies > Desk Organizers & Accessories > Desk Pads,vibe,professional,single,0.1474227439580213,0.10909090909090909,0.0,6,0,55,61,0.00195,False,-0.10909090909090909,0.0003627906976744186
Office Supplies > Desk Organizers & Accessories > Desk Pads,vibe,retro/vintage,single,0.1474227439580213,0.0,0.01639344262295082,0,1,55,61,0.80245,False,0.01639344262295082,0.4338828488372093
Office Supplies > Desk Organizers & Accessories > Desk Pads,wireless_charging,no,single,0.0517393369343061,0.8727272727272727,1.0,48,61,55,61,0.99925,False,0.12727272727272732,0.9062965116279069
Office Supplies > Desk Organizers & Accessories > Desk Pads,wireless_charging,yes,single,0.0517393369343061,0.12727272727272726,0.0,7,0,55,61,0.00065,False,-0.12727272727272726,9.069767441860465e-05
Office Supplies > Desk Organizers & Accessories > Desk Pads,side_rails,no,single,0.013328446604018933,0.9272727272727272,0.8360655737704918,51,51,55,61,0.06465,False,-0.0912071535022354,0.014283139534883721
Office Supplies > Desk Organizers & Accessories > Desk Pads,side_rails,yes,single,0.013328446604018933,0.07272727272727272,0.16393442622950818,4,10,55,61,0.9357,False,0.09120715350223546,0.7942569767441859
Office Supplies > Desk Organizers & Accessories > Desk Pads,anti_slip,no,single,0.009328695362325778,0.34545454545454546,0.45901639344262296,19,28,55,61,0.8955,False,0.1135618479880775,0.8017848837209303
Office Supplies > Desk Organizers & Accessories > Desk Pads,anti_slip,yes,single,0.009328695362325778,0.6545454545454545,0.5409836065573771,36,33,55,61,0.1103,False,-0.11356184798807745,0.016673255813953486
Office Supplies > Desk Organizers & Accessories > Desk Pads,dual_sided,no,single,0.00011798576155024705,0.9454545454545454,0.9508196721311475,52,58,55,61,0.56255,False,0.00536512667660205,0.26819244186046515
Office Supplies > Desk Organizers & Accessories > Desk Pads,dual_sided,yes,single,0.00011798576155024705,0.05454545454545454,0.04918032786885246,3,3,55,61,0.4441,False,-0.005365126676602085,0.20655813953488372
Office Supplies > Desk Organizers & Accessories > Desk Pads,aesthetic_tags,cozy/plush,multi,0.17737488898987325,0.01818181818181818,0.0,1,0,55,61,0.16105,False,-0.01818181818181818,0.06741627906976745
Office Supplies > Desk Organizers & Accessories > Desk Pads,aesthetic_tags,curved/organic,multi,0.17737488898987325,0.14545454545454545,0.0,8,0,55,61,0.0002,False,-0.14545454545454545,2.3255813953488374e-05
Office Supplies > Desk Organizers & Accessories > Desk Pads,aesthetic_tags,cute/kawaii,multi,0.17737488898987325,0.0,0.01639344262295082,0,1,55,61,0.8001,False,0.01639344262295082,0.4326122093023256
Office Supplies > Desk Organizers & Accessories > Desk Pads,aesthetic_tags,floral/botanical,multi,0.17737488898987325,0.0,0.04918032786885246,0,3,55,61,0.95945,False,0.04918032786885246,0.7195875
Office Supplies > Desk Organizers & Accessories > Desk Pads,aesthetic_tags,inspirational,multi,0.17737488898987325,0.0,0.01639344262295082,0,1,55,61,0.8018,False,0.01639344262295082,0.43353139534883717
Office Supplies > Desk Organizers & Accessories > Desk Pads,aesthetic_tags,luxe,multi,0.17737488898987325,0.36363636363636365,0.2786885245901639,20,17,55,61,0.165,False,-0.08494783904619974,0.045087209302325584
Office Supplies > Desk Organizers & Accessories > Desk Pads,aesthetic_tags,natural/woven,multi,0.17737488898987325,0.01818181818181818,0.04918032786885246,1,3,55,61,0.81295,False,0.030998509687034277,0.510456976744186
Office Supplies > Desk Organizers & Accessories > Desk Pads,aesthetic_tags,playful/colourful,multi,0.17737488898987325,0.0,0.01639344262295082,0,1,55,61,0.8007,False,0.01639344262295082,0.4329366279069767
Office Supplies > Desk Organizers & Accessories > Desk Pads,aesthetic_tags,professional,multi,0.17737488898987325,0.2545454545454545,0.09836065573770492,14,6,55,61,0.01265,False,-0.1561847988077496,0.0010296511627906977
Office Supplies > Desk Organizers & Accessories > Desk Pads,aesthetic_tags,retro/vintage,multi,0.17737488898987325,0.0,0.01639344262295082,0,1,55,61,0.80455,False,0.01639344262295082,0.43501831395348833
Office Supplies > Desk Organizers & Accessories > Desk Pads,aesthetic_tags,sleek/minimal,multi,0.17737488898987325,0.10909090909090909,0.0,6,0,55,61,0.0019,False,-0.10909090909090909,0.0003534883720930232
Office Supplies > Desk Organizers & Accessories > Desk Pads,aesthetic_tags,textured,multi,0.17737488898987325,0.0,0.03278688524590164,0,2,55,61,0.9162,False,0.03278688524590164,0.6125755813953488
Office Supplies > Desk Organizers & Accessories > Desk Pads,use_context,breakroom/dining,multi,0.12574899351809474,0.05454545454545454,0.0,3,0,55,61,0.02705,False,-0.05454545454545454,0.008806976744186047
Office Supplies > Desk Organizers & Accessories > Desk Pads,use_context,corporate office,multi,0.12574899351809474,0.34545454545454546,0.5245901639344263,19,32,55,61,0.97275,False,0.1791356184798808,0.9161947674418605
Office Supplies > Desk Organizers & Accessories > Desk Pads,use_context,education,multi,0.12574899351809474,0.01818181818181818,0.0,1,0,55,61,0.162,False,-0.01818181818181818,0.0678139534883721
Office Supplies > Desk Organizers & Accessories > Desk Pads,use_context,gaming,multi,0.12574899351809474,0.05454545454545454,0.11475409836065574,3,7,55,61,0.87595,False,0.0602086438152012,0.7078898255813953
Office Supplies > Desk Organizers & Accessories > Desk Pads,use_context,home office,multi,0.12574899351809474,0.0,0.06557377049180328,0,4,55,61,0.98305,False,0.06557377049180328,0.8115877906976744
Office Supplies > Desk Organizers & Accessories > Desk Pads,use_context,kids/teen,multi,0.12574899351809474,0.05454545454545454,0.0,3,0,55,61,0.02515,False,-0.05454545454545454,0.008188372093023257
Office Supplies > Desk Organizers & Accessories > Desk Pads,use_context,reception/lobby,multi,0.12574899351809474,0.03636363636363636,0.0,2,0,55,61,0.06235,False,-0.03636363636363636,0.0228375
Office Supplies > Desk Organizers & Accessories > Desk Pads,use_context,residential living,multi,0.12574899351809474,0.0,0.01639344262295082,0,1,55,61,0.8061,False,0.01639344262295082,0.4358563953488372
Office Supplies > Desk Organizers & Accessories > Desk Pads,use_context,travel/commute,multi,0.12574899351809474,0.01818181818181818,0.0,1,0,55,61,0.16285,False,-0.01818181818181818,0.06816976744186047
Office Supplies > Desk Organizers & Accessories > Desk Pads,end_user_segment,gamers,multi,0.1804819105165556,0.05454545454545454,0.11475409836065574,3,7,55,61,0.8733,False,0.0602086438152012,0.7057482558139535
Office Supplies > Desk Organizers & Accessories > Desk Pads,end_user_segment,kids,multi,0.1804819105165556,0.05454545454545454,0.0,3,0,55,61,0.0277,False,-0.05454545454545454,0.009018604651162792
Office Supplies > Desk Organizers & Accessories > Desk Pads,end_user_segment,men,multi,0.1804819105165556,0.0,0.03278688524590164,0,2,55,61,0.91325,False,0.03278688524590164,0.6106031976744186
Office Supplies > Desk Organizers & Accessories > Desk Pads,end_user_segment,remote workers,multi,0.1804819105165556,0.0,0.04918032786885246,0,3,55,61,0.9605,False,0.04918032786885246,0.720375
Office Supplies > Desk Organizers & Accessories > Desk Pads,end_user_segment,women,multi,0.1804819105165556,0.01818181818181818,0.03278688524590164,1,2,55,61,0.68395,False,0.01460506706408346,0.33402209302325575
Office Supplies > Desk Organizers & Accessories > Desk Pads,key_benefits,comfort,multi,0.471817885552831,0.10909090909090909,0.0,6,0,55,61,0.0021,False,-0.10909090909090909,0.00039069767441860464
Office Supplies > Desk Organizers & Accessories > Desk Pads,key_benefits,easy-clean,multi,0.471817885552831,0.45454545454545453,0.0,25,0,55,61,0.0,False,-0.45454545454545453,0.0
Office Supplies > Desk Organizers & Accessories > Desk Pads,key_benefits,ergonomic,multi,0.471817885552831,0.12727272727272726,0.01639344262295082,7,1,55,61,0.0076,False,-0.11087928464977644,0.0012372093023255814
Office Supplies > Desk Organizers & Accessories > Desk Pads,key_benefits,space-saving,multi,0.471817885552831,0.03636363636363636,0.0,2,0,55,61,0.06735,False,-0.03636363636363636,0.024668895348837205
Office Supplies > Desk Organizers & Accessories > Desk Pads,key_benefits,sustainable,multi,0.471817885552831,0.2727272727272727,0.01639344262295082,15,1,55,61,0.0,False,-0.25633383010432187,0.0
Office Supplies > Desk Organizers & Accessories > Desk Pads,key_benefits,tech-enabled,multi,0.471817885552831,0.14545454545454545,0.0,8,0,55,61,0.0002,False,-0.14545454545454545,2.3255813953488374e-05
Office Supplies > Desk Organizers & Accessories > Desk Pads,key_benefits,water-resistant,multi,0.471817885552831,0.14545454545454545,0.47540983606557374,8,29,55,61,0.99985,False,0.3299552906110283,0.9649715116279071
"Coffee, Water & Snacks > Coffee, Coffee Makers & Supplies > Coffee Organizers & Dispensers",colour_family,beige/cream,single,0.5205996561520407,0.02,0.005123825789923143,1,6,50,1171,0.09555,False,-0.014876174210076858,0.035577127659574465
"Coffee, Water & Snacks > Coffee, Coffee Makers & Supplies > Coffee Organizers & Dispensers",colour_family,black,single,0.5205996561520407,0.84,0.13834329632792486,42,162,50,1171,0.0,False,-0.7016567036720751,0.0
"Coffee, Water & Snacks > Coffee, Coffee Makers & Supplies > Coffee Organizers & Dispensers",colour_family,blue,single,0.5205996561520407,0.0,0.0017079419299743809,0,2,50,1171,0.33865,False,0.0017079419299743809,0.18733829787234044
"Coffee, Water & Snacks > Coffee, Coffee Makers & Supplies > Coffee Organizers & Dispensers",colour_family,brown/wood,single,0.5205996561520407,0.02,0.7702818104184458,1,902,50,1171,1.0,False,0.7502818104184458,0.9946808510638298
"Coffee, Water & Snacks > Coffee, Coffee Makers & Supplies > Coffee Organizers & Dispensers",colour_family,clear,single,0.5205996561520407,0.06,0.029888983774551667,3,35,50,1171,0.1198,False,-0.03011101622544833,0.034410638297872345
"Coffee, Water & Snacks > Coffee, Coffee Makers & Supplies > Coffee Organizers & Dispensers",colour_family,grey,single,0.5205996561520407,0.0,0.0008539709649871904,0,1,50,1171,0.26115,False,0.0008539709649871904,0.1277968085106383
"Coffee, Water & Snacks > Coffee, Coffee Makers & Supplies > Coffee Organizers & Dispensers",colour_family,metallic,single,0.5205996561520407,0.0,0.032450896669513236,0,38,50,1171,0.9312,False,0.032450896669513236,0.767744680851064
"Coffee, Water & Snacks > Coffee, Coffee Makers & Supplies > Coffee Organizers & Dispensers",colour_family,multi/pattern,single,0.5205996561520407,0.0,0.0008539709649871904,0,1,50,1171,0.25715,False,0.0008539709649871904,0.12583936170212764
"Coffee, Water & Snacks > Coffee, Coffee Makers & Supplies > Coffee Organizers & Dispensers",colour_family,navy,single,0.5205996561520407,0.0,0.0008539709649871904,0,1,50,1171,0.2561,False,0.0008539709649871904,0.12532553191489362
"Coffee, Water & Snacks > Coffee, Coffee Makers & Supplies > Coffee Organizers & Dispensers",colour_family,purple,single,0.5205996561520407,0.0,0.0008539709649871904,0,1,50,1171,0.2581,False,0.0008539709649871904,0.12630425531914893
"Coffee, Water & Snacks > Coffee, Coffee Makers & Supplies > Coffee Organizers & Dispensers",colour_family,red/pink,single,0.5205996561520407,0.02,0.004269854824935952,1,5,50,1171,0.07905,False,-0.015730145175064048,0.028592553191489362
"Coffee, Water & Snacks > Coffee, Coffee Makers & Supplies > Coffee Organizers & Dispensers",colour_family,white,single,0.5205996561520407,0.04,0.013663535439795047,2,16,50,1171,0.07885,False,-0.026336464560204956,0.023487234042553193
"Coffee, Water & Snacks > Coffee, Coffee Makers & Supplies > Coffee Organizers & Dispensers",colour_family,yellow/orange,single,0.5205996561520407,0.0,0.0008539709649871904,0,1,50,1171,0.257,False,0.0008539709649871904,0.12576595744680852
"Coffee, Water & Snacks > Coffee, Coffee Makers & Supplies > Coffee Organizers & Dispensers",colour_tone,bold,single,0.5195203742086966,0.02,0.007685738684884714,1,9,50,1171,0.1572,False,-0.012314261315115286,0.06020425531914894
"Coffee, Water & Snacks > Coffee, Coffee Makers & Supplies > Coffee Organizers & Dispensers",colour_tone,dark-neutral,single,0.5195203742086966,0.84,0.13919726729291204,42,163,50,1171,0.0,False,-0.7008027327070879,0.0
"Coffee, Water & Snacks > Coffee, Coffee Makers & Supplies > Coffee Organizers & Dispensers",colour_tone,light-neutral,single,0.5195203742086966,0.12,0.04867634500426986,6,57,50,1171,0.0222,False,-0.07132365499573014,0.005431914893617021
"Coffee, Water & Snacks > Coffee, Coffee Makers & Supplies > Coffee Organizers & Dispensers",colour_tone,metallic,single,0.5195203742086966,0.0,0.032450896669513236,0,38,50,1171,0.9274,False,0.032450896669513236,0.7646117021276596
"Coffee, Water & Snacks > Coffee, Coffee Makers & Supplies > Coffee Organizers & Dispensers",colour_tone,mid-neutral,single,0.5195203742086966,0.0,0.0008539709649871904,0,1,50,1171,0.26815,False,0.0008539709649871904,0.1312223404255319
"Coffee, Water & Snacks > Coffee, Coffee Makers & Supplies > Coffee Organizers & Dispensers",colour_tone,pattern,single,0.5195203742086966,0.0,0.0008539709649871904,0,1,50,1171,0.2599,False,0.0008539709649871904,0.12718510638297872
"Coffee, Water & Snacks > Coffee, Coffee Makers & Supplies > Coffee Organizers & Dispensers",colour_tone,warm-neutral,single,0.5195203742086966,0.02,0.7702818104184458,1,902,50,1171,1.0,False,0.7502818104184458,0.9946808510638298
"Coffee, Water & Snacks > Coffee, Coffee Makers & Supplies > Coffee Organizers & Dispensers",material_class,acrylic/clear,single,0.33558621173355707,0.0851063829787234,0.15579227696404793,4,117,47,751,0.9133,False,0.07068589398532453,0.7869925531914893
"Coffee, Water & Snacks > Coffee, Coffee Makers & Supplies > Coffee Organizers & Dispensers",material_class,glass,single,0.33558621173355707,0.0,0.02663115845539281,0,20,47,751,0.8864,False,0.02663115845539281,0.716663829787234
"Coffee, Water & Snacks > Coffee, Coffee Makers & Supplies > Coffee Organizers & Dispensers",material_class,metal/wire,single,0.33558621173355707,0.2553191489361702,0.4181091877496671,12,314,47,751,0.9863,False,0.1627900388134969,0.902359574468085
"Coffee, Water & Snacks > Coffee, Coffee Makers & Supplies > Coffee Organizers & Dispensers",material_class,plastic,single,0.33558621173355707,0.6170212765957447,0.03595206391478029,29,27,47,751,0.0,False,-0.5810692126809643,0.0
"Coffee, Water & Snacks > Coffee, Coffee Makers & Supplies > Coffee Organizers & Dispensers",material_class,wood/bamboo,single,0.33558621173355707,0.0425531914893617,0.36351531291611183,2,273,47,751,1.0,False,0.3209621214267501,0.9574468085106383
"Coffee, Water & Snacks > Coffee, Coffee Makers & Supplies > Coffee Organizers & Dispensers",style_family,boho/coastal,single,0.2599904513408724,0.0,0.004702194357366771,0,3,31,638,0.42365,False,0.004702194357366771,0.2704148936170213
"Coffee, Water & Snacks > Coffee, Coffee Makers & Supplies > Coffee Organizers & Dispensers",style_family,contemporary,single,0.2599904513408724,0.3225806451612903,0.19592476489028213,10,125,31,638,0.0492,False,-0.1266558802710082,0.008897872340425533
"Coffee, Water & Snacks > Coffee, Coffee Makers & Supplies > Coffee Organizers & Dispensers",style_family,farmhouse/rustic,single,0.2599904513408724,0.03225806451612903,0.13636363636363635,1,87,31,638,0.9693,False,0.10410557184750732,0.8661829787234042
"Coffee, Water & Snacks > Coffee, Coffee Makers & Supplies > Coffee Organizers & Dispensers",style_family,industrial,single,0.2599904513408724,0.03225806451612903,0.46238244514106586,1,295,31,638,1.0,False,0.43012438062493685,0.9680851063829787
"Coffee, Water & Snacks > Coffee, Coffee Makers & Supplies > Coffee Organizers & Dispensers",style_family,mid-century,single,0.2599904513408724,0.0,0.006269592476489028,0,4,31,638,0.47365,False,0.006269592476489028,0.33760159574468085
"Coffee, Water & Snacks > Coffee, Coffee Makers & Supplies > Coffee Organizers & Dispensers",style_family,minimalist,single,0.2599904513408724,0.2903225806451613,0.11755485893416928,9,75,31,638,0.0053,False,-0.17276772171099203,0.0007893617021276595
"Coffee, Water & Snacks > Coffee, Coffee Makers & Supplies > Coffee Organizers & Dispensers",style_family,modern,single,0.2599904513408724,0.3225806451612903,0.05799373040752351,10,37,31,638,0.0,False,-0.26458691475376683,0.0
"Coffee, Water & Snacks > Coffee, Coffee Makers & Supplies > Coffee Organizers & Dispensers",style_family,scandinavian,single,0.2599904513408724,0.0,0.0109717868338558,0,7,31,638,0.5951,False,0.0109717868338558,0.4558212765957447
"Coffee, Water & Snacks > Coffee, Coffee Makers & Supplies > Coffee Organizers & Dispensers",style_family,traditional,single,0.2599904513408724,0.0,0.007836990595611285,0,5,31,638,0.51715,False,0.007836990595611285,0.39061329787234045
"Coffee, Water & Snacks > Coffee, Coffee Makers & Supplies > Coffee Organizers & Dispensers",vibe,cozy/plush,single,0.33615204716096825,0.02,0.0,1,0,50,1196,0.00345,False,-0.02,0.0011010638297872341
"Coffee, Water & Snacks > Coffee, Coffee Makers & Supplies > Coffee Organizers & Dispensers",vibe,curved/organic,single,0.33615204716096825,0.0,0.004180602006688963,0,5,50,1196,0.49105,False,0.004180602006688963,0.3056002659574468
"Coffee, Water & Snacks > Coffee, Coffee Makers & Supplies > Coffee Organizers & Dispensers",vibe,cute/kawaii,single,0.33615204716096825,0.0,0.005016722408026756,0,6,50,1196,0.5245,False,0.005016722408026756,0.34594680851063825
"Coffee, Water & Snacks > Coffee, Coffee Makers & Supplies > Coffee Organizers & Dispensers",vibe,geometric/abstract,single,0.33615204716096825,0.0,0.0033444816053511705,0,4,50,1196,0.4524,False,0.0033444816053511705,0.2719212765957447
"Coffee, Water & Snacks > Coffee, Coffee Makers & Supplies > Coffee Organizers & Dispensers",vibe,luxe,single,0.33615204716096825,0.02,0.0225752508361204,1,27,50,1196,0.4847,False,0.0025752508361203998,0.28102287234042556
"Coffee, Water & Snacks > Coffee, Coffee Makers & Supplies > Coffee Organizers & Dispensers",vibe,metal-accent,single,0.33615204716096825,0.0,0.002508361204013378,0,3,50,1196,0.3971,False,0.002508361204013378,0.22389680851063828
"Coffee, Water & Snacks > Coffee, Coffee Makers & Supplies > Coffee Organizers & Dispensers",vibe,natural/woven,single,0.33615204716096825,0.02,0.06354515050167224,1,76,50,1196,0.9131,False,0.043545150501672236,0.7673925531914895
"Coffee, Water & Snacks > Coffee, Coffee Makers & Supplies > Coffee Organizers & Dispensers",vibe,plain,single,0.33615204716096825,0.38,0.8754180602006689,19,1047,50,1196,1.0,False,0.4954180602006689,0.9787234042553191
"Coffee, Water & Snacks > Coffee, Coffee Makers & Supplies > Coffee Organizers & Dispensers",vibe,playful/colourful,single,0.33615204716096825,0.0,0.0008361204013377926,0,1,50,1196,0.2503,False,0.0008361204013377926,0.10784202127659576
"Coffee, Water & Snacks > Coffee, Coffee Makers & Supplies > Coffee Organizers & Dispensers",vibe,professional,single,0.33615204716096825,0.08,0.0008361204013377926,4,1,50,1196,0.0,False,-0.07916387959866221,0.0
"Coffee, Water & Snacks > Coffee, Coffee Makers & Supplies > Coffee Organizers & Dispensers",vibe,retro/vintage,single,0.33615204716096825,0.0,0.01254180602006689,0,15,50,1196,0.73315,False,0.01254180602006689,0.5732609042553192
"Coffee, Water & Snacks > Coffee, Coffee Makers & Supplies > Coffee Organizers & Dispensers",vibe,sleek/minimal,single,0.33615204716096825,0.48,0.008361204013377926,24,10,50,1196,0.0,False,-0.47163879598662206,0.0
"Coffee, Water & Snacks > Coffee, Coffee Makers & Supplies > Coffee Organizers & Dispensers",vibe,textured,single,0.33615204716096825,0.0,0.0008361204013377926,0,1,50,1196,0.2523,False,0.0008361204013377926,0.10870372340425533
"Coffee, Water & Snacks > Coffee, Coffee Makers & Supplies > Coffee Organizers & Dispensers",organizer_type,basket/bin,single,0.0823946044644551,0.04081632653061224,0.1288135593220339,2,152,49,1180,0.9773,False,0.08799723279142166,0.8629351063829787
"Coffee, Water & Snacks > Coffee, Coffee Makers & Supplies > Coffee Organizers & Dispensers",organizer_type,carousel/rotating,single,0.0823946044644551,0.10204081632653061,0.09152542372881356,5,108,49,1180,0.38085,False,-0.010515392597717055,0.1499090425531915
"Coffee, Water & Snacks > Coffee, Coffee Makers & Supplies > Coffee Organizers & Dispensers",organizer_type,dispenser,single,0.0823946044644551,0.04081632653061224,0.03898305084745763,2,46,49,1180,0.42805,False,-0.0018332756831546115,0.1730414893617021
"Coffee, Water & Snacks > Coffee, Coffee Makers & Supplies > Coffee Organizers & Dispensers",organizer_type,pod drawer,single,0.0823946044644551,0.2857142857142857,0.29322033898305083,14,346,49,1180,0.53485,False,0.007506053268765134,0.3926026595744681
"Coffee, Water & Snacks > Coffee, Coffee Makers & Supplies > Coffee Organizers & Dispensers",organizer_type,stand/rack,single,0.0823946044644551,0.02040816326530612,0.17966101694915254,1,212,49,1180,0.9999,False,0.15925285368384642,0.9041648936170213
"Coffee, Water & Snacks > Coffee, Coffee Makers & Supplies > Coffee Organizers & Dispensers",organizer_type,station/condiment organizer,single,0.0823946044644551,0.5102040816326531,0.2677966101694915,25,316,49,1180,0.0002,False,-0.24240747146316155,2.1276595744680852e-05
"Coffee, Water & Snacks > Coffee, Coffee Makers & Supplies > Coffee Organizers & Dispensers",pod_system,k-cup,single,0.21106189561407185,0.2903225806451613,0.49148694665153236,9,433,31,881,0.9866,False,0.20116436600637105,0.9131297872340425
"Coffee, Water & Snacks > Coffee, Coffee Makers & Supplies > Coffee Organizers & Dispensers",pod_system,multi-item,single,0.21106189561407185,0.6774193548387096,0.1793416572077185,21,158,31,881,0.0,False,-0.49807769763099113,0.0
"Coffee, Water & Snacks > Coffee, Coffee Makers & Supplies > Coffee Organizers & Dispensers",pod_system,nespresso,single,0.21106189561407185,0.03225806451612903,0.32917139614074914,1,290,31,881,0.99995,False,0.2969133316246201,0.946761170212766
"Coffee, Water & Snacks > Coffee, Coffee Makers & Supplies > Coffee Organizers & Dispensers",capacity_band,30-49 pods,single,0.044433588461398076,0.27586206896551724,0.5209876543209877,8,211,29,405,0.99475,False,0.24512558535547047,0.9312553191489362
"Coffee, Water & Snacks > Coffee, Coffee Makers & Supplies > Coffee Organizers & Dispensers",capacity_band,50+ pods,single,0.044433588461398076,0.27586206896551724,0.18765432098765433,8,76,29,405,0.1245,False,-0.0882077479778629,0.02648936170212766
"Coffee, Water & Snacks > Coffee, Coffee Makers & Supplies > Coffee Organizers & Dispensers",capacity_band,under 30 pods,single,0.044433588461398076,0.4482758620689655,0.291358024691358,13,118,29,405,0.04025,False,-0.1569178373776075,0.006851063829787234
"Coffee, Water & Snacks > Coffee, Coffee Makers & Supplies > Coffee Organizers & Dispensers",aesthetic_tags,cozy/plush,multi,0.48572246204759784,0.04,0.002508361204013378,2,3,50,1196,0.003,False,-0.037491638795986625,0.0007978723404255319
"Coffee, Water & Snacks > Coffee, Coffee Makers & Supplies > Coffee Organizers & Dispensers",aesthetic_tags,curved/organic,multi,0.48572246204759784,0.0,0.004180602006688963,0,5,50,1196,0.4968,False,0.004180602006688963,0.30917872340425534
"Coffee, Water & Snacks > Coffee, Coffee Makers & Supplies > Coffee Organizers & Dispensers",aesthetic_tags,cute/kawaii,multi,0.48572246204759784,0.0,0.005016722408026756,0,6,50,1196,0.52675,False,0.005016722408026756,0.3474308510638298
"Coffee, Water & Snacks > Coffee, Coffee Makers & Supplies > Coffee Organizers & Dispensers",aesthetic_tags,geometric/abstract,multi,0.48572246204759784,0.0,0.005016722408026756,0,6,50,1196,0.5255,False,0.005016722408026756,0.34660638297872337
"Coffee, Water & Snacks > Coffee, Coffee Makers & Supplies > Coffee Organizers & Dispensers",aesthetic_tags,luxe,multi,0.48572246204759784,0.02,0.0225752508361204,1,27,50,1196,0.4772,False,0.0025752508361203998,0.2766744680851064
"Coffee, Water & Snacks > Coffee, Coffee Makers & Supplies > Coffee Organizers & Dispensers",aesthetic_tags,metal-accent,multi,0.48572246204759784,0.0,0.005852842809364548,0,7,50,1196,0.5607,False,0.005852842809364548,0.38473563829787233
"Coffee, Water & Snacks > Coffee, Coffee Makers & Supplies > Coffee Organizers & Dispensers",aesthetic_tags,natural/woven,multi,0.48572246204759784,0.02,0.06521739130434782,1,78,50,1196,0.91545,False,0.04521739130434782,0.7791063829787234
"Coffee, Water & Snacks > Coffee, Coffee Makers & Supplies > Coffee Organizers & Dispensers",aesthetic_tags,playful/colourful,multi,0.48572246204759784,0.0,0.0008361204013377926,0,1,50,1196,0.25555,False,0.0008361204013377926,0.11010398936170213
"Coffee, Water & Snacks > Coffee, Coffee Makers & Supplies > Coffee Organizers & Dispensers",aesthetic_tags,professional,multi,0.48572246204759784,0.08,0.0008361204013377926,4,1,50,1196,0.0,False,-0.07916387959866221,0.0
"Coffee, Water & Snacks > Coffee, Coffee Makers & Supplies > Coffee Organizers & Dispensers",aesthetic_tags,retro/vintage,multi,0.48572246204759784,0.0,0.01254180602006689,0,15,50,1196,0.7373,False,0.01254180602006689,0.5765058510638298
"Coffee, Water & Snacks > Coffee, Coffee Makers & Supplies > Coffee Organizers & Dispensers",aesthetic_tags,sleek/minimal,multi,0.48572246204759784,0.54,0.00919732441471572,27,11,50,1196,0.0,False,-0.5308026755852843,0.0
"Coffee, Water & Snacks > Coffee, Coffee Makers & Supplies > Coffee Organizers & Dispensers",aesthetic_tags,textured,multi,0.48572246204759784,0.0,0.0008361204013377926,0,1,50,1196,0.25805,False,0.0008361204013377926,0.11118111702127659
"Coffee, Water & Snacks > Coffee, Coffee Makers & Supplies > Coffee Organizers & Dispensers",use_context,breakroom/dining,multi,0.13389753047515401,0.86,0.6596989966555183,43,789,50,1196,0.00065,False,-0.20030100334448164,8.989361702127659e-05
"Coffee, Water & Snacks > Coffee, Coffee Makers & Supplies > Coffee Organizers & Dispensers",use_context,corporate office,multi,0.13389753047515401,0.68,0.18645484949832775,34,223,50,1196,0.0,False,-0.4935451505016723,0.0
"Coffee, Water & Snacks > Coffee, Coffee Makers & Supplies > Coffee Organizers & Dispensers",use_context,education,multi,0.13389753047515401,0.24,0.004180602006688963,12,5,50,1196,0.0,False,-0.23581939799331103,0.0
"Coffee, Water & Snacks > Coffee, Coffee Makers & Supplies > Coffee Organizers & Dispensers",use_context,home office,multi,0.13389753047515401,0.04,0.046822742474916385,2,56,50,1196,0.55775,False,0.006822742474916384,0.40347872340425533
"Coffee, Water & Snacks > Coffee, Coffee Makers & Supplies > Coffee Organizers & Dispensers",use_context,hospitality/events,multi,0.13389753047515401,0.32,0.39214046822742477,16,469,50,1196,0.85115,False,0.07214046822742476,0.7424925531914893
"Coffee, Water & Snacks > Coffee, Coffee Makers & Supplies > Coffee Organizers & Dispensers",use_context,kids/teen,multi,0.13389753047515401,0.02,0.0016722408026755853,1,2,50,1196,0.02645,False,-0.018327759197324416,0.00914494680851064
"Coffee, Water & Snacks > Coffee, Coffee Makers & Supplies > Coffee Organizers & Dispensers",use_context,outdoor,multi,0.13389753047515401,0.04,0.005852842809364548,2,7,50,1196,0.0167,False,-0.03414715719063545,0.0046191489361702125
"Coffee, Water & Snacks > Coffee, Coffee Makers & Supplies > Coffee Organizers & Dispensers",use_context,reception/lobby,multi,0.13389753047515401,0.16,0.0,8,0,50,1196,0.0,False,-0.16,0.0
"Coffee, Water & Snacks > Coffee, Coffee Makers & Supplies > Coffee Organizers & Dispensers",use_context,residential living,multi,0.13389753047515401,0.0,0.017558528428093644,0,21,50,1196,0.81635,False,0.017558528428093644,0.651343085106383
"Coffee, Water & Snacks > Coffee, Coffee Makers & Supplies > Coffee Organizers & Dispensers",use_context,travel/commute,multi,0.13389753047515401,0.0,0.007525083612040134,0,9,50,1196,0.6186,False,0.007525083612040134,0.4606595744680851
"Coffee, Water & Snacks > Coffee, Coffee Makers & Supplies > Coffee Organizers & Dispensers",end_user_segment,big & tall,multi,0.5906047893405888,0.02,0.0,1,0,50,1196,0.0035,False,-0.02,0.0011170212765957447
"Coffee, Water & Snacks > Coffee, Coffee Makers & Supplies > Coffee Organizers & Dispensers",end_user_segment,kids,multi,0.5906047893405888,0.02,0.0016722408026755853,1,2,50,1196,0.025,False,-0.018327759197324416,0.008643617021276596
"Coffee, Water & Snacks > Coffee, Coffee Makers & Supplies > Coffee Organizers & Dispensers",end_user_segment,men,multi,0.5906047893405888,0.0,0.0016722408026755853,0,2,50,1196,0.33245,False,0.0016722408026755853,0.17860345744680853
"Coffee, Water & Snacks > Coffee, Coffee Makers & Supplies > Coffee Organizers & Dispensers",end_user_segment,remote workers,multi,0.5906047893405888,0.04,0.04598662207357859,2,55,50,1196,0.5364,False,0.005986622073578592,0.3766212765957447
"Coffee, Water & Snacks > Coffee, Coffee Makers & Supplies > Coffee Organizers & Dispensers",end_user_segment,students,multi,0.5906047893405888,0.22,0.0,11,0,50,1196,0.0,False,-0.22,0.0
"Coffee, Water & Snacks > Coffee, Coffee Makers & Supplies > Coffee Organizers & Dispensers",end_user_segment,teachers,multi,0.5906047893405888,0.12,0.0,6,0,50,1196,0.0,False,-0.12,0.0
"Coffee, Water & Snacks > Coffee, Coffee Makers & Supplies > Coffee Organizers & Dispensers",end_user_segment,women,multi,0.5906047893405888,0.0,0.0016722408026755853,0,2,50,1196,0.33315,False,0.0016722408026755853,0.17897952127659575
"Coffee, Water & Snacks > Coffee, Coffee Makers & Supplies > Coffee Organizers & Dispensers",key_benefits,commercial-grade,multi,0.11242376415628988,0.12,0.010033444816053512,6,12,50,1196,0.0,False,-0.10996655518394649,0.0
"Coffee, Water & Snacks > Coffee, Coffee Makers & Supplies > Coffee Organizers & Dispensers",key_benefits,easy-clean,multi,0.11242376415628988,0.26,0.0008361204013377926,13,1,50,1196,0.0,False,-0.2591638795986622,0.0
"Coffee, Water & Snacks > Coffee, Coffee Makers & Supplies > Coffee Organizers & Dispensers",key_benefits,security,multi,0.11242376415628988,0.0,0.005852842809364548,0,7,50,1196,0.5643,False,0.005852842809364548,0.3872058510638298
"Coffee, Water & Snacks > Coffee, Coffee Makers & Supplies > Coffee Organizers & Dispensers",key_benefits,space-saving,multi,0.11242376415628988,0.78,0.12709030100334448,39,152,50,1196,0.0,False,-0.6529096989966555,0.0
"Coffee, Water & Snacks > Coffee, Coffee Makers & Supplies > Coffee Organizers & Dispensers",key_benefits,sustainable,multi,0.11242376415628988,0.08,0.010033444816053512,4,12,50,1196,0.001,False,-0.06996655518394648,0.0002553191489361702
"Coffee, Water & Snacks > Coffee, Coffee Makers & Supplies > Coffee Organizers & Dispensers",key_benefits,tech-enabled,multi,0.11242376415628988,0.02,0.0,1,0,50,1196,0.0035,False,-0.02,0.0011170212765957447
"Coffee, Water & Snacks > Coffee, Coffee Makers & Supplies > Coffee Organizers & Dispensers",key_benefits,water-resistant,multi,0.11242376415628988,0.0,0.0033444816053511705,0,4,50,1196,0.44875,False,0.0033444816053511705,0.26972739361702125
Furniture > Cubicle & Panel Systems > Office Partitions & Dividers,colour_family,beige/cream,single,0.233447986603028,0.0,0.12389380530973451,0,70,99,565,1.0,False,0.12389380530973451,0.8695652173913043
Furniture > Cubicle & Panel Systems > Office Partitions & Dividers,colour_family,black,single,0.233447986603028,0.16161616161616163,0.16106194690265488,16,91,99,565,0.48695,False,-0.000554214713506751,0.15243652173913044
Furniture > Cubicle & Panel Systems > Office Partitions & Dividers,colour_family,blue,single,0.233447986603028,0.12121212121212122,0.02654867256637168,12,15,99,565,0.0001,False,-0.09466344864574953,1.565217391304348e-05
Furniture > Cubicle & Panel Systems > Office Partitions & Dividers,colour_family,brown/wood,single,0.233447986603028,0.06060606060606061,0.23185840707964603,6,131,99,565,1.0,False,0.17125234647358542,0.908695652173913
Furniture > Cubicle & Panel Systems > Office Partitions & Dividers,colour_family,clear,single,0.233447986603028,0.09090909090909091,0.04424778761061947,9,25,99,565,0.0334,False,-0.04666130329847144,0.007260869565217391
Furniture > Cubicle & Panel Systems > Office Partitions & Dividers,colour_family,green,single,0.233447986603028,0.0,0.024778761061946902,0,14,99,565,0.9693,False,0.024778761061946902,0.5478652173913043
Furniture > Cubicle & Panel Systems > Office Partitions & Dividers,colour_family,grey,single,0.233447986603028,0.494949494949495,0.12920353982300886,49,73,99,565,0.0,False,-0.3657459551264861,0.0
Furniture > Cubicle & Panel Systems > Office Partitions & Dividers,colour_family,metallic,single,0.233447986603028,0.0,0.035398230088495575,0,20,99,565,0.98935,False,0.035398230088495575,0.6151176086956521
Furniture > Cubicle & Panel Systems > Office Partitions & Dividers,colour_family,multi/pattern,single,0.233447986603028,0.010101010101010102,0.0920353982300885,1,52,99,565,0.99955,False,0.0819343881290784,0.777910652173913
Furniture > Cubicle & Panel Systems > Office Partitions & Dividers,colour_family,navy,single,0.233447986603028,0.0,0.0017699115044247787,0,1,99,565,0.4825,False,0.0017699115044247787,0.18041304347826087
Furniture > Cubicle & Panel Systems > Office Partitions & Dividers,colour_family,purple,single,0.233447986603028,0.0,0.008849557522123894,0,5,99,565,0.8103,False,0.008849557522123894,0.3734426086956522
Furniture > Cubicle & Panel Systems > Office Partitions & Dividers,colour_family,red/pink,single,0.233447986603028,0.0,0.01592920353982301,0,9,99,565,0.9139,False,0.01592920353982301,0.4529765217391305
Furniture > Cubicle & Panel Systems > Office Partitions & Dividers,colour_family,white,single,0.233447986603028,0.06060606060606061,0.09380530973451327,6,53,99,565,0.85705,False,0.033199249128452665,0.5216826086956522
Furniture > Cubicle & Panel Systems > Office Partitions & Dividers,colour_family,yellow/orange,single,0.233447986603028,0.0,0.010619469026548672,0,6,99,565,0.852,False,0.010619469026548672,0.4000695652173913
Furniture > Cubicle & Panel Systems > Office Partitions & Dividers,colour_tone,bold,single,0.1603007566994178,0.12121212121212122,0.08672566371681416,12,49,99,565,0.1362,False,-0.03448645749530706,0.034346086956521735
Furniture > Cubicle & Panel Systems > Office Partitions & Dividers,colour_tone,dark-neutral,single,0.1603007566994178,0.16161616161616163,0.16283185840707964,16,92,99,565,0.50365,False,0.0012156967909180139,0.16204391304347826
Furniture > Cubicle & Panel Systems > Office Partitions & Dividers,colour_tone,light-neutral,single,0.1603007566994178,0.15151515151515152,0.26194690265486725,15,148,99,565,0.993,False,0.11043175113971573,0.8462086956521738
Furniture > Cubicle & Panel Systems > Office Partitions & Dividers,colour_tone,metallic,single,0.1603007566994178,0.0,0.035398230088495575,0,20,99,565,0.98935,False,0.035398230088495575,0.6151176086956521
Furniture > Cubicle & Panel Systems > Office Partitions & Dividers,colour_tone,mid-neutral,single,0.1603007566994178,0.494949494949495,0.12920353982300886,49,73,99,565,0.0,False,-0.3657459551264861,0.0
Furniture > Cubicle & Panel Systems > Office Partitions & Dividers,colour_tone,pattern,single,0.1603007566994178,0.010101010101010102,0.0920353982300885,1,52,99,565,0.9996,False,0.0819343881290784,0.7779495652173913
Furniture > Cubicle & Panel Systems > Office Partitions & Dividers,colour_tone,warm-neutral,single,0.1603007566994178,0.06060606060606061,0.23185840707964603,6,131,99,565,1.0,False,0.17125234647358542,0.908695652173913
Furniture > Cubicle & Panel Systems > Office Partitions & Dividers,material_class,acrylic/plastic,single,0.33854468281997663,0.24242424242424243,0.04215116279069767,24,29,99,688,0.0,True,-0.20027307963354476,0.0
Furniture > Cubicle & Panel Systems > Office Partitions & Dividers,material_class,canvas/print,single,0.33854468281997663,0.0,0.056686046511627904,0,39,99,688,0.9993,True,0.056686046511627904,0.7125443478260869
Furniture > Cubicle & Panel Systems > Office Partitions & Dividers,material_class,fabric/acoustic,single,0.33854468281997663,0.5959595959595959,0.17005813953488372,59,117,99,688,0.0,True,-0.4259014564247122,0.0
Furniture > Cubicle & Panel Systems > Office Partitions & Dividers,material_class,glass,single,0.33854468281997663,0.0,0.0014534883720930232,0,1,99,688,0.4399,True,0.0014534883720930232,0.1606591304347826
Furniture > Cubicle & Panel Systems > Office Partitions & Dividers,material_class,metal,single,0.33854468281997663,0.1111111111111111,0.13372093023255813,11,92,99,688,0.7289,True,0.022609819121447022,0.39931043478260864
Furniture > Cubicle & Panel Systems > Office Partitions & Dividers,material_class,paper/shoji,single,0.33854468281997663,0.0,0.08575581395348837,0,59,99,688,0.99995,True,0.08575581395348837,0.7912647826086956
Furniture > Cubicle & Panel Systems > Office Partitions & Dividers,material_class,rattan/woven,single,0.33854468281997663,0.0,0.05232558139534884,0,36,99,688,0.9982,True,0.05232558139534884,0.70308
Furniture > Cubicle & Panel Systems > Office Partitions & Dividers,material_class,wood,single,0.33854468281997663,0.050505050505050504,0.4578488372093023,5,315,99,688,1.0,True,0.4073437867042518,0.9739130434782609
Furniture > Cubicle & Panel Systems > Office Partitions & Dividers,style_family,boho/coastal,single,0.23718869001188425,0.013513513513513514,0.07312252964426877,1,37,74,506,0.98755,False,0.059609016130755255,0.7127534782608697
Furniture > Cubicle & Panel Systems > Office Partitions & Dividers,style_family,contemporary,single,0.23718869001188425,0.17567567567567569,0.09090909090909091,13,46,74,506,0.01575,False,-0.08476658476658477,0.0026021739130434782
Furniture > Cubicle & Panel Systems > Office Partitions & Dividers,style_family,farmhouse/rustic,single,0.23718869001188425,0.0,0.1324110671936759,0,67,74,506,1.0,False,0.1324110671936759,0.8869565217391304
Furniture > Cubicle & Panel Systems > Office Partitions & Dividers,style_family,glam,single,0.23718869001188425,0.05405405405405406,0.011857707509881422,4,6,74,506,0.0137,False,-0.04219634654417263,0.003097391304347826
Furniture > Cubicle & Panel Systems > Office Partitions & Dividers,style_family,industrial,single,0.23718869001188425,0.0,0.08102766798418973,0,41,74,506,0.99955,False,0.08102766798418973,0.7648730434782609
Furniture > Cubicle & Panel Systems > Office Partitions & Dividers,style_family,mid-century,single,0.23718869001188425,0.013513513513513514,0.04940711462450593,1,25,74,506,0.933,False,0.035893601110992414,0.5922521739130435
Furniture > Cubicle & Panel Systems > Office Partitions & Dividers,style_family,minimalist,single,0.23718869001188425,0.6081081081081081,0.18972332015810275,45,96,74,506,0.0,False,-0.41838478795000533,0.0
Furniture > Cubicle & Panel Systems > Office Partitions & Dividers,style_family,modern,single,0.23718869001188425,0.04054054054054054,0.08695652173913043,3,44,74,506,0.92565,False,0.04641598119858989,0.6358813043478261
Furniture > Cubicle & Panel Systems > Office Partitions & Dividers,style_family,scandinavian,single,0.23718869001188425,0.0,0.09288537549407115,0,47,74,506,0.9999,False,0.09288537549407115,0.7999200000000001
Furniture > Cubicle & Panel Systems > Office Partitions & Dividers,style_family,traditional,single,0.23718869001188425,0.0945945945945946,0.17193675889328064,7,87,74,506,0.9589,False,0.07734216429868604,0.7170904347826087
Furniture > Cubicle & Panel Systems > Office Partitions & Dividers,style_family,transitional,single,0.23718869001188425,0.0,0.019762845849802372,0,10,74,506,0.90745,False,0.019762845849802372,0.4655613043478261
Furniture > Cubicle & Panel Systems > Office Partitions & Dividers,size_class,low (<48 in),single,0.010943069640361486,0.0707070707070707,0.07380952380952381,7,31,99,420,0.53185,False,0.0031024531024531066,0.2219895652173913
Furniture > Cubicle & Panel Systems > Office Partitions & Dividers,size_class,mid (48-71 in),single,0.010943069640361486,0.3939393939393939,0.5119047619047619,39,215,99,420,0.9822,False,0.11796536796536794,0.8455460869565218
Furniture > Cubicle & Panel Systems > Office Partitions & Dividers,size_class,tall (72 in+),single,0.010943069640361486,0.5353535353535354,0.4142857142857143,53,174,99,420,0.01445,False,-0.12106782106782105,0.002136086956521739
Furniture > Cubicle & Panel Systems > Office Partitions & Dividers,vibe,cozy/plush,single,0.2321863572983312,0.010101010101010102,0.0064516129032258064,1,5,99,775,0.28735,False,-0.0036493971977842954,0.08745434782608696
Furniture > Cubicle & Panel Systems > Office Partitions & Dividers,vibe,curved/organic,single,0.2321863572983312,0.010101010101010102,0.027096774193548386,1,21,99,775,0.8441,False,0.016995764092538286,0.42571999999999993
Furniture > Cubicle & Panel Systems > Office Partitions & Dividers,vibe,cute/kawaii,single,0.2321863572983312,0.0,0.0025806451612903226,0,2,99,775,0.54155,False,0.0025806451612903226,0.2119108695652174
Furniture > Cubicle & Panel Systems > Office Partitions & Dividers,vibe,floral/botanical,single,0.2321863572983312,0.0,0.10709677419354839,0,83,99,775,1.0,False,0.10709677419354839,0.8260869565217391
Furniture > Cubicle & Panel Systems > Office Partitions & Dividers,vibe,geometric/abstract,single,0.2321863572983312,0.04040404040404041,0.014193548387096775,4,11,99,775,0.04035,False,-0.026210492016943632,0.01087695652173913
Furniture > Cubicle & Panel Systems > Office Partitions & Dividers,vibe,inspirational,single,0.2321863572983312,0.0,0.007741935483870968,0,6,99,775,0.7787,False,0.007741935483870968,0.3521078260869565
Furniture > Cubicle & Panel Systems > Office Partitions & Dividers,vibe,luxe,single,0.2321863572983312,0.010101010101010102,0.17161290322580644,1,133,99,775,1.0,False,0.16151189312479633,0.8956521739130435
Furniture > Cubicle & Panel Systems > Office Partitions & Dividers,vibe,nailhead,single,0.2321863572983312,0.0,0.0012903225806451613,0,1,99,775,0.4172,False,0.0012903225806451613,0.14329913043478262
Furniture > Cubicle & Panel Systems > Office Partitions & Dividers,vibe,natural/woven,single,0.2321863572983312,0.020202020202020204,0.19225806451612903,2,149,99,775,1.0,False,0.17205604431410884,0.9217391304347826
Furniture > Cubicle & Panel Systems > Office Partitions & Dividers,vibe,plain,single,0.2321863572983312,0.7272727272727273,0.34838709677419355,72,270,99,775,0.0,False,-0.37888563049853374,0.0
Furniture > Cubicle & Panel Systems > Office Partitions & Dividers,vibe,playful/colourful,single,0.2321863572983312,0.0,0.0064516129032258064,0,5,99,775,0.73715,False,0.0064516129032258064,0.32691
Furniture > Cubicle & Panel Systems > Office Partitions & Dividers,vibe,professional,single,0.2321863572983312,0.030303030303030304,0.0012903225806451613,3,1,99,775,0.0011,False,-0.029012707722385143,0.00028695652173913046
Furniture > Cubicle & Panel Systems > Office Partitions & Dividers,vibe,retro/vintage,single,0.2321863572983312,0.010101010101010102,0.02193548387096774,1,17,99,775,0.76815,False,0.01183447376995764,0.36737608695652174
Furniture > Cubicle & Panel Systems > Office Partitions & Dividers,vibe,sleek/minimal,single,0.2321863572983312,0.04040404040404041,0.03225806451612903,4,25,99,775,0.3182,False,-0.008145975887911376,0.09407652173913043
Furniture > Cubicle & Panel Systems > Office Partitions & Dividers,vibe,statement,single,0.2321863572983312,0.020202020202020204,0.04387096774193548,2,34,99,775,0.874,False,0.02366894753991528,0.4864
Furniture > Cubicle & Panel Systems > Office Partitions & Dividers,vibe,textured,single,0.2321863572983312,0.08080808080808081,0.015483870967741935,8,12,99,775,0.0003,False,-0.06532420984033888,5.478260869565217e-05
Furniture > Cubicle & Panel Systems > Office Partitions & Dividers,divider_type,acoustic panel,single,0.08652673738000727,0.08080808080808081,0.027559055118110236,8,21,99,762,0.00665,False,-0.05324902568997058,0.0013878260869565216
Furniture > Cubicle & Panel Systems > Office Partitions & Dividers,divider_type,folding screen,single,0.08652673738000727,0.494949494949495,0.7414698162729659,49,565,99,762,1.0,False,0.24652032132347096,0.9565217391304348
Furniture > Cubicle & Panel Systems > Office Partitions & Dividers,divider_type,freestanding partition,single,0.08652673738000727,0.32323232323232326,0.18503937007874016,32,141,99,762,0.00125,False,-0.1381929531535831,0.00017391304347826088
Furniture > Cubicle & Panel Systems > Office Partitions & Dividers,divider_type,hanging/curtain,single,0.08652673738000727,0.0,0.03674540682414698,0,28,99,762,0.99175,False,0.03674540682414698,0.6467934782608696
Furniture > Cubicle & Panel Systems > Office Partitions & Dividers,divider_type,panel system,single,0.08652673738000727,0.04040404040404041,0.005249343832020997,4,4,99,762,0.00195,False,-0.03515469657201941,0.0004578260869565217
Furniture > Cubicle & Panel Systems > Office Partitions & Dividers,divider_type,sliding/operable wall,single,0.08652673738000727,0.06060606060606061,0.003937007874015748,6,3,99,762,0.0,False,-0.05666905273204486,0.0
Furniture > Cubicle & Panel Systems > Office Partitions & Dividers,wheels,no,single,0.2083172369999325,0.43434343434343436,0.9174193548387096,43,711,99,775,1.0,False,0.48307592049527526,0.9826086956521739
Furniture > Cubicle & Panel Systems > Office Partitions & Dividers,wheels,yes,single,0.2083172369999325,0.5656565656565656,0.08258064516129032,56,64,99,775,0.0,False,-0.4830759204952753,0.0
Furniture > Cubicle & Panel Systems > Office Partitions & Dividers,sound_absorbing,no,single,0.2310768952698075,0.41414141414141414,0.9238709677419354,41,716,99,775,1.0,True,0.5097295536005213,0.991304347826087
Furniture > Cubicle & Panel Systems > Office Partitions & Dividers,sound_absorbing,yes,single,0.2310768952698075,0.5858585858585859,0.07612903225806451,58,59,99,775,0.0,True,-0.5097295536005213,0.0
Furniture > Cubicle & Panel Systems > Office Partitions & Dividers,tackable,no,single,0.5741382786640739,0.1717171717171717,0.9793548387096774,17,759,99,775,1.0,False,0.8076376669925057,1.0
Furniture > Cubicle & Panel Systems > Office Partitions & Dividers,tackable,yes,single,0.5741382786640739,0.8282828282828283,0.02064516129032258,82,16,99,775,0.0,False,-0.8076376669925057,0.0
Furniture > Cubicle & Panel Systems > Office Partitions & Dividers,panel_band,1-3 panels,single,0.050070852716173626,0.3877551020408163,0.5165562913907285,38,156,98,302,0.9859,False,0.12880118934991214,0.8658773913043478
Furniture > Cubicle & Panel Systems > Office Partitions & Dividers,panel_band,4-5 panels,single,0.050070852716173626,0.25510204081632654,0.3509933774834437,25,106,98,302,0.9631,False,0.09589133666711719,0.7788547826086956
Furniture > Cubicle & Panel Systems > Office Partitions & Dividers,panel_band,6+ panels,single,0.050070852716173626,0.35714285714285715,0.13245033112582782,35,40,98,302,0.0,False,-0.22469252601702933,0.0
Furniture > Cubicle & Panel Systems > Office Partitions & Dividers,design,carved/cutout,single,0.15966450059400827,0.010101010101010102,0.03096774193548387,1,24,99,775,0.8894,False,0.020866731834473767,0.46403478260869563
Furniture > Cubicle & Panel Systems > Office Partitions & Dividers,design,oriental/art,single,0.15966450059400827,0.0,0.10709677419354839,0,83,99,775,1.0,False,0.10709677419354839,0.8260869565217391
Furniture > Cubicle & Panel Systems > Office Partitions & Dividers,design,plain,single,0.15966450059400827,0.98989898989899,0.6490322580645161,98,503,99,775,0.0,False,-0.3408667318344738,0.0
Furniture > Cubicle & Panel Systems > Office Partitions & Dividers,design,print/photo,single,0.15966450059400827,0.0,0.2129032258064516,0,165,99,775,1.0,False,0.2129032258064516,0.9304347826086956
Furniture > Cubicle & Panel Systems > Office Partitions & Dividers,aesthetic_tags,cozy/plush,multi,0.2950190516074493,0.010101010101010102,0.04129032258064516,1,32,99,775,0.9537,False,0.031189312479635058,0.5639269565217392
Furniture > Cubicle & Panel Systems > Office Partitions & Dividers,aesthetic_tags,curved/organic,multi,0.2950190516074493,0.010101010101010102,0.05290322580645161,1,41,99,775,0.98355,False,0.04280221570544151,0.6671034782608696
Furniture > Cubicle & Panel Systems > Office Partitions & Dividers,aesthetic_tags,cute/kawaii,multi,0.2950190516074493,0.0,0.0025806451612903226,0,2,99,775,0.54,False,0.0025806451612903226,0.21130434782608698
Furniture > Cubicle & Panel Systems > Office Partitions & Dividers,aesthetic_tags,floral/botanical,multi,0.2950190516074493,0.0,0.10709677419354839,0,83,99,775,1.0,False,0.10709677419354839,0.8260869565217391
Furniture > Cubicle & Panel Systems > Office Partitions & Dividers,aesthetic_tags,geometric/abstract,multi,0.2950190516074493,0.06060606060606061,0.03612903225806452,6,28,99,775,0.1224,False,-0.024477028347996088,0.03512347826086956
Furniture > Cubicle & Panel Systems > Office Partitions & Dividers,aesthetic_tags,inspirational,multi,0.2950190516074493,0.0,0.03612903225806452,0,28,99,775,0.9916,False,0.03612903225806452,0.6380730434782609
Furniture > Cubicle & Panel Systems > Office Partitions & Dividers,aesthetic_tags,luxe,multi,0.2950190516074493,0.010101010101010102,0.2270967741935484,1,176,99,775,1.0,False,0.2169957640925383,0.9391304347826087
Furniture > Cubicle & Panel Systems > Office Partitions & Dividers,aesthetic_tags,nailhead,multi,0.2950190516074493,0.0,0.0012903225806451613,0,1,99,775,0.4197,False,0.0012903225806451613,0.14415782608695654
Furniture > Cubicle & Panel Systems > Office Partitions & Dividers,aesthetic_tags,natural/woven,multi,0.2950190516074493,0.020202020202020204,0.31870967741935485,2,247,99,775,1.0,False,0.29850765721733463,0.9652173913043478
Furniture > Cubicle & Panel Systems > Office Partitions & Dividers,aesthetic_tags,playful/colourful,multi,0.2950190516074493,0.0,0.03225806451612903,0,25,99,775,0.98805,False,0.03225806451612903,0.59283
Furniture > Cubicle & Panel Systems > Office Partitions & Dividers,aesthetic_tags,professional,multi,0.2950190516074493,0.050505050505050504,0.015483870967741935,5,12,99,775,0.0157,False,-0.03502117953730857,0.003822608695652174
Furniture > Cubicle & Panel Systems > Office Partitions & Dividers,aesthetic_tags,retro/vintage,multi,0.2950190516074493,0.010101010101010102,0.06064516129032258,1,47,99,775,0.992,False,0.05054415118931248,0.6900869565217391
Furniture > Cubicle & Panel Systems > Office Partitions & Dividers,aesthetic_tags,sleek/minimal,multi,0.2950190516074493,0.09090909090909091,0.10580645161290322,9,82,99,775,0.66065,False,0.014897360703812312,0.3217078260869565
Furniture > Cubicle & Panel Systems > Office Partitions & Dividers,aesthetic_tags,statement,multi,0.2950190516074493,0.020202020202020204,0.04903225806451613,2,38,99,775,0.9109,False,0.028830237862495927,0.5227773913043479
Furniture > Cubicle & Panel Systems > Office Partitions & Dividers,aesthetic_tags,textured,multi,0.2950190516074493,0.08080808080808081,0.02064516129032258,8,16,99,775,0.00145,False,-0.060162919517758234,0.00027739130434782606
Furniture > Cubicle & Panel Systems > Office Partitions & Dividers,use_context,breakroom/dining,multi,0.3939885066056431,0.0,0.04,0,31,99,775,0.9939,False,0.04,0.6568382608695652
Furniture > Cubicle & Panel Systems > Office Partitions & Dividers,use_context,corporate office,multi,0.3939885066056431,0.45454545454545453,0.27741935483870966,45,215,99,775,0.0002,False,-0.17712609970674487,2.4347826086956523e-05
Furniture > Cubicle & Panel Systems > Office Partitions & Dividers,use_context,education,multi,0.3939885066056431,0.23232323232323232,0.0696774193548387,23,54,99,775,0.0,False,-0.16264581296839362,0.0
Furniture > Cubicle & Panel Systems > Office Partitions & Dividers,use_context,healthcare,multi,0.3939885066056431,0.09090909090909091,0.011612903225806452,9,9,99,775,0.0,False,-0.07929618768328446,0.0
Furniture > Cubicle & Panel Systems > Office Partitions & Dividers,use_context,home office,multi,0.3939885066056431,0.0,0.06580645161290323,0,51,99,775,0.9997,False,0.06580645161290323,0.7389086956521739
Furniture > Cubicle & Panel Systems > Office Partitions & Dividers,use_context,hospitality/events,multi,0.3939885066056431,0.0,0.04258064516129032,0,33,99,775,0.99555,False,0.04258064516129032,0.6665856521739131
Furniture > Cubicle & Panel Systems > Office Partitions & Dividers,use_context,kids/teen,multi,0.3939885066056431,0.0,0.02193548387096774,0,17,99,775,0.9596,False,0.02193548387096774,0.5131773913043478
Furniture > Cubicle & Panel Systems > Office Partitions & Dividers,use_context,outdoor,multi,0.3939885066056431,0.0,0.07741935483870968,0,60,99,775,0.99995,False,0.07741935483870968,0.7564839130434782
Furniture > Cubicle & Panel Systems > Office Partitions & Dividers,use_context,reception/lobby,multi,0.3939885066056431,0.0,0.005161290322580645,0,4,99,775,0.68645,False,0.005161290322580645,0.29845652173913045
Furniture > Cubicle & Panel Systems > Office Partitions & Dividers,use_context,residential living,multi,0.3939885066056431,0.0,0.23741935483870968,0,184,99,775,1.0,False,0.23741935483870968,0.9478260869565217
Furniture > Cubicle & Panel Systems > Office Partitions & Dividers,use_context,travel/commute,multi,0.3939885066056431,0.29292929292929293,0.0012903225806451613,29,1,99,775,0.0,False,-0.2916389703486478,0.0
Furniture > Cubicle & Panel Systems > Office Partitions & Dividers,end_user_segment,big & tall,multi,0.24863188968522415,0.0,0.0012903225806451613,0,1,99,775,0.42095,False,0.0012903225806451613,0.1445871739130435
Furniture > Cubicle & Panel Systems > Office Partitions & Dividers,end_user_segment,kids,multi,0.24863188968522415,0.0,0.02193548387096774,0,17,99,775,0.96125,False,0.02193548387096774,0.5140597826086957
Furniture > Cubicle & Panel Systems > Office Partitions & Dividers,end_user_segment,remote workers,multi,0.24863188968522415,0.0,0.06451612903225806,0,50,99,775,0.9994,False,0.06451612903225806,0.7299965217391304
Furniture > Cubicle & Panel Systems > Office Partitions & Dividers,end_user_segment,students,multi,0.24863188968522415,0.010101010101010102,0.012903225806451613,1,10,99,775,0.5457,False,0.002802215705441511,0.22302521739130435
Furniture > Cubicle & Panel Systems > Office Partitions & Dividers,end_user_segment,teachers,multi,0.24863188968522415,0.0,0.0025806451612903226,0,2,99,775,0.54375,False,0.0025806451612903226,0.21277173913043476
Furniture > Cubicle & Panel Systems > Office Partitions & Dividers,key_benefits,commercial-grade,multi,0.12065452487840614,0.10101010101010101,0.20903225806451614,10,162,99,775,0.9962,False,0.10802215705441513,0.8402730434782608
Furniture > Cubicle & Panel Systems > Office Partitions & Dividers,key_benefits,easy-clean,multi,0.12065452487840614,0.06060606060606061,0.03483870967741935,6,27,99,775,0.1077,False,-0.025767350928641256,0.029968695652173916
Furniture > Cubicle & Panel Systems > Office Partitions & Dividers,key_benefits,security,multi,0.12065452487840614,0.0,0.0012903225806451613,0,1,99,775,0.4184,False,0.0012903225806451613,0.14371130434782609
Furniture > Cubicle & Panel Systems > Office Partitions & Dividers,key_benefits,space-saving,multi,0.12065452487840614,0.5353535353535354,0.26193548387096777,53,203,99,775,0.0,False,-0.2734180514825676,0.0
Furniture > Cubicle & Panel Systems > Office Partitions & Dividers,key_benefits,sustainable,multi,0.12065452487840614,0.40404040404040403,0.06838709677419355,40,53,99,775,0.0,False,-0.33565330726621045,0.0
Furniture > Cubicle & Panel Systems > Office Partitions & Dividers,key_benefits,tech-enabled,multi,0.12065452487840614,0.0,0.003870967741935484,0,3,99,775,0.6258,False,0.003870967741935484,0.26664521739130437
Furniture > Cubicle & Panel Systems > Office Partitions & Dividers,key_benefits,water-resistant,multi,0.12065452487840614,0.0,0.02967741935483871,0,23,99,775,0.98205,False,0.02967741935483871,0.5721508695652173
