family_id,node_id,l2_key,vw,aas,a_sem_pct,a_ctx,s_max_p,fi,n_fi,crs,ppr,ad,n_peers,d_dfi,material_upgrade,nearest_staples,identical,identical_staples,label,label_group,data_error,archetype_id,lens,m2_label,basis,exemplar_rank,exemplar_score,title,price,url,brand,house_brand,brand_on_staples,colour_family,material_class,style_family,dfi,colours_observed,st_family_id,st_title,st_price,st_url,st_colour_family,st_material_class,st_style_family,st_dfi
A_a3a48222483f,Office Supplies > Calendars & Planners > Planners & Personal Organizers,Office Supplies > Calendars & Planners,1.0,20.0,0.0,0.5,0.4554435908794403,0.5,2,47.32661819458008,0.6413004644515898,1.0,3,0.12133468149646107,False,S_1ebf5529158f,False,,OFF-BRAND,Reject,False,Office Supplies > Calendars & Planners > Planners & Personal Organizers :: L1 :: planner_type=address book · design_theme=plain · audience=general · vibe=plain,1,NO-TWIN,Method 2,1,0.6091226567802583,Hydrangeas Large Address Book,17.95,https://www.amazon.com/dp/1441320202,Peter Pauper Press,False,False,,,,0.25935288169868553,,S_1ebf5529158f,"RE-FOCUS THE CREATIVE OFFICE Mini Password Book, Red (11004)",25.99,https://www.staples.com/re-focus-the-creative-office-mini-password-book-red-11004/product_24514474,red/pink,,traditional,0.13801820020222447
A_3b906898a86b,Office Supplies > Calendars & Planners > Planners & Personal Organizers,Office Supplies > Calendars & Planners,1.0,20.0,0.0,0.5,0.4554435908794403,0.5,2,47.32661819458008,0.4819578420864595,1.0,3,0.12133468149646107,False,S_1ebf5529158f,False,,OFF-BRAND,Reject,False,Office Supplies > Calendars & Planners > Planners & Personal Organizers :: L1 :: planner_type=address book · design_theme=plain · audience=general · vibe=plain,1,NO-TWIN,Method 2,2,0.6091226567802583,Making Connections Large Address Book (Desk),13.49,https://www.amazon.com/dp/1441316019,Peter Pauper Press,False,False,,,,0.25935288169868553,,S_1ebf5529158f,"RE-FOCUS THE CREATIVE OFFICE Mini Password Book, Red (11004)",25.99,https://www.staples.com/re-focus-the-creative-office-mini-password-book-red-11004/product_24514474,red/pink,,traditional,0.13801820020222447
A_7c71b686d2a4,Office Supplies > Calendars & Planners > Planners & Personal Organizers,Office Supplies > Calendars & Planners,0.6554054054054055,20.074534161490686,0.0012422360248447205,0.5,0.4585205614566803,0.6666666666666666,3,54.17790222167969,0.12415742552728853,1.0,3,-0.07735085945399392,False,S_9267b3ea897a,False,,OFF-BRAND,Reject,False,Office Supplies > Calendars & Planners > Planners & Personal Organizers :: L1 :: planner_type=address book · design_theme=plain · audience=general · vibe=plain,1,NO-TWIN,Method 2,3,0.5444839060029318,"Small Address Book with Alphabetical Tabs, Pocket Password and Contact Book for Phone Numbers, Notes, and Daily Records, Refillable Style, Pink Cover",5.71,https://www.amazon.com/dp/B0F6BJQ4NR,,False,False,red/pink,,,0.16279069767441862,red/pink,S_9267b3ea897a,"Undated Day Runner Harrison 5.5"" x 8.5"" Phone/Address Book, Faux Leather Cover, Brown (11240286)",39.99,https://www.staples.com/undated-day-runner-harrison-5-5-x-8-5-phone-address-book-faux-leather-cover-brown-11240286/product_568854,brown/wood,faux leather,traditional,0.24014155712841254
A_ae5673ed4482,Office Supplies > Calendars & Planners > Planners & Personal Organizers,Office Supplies > Calendars & Planners,1.0,20.0,0.0,0.5,0.3028096854686737,0.0,1,18.168582916259766,0.3918587542913193,0.0,11,-0.35844287158746213,False,S_839c680d602a,False,,OFF-BRAND,Reject,False,Office Supplies > Calendars & Planners > Planners & Personal Organizers :: L1 :: planner_type=journal/guided · design_theme=plain · audience=general · vibe=plain,1,NO-TWIN,Method 2,1,0.825566826352456,Midori Traveler's Notebook Passport Size Refill (010) Craft File,7.99,https://www.amazon.com/dp/B0091FTXX0,,False,False,,,,0.6258847320525783,,S_839c680d602a,"House of Doolittle 36"" x 24"" Reversible All Purpose/Vacation Planner, Yellow/Blue (639)",40.69,https://www.staples.com/house-of-doolittle-36-x-24-reversible-all-purpose-vacation-planner-yellow-blue-639/product_2680959,yellow/orange,fabric/linen,traditional,0.9843276036400405
A_55f5ef83e88b,Office Supplies > Calendars & Planners > Planners & Personal Organizers,Office Supplies > Calendars & Planners,1.0,4.039812646370024,0.0,0.10099531615925059,0.3450242280960083,0.0,1,20.701454162597656,1.1039081311353955,0.6666666666666666,12,0.24772497472194135,False,S_6cf007f2de84,False,,OFF-BRAND,Reject,False,Office Supplies > Calendars & Planners > Planners & Personal Organizers :: L1 :: planner_type=journal/guided · design_theme=plain · audience=general · vibe=plain,1,NO-TWIN,Method 2,2,0.772931513334309,"TIEFOSSI Square Dot Journal, Dot Grid Notebook for Women Men, 8"" x 8""",29.8,https://www.amazon.com/dp/B0FBWP6HQK,TIEFOSSI,False,False,metallic,faux leather,,0.4585439838220425,,S_6cf007f2de84,"2027 AT-A-GLANCE 7"" x 10"" Monthly Planner, Faux Leather Cover, Black (70-432-05-27)",21.99,https://www.staples.com/2027-at-a-glance-7-x-10-monthly-planner-faux-leather-cover-black-70-432-05-27/product_24678264,black,faux leather,traditional,0.21081900910010112
A_2720c8ffebf8,Office Supplies > Calendars & Planners > Planners & Personal Organizers,Office Supplies > Calendars & Planners,1.0,20.0,0.0,0.5,0.3450242280960083,0.0,1,20.701454162597656,0.2652343026486387,0.0,12,-0.02123356926188069,False,S_a02474a2f8e1,False,,OFF-BRAND,Reject,False,Office Supplies > Calendars & Planners > Planners & Personal Organizers :: L1 :: planner_type=journal/guided · design_theme=plain · audience=general · vibe=plain,1,NO-TWIN,Method 2,3,0.7838611140494641,"Mead Telephone Address Notebook, 3"" x 4"", 384 Entries, 1 Count, Color Chosen for You (67142)",7.16,https://www.amazon.com/dp/B001JT1LRW,Mead,False,True,,,,0.4787664307381193,,S_a02474a2f8e1,"PAPIER 8.5"" x 6.1"" Undated Daily Standard Planner, Paperboard Cover, Mint Green/Blue (WS11790608)",32.0,https://www.staples.com/undated-papier-8-5-x-6-1-daily-standard-planner-paperboard-cover-mint-green-blue-ws11790608/product_24764498,blue,hardcover,traditional,0.5
A_0f22296222cb,Office Supplies > Calendars & Planners > Planners & Personal Organizers,Office Supplies > Calendars & Planners,0.15702479338842967,80.0,1.0,0.5,0.7940685749053955,1.0,4,87.64411926269531,0.9374609130706691,0.6666666666666666,15,0.34883720930232565,False,S_d43a21f9c8b5,False,,STYLE-EXTENSION,Approve,False,Office Supplies > Calendars & Planners > Planners & Personal Organizers :: L1 :: planner_type=planner · design_theme=art/pattern · audience=general · vibe=plain,1,ATTR-SUBSTITUTE,Method 1,1,0.5428469187629958,"Blue Sky 2027 24-Month Monthly Planner, 8.5""x11"", Orange Blossom Mint",14.99,https://www.amazon.com/dp/B0GVJBK8Z6,Blue Sky,False,True,yellow/orange,softcover/paper,,0.9469160768452983,yellow/orange,S_d43a21f9c8b5,"2027 Blue Sky Bellina 8.5"" x 11"" Calendar Year Monthly Planner, Plastic Cover (161819)",14.99,https://www.staples.com/2027-blue-sky-bellina-8-5-x-11-calendar-year-monthly-planner-plastic-cover-161819/product_24679122,multi/pattern,plastic/poly,traditional,0.5980788675429727
A_2a88635f442f,Office Supplies > Calendars & Planners > Planners & Personal Organizers,Office Supplies > Calendars & Planners,0.0,80.0,1.0,0.5,0.794067919254303,1.0,4,87.64407348632812,1.350175087543772,1.0,15,0.12487360970677452,False,S_ff72c36dc915,False,,STYLE-EXTENSION,Approve,False,Office Supplies > Calendars & Planners > Planners & Personal Organizers :: L1 :: planner_type=planner · design_theme=art/pattern · audience=general · vibe=plain,1,ATTR-SUBSTITUTE,Method 1,2,0.526923599568609,"AT-A-GLANCE 2027 Planner, Simplified by Emily Ley, Weekly & Monthly, 8.5"" x 11"", Happy Stripe (EL57-905-27)",26.99,https://www.amazon.com/dp/B0GVGW53LN,AT-A-GLANCE,False,True,multi/pattern,,,0.8498483316481295,multi/pattern,S_ff72c36dc915,"2027 Blue Sky Kelly Ventura Midnight Garden 8.5"" x 11"" Calendar Year Weekly & Monthly Standard Planner, Plastic Cover",19.99,https://www.staples.com/2027-blue-sky-kelly-ventura-midnight-garden-8-5-x-11-calendar-year-weekly-monthly-standard-planner-plastic-cover/product_24682310,multi/pattern,plastic/poly,boho/coastal,0.7249747219413549
A_b916a7cccdc5,Office Supplies > Calendars & Planners > Planners & Personal Organizers,Office Supplies > Calendars & Planners,0.0,80.0,1.0,0.5,0.794067919254303,1.0,4,87.64407348632812,1.533689126084056,1.0,15,0.03488372093023251,False,S_557c82e09d58,False,,STYLE-EXTENSION,Approve,False,Office Supplies > Calendars & Planners > Planners & Personal Organizers :: L1 :: planner_type=planner · design_theme=art/pattern · audience=general · vibe=plain,1,ATTR-SUBSTITUTE,Method 1,3,0.488316022654274,"AT-A-GLANCE 2027 Planner, Simplified by Emily Ley, Weekly & Monthly, 5.5"" x 8.5"", Happy Stripe (EL57-200-27)",22.99,https://www.amazon.com/dp/B0GVGRQBH7,AT-A-GLANCE,False,True,multi/pattern,,,0.6708796764408493,multi/pattern,S_557c82e09d58,"2027 Blue Sky Kelly Ventura Flora Lake 5"" x 8"" Calendar Year Weekly & Monthly Standard Planner, Plastic Cover",14.99,https://www.staples.com/2027-blue-sky-kelly-ventura-flora-lake-5-x-8-calendar-year-weekly-monthly-standard-planner-plastic-cover/product_24679131,grey,plastic/poly,boho/coastal,0.6359959555106168
A_77fb2b5fa564,Office Supplies > Calendars & Planners > Planners & Personal Organizers,Office Supplies > Calendars & Planners,0.6337522441651706,10.62417269117198,0.024844720496894408,0.22833723653395785,0.6127591729164124,0.5,2,56.76554870605469,1.3716409376786736,0.6666666666666666,4,0.062184024266936366,False,S_bf6e5bf0b0f5,False,,OFF-BRAND,Reject,False,Office Supplies > Calendars & Planners > Planners & Personal Organizers :: L1 :: planner_type=planner · design_theme=plain · audience=family/home · vibe=plain,1,ATTR-TRADE-UP,Method 2,1,0.6583109818985055,Wedding Planner Book and Organizer: Complete Wedding Organizer,23.99,https://www.amazon.com/dp/B0H9KN1CD2,,False,False,red/pink,,,0.7917087967644085,,S_bf6e5bf0b0f5,"2027 Blue Sky Bespoke Letterpress Pears & Bluebirds 5.875"" x 8.625"" Calendar Year Weekly & Monthly Standard Planner",14.99,https://www.staples.com/2027-blue-sky-bespoke-letterpress-pears-bluebirds-5-875-x-8-625-calendar-year-weekly-monthly-standard-planner/product_24679114,multi/pattern,plastic/poly,boho/coastal,0.7295247724974722
A_f1f916608a81,Office Supplies > Calendars & Planners > Planners & Personal Organizers,Office Supplies > Calendars & Planners,1.0,9.208023622848998,0.0012422360248447205,0.22833723653395785,0.48170050978660583,0.5,2,48.902034759521484,1.66711140760507,0.0,15,0.13245702730030334,False,S_eba9b952e051,False,,OFF-BRAND,Reject,False,Office Supplies > Calendars & Planners > Planners & Personal Organizers :: L1 :: planner_type=planner · design_theme=plain · audience=family/home · vibe=plain,1,ATTR-TRADE-UP,Method 2,2,0.6365421940330548,"Wedding Planner Book and Organizer-176 Pages Wedding Planning Book,Bridal Planning Binder with Sticker Checklists,Gemstone pen & Budget Tracker,Wedding planner for Bride,Unique Engagement Gift",24.99,https://www.amazon.com/dp/B0FRSQSWLL,,False,False,,,,0.4838220424671385,,S_eba9b952e051,"2026-2027 Blue Sky Emmaline 11"" x 8.5"" Monthly Personal Organizer, Other Cover (154680)",19.99,https://www.staples.com/2026-2027-blue-sky-emmaline-11-x-8-5-monthly-personal-organizer-other-cover-154680/product_24638637,multi/pattern,,traditional,0.35136501516683516
A_a4172515a3b4,Office Supplies > Calendars & Planners > Planners & Personal Organizers,Office Supplies > Calendars & Planners,0.22137404580152675,20.372670807453417,0.006211180124223602,0.5,0.4886651635169983,1.0,1,69.31991577148438,9.422464756707594,0.0,13,0.08038422649140542,False,S_870ae6c133fe,False,,OFF-BRAND,Reject,False,Office Supplies > Calendars & Planners > Planners & Personal Organizers :: L1 :: planner_type=planner · design_theme=plain · audience=family/home · vibe=plain,1,NO-TWIN,Method 2,3,0.611035306087278,"NGTeco 21.5"" Digital Calendar, No Subscription Smart Family Planner, White",207.2,https://www.amazon.com/dp/B0H4G7FYY7,,False,False,white,,,0.8690596562184024,white,S_870ae6c133fe,"2027 AT-A-GLANCE 8.5"" x 5.5"" Daily & Monthly Planner Refill Pages, White/Brown (481-225A-27)",47.99,https://www.staples.com/2027-at-a-glance-8-5-x-5-5-daily-monthly-planner-refill-pages-white-brown-481-225a-27/product_24677094,white,,traditional,0.788675429726997
A_7f1852d86b83,Office Supplies > Calendars & Planners > Planners & Personal Organizers,Office Supplies > Calendars & Planners,0.811460258780037,20.22360248447205,0.0037267080745341614,0.5,0.5162520408630371,0.6666666666666666,3,57.64179229736328,0.5999199839967994,1.0,6,0.16026289180990894,True,S_60ec72b34adb,False,,OFF-BRAND,Reject,False,Office Supplies > Calendars & Planners > Planners & Personal Organizers :: L2 :: planner_type=journal/guided · date_format=daily · design_theme=plain · vibe=plain,2,NO-TWIN,Method 2,1,0.6738624233025512,"LEATHER VILLAGE Leather Bound Journal Key Lock, Distressed Brown 8x6.",29.99,https://www.amazon.com/dp/B08GJS2RTN,LEATHER,False,False,brown/wood,leather,farmhouse/rustic,0.9241658240647118,brown/wood,S_60ec72b34adb,"2027 AT-A-GLANCE Hardcover Diary, 5"" x 7.5"", Wide-Ruled, Red (SD387-13-27)",49.99,https://www.staples.com/2027-at-a-glance-hardcover-diary-5-x-7-5-wide-ruled-red-sd387-13-27/product_24677177,red/pink,hardcover,traditional,0.7639029322548029
A_890c49bf0740,Office Supplies > Calendars & Planners > Planners & Personal Organizers,Office Supplies > Calendars & Planners,1.0,20.074534161490686,0.0012422360248447205,0.5,0.44548332691192627,0.5,2,46.729000091552734,0.4059375,0.0,5,-0.15975733063700714,False,S_debfe1d6417c,False,,OFF-BRAND,Reject,False,Office Supplies > Calendars & Planners > Planners & Personal Organizers :: L2 :: planner_type=journal/guided · date_format=daily · design_theme=plain · vibe=plain,2,NO-TWIN,Method 2,2,0.6602465767735055,Breast Cancer Pink Ribbon Personal Health Record Keeper Journal,12.99,https://www.amazon.com/dp/B0H14SZNPM,,False,False,red/pink,,,0.5257836198179979,,S_debfe1d6417c,"PAPIER 8.5"" x 6"" Undated Daily Standard Planner, Paperboard Cover, Pink (WS1242205)",32.0,https://www.staples.com/undated-papier-8-5-x-6-daily-standard-planner-paperboard-cover-pink-ws1242205/product_24764496,red/pink,hardcover,traditional,0.6855409504550051
A_9d11e8d6c3ec,Office Supplies > Calendars & Planners > Planners & Personal Organizers,Office Supplies > Calendars & Planners,1.0,20.819875776397517,0.013664596273291925,0.5,0.5117261409759521,0.5,4,50.70356750488281,1.250347705146036,0.0,15,-0.0025278058645096246,False,S_375de8c6c83b,False,,OFF-BRAND,Reject,False,Office Supplies > Calendars & Planners > Planners & Personal Organizers :: L2 :: planner_type=journal/guided · date_format=daily · design_theme=plain · vibe=plain,2,NO-TWIN,Method 2,3,0.6520334344132003,"The Gratitude Journal 2026: Daily Gratitude Practice to Inspire Thankfulness, Mindfulness, Positivity, Happiness, Upgraded with Pen Holder, Inner Pocket & Elastic Closure Band (Beige)",8.99,https://www.amazon.com/dp/B0BJ34MZ1J,,False,False,,,,0.5697674418604651,beige/cream,S_375de8c6c83b,"PAPIER 8.3"" x 4"" Undated Daily Standard Personal Organizer, Blue (CNW21450401)",12.0,https://www.staples.com/undated-papier-8-3-x-4-daily-standard-personal-organizer-blue-cnw21450401/product_24764494,blue,,traditional,0.5722952477249748
A_0f22296222cb,Office Supplies > Calendars & Planners > Planners & Personal Organizers,Office Supplies > Calendars & Planners,0.15702479338842967,80.0,1.0,0.5,0.7940685749053955,1.0,4,87.64411926269531,0.9374609130706691,0.6666666666666666,15,0.34883720930232565,False,S_d43a21f9c8b5,False,,STYLE-EXTENSION,Approve,False,Office Supplies > Calendars & Planners > Planners & Personal Organizers :: L2 :: planner_type=planner · date_format=monthly · design_theme=art/pattern · vibe=plain,2,ATTR-SUBSTITUTE,Method 1,1,0.5462339527023574,"Blue Sky 2027 24-Month Monthly Planner, 8.5""x11"", Orange Blossom Mint",14.99,https://www.amazon.com/dp/B0GVJBK8Z6,Blue Sky,False,True,yellow/orange,softcover/paper,,0.9469160768452983,yellow/orange,S_d43a21f9c8b5,"2027 Blue Sky Bellina 8.5"" x 11"" Calendar Year Monthly Planner, Plastic Cover (161819)",14.99,https://www.staples.com/2027-blue-sky-bellina-8-5-x-11-calendar-year-monthly-planner-plastic-cover-161819/product_24679122,multi/pattern,plastic/poly,traditional,0.5980788675429727
A_20d702a2f963,Office Supplies > Calendars & Planners > Planners & Personal Organizers,Office Supplies > Calendars & Planners,1.0,80.0,1.0,0.5,0.7940685749053955,1.0,4,87.64411926269531,0.9374609130706691,0.6666666666666666,15,-0.2295247724974722,False,S_88aebdf5a92f,False,,STYLE-EXTENSION,Approve,False,Office Supplies > Calendars & Planners > Planners & Personal Organizers :: L2 :: planner_type=planner · date_format=monthly · design_theme=art/pattern · vibe=plain,2,ATTR-SUBSTITUTE,Method 1,2,0.3982057008813197,"Blue Sky 2027 24-Month Monthly Planner Calendar, 8.5""x11"", Swiss Dot Black",14.99,https://www.amazon.com/dp/B0GVJD5CFW,Blue Sky,False,True,black,softcover/paper,,0.20677451971688574,black,S_88aebdf5a92f,"2027 Blue Sky Passages 8"" x 10"" Calendar Year Monthly Planner, Plastic Cover, Solid Navy (148660-27)",16.49,https://www.staples.com/2027-blue-sky-passages-8-x-10-calendar-year-monthly-planner-plastic-cover-solid-navy-148660-27/product_24682289,blue,plastic/poly,traditional,0.4362992922143579
A_b58892673814,Office Supplies > Calendars & Planners > Planners & Personal Organizers,Office Supplies > Calendars & Planners,1.0,89.48457387231443,0.986335403726708,0.7576112412177987,0.794067919254303,0.75,4,77.64407348632812,0.666444296197465,0.0,15,0.3614762386248736,False,S_e8c54fc30df4,False,,UNDERCUT,Reject,False,Office Supplies > Calendars & Planners > Planners & Personal Organizers :: L2 :: planner_type=planner · date_format=monthly · design_theme=plain · vibe=plain · audience=student,2,ATTR-STYLE-EXT,Method 2,1,0.5271008555255114,"Monthly Planner 2026-2027 Middle & High School, Boulder Cover, 6.625"" x 9""",9.99,https://www.amazon.com/dp/B0GRJNL1X6,,False,False,,,,0.6592517694641051,,S_e8c54fc30df4,"2027 Blue Sky Tula 5"" x 8"" Calendar Year Weekly & Monthly Planner, Plastic Cover (143974-27)",14.99,https://www.staples.com/2027-blue-sky-tula-5-x-8-calendar-year-weekly-monthly-planner-plastic-cover-143974-27/product_24682295,multi/pattern,plastic/poly,traditional,0.29777553083923153
A_a45fea527e93,Office Supplies > Calendars & Planners > Planners & Personal Organizers,Office Supplies > Calendars & Planners,1.0,49.316770186335404,0.15527950310559005,1.0,0.7052833437919617,0.75,4,72.31700134277344,0.16631929970821177,0.0,15,-0.003538928210313458,False,S_71bb2cf33136,False,,UNDERCUT,Reject,False,Office Supplies > Calendars & Planners > Planners & Personal Organizers :: L2 :: planner_type=planner · date_format=monthly · design_theme=plain · vibe=plain · audience=student,2,NO-TWIN,Method 2,2,0.47668829589569894,"2026-2027 Monthly Planner, 2 Year Calendar Planner, Jan.2026 - Dec.2027",3.99,https://www.amazon.com/dp/B0FCBDHJHW,,False,False,,,,0.21486349848331648,,S_71bb2cf33136,"2027 AT-A-GLANCE Recycled 7"" x 8.75"" Monthly Planner, Faux Leather Cover, Black (70-120G-05-27)",27.99,https://www.staples.com/2027-at-a-glance-recycled-7-x-8-75-monthly-planner-faux-leather-cover-black-70-120g-05-27/product_24677201,black,faux leather,traditional,0.21840242669362994
A_8d4134edfab6,Office Supplies > Calendars & Planners > Planners & Personal Organizers,Office Supplies > Calendars & Planners,0.811460258780037,89.3416149068323,0.822360248447205,1.0,0.758837103843689,0.8,5,77.53022766113281,0.6498249124562282,0.0,15,-0.5495449949443882,False,S_bcb1615e5522,False,,UNDERCUT,Reject,False,Office Supplies > Calendars & Planners > Planners & Personal Organizers :: L2 :: planner_type=planner · date_format=monthly · design_theme=plain · vibe=plain · audience=student,2,NO-TWIN,Method 2,3,0.4692291806983273,2027-2028 Monthly Planner - 2 Year Monthly Planner/Calendar 2027-2028,12.99,https://www.amazon.com/dp/B0G9JW1L51,,False,False,,,,0.3028311425682508,,S_bcb1615e5522,"2027-2028 AT-A-GLANCE 9"" x 11"" Calendar Year Monthly Planner, Faux Leather Cover, Red (70-250-13-27)",26.99,https://www.staples.com/2027-2028-at-a-glance-9-x-11-calendar-year-monthly-planner-faux-leather-cover-red-70-250-13-27/product_24677102,red/pink,faux leather,traditional,0.8523761375126391
A_de14742c53e2,Office Supplies > Calendars & Planners > Planners & Personal Organizers,Office Supplies > Calendars & Planners,0.0,48.54658385093168,0.47577639751552797,0.5,0.7294415235519409,0.75,4,73.76649475097656,1.500750375187594,0.3333333333333333,15,0.23761375126390294,False,S_c9483260eba2,False,,TRADE-UP,Approve,False,Office Supplies > Calendars & Planners > Planners & Personal Organizers :: L2 :: planner_type=planner · date_format=weekly · design_theme=plain · vibe=plain · audience=general,2,ATTR-TRADE-UP,both methods,1,0.5477163757532986,"Moleskine 2026-27 18-Month Weekly Planner, Large, Sapphire Blue, Softcover",30.0,https://www.amazon.com/dp/B0G41HSQKK,,False,False,blue,softcover/paper,,0.6243680485338726,blue,S_c9483260eba2,"2027 Blue Sky Amalia 8.5"" x 11"" Calendar Year Weekly & Monthly Planner, Plastic Cover (148767-27)",19.99,https://www.staples.com/2027-blue-sky-amalia-8-5-x-11-calendar-year-weekly-monthly-planner-plastic-cover-148767-27/product_24682269,multi/pattern,plastic/poly,traditional,0.3867542972699697
A_788bdaa5a0b8,Office Supplies > Calendars & Planners > Planners & Personal Organizers,Office Supplies > Calendars & Planners,0.0,69.3416149068323,0.822360248447205,0.5,0.7685880064964294,0.8,5,78.11528778076172,0.8999499749874937,1.0,15,0.20374115267947418,True,S_0351d2c8050d,False,,STYLE-EXTENSION,Approve,False,Office Supplies > Calendars & Planners > Planners & Personal Organizers :: L2 :: planner_type=planner · date_format=weekly · design_theme=plain · vibe=plain · audience=general,2,ATTR-STYLE-EXT,both methods,2,0.49421155408612394,POPRUN Planner 2026-2027 (Medium - 6.5'' x 8.5'') Academic Weekly Planner,17.99,https://www.amazon.com/dp/B0FWHWSMVJ,POPRUN,False,False,brown/wood,leather,,0.5035389282103134,,S_0351d2c8050d,"2026-2027 Excello Brands Essential 5"" x 8"" Academic Weekly & Monthly Planner, Vinyl Cover, Clear (ESPL-AY26-58)",23.99,https://www.staples.com/2026-2027-excello-brands-essential-5-x-8-academic-weekly-monthly-planner-vinyl-cover-clear-espl-ay26-58/product_24683805,white,plastic/poly,minimalist,0.29979777553083925
A_89e0cb556e23,Office Supplies > Calendars & Planners > Planners & Personal Organizers,Office Supplies > Calendars & Planners,0.0,42.36024844720497,0.37267080745341613,0.5,0.794067919254303,0.75,4,77.64407348632812,0.9473407056345445,0.5,15,0.056117290192113256,True,S_970bc6b5104f,False,,STYLE-EXTENSION,Approve,False,Office Supplies > Calendars & Planners > Planners & Personal Organizers :: L2 :: planner_type=planner · date_format=weekly · design_theme=plain · vibe=plain · audience=general,2,ATTR-STYLE-EXT,both methods,3,0.4886964964046999,"Weekly Monthly 2026-2027 Planner (July 26-Dec 27),8.5""x6.5""",17.99,https://www.amazon.com/dp/B0G5GQL95J,,False,False,green,faux leather,,0.4378159757330637,,S_970bc6b5104f,"2027 Blue Sky Day Designer 5.875"" x 8.625"" Weekly & Monthly Planner, Graceful Green (161651)",19.99,https://www.staples.com/2027-blue-sky-day-designer-5-875-x-8-625-weekly-monthly-planner-graceful-green-161651/product_24694089,multi/pattern,plastic/poly,,0.38169868554095043
A_c65506a699f0,Office Supplies > Calendars & Planners > Planners & Personal Organizers,Office Supplies > Calendars & Planners,1.0,69.3416149068323,0.822360248447205,0.5,0.7465325593948364,0.75,4,74.79195404052734,1.0938086303939962,1.0,15,0.2992922143579373,False,S_413c6d622b1b,False,,STYLE-EXTENSION,Approve,False,Office Supplies > Calendars & Planners > Planners & Personal Organizers :: L3 :: planner_type=planner · date_format=monthly · design_theme=plain · audience=general,3,NO-TWIN,both methods,1,0.6167929268003836,2027-2029 Monthly Planner - 3 Year Calendar 2027-2028-2029 Monthly Planner,17.49,https://www.amazon.com/dp/B0H3KZBZK7,,False,False,,,,0.9944388270980788,,S_413c6d622b1b,"2027 Blue Sky Enterprise 8"" x 10"" Calendar Year Monthly Planner, Plastic Cover (131794-27)",14.99,https://www.staples.com/2027-blue-sky-enterprise-8-x-10-calendar-year-monthly-planner-plastic-cover-131794-27/product_24682276,black,plastic/poly,traditional,0.6951466127401416
A_dacdb22c1c8e,Office Supplies > Calendars & Planners > Planners & Personal Organizers,Office Supplies > Calendars & Planners,1.0,76.8695652173913,0.9478260869565217,0.5,0.7393981218338013,0.75,4,74.36388397216797,1.750938673341677,1.0,15,0.4084934277047523,False,S_8d3e3fb2ab8a,False,,TRADE-UP,Approve,False,Office Supplies > Calendars & Planners > Planners & Personal Organizers :: L3 :: planner_type=planner · date_format=monthly · design_theme=plain · audience=general,3,NO-TWIN,both methods,2,0.6060175403015438,"2027-2028 Monthly Planner/Calendar - 2 Year Calendar 2027-2028, 9'' × 11''",13.99,https://www.amazon.com/dp/B0H1C4FQHM,,False,False,,,,0.9307381193124368,,S_8d3e3fb2ab8a,"2027 Blue Sky Wellie 3.625"" x 6.125"" Calendar Year Monthly Standard Planner, Plastic Cover (161816)",7.99,https://www.staples.com/2027-blue-sky-wellie-3-625-x-6-125-calendar-year-monthly-standard-planner-plastic-cover-161816/product_24679115,multi/pattern,plastic/poly,,0.5222446916076845
A_838b2889eac6,Office Supplies > Calendars & Planners > Planners & Personal Organizers,Office Supplies > Calendars & Planners,1.0,76.8695652173913,0.9478260869565217,0.5,0.7393966913223267,0.75,4,74.36380004882812,1.3337041156840934,0.5,15,0.04600606673407481,False,S_46b2c30325a9,False,,STYLE-EXTENSION,Approve,False,Office Supplies > Calendars & Planners > Planners & Personal Organizers :: L3 :: planner_type=planner · date_format=monthly · design_theme=plain · audience=general,3,NO-TWIN,both methods,3,0.6072069273727849,"2027-2029 Pocket Calendar for Purse, 3 Year Monthly Planner Pocket Size",11.99,https://www.amazon.com/dp/B0H24MNX5H,,False,False,,,,0.9261880687563195,,S_46b2c30325a9,"2027-2028 BrownTrout Chickens 3.5"" x 6.5"" Monthly Planner (9798330710249)",8.99,https://www.staples.com/2027-2028-browntrout-chickens-3-5-x-6-5-monthly-planner-9798330710249/product_24768620,multi/pattern,,,0.8801820020222447
A_038df4e8353e,Office Supplies > Calendars & Planners > Planners & Personal Organizers,Office Supplies > Calendars & Planners,0.811460258780037,76.0,0.6,1.0,0.7045168280601501,0.6666666666666666,3,68.93768310546875,0.7496248124062032,0.6666666666666667,15,0.480788675429727,False,S_3f6b2ae9dbcd,False,,LEAN-APPROVE,Approve,False,Office Supplies > Calendars & Planners > Planners & Personal Organizers :: L3 :: planner_type=planner · date_format=weekly · design_theme=plain · audience=student,3,ATTR-UNDERCUT,Method 1,1,0.6394146210202313,"ThreeKin Weekly Planner - Premium 52-Sheet Tear-Off Notepad, 8.5 x 11 inches, Clean Colorful Design, Perfect for Work, School, Projects, and Entrepreneurs, Female & USA Owned Business",14.985,https://www.amazon.com/dp/B0D8WWGDQ7,,False,False,,,,0.9635995955510617,,S_3f6b2ae9dbcd,"2027 Blue Sky Enterprise 8.5"" x 11"" Calendar Year Weekly & Monthly Planner, Plastic Cover (111289-27)",19.99,https://www.staples.com/2027-blue-sky-enterprise-8-5-x-11-calendar-year-weekly-monthly-planner-plastic-cover-111289-27/product_24682263,black,plastic/poly,traditional,0.4828109201213347
A_ccdf847e48b2,Office Supplies > Calendars & Planners > Planners & Personal Organizers,Office Supplies > Calendars & Planners,0.0,47.975155279503106,0.13291925465838508,1.0,0.7281585335731506,1.0,4,83.68951416015625,0.9090318388564003,0.5,8,-0.03437815975733065,True,S_134ae10f3dcf,False,,STYLE-EXTENSION,Approve,False,Office Supplies > Calendars & Planners > Planners & Personal Organizers :: L3 :: planner_type=planner · date_format=weekly · design_theme=plain · audience=student,3,NO-TWIN,Method 1,2,0.386080107329709,"BEZEND Pocket Calendar 2026-2027, Weekly Monthly Academic Planner (3.5""x6"")",13.99,https://www.amazon.com/dp/B0FRS3QSXC,BEZEND,False,False,black,faux leather,,0.06572295247724974,,S_134ae10f3dcf,"2026-2027 Plato Black Solid 6"" x 7.75"" Academic Weekly Desk Planner, Paperboard Cover (9798330708154)",18.59,https://www.staples.com/2026-2027-plato-black-solid-6-x-7-75-academic-weekly-desk-planner-paperboard-cover-9798330708154/product_24691588,black,hardcover,,0.10010111223458039
A_2b198287ef36,Office Supplies > Desk Organizers & Accessories > Desk Organizers,Office Supplies > Desk Organizers & Accessories,0.5607005046007718,78.35061893609902,0.8741496598639455,0.6475409836065573,0.8363134860992432,1.0,3,90.1788101196289,2.5015015015015014,0.5,15,0.3514150943396227,False,S_8041cc9c1cd0,False,,TRADE-UP,Approve,False,Office Supplies > Desk Organizers & Accessories > Desk Organizers :: L1 :: colour_tone=light-neutral · organizer_type=pen cup · stackable=no · gap__use_context__education=yes,1,ATTR-TRADE-UP,both methods,1,0.5107818441121084,"Aesthetic Desk Organizer,Pen Holder for Desk,Modern Office Desk Accessories",24.99,https://www.amazon.com/dp/B0H94H2XW6,,False,False,white,,modern,0.8490566037735849,,S_8041cc9c1cd0,"Poppin Plastic Pen Cup, White (100259)",8.89,https://www.staples.com/poppin-plastic-pen-cup-white-100259/product_49000,white,plastic,contemporary,0.49764150943396224
A_94480699c5f6,Office Supplies > Desk Organizers & Accessories > Desk Organizers,Office Supplies > Desk Organizers & Accessories,0.4419306184012066,92.44897959183673,0.8741496598639455,1.0,0.8363134860992432,1.0,3,90.1788101196289,2.557285873192436,0.5,15,0.18632075471698117,True,S_8041cc9c1cd0,False,,TRADE-UP,Approve,False,Office Supplies > Desk Organizers & Accessories > Desk Organizers :: L1 :: colour_tone=light-neutral · organizer_type=pen cup · stackable=no · gap__use_context__education=yes,1,ATTR-TRADE-UP,both methods,2,0.4838853566826514,"10 Pack Clear Acrylic Pen Holders For Desk, Pencil Cup Makeup Brush Holders",22.99,https://www.amazon.com/dp/B0FF4H4HKF,,False,False,clear,acrylic/clear,contemporary,0.6839622641509434,,S_8041cc9c1cd0,"Poppin Plastic Pen Cup, White (100259)",8.89,https://www.staples.com/poppin-plastic-pen-cup-white-100259/product_49000,white,plastic,contemporary,0.49764150943396224
A_497c11470205,Office Supplies > Desk Organizers & Accessories > Desk Organizers,Office Supplies > Desk Organizers & Accessories,0.4419306184012066,82.70659083305453,0.8741496598639455,0.756440281030445,0.8363134860992432,1.0,3,90.1788101196289,3.780867630700779,0.5,15,0.18632075471698117,True,S_8041cc9c1cd0,False,,TRADE-UP,Approve,False,Office Supplies > Desk Organizers & Accessories > Desk Organizers :: L1 :: colour_tone=light-neutral · organizer_type=pen cup · stackable=no · gap__use_context__education=yes,1,ATTR-TRADE-UP,both methods,3,0.4838853566826514,"20 Pack Clear Acrylic Pen Holders, Bulk Pencil Cup Desk Organizers",33.99,https://www.amazon.com/dp/B0FNCH6JRZ,,False,False,clear,acrylic/clear,contemporary,0.6839622641509434,,S_8041cc9c1cd0,"Poppin Plastic Pen Cup, White (100259)",8.89,https://www.staples.com/poppin-plastic-pen-cup-white-100259/product_49000,white,plastic,contemporary,0.49764150943396224
A_d4a51bce358a,Office Supplies > Desk Organizers & Accessories > Desk Organizers,Office Supplies > Desk Organizers & Accessories,1.0,92.44897959183673,0.8741496598639455,1.0,0.8331016302108765,0.6666666666666666,3,76.65276336669922,2.5665665665665665,0.0,15,0.2264150943396226,False,S_fbdb95d5d891,False,,TRADE-UP,Approve,False,Office Supplies > Desk Organizers & Accessories > Desk Organizers :: L2 :: material_class=acrylic/clear · organizer_type=pen cup · stackable=no · vibe=plain,2,ATTR-TRADE-UP,both methods,1,0.5433865265801268,"Mefirt Acrylic Pen Holder, 360 Degree Rotating Pen Organizer, Rotating Desk Acrylic Office Organizer with 6 Compartments, Marker Organizer for Kid, Crayon Caddy School Art Supply Storage Organizer",25.64,https://www.amazon.com/dp/B0C1N5P32C,,False,False,,acrylic/clear,contemporary,0.6415094339622641,,S_fbdb95d5d891,"Bostitch Konnect Stackable Rotating Pen Holder, Black (KT2-PTLCUP)",28.240000000000002,https://www.staples.com/bostitch-konnect-stackable-rotating-pen-holder-black-kt2-ptlcup/product_24696532,black,,contemporary,0.41509433962264153
A_41f8cc81cf1a,Office Supplies > Desk Organizers & Accessories > Desk Organizers,Office Supplies > Desk Organizers & Accessories,1.0,92.44897959183673,0.8741496598639455,1.0,0.8331022262573242,0.6666666666666666,3,76.65280151367188,1.9806560134566862,0.0,15,0.17452830188679247,False,S_fbdb95d5d891,False,,TRADE-UP,Approve,False,Office Supplies > Desk Organizers & Accessories > Desk Organizers :: L2 :: material_class=acrylic/clear · organizer_type=pen cup · stackable=no · vibe=plain,2,ATTR-TRADE-UP,both methods,2,0.5315537597548287,"Absonic 250pcs Acrylic Pencil Holder Marker Organizer, Back to School 360-Degree Rotating Pen Holder, Crayon Organizers for Kids Pencil Organizer Caddy Art Supply Lazy Susan Organizer for Desk Office",23.55,https://www.amazon.com/dp/B09G29LJJR,,False,False,,acrylic/clear,contemporary,0.589622641509434,,S_fbdb95d5d891,"Bostitch Konnect Stackable Rotating Pen Holder, Black (KT2-PTLCUP)",28.240000000000002,https://www.staples.com/bostitch-konnect-stackable-rotating-pen-holder-black-kt2-ptlcup/product_24696532,black,,contemporary,0.41509433962264153
A_94480699c5f6,Office Supplies > Desk Organizers & Accessories > Desk Organizers,Office Supplies > Desk Organizers & Accessories,0.4419306184012066,92.44897959183673,0.8741496598639455,1.0,0.8363134860992432,1.0,3,90.1788101196289,2.557285873192436,0.5,15,0.18632075471698117,True,S_8041cc9c1cd0,False,,TRADE-UP,Approve,False,Office Supplies > Desk Organizers & Accessories > Desk Organizers :: L2 :: material_class=acrylic/clear · organizer_type=pen cup · stackable=no · vibe=plain,2,ATTR-TRADE-UP,both methods,3,0.48419097949873724,"10 Pack Clear Acrylic Pen Holders For Desk, Pencil Cup Makeup Brush Holders",22.99,https://www.amazon.com/dp/B0FF4H4HKF,,False,False,clear,acrylic/clear,contemporary,0.6839622641509434,,S_8041cc9c1cd0,"Poppin Plastic Pen Cup, White (100259)",8.89,https://www.staples.com/poppin-plastic-pen-cup-white-100259/product_49000,white,plastic,contemporary,0.49764150943396224
A_6628a5127df6,Office Supplies > Desk Organizers & Accessories > Desk Organizers,Office Supplies > Desk Organizers & Accessories,0.19239164328032432,72.44897959183673,0.8741496598639455,0.5,0.8331016302108765,0.6666666666666666,3,76.65276336669922,,0.5,15,0.21698113207547176,False,S_f4852f544752,False,,STYLE-EXTENSION,Approve,False,Office Supplies > Desk Organizers & Accessories > Desk Organizers :: L2 :: material_class=metal · organizer_type=pen cup · stackable=no · vibe=plain,2,ATTR-SUBSTITUTE,Method 1,1,0.5468832534214236,"Pen Holder for Desk,360 Degree Rotating Pencil Holder Organizer",,https://www.amazon.com/dp/B0DSDBZV13,,False,False,yellow/orange,metal,,0.6863207547169812,,S_f4852f544752,Poppin Aqua Pen Cup,8.89,https://www.staples.com/poppin-aqua-pen-cup/product_48993,blue,,gaming,0.4693396226415094
A_7e3beb52288a,Office Supplies > Desk Organizers & Accessories > Desk Organizers,Office Supplies > Desk Organizers & Accessories,0.9018567639257294,77.83539645366344,0.8741496598639455,0.6346604215456675,0.8363134860992432,1.0,3,90.1788101196289,3.0020020020020017,0.0,15,0.31603773584905664,False,S_fa0ac22f579d,False,,TRADE-UP,Approve,False,Office Supplies > Desk Organizers & Accessories > Desk Organizers :: L2 :: material_class=metal · organizer_type=pen cup · stackable=no · vibe=plain,2,ATTR-TRADE-UP,Method 1,2,0.49091941428634356,2Fold Pencil Dispenser for Classroom - Stainless Steel Bulk Pencil Holder for Desk - Includes Removable Label Stickers - Teacher Must Haves for Organization - Holds up to 200 Pencils (Silver),29.99,https://www.amazon.com/dp/B07KCJT5ZG,,False,False,,metal,contemporary,0.7334905660377359,metallic,S_fa0ac22f579d,"Blue Sky Bespoke Letterpress Pen Holder w/ Adjustable Elastic Bungee, Forest Green (155575)",12.29,https://www.staples.com/blue-sky-bespoke-letterpress-pen-holder-w-adjustable-elastic-bungee-forest-green-155575/product_24658462,multi/pattern,,,0.41745283018867924
A_14f3f8032ac3,Office Supplies > Desk Organizers & Accessories > Desk Organizers,Office Supplies > Desk Organizers & Accessories,0.5607005046007718,64.8611575777852,0.8741496598639455,0.3103044496487119,0.8363134860992432,1.0,3,90.1788101196289,,0.6,15,-0.32783018867924535,False,S_94a71da36022,False,,STYLE-EXTENSION,Approve,False,Office Supplies > Desk Organizers & Accessories > Desk Organizers :: L2 :: material_class=metal · organizer_type=pen cup · stackable=no · vibe=plain,2,ATTR-SUBSTITUTE,Method 1,3,0.4353614749323647,Gold pencil cup Sturdy metal frame with white ceramic pen holder For desks and kitchen appliance holders,,https://www.amazon.com/dp/B09G16HFSJ,,False,False,metallic,metal,industrial,0.46462264150943394,,S_94a71da36022,"Mind Reader 4-Compartment Glass Pen Holder, Gold (MENO-GLD)",30.79,https://www.staples.com/mind-reader-4-compartment-glass-pen-holder-gold-meno-gld/product_24676396,metallic,acrylic/clear,modern,0.7924528301886793
A_81dfcee47e3b,Office Supplies > Desk Organizers & Accessories > Desk Organizers,Office Supplies > Desk Organizers & Accessories,0.5607005046007718,77.83539645366344,0.8741496598639455,0.6346604215456675,0.8363134860992432,1.0,3,90.1788101196289,1.4449388209121246,0.5,15,0.3867924528301887,True,S_8041cc9c1cd0,False,,STYLE-EXTENSION,Approve,False,Office Supplies > Desk Organizers & Accessories > Desk Organizers :: L3 :: colour_tone=light-neutral · organizer_type=pen cup · stackable=no · gap__use_context__corporate office=no,3,ATTR-SUBSTITUTE,Method 1,1,0.5218358960466565,BEYGORM Magnetic Dry Erase Marker Holder for Whiteboard & Refrigerator,12.99,https://www.amazon.com/dp/B0CHJNZWCR,BEYGORM,False,False,clear,acrylic/clear,contemporary,0.8844339622641509,,S_8041cc9c1cd0,"Poppin Plastic Pen Cup, White (100259)",8.89,https://www.staples.com/poppin-plastic-pen-cup-white-100259/product_49000,white,plastic,contemporary,0.49764150943396224
A_2b198287ef36,Office Supplies > Desk Organizers & Accessories > Desk Organizers,Office Supplies > Desk Organizers & Accessories,0.5607005046007718,78.35061893609902,0.8741496598639455,0.6475409836065573,0.8363134860992432,1.0,3,90.1788101196289,2.5015015015015014,0.5,15,0.3514150943396227,False,S_8041cc9c1cd0,False,,TRADE-UP,Approve,False,Office Supplies > Desk Organizers & Accessories > Desk Organizers :: L3 :: colour_tone=light-neutral · organizer_type=pen cup · stackable=no · gap__use_context__corporate office=no,3,ATTR-TRADE-UP,Method 1,2,0.5147604243485433,"Aesthetic Desk Organizer,Pen Holder for Desk,Modern Office Desk Accessories",24.99,https://www.amazon.com/dp/B0H94H2XW6,,False,False,white,,modern,0.8490566037735849,,S_8041cc9c1cd0,"Poppin Plastic Pen Cup, White (100259)",8.89,https://www.staples.com/poppin-plastic-pen-cup-white-100259/product_49000,white,plastic,contemporary,0.49764150943396224
A_5a70ac1fb4af,"Bags, Backpacks & Luggage > Backpacks & Laptop Bags > Backpacks","Bags, Backpacks & Luggage > Backpacks & Laptop Bags",1.0,28.602324618588298,0.018469656992084433,0.6873536299765808,0.5388521552085876,0.75,4,62.33112716674805,4.5858636764520595,0.5,4,0.30025445292620867,False,S_7eb255eeacf9,False,,OFF-BRAND,Reject,False,"Bags, Backpacks & Luggage > Backpacks & Laptop Bags > Backpacks :: L1 :: pack_type=hiking/outdoor · audience=general · vibe=plain · gap__use_context__outdoor=yes",1,NO-TWIN,Method 2,1,0.6794254034034675,"TACTICAL_GEEK ModCase B2 Ultimate EDC Tactical Backpack,14L High-Capacity, Anti-Shock Laptop Compartment, Waterproof, Molle System, for Hiking, Camping, Commuting, Backpacking Daypack Rucksack, Green",181.99,https://www.amazon.com/dp/B0CH9DYCDY,TACTICAL_GEEK,False,False,green,,,0.996607294317218,green,S_7eb255eeacf9,Ergodyne® Chill-Its® GB5050 Hydration Bladder Replacement,21.19,https://www.staples.com/ergodyne-chill-its-gb5050-hydration-bladder-replacement/product_43778,blue,,,0.6963528413910093
A_353ccddeef77,"Bags, Backpacks & Luggage > Backpacks & Laptop Bags > Backpacks","Bags, Backpacks & Luggage > Backpacks & Laptop Bags",1.0,16.096469817651528,0.018469656992084433,0.37470725995316156,0.5129125118255615,0.8,5,62.77475357055664,1.9091735612328395,0.0,13,0.23494486853265473,False,S_7878224d438e,False,,OFF-BRAND,Reject,False,"Bags, Backpacks & Luggage > Backpacks & Laptop Bags > Backpacks :: L1 :: pack_type=hiking/outdoor · audience=general · vibe=plain · gap__use_context__outdoor=yes",1,ATTR-TRADE-UP,Method 2,2,0.6581452678582544,"Gamut 22L Sling Backpack – Versatile, Durable Design with Ample Storage, Ideal for Everyday Use & Outdoor Adventures, Cedar Brown - One Size",209.99,https://www.amazon.com/dp/B0G2MXN1X4,,False,False,brown/wood,,,0.904156064461408,brown/wood,S_7878224d438e,"BAGSMART Blast Backpack, Medium, Mossy (BM0301094AC007)",71.79,https://www.staples.com/bagsmart-blast-backpack-medium-mossy-bm0301094ac007/product_24625925,green,nylon,,0.6692111959287532
A_d68e65bccaff,"Bags, Backpacks & Luggage > Backpacks & Laptop Bags > Backpacks","Bags, Backpacks & Luggage > Backpacks & Laptop Bags",1.0,28.602324618588298,0.018469656992084433,0.6873536299765808,0.5372007489204407,0.75,4,62.23204803466797,,0.0,4,0.7998303647158609,False,S_4405aeb58411,False,,OFF-BRAND,Reject,False,"Bags, Backpacks & Luggage > Backpacks & Laptop Bags > Backpacks :: L1 :: pack_type=hiking/outdoor · audience=general · vibe=plain · gap__use_context__outdoor=yes",1,NO-TWIN,Method 2,3,0.6733496845708853,"Anti Theft Hiking Backpack, 18L RFID Packable Travel Daypack, Lightweight Foldable Back Pack for Walking Daytrip",,https://www.amazon.com/dp/B0DZBM3SH1,,False,False,,,,0.9414758269720102,,S_4405aeb58411,"High Sierra Pathsetter Polyester Backpack, Medium, Black (157868-1041)",56.39,https://www.staples.com/high-sierra-pathsetter-polyester-backpack-medium-black-157868-1041/product_24674474,black,polyester,,0.14164546225614927
A_8b138824bf5c,"Bags, Backpacks & Luggage > Backpacks & Laptop Bags > Backpacks","Bags, Backpacks & Luggage > Backpacks & Laptop Bags",1.0,16.55853565094882,0.013192612137203167,0.3941744730679157,0.5405586957931519,0.5,4,52.43352127075195,0.654907395741464,0.5,4,0.28498727735368967,False,S_7eb255eeacf9,False,,OFF-BRAND,Reject,False,"Bags, Backpacks & Luggage > Backpacks & Laptop Bags > Backpacks :: L1 :: pack_type=hiking/outdoor · audience=women & men · vibe=plain · gap__use_context__outdoor=yes",1,NO-TWIN,Method 2,1,0.7247048597531971,"CROSS GEAR 16L Foldable Hiking Backpack, RFID Protection, Lightweight Waterproof Daypack, Packable Backpacks for Women Men, Small Hiking Daypack for Camping Travel Outdoor, Orange",25.99,https://www.amazon.com/dp/B0H2LKFDGY,CROSS,False,False,yellow/orange,,,0.981340118744699,yellow/orange,S_7eb255eeacf9,Ergodyne® Chill-Its® GB5050 Hydration Bladder Replacement,21.19,https://www.staples.com/ergodyne-chill-its-gb5050-hydration-bladder-replacement/product_43778,blue,,,0.6963528413910093
A_a3f9aa37e111,"Bags, Backpacks & Luggage > Backpacks & Laptop Bags > Backpacks","Bags, Backpacks & Luggage > Backpacks & Laptop Bags",1.0,16.55853565094882,0.013192612137203167,0.3941744730679157,0.5405586957931519,0.5,4,52.43352127075195,0.5541136449540128,0.0,4,0.24300254452926218,False,S_7eb255eeacf9,False,,OFF-BRAND,Reject,False,"Bags, Backpacks & Luggage > Backpacks & Laptop Bags > Backpacks :: L1 :: pack_type=hiking/outdoor · audience=women & men · vibe=plain · gap__use_context__outdoor=yes",1,NO-TWIN,Method 2,2,0.7235755373280973,Packable Crossbody Sling Bag for Men Women RFID Lightweight Travel Daypack,21.99,https://www.amazon.com/dp/B0H8THLDJM,,False,False,,,,0.9393553859202715,,S_7eb255eeacf9,Ergodyne® Chill-Its® GB5050 Hydration Bladder Replacement,21.19,https://www.staples.com/ergodyne-chill-its-gb5050-hydration-bladder-replacement/product_43778,blue,,,0.6963528413910093
A_8fc0f779d0c9,"Bags, Backpacks & Luggage > Backpacks & Laptop Bags > Backpacks","Bags, Backpacks & Luggage > Backpacks & Laptop Bags",1.0,16.875158342241694,0.018469656992084433,0.3941744730679157,0.5143555402755737,0.5,4,50.86133575439453,0.3783256720991781,0.0,15,0.18363019508057676,False,S_7eb255eeacf9,False,,OFF-BRAND,Reject,False,"Bags, Backpacks & Luggage > Backpacks & Laptop Bags > Backpacks :: L1 :: pack_type=hiking/outdoor · audience=women & men · vibe=plain · gap__use_context__outdoor=yes",1,NO-TWIN,Method 2,3,0.716985047807928,"25L Hiking Backpack for Men Women - Waterproof Daypack with Whistle & Anti Theft Zippers & Multi Compartments for Camping, Travel & Outdoor Day Hikes (Black)",27.16,https://www.amazon.com/dp/B0GF38Q254,25L,False,False,,,,0.879983036471586,black,S_7eb255eeacf9,Ergodyne® Chill-Its® GB5050 Hydration Bladder Replacement,21.19,https://www.staples.com/ergodyne-chill-its-gb5050-hydration-bladder-replacement/product_43778,blue,,,0.6963528413910093
A_f7dcb99a469c,"Bags, Backpacks & Luggage > Backpacks & Laptop Bags > Backpacks","Bags, Backpacks & Luggage > Backpacks & Laptop Bags",1.0,17.293032529418188,0.021108179419525065,0.40066354410616706,0.5461947917938232,0.6,5,56.771690368652344,0.39993332592510283,1.0,3,0.7798982188295165,False,S_29a068ff1dee,False,,OFF-BRAND,Reject,False,"Bags, Backpacks & Luggage > Backpacks & Laptop Bags > Backpacks :: L1 :: pack_type=hiking/outdoor · audience=women & men · vibe=professional · gap__use_context__outdoor=no",1,NO-TWIN,Method 2,1,0.6922706617178607,"BOVIP Travel Backpack For Men Women,40L Carry On Backpack Flight Approved,TSA Personal Item Travel Bag Fits 17 Inch Laptop,Business Weekender Overnight Daypack Light Green",35.99,https://www.amazon.com/dp/B0FQJRN8P1,BOVIP,False,False,green,,,0.9219677692960135,,S_29a068ff1dee,"JanSport Outdoor Laptop Compatable Backpack, X-Large, Black (T14F008)",89.99,https://www.staples.com/jansport-agave-backpack-solid-black-t14f008/product_1389308,black,polyester,,0.14206955046649702
A_14be4253f2e9,"Bags, Backpacks & Luggage > Backpacks & Laptop Bags > Backpacks","Bags, Backpacks & Luggage > Backpacks & Laptop Bags",1.0,22.845884337557855,0.018469656992084433,0.5434426229508197,0.5129125118255615,0.6,5,54.774749755859375,0.7999818165287753,0.0,13,0.4363867684478372,False,S_d801f36037fa,False,,OFF-BRAND,Reject,False,"Bags, Backpacks & Luggage > Backpacks & Laptop Bags > Backpacks :: L1 :: pack_type=hiking/outdoor · audience=women & men · vibe=professional · gap__use_context__outdoor=no",1,ATTR-TRADE-UP,Method 2,2,0.669219626974918,"tomtoc Laptop Backpack, Laptop Bag for Men Women, 24L Everyday Computer Backpack for 16'' MacBook Pro M4, Daypack for Work, Commute, Business, College, Weekend Trip",87.99,https://www.amazon.com/dp/B0DJ2TQG3G,,False,False,,,,0.7362171331636981,,S_d801f36037fa,"Thule Subterra Laptop Compatible Backpack, Large, Dark Shadow (3205289)",129.99,https://www.staples.com/thule-subterra-laptop-compatible-backpack-large-dark-shadow-3205289/product_24772026,grey,nylon,,0.2998303647158609
A_9f1edfae26b3,"Bags, Backpacks & Luggage > Backpacks & Laptop Bags > Backpacks","Bags, Backpacks & Luggage > Backpacks & Laptop Bags",1.0,16.343164455539558,0.005277044854881266,0.40066354410616706,0.5545374155044556,0.75,4,63.27225112915039,,1.0,3,0.21034775233248526,False,S_7eb255eeacf9,False,,OFF-BRAND,Reject,False,"Bags, Backpacks & Luggage > Backpacks & Laptop Bags > Backpacks :: L1 :: pack_type=hiking/outdoor · audience=women & men · vibe=professional · gap__use_context__outdoor=no",1,ATTR-STYLE-EXT,Method 2,3,0.6609162522343077,"LOVEVOOK Travel Carry on Backpack, Large 40L Personal Item Travel Bag for Men & Women Flight Approved with 3 Packing Cubes, Suitcase Water Resistant Luggage Daypack Business Weekender Bag",,https://www.amazon.com/dp/B0F8VXPR2P,LOVEVOOK,False,False,,,,0.9067005937234945,,S_7eb255eeacf9,Ergodyne® Chill-Its® GB5050 Hydration Bladder Replacement,21.19,https://www.staples.com/ergodyne-chill-its-gb5050-hydration-bladder-replacement/product_43778,blue,,,0.6963528413910093
A_383fc4de5cf4,"Bags, Backpacks & Luggage > Backpacks & Laptop Bags > Backpacks","Bags, Backpacks & Luggage > Backpacks & Laptop Bags",1.0,24.662275308497033,0.021108179419525065,0.5848946135831382,0.5483582019805908,0.5,6,52.901493072509766,,0.0,3,0.5873621713316369,False,S_2ded9fe5d7a0,False,,OFF-BRAND,Reject,False,"Bags, Backpacks & Luggage > Backpacks & Laptop Bags > Backpacks :: L1 :: pack_type=hiking/outdoor · audience=women · vibe=plain · gap__use_context__outdoor=no",1,NO-TWIN,Method 2,1,0.6952523056625612,"LOVEVOOK Travel Backpack for Women, TSA Carry On Backpack Flight Approved Luggage, 40L Water Resistant Personal Item Daypack Large Weekender Bag fit 17 inch Laptop with 3 Cubes, Beige-black-brown",,https://www.amazon.com/dp/B0C4YRF1ZV,LOVEVOOK,False,False,beige/cream,,,0.868108566581849,beige/cream,S_2ded9fe5d7a0,"SwissDigital Berg Carrying Case Laptop Backpack, X-Large, Dark Khaki (SD16489510-74)",199.0,https://www.staples.com/swissdigital-berg-carrying-case-laptop-backpack-x-large-dark-khaki-sd16489510-74/product_24599589,brown/wood,polyester,,0.28074639525021206
A_6a251681f1ee,"Bags, Backpacks & Luggage > Backpacks & Laptop Bags > Backpacks","Bags, Backpacks & Luggage > Backpacks & Laptop Bags",1.0,7.89974850617612,0.018469656992084433,0.16978922716627634,0.5129127502441406,0.8,5,62.77476501464844,,0.0,13,0.09372349448685324,False,S_7878224d438e,False,,OFF-BRAND,Reject,False,"Bags, Backpacks & Luggage > Backpacks & Laptop Bags > Backpacks :: L1 :: pack_type=hiking/outdoor · audience=women · vibe=plain · gap__use_context__outdoor=no",1,ATTR-STYLE-EXT,Method 2,2,0.6254322564005346,"Eddie Bauer Adventurer Backpack with Organization Compartments and Hydration/Laptop Compatible Sleeve, Women's Adventurer - Dark Plum, 30L",,https://www.amazon.com/dp/B0CFB45C4S,,False,False,purple,,,0.7629346904156065,purple,S_7878224d438e,"BAGSMART Blast Backpack, Medium, Mossy (BM0301094AC007)",71.79,https://www.staples.com/bagsmart-blast-backpack-medium-mossy-bm0301094ac007/product_24625925,green,nylon,,0.6692111959287532
A_de2dd852e2fc,"Bags, Backpacks & Luggage > Backpacks & Laptop Bags > Backpacks","Bags, Backpacks & Luggage > Backpacks & Laptop Bags",1.0,24.662275308497033,0.021108179419525065,0.5848946135831382,0.5483582019805908,0.6,5,56.9014892578125,,0.0,3,0.5708227311280747,False,S_fea69cc905c6,False,,OFF-BRAND,Reject,False,"Bags, Backpacks & Luggage > Backpacks & Laptop Bags > Backpacks :: L1 :: pack_type=hiking/outdoor · audience=women · vibe=plain · gap__use_context__outdoor=no",1,NO-TWIN,Method 2,3,0.6398663990764522,"LOVEVOOK 40L Travel Backpack for Women, Carry On Backpack with 3 Packing Cubes,TSA Personal Item Travel Bag Airline Approved, Water Resistant Weekender Overnight Luggage Daypack, Fits 17.3 Inch Laptop",,https://www.amazon.com/dp/B0CH9Y2TZG,LOVEVOOK,False,False,,,,0.6704834605597965,,S_fea69cc905c6,"FUEL Terra Sport Bungee Backpack, Midnight Camo (117870ST-MNC)",30.79,https://www.staples.com/fuel-terra-sport-bungee-backpack-midnight-camo-117870st-mnc/product_24546290,multi/pattern,nylon,,0.0996607294317218
A_c0941b9f4cc7,"Bags, Backpacks & Luggage > Backpacks & Laptop Bags > Backpacks","Bags, Backpacks & Luggage > Backpacks & Laptop Bags",1.0,21.701465914450907,0.018469656992084433,0.514832162373146,0.5144279599189758,0.6,5,54.86567687988281,2.785903329154478,0.0,15,0.19762510602205252,False,S_7878224d438e,False,,OFF-BRAND,Reject,False,"Bags, Backpacks & Luggage > Backpacks & Laptop Bags > Backpacks :: L1 :: pack_type=hiking/outdoor · audience=women · vibe=plain · gap__use_context__outdoor=yes",1,ATTR-TRADE-UP,Method 2,1,0.6918586441811311,"Osprey Sirrus 24L Women's Hiking Backpack, Purple OS",200.0,https://www.amazon.com/dp/B0G6GD63YS,,False,False,purple,,,0.8668363019508057,purple,S_7878224d438e,"BAGSMART Blast Backpack, Medium, Mossy (BM0301094AC007)",71.79,https://www.staples.com/bagsmart-blast-backpack-medium-mossy-bm0301094ac007/product_24625925,green,nylon,,0.6692111959287532
A_c487c75fe209,"Bags, Backpacks & Luggage > Backpacks & Laptop Bags > Backpacks","Bags, Backpacks & Luggage > Backpacks & Laptop Bags",1.0,21.384843223158033,0.013192612137203167,0.514832162373146,0.5405586957931519,0.5,4,52.43352127075195,2.015623031372055,0.0,4,0.06870229007633588,False,S_7eb255eeacf9,False,,OFF-BRAND,Reject,False,"Bags, Backpacks & Luggage > Backpacks & Laptop Bags > Backpacks :: L1 :: pack_type=hiking/outdoor · audience=women · vibe=plain · gap__use_context__outdoor=yes",1,NO-TWIN,Method 2,2,0.6851982461516387,"10L Small Hiking Backpack for Women, Lightweight Travel Daypack",79.99,https://www.amazon.com/dp/B0GTYR7PS4,10L,False,False,,nylon,,0.7650551314673452,,S_7eb255eeacf9,Ergodyne® Chill-Its® GB5050 Hydration Bladder Replacement,21.19,https://www.staples.com/ergodyne-chill-its-gb5050-hydration-bladder-replacement/product_43778,blue,,,0.6963528413910093
A_4cf2493c01ee,"Bags, Backpacks & Luggage > Backpacks & Laptop Bags > Backpacks","Bags, Backpacks & Luggage > Backpacks & Laptop Bags",1.0,21.701465914450907,0.018469656992084433,0.514832162373146,0.5388521552085876,0.75,4,62.33112716674805,2.7715761622779387,0.0,4,0.2400339270568279,False,S_7eb255eeacf9,False,,OFF-BRAND,Reject,False,"Bags, Backpacks & Luggage > Backpacks & Laptop Bags > Backpacks :: L1 :: pack_type=hiking/outdoor · audience=women · vibe=plain · gap__use_context__outdoor=yes",1,NO-TWIN,Method 2,3,0.6732633229946059,"LEFF Small Hiking Backpack for Women, Lightweight 15L Small Travel Backpack, Waterproof Backpacks for Outdoor Hiking Camping",109.99,https://www.amazon.com/dp/B0H3VBQHYR,LEFF,False,False,,,,0.9363867684478372,,S_7eb255eeacf9,Ergodyne® Chill-Its® GB5050 Hydration Bladder Replacement,21.19,https://www.staples.com/ergodyne-chill-its-gb5050-hydration-bladder-replacement/product_43778,blue,,,0.6963528413910093
A_7d61fc2de4bb,"Bags, Backpacks & Luggage > Backpacks & Laptop Bags > Backpacks","Bags, Backpacks & Luggage > Backpacks & Laptop Bags",1.0,57.414248021108186,0.29023746701846964,1.0,0.7320545315742493,0.6,5,67.92327117919922,1.7074896316174675,1.0,10,0.3897370653095844,False,S_c4fb84becff6,False,,LEAN-APPROVE,Approve,False,"Bags, Backpacks & Luggage > Backpacks & Laptop Bags > Backpacks :: L1 :: pack_type=travel/carry-on · audience=general · vibe=professional · gap__use_context__outdoor=no",1,NO-TWIN,Method 1,1,0.5849026095705381,Swissdigital Design Large Business Laptop Backpack with Smart USB Charging Port Travel Backpack Fits 15.6 inches laptops,69.99,https://www.amazon.com/dp/B0DNJGVLFS,,False,False,,,,0.6391009329940628,,S_c4fb84becff6,"Skyway Luggage Rainier Weekender Laptop Backpack, Large, Zion Gray (505-40-020-BKP)",163.99,https://www.staples.com/skyway-luggage-rainier-weekender-backpack-zion-gray-505-40-020-bkp/product_24644930,grey,polyester,,0.24936386768447838
A_3c9e4d2864a2,"Bags, Backpacks & Luggage > Backpacks & Laptop Bags > Backpacks","Bags, Backpacks & Luggage > Backpacks & Laptop Bags",1.0,56.62269129287599,0.2770448548812665,1.0,0.7307284474372864,0.8,5,75.84370422363281,1.7806782141985849,1.0,10,0.38040712468193383,False,S_c4fb84becff6,False,,TRADE-UP,Approve,False,"Bags, Backpacks & Luggage > Backpacks & Laptop Bags > Backpacks :: L1 :: pack_type=travel/carry-on · audience=general · vibe=professional · gap__use_context__outdoor=no",1,NO-TWIN,Method 1,2,0.5430022629435736,"BANGE Business Smart Backpack Waterproof fit 15.6 Inch Laptop Backpack with USB Charging Port,Travel Durable Backpack",72.99,https://www.amazon.com/dp/B09Z68F3HP,BANGE,False,False,,,,0.6297709923664122,,S_c4fb84becff6,"Skyway Luggage Rainier Weekender Laptop Backpack, Large, Zion Gray (505-40-020-BKP)",163.99,https://www.staples.com/skyway-luggage-rainier-weekender-backpack-zion-gray-505-40-020-bkp/product_24644930,grey,polyester,,0.24936386768447838
A_ee0785740191,"Bags, Backpacks & Luggage > Backpacks & Laptop Bags > Backpacks","Bags, Backpacks & Luggage > Backpacks & Laptop Bags",0.45669183253260126,56.14775725593668,0.2691292875989446,1.0,0.7356974482536316,0.75,4,74.141845703125,3.4820169252468265,0.0,8,-0.2985581000848177,True,S_f32079d6878f,False,,TRADE-UP,Approve,False,"Bags, Backpacks & Luggage > Backpacks & Laptop Bags > Backpacks :: L1 :: pack_type=travel/carry-on · audience=general · vibe=professional · gap__use_context__outdoor=no",1,ATTR-TRADE-UP,Method 1,3,0.47347687892331425,"TUMI Voyageur Halsey Backpack, Holds Up to 14"" Screens, Black and Gold",395.0,https://www.amazon.com/dp/B0BS6GMNP1,TUMI,False,False,black,nylon,,0.2900763358778626,black,S_f32079d6878f,"Samsonite Xenon 3 Backpack, Solid Black (89431-1041)",86.19,https://www.staples.com/samsonite-xenon-3-backpack-solid-black-89431-1041/product_24216338,black,polyester,contemporary,0.5886344359626803
A_bf2f7aba7f1b,"Bags, Backpacks & Luggage > Backpacks & Laptop Bags > Backpacks","Bags, Backpacks & Luggage > Backpacks & Laptop Bags",0.0,29.667774804891465,0.1503957783641161,0.5161007025761124,0.6676098108291626,0.4,5,56.05658721923828,3.65918516711393,0.875,3,0.6365564037319762,True,S_0e68eb9859e7,False,,OFF-BRAND,Reject,False,"Bags, Backpacks & Luggage > Backpacks & Laptop Bags > Backpacks :: L1 :: pack_type=travel/carry-on · audience=men · vibe=professional · gap__use_context__outdoor=no",1,ATTR-TRADE-UP,Method 2,1,0.6989694450020891,"LANNSYNE Full Grain Leather 17"" Laptop Business Travel Backpack for Men",149.99,https://www.amazon.com/dp/B0H74YR3G5,LANNSYNE,False,False,brown/wood,leather,,0.9474130619168787,,S_0e68eb9859e7,"SwissDigital Pixel Pro Business Travel Laptop Backpack, Large, Black (SD1644FB-01)",139.99,https://www.staples.com/swissdigital-pixel-pro-business-travel-laptop-backpack-large-black-sd1644fb-01/product_24634747,black,polyester,,0.31085665818490243
A_fb98f14db165,"Bags, Backpacks & Luggage > Backpacks & Laptop Bags > Backpacks","Bags, Backpacks & Luggage > Backpacks & Laptop Bags",1.0,21.910518868216002,0.021108179419525065,0.5161007025761124,0.5731334686279297,0.75,4,64.38801574707031,,0.0,3,0.3108566581849024,False,S_f32079d6878f,False,,OFF-BRAND,Reject,False,"Bags, Backpacks & Luggage > Backpacks & Laptop Bags > Backpacks :: L1 :: pack_type=travel/carry-on · audience=men · vibe=professional · gap__use_context__outdoor=no",1,NO-TWIN,Method 2,2,0.6475965699743071,"18.4 Laptop Backpack for Men, 55L-60L Extra Large Backpack for Travel Work",,https://www.amazon.com/dp/B07TF3YGGW,,False,False,,,,0.8994910941475827,,S_f32079d6878f,"Samsonite Xenon 3 Backpack, Solid Black (89431-1041)",86.19,https://www.staples.com/samsonite-xenon-3-backpack-solid-black-89431-1041/product_24216338,black,polyester,contemporary,0.5886344359626803
A_b7b9cc69ee76,"Bags, Backpacks & Luggage > Backpacks & Laptop Bags > Backpacks","Bags, Backpacks & Luggage > Backpacks & Laptop Bags",0.45669183253260126,36.55603307112889,0.18469656992084432,0.6368559718969555,0.7270191311836243,0.25,4,53.62114715576172,,0.0,8,-0.3172179813401188,False,S_f32079d6878f,False,,OFF-BRAND,Reject,False,"Bags, Backpacks & Luggage > Backpacks & Laptop Bags > Backpacks :: L1 :: pack_type=travel/carry-on · audience=men · vibe=professional · gap__use_context__outdoor=no",1,NO-TWIN,Method 2,3,0.5748913083691229,"FENRUIEN 17 Inch Travel Backpack for Men, Expandable Water Resistant Computer Backpack with USB Port, Black Laptop Bag for Business/College/Work",,https://www.amazon.com/dp/B0CQXK7XFG,FENRUIEN,False,False,black,,,0.2714164546225615,black,S_f32079d6878f,"Samsonite Xenon 3 Backpack, Solid Black (89431-1041)",86.19,https://www.staples.com/samsonite-xenon-3-backpack-solid-black-89431-1041/product_24216338,black,polyester,contemporary,0.5886344359626803
A_1c4e9482b5eb,"Bags, Backpacks & Luggage > Backpacks & Laptop Bags > Backpacks","Bags, Backpacks & Luggage > Backpacks & Laptop Bags",1.0,17.293032529418188,0.021108179419525065,0.40066354410616706,0.5731334686279297,0.4,5,50.38800811767578,,0.0,3,0.2336726039016115,False,S_7878224d438e,False,,OFF-BRAND,Reject,False,"Bags, Backpacks & Luggage > Backpacks & Laptop Bags > Backpacks :: L1 :: pack_type=travel/carry-on · audience=women & men · vibe=plain · gap__use_context__outdoor=no",1,NO-TWIN,Method 2,1,0.7232500509340142,"LOVEVOOK Travel Backpack for Women & Men, 40L Large Carry On Backpack Airline Approved, TSA Personal Item Weekender Bag, Water Resistant Laptop Backpack with 3 Packing Cubes for Travel Essentials",,https://www.amazon.com/dp/B0DSHZ23MX,LOVEVOOK,False,False,,,,0.9028837998303647,,S_7878224d438e,"BAGSMART Blast Backpack, Medium, Mossy (BM0301094AC007)",71.79,https://www.staples.com/bagsmart-blast-backpack-medium-mossy-bm0301094ac007/product_24625925,green,nylon,,0.6692111959287532
A_c845a7f98ca4,"Bags, Backpacks & Luggage > Backpacks & Laptop Bags > Backpacks","Bags, Backpacks & Luggage > Backpacks & Laptop Bags",1.0,25.05028846609365,0.1503957783641161,0.40066354410616706,0.6676098108291626,0.4,5,56.05658721923828,1.46352768968041,1.0,3,0.6399491094147582,True,S_0e68eb9859e7,False,,OFF-BRAND,Reject,False,"Bags, Backpacks & Luggage > Backpacks & Laptop Bags > Backpacks :: L1 :: pack_type=travel/carry-on · audience=women & men · vibe=plain · gap__use_context__outdoor=no",1,ATTR-STYLE-EXT,Method 2,2,0.6997922889836468,"Vegan Leather Backpack for Women and Men, Fits 17.0"" Laptop, Stylish Lay-Flat Carry-on Travel Backpack with Luggage Strap for Travel and Daily Use",59.99,https://www.amazon.com/dp/B0F4MTK13Q,,False,False,,faux leather,,0.9508057675996607,,S_0e68eb9859e7,"SwissDigital Pixel Pro Business Travel Laptop Backpack, Large, Black (SD1644FB-01)",139.99,https://www.staples.com/swissdigital-pixel-pro-business-travel-laptop-backpack-large-black-sd1644fb-01/product_24634747,black,polyester,,0.31085665818490243
A_e4f10b62b07b,"Bags, Backpacks & Luggage > Backpacks & Laptop Bags > Backpacks","Bags, Backpacks & Luggage > Backpacks & Laptop Bags",1.0,18.242900603296814,0.036939313984168866,0.40066354410616706,0.6063493490219116,0.3333333333333333,6,49.714298248291016,0.25804994515067436,0.0,4,0.13613231552162852,False,S_aaa450145427,False,,OFF-BRAND,Reject,False,"Bags, Backpacks & Luggage > Backpacks & Laptop Bags > Backpacks :: L1 :: pack_type=travel/carry-on · audience=women & men · vibe=plain · gap__use_context__outdoor=no",1,NO-TWIN,Method 2,3,0.6907394515345722,EMPSIGN 40L Travel Backpack for Women & Men,39.99,https://www.amazon.com/dp/B0GTLKQ4BM,EMPSIGN,False,False,,,,0.7150127226463104,,S_aaa450145427,"Thule Subterra 2 Travel Pack Laptop Backpack, Medium, Vetiver Gray (3205056)",169.95,https://www.staples.com/thule-subterra-2-travel-pack-laptop-backpack-medium-vetiver-gray-3205056/product_24677998,grey,polyester,,0.5788804071246819
A_b19e59509786,"Bags, Backpacks & Luggage > Backpacks & Laptop Bags > Backpacks","Bags, Backpacks & Luggage > Backpacks & Laptop Bags",0.0,25.841845194325842,0.16358839050131926,0.40066354410616706,0.6751874089241028,0.6,5,64.51124572753906,0.4389901823281907,0.875,3,0.6776929601357082,True,S_0e68eb9859e7,False,,OFF-BRAND,Reject,False,"Bags, Backpacks & Luggage > Backpacks & Laptop Bags > Backpacks :: L1 :: pack_type=travel/carry-on · audience=women & men · vibe=professional · gap__use_context__outdoor=no",1,NO-TWIN,Method 2,1,0.6606732651386553,"Shrrie 17 Inch Travel Laptop Backpack for Women&Men, Vegan Leather Backpack with USB Charger, Expandable Large Capacity Computer Backpack Purse for Work Business Travel, Brown",71.99,https://www.amazon.com/dp/B0G7CWY2FX,,False,False,brown/wood,faux leather,,0.9885496183206107,brown/wood,S_0e68eb9859e7,"SwissDigital Pixel Pro Business Travel Laptop Backpack, Large, Black (SD1644FB-01)",139.99,https://www.staples.com/swissdigital-pixel-pro-business-travel-laptop-backpack-large-black-sd1644fb-01/product_24634747,black,polyester,,0.31085665818490243
A_e0762dbd2786,"Bags, Backpacks & Luggage > Backpacks & Laptop Bags > Backpacks","Bags, Backpacks & Luggage > Backpacks & Laptop Bags",1.0,18.242900603296814,0.036939313984168866,0.40066354410616706,0.6019589900970459,0.6,5,60.1175422668457,0.49680583338710715,0.5,4,0.4287531806615776,False,S_0e68eb9859e7,False,,OFF-BRAND,Reject,False,"Bags, Backpacks & Luggage > Backpacks & Laptop Bags > Backpacks :: L1 :: pack_type=travel/carry-on · audience=women & men · vibe=professional · gap__use_context__outdoor=no",1,NO-TWIN,Method 2,2,0.6417294051891873,"CROSSGEAR Travel Carry On Backpack, 40L Expandable Large Laptop Backpack",76.99,https://www.amazon.com/dp/B0FL7VKV5Z,CROSSGEAR,False,False,,,,0.73960983884648,,S_0e68eb9859e7,"SwissDigital Pixel Pro Business Travel Laptop Backpack, Large, Black (SD1644FB-01)",139.99,https://www.staples.com/swissdigital-pixel-pro-business-travel-laptop-backpack-large-black-sd1644fb-01/product_24634747,black,polyester,,0.31085665818490243
A_2963fc44d667,"Bags, Backpacks & Luggage > Backpacks & Laptop Bags > Backpacks","Bags, Backpacks & Luggage > Backpacks & Laptop Bags",1.0,30.761451619879754,0.1503957783641161,0.5434426229508197,0.6676098108291626,0.4,5,56.05658721923828,,0.5,3,0.3163698049194233,False,S_0e68eb9859e7,False,,OFF-BRAND,Reject,False,"Bags, Backpacks & Luggage > Backpacks & Laptop Bags > Backpacks :: L1 :: pack_type=travel/carry-on · audience=women & men · vibe=professional · gap__use_context__outdoor=no",1,ATTR-STYLE-EXT,Method 2,3,0.6432092434456027,"17 Inch Travel Laptop Backpack for Men Women, Big Work College Computer Bag",,https://www.amazon.com/dp/B0FPDZ7JSY,,False,False,,,,0.6272264631043257,,S_0e68eb9859e7,"SwissDigital Pixel Pro Business Travel Laptop Backpack, Large, Black (SD1644FB-01)",139.99,https://www.staples.com/swissdigital-pixel-pro-business-travel-laptop-backpack-large-black-sd1644fb-01/product_24634747,black,polyester,,0.31085665818490243
A_53fe52b6c90a,"Bags, Backpacks & Luggage > Backpacks & Laptop Bags > Backpacks","Bags, Backpacks & Luggage > Backpacks & Laptop Bags",1.0,24.662275308497033,0.021108179419525065,0.5848946135831382,0.5765701532363892,0.6,5,58.594207763671875,0.2783117425825324,0.0,3,0.3214588634435962,False,S_7878224d438e,False,,OFF-BRAND,Reject,False,"Bags, Backpacks & Luggage > Backpacks & Laptop Bags > Backpacks :: L1 :: pack_type=travel/carry-on · audience=women · vibe=plain · gap__use_context__outdoor=no",1,NO-TWIN,Method 2,1,0.6925447710850564,"Taygeer Personal Item Backpack for Airlines, 35L Travel Carry on Backpack",19.98,https://www.amazon.com/dp/B0FGQCG8WX,,False,False,green,,,0.9906700593723494,,S_7878224d438e,"BAGSMART Blast Backpack, Medium, Mossy (BM0301094AC007)",71.79,https://www.staples.com/bagsmart-blast-backpack-medium-mossy-bm0301094ac007/product_24625925,green,nylon,,0.6692111959287532
A_183e8ad52105,"Bags, Backpacks & Luggage > Backpacks & Laptop Bags > Backpacks","Bags, Backpacks & Luggage > Backpacks & Laptop Bags",1.0,25.612143382375663,0.036939313984168866,0.5848946135831382,0.6063493490219116,0.3333333333333333,6,49.714298248291016,,0.0,4,0.13613231552162852,False,S_aaa450145427,False,,OFF-BRAND,Reject,False,"Bags, Backpacks & Luggage > Backpacks & Laptop Bags > Backpacks :: L1 :: pack_type=travel/carry-on · audience=women · vibe=plain · gap__use_context__outdoor=no",1,NO-TWIN,Method 2,2,0.6885009394953876,"LOVEVOOK Large Travel Backpack for Women, TSA Carry on Backpack for Airplanes, 40L Personal Item Travel Bag for Women fits 17"" Laptop,Waterproof Carry on Bag Airplane Approved with 3 Packing Cubes",,https://www.amazon.com/dp/B0CL6K7M1K,LOVEVOOK,False,False,,,,0.7150127226463104,,S_aaa450145427,"Thule Subterra 2 Travel Pack Laptop Backpack, Medium, Vetiver Gray (3205056)",169.95,https://www.staples.com/thule-subterra-2-travel-pack-laptop-backpack-medium-vetiver-gray-3205056/product_24677998,grey,polyester,,0.5788804071246819
A_b355e67f3ac4,"Bags, Backpacks & Luggage > Backpacks & Laptop Bags > Backpacks","Bags, Backpacks & Luggage > Backpacks & Laptop Bags",1.0,24.662275308497033,0.021108179419525065,0.5848946135831382,0.5765701532363892,0.6,5,58.594207763671875,0.29238055439476246,0.0,3,0.30534351145038163,False,S_7878224d438e,False,,OFF-BRAND,Reject,False,"Bags, Backpacks & Luggage > Backpacks & Laptop Bags > Backpacks :: L1 :: pack_type=travel/carry-on · audience=women · vibe=plain · gap__use_context__outdoor=no",1,NO-TWIN,Method 2,3,0.6879098752679412,"Taygeer Frontier Airlines Personal Item Bag, 18x14x8 inches Travel Bag",20.99,https://www.amazon.com/dp/B0DXN47DF6,,False,False,beige/cream,,,0.9745547073791349,,S_7878224d438e,"BAGSMART Blast Backpack, Medium, Mossy (BM0301094AC007)",71.79,https://www.staples.com/bagsmart-blast-backpack-medium-mossy-bm0301094ac007/product_24625925,green,nylon,,0.6692111959287532
W_c7fad7903d28,Furniture > Desks > Office Desks,Furniture > Desks,1.0,26.44938226591314,0.016467065868263474,0.6365339578454333,0.5116877555847168,0.6,5,54.70126724243164,1.3432909017249834,0.7333333333333334,15,0.36084838062482083,True,S_5279cdb6309d,False,,OFF-BRAND,Reject,False,Furniture > Desks > Office Desks :: L1 :: desk_type=writing/table · storage=yes · gap__use_context__home office=yes · gap__aesthetic_tags__luxe=yes,1,NO-TWIN,Method 2,1,0.6979513461827618,Modern Black Glass Writing Desk With Hidden Drawer Sleek Tempered Glass Study Table For Home Office Or Bedroom,629.99,https://www.wayfair.com/shop-product-type/pdp/brayden-studio-modern-black-glass-writing-desk-with-hidden-drawer-sleek-tempered-glass-study-table-for-home-office-or-bedroom-w114372016.html,Brayden Studio,True,False,black,glass,modern,0.939810834049871,,S_5279cdb6309d,"Bestar Pro-Linea L-Desk, White (120863-17)",1524.49,https://www.staples.com/bestar-pro-linea-l-desk-white-120863-17/product_1668927,white,engineered wood,modern,0.5789624534250501
W_e801890fde7b,Furniture > Desks > Office Desks,Furniture > Desks,1.0,16.128211960154633,0.005988023952095809,0.3942232630757221,0.5909703373908997,0.6,5,59.458221435546875,0.117403010854656,0.5,5,0.768128403554027,False,S_6981b17c5bab,False,,OFF-BRAND,Reject,False,Furniture > Desks > Office Desks :: L1 :: desk_type=writing/table · storage=yes · gap__use_context__home office=yes · gap__aesthetic_tags__luxe=yes,1,NO-TWIN,Method 2,2,0.683505123449144,"Computer Desk with Hutch and Shelves, 60 Inch Office Desk with 3 Drawers for Small Places, Study Writing Desk with Storage for Bedrrom, Adjustable Feet",207.99,https://www.wayfair.com/shop-product-type/pdp/latitude-run-computer-desk-with-hutch-and-shelves-60-inch-office-desk-with-3-drawers-for-small-places-study-writing-desk-with-storage-for-bedrrom-adjustable-feet-w117686288.html?piid=451154321,Latitude Run,True,False,white,metal,minimalist,0.9779306391516194,white,S_6981b17c5bab,"Bestar Pro-Linea 71"" U-Desk, White (120861-17)",1339.19,https://www.staples.com/bestar-pro-linea-71-u-desk-white-120861-17/product_1668942,white,engineered wood,modern,0.20980223559759242
W_3265009699d4,Furniture > Desks > Office Desks,Furniture > Desks,0.0,37.39864533228624,0.19161676646706588,0.6475409836065573,0.6493958234786987,0.6666666666666666,6,65.63041687011719,1.1204053647279173,0.2,15,0.06878761822871882,False,S_80c12f7ba1c2,False,,REVIEW,Review / hold,False,Furniture > Desks > Office Desks :: L1 :: desk_type=writing/table · storage=yes · gap__use_context__home office=yes · gap__aesthetic_tags__luxe=yes,1,NO-TWIN,Method 2,3,0.642309694506781,"Computer Desk With 2 Shelves, L Shape, Taupe Laminate, Black Metal, Modern Office Shape Home Writing Table, 48""l, Brown Storage",334.99,https://www.wayfair.com/shop-product-type/pdp/inbox-zero-computer-desk-with-2-shelves-l-shape-taupe-laminate-black-metal-modern-office-shape-home-writing-table-48l-brown-storage-w122186814.html?piid=95455021,Inbox Zero,True,False,brown/wood,engineered wood,modern,0.8885067354542849,beige/cream|black|brown/wood,S_80c12f7ba1c2,"Bush Business Furniture Hybrid 60""W L Shaped Table Desk with Mobile File Cabinet, Modern Hickory (HYB029MHSU)",963.49,https://www.staples.com/bush-business-furniture-hybrid-60-l-shaped-table-desk-with-mobile-file-cabinet-modern-hickory-hyb029mhsu/product_24528904,brown/wood,engineered wood,modern,0.8197191172255661
W_4babe7f5486d,Furniture > Desks > Office Desks,Furniture > Desks,1.0,55.65868263473054,0.594311377245509,0.5,0.7035272121429443,0.8333333333333334,6,75.54496765136719,1.7647126979741352,0.55,15,0.09257666953281751,True,S_bcda35406af4,False,,TRADE-UP,Approve,False,Furniture > Desks > Office Desks :: L1 :: desk_type=computer · storage=yes · gap__use_context__home office=no · gap__aesthetic_tags__luxe=no · shape=rectangular · drawers=no,1,ATTR-TRADE-UP,Method 1,1,0.5342098345008953,Walnut Rectangular Solid Wood desks,1979.99,https://www.wayfair.com/shop-product-type/pdp/cozynest-walnut-rectangular-solid-wood-desks-czyn1197.html?piid=107510526%2C107510528,Cozynest,False,False,brown/wood,wood,minimalist,0.6145027228432216,,S_bcda35406af4,"HON Mod 72""W Double-Pedestal Desk, Sepia Walnut (HLPLDS72PSSE1)",1226.99,https://www.staples.com/hon-mod-72-w-double-pedestal-desk-sepia-walnut-hlplds72psse1/product_24580464,brown/wood,engineered wood,traditional,0.5219260533104041
W_a2f16182c150,Furniture > Desks > Office Desks,Furniture > Desks,1.0,54.14022072950119,0.4655688622754491,0.655152224824356,0.7067000865936279,0.6666666666666666,6,69.06867980957031,0.5962357522411066,0.7,15,0.3723129836629407,False,S_4e9e22d78bdd,False,,LEAN-APPROVE,Approve,False,Furniture > Desks > Office Desks :: L1 :: desk_type=computer · storage=yes · gap__use_context__home office=no · gap__aesthetic_tags__luxe=no · shape=rectangular · drawers=no,1,ATTR-STYLE-EXT,Method 1,2,0.5265647343678337,"50"" Foldable White Desk with Storage Shelves & Wheels, Engineered Wood",146.99,https://www.wayfair.com/shop-product-type/pdp/ebern-designs-50-foldable-white-desk-with-storage-shelves-wheels-engineered-wood-w115797342.html,Ebern Designs,True,False,white,engineered wood,minimalist,0.40871309830897107,,S_4e9e22d78bdd,"Offices To Go Superior 16"" Desk Pedestal, Artisan Gray (NTDSL22BBFAGL)",301.79,https://www.staples.com/offices-to-go-superior-16-desk-pedestal-artisan-gray-ntdsl22bbfagl/product_24418394,grey,engineered wood,contemporary,0.03640011464603038
W_734b14ff464c,Furniture > Desks > Office Desks,Furniture > Desks,1.0,75.65868263473054,0.594311377245509,1.0,0.7035272121429443,0.5,6,62.211631774902344,2.8164154760737614,0.8,15,0.04901117798796216,True,S_87dedb404629,False,,LEAN-APPROVE,Approve,False,Furniture > Desks > Office Desks :: L1 :: desk_type=computer · storage=yes · gap__use_context__home office=no · gap__aesthetic_tags__luxe=no · shape=rectangular · drawers=no,1,ATTR-TRADE-UP,Method 1,3,0.5070245704961117,Tan+Black Rectangular Solid Wood+Iron desks,3159.99,https://www.wayfair.com/shop-product-type/pdp/cozynest-tanblack-rectangular-solid-woodiron-desks-czyn1379.html?piid=108218836%2C108218837,Cozynest,False,False,beige/cream,wood,industrial,0.13986815706506162,,S_87dedb404629,"Hirsh 60""W Double-Pedestal Mobile Teacher's Desk, Platinum/White (22649)",1121.99,https://www.staples.com/hirsh-60-w-double-pedestal-mobile-teacher-s-desk-platinum-white-22649/product_24547798,metallic,engineered wood,industrial,0.09085697907709946
W_3a3c05857d27,Furniture > Desks > Office Desks,Furniture > Desks,0.21234119782214156,15.642415403385268,0.07335329341317365,0.2810304449648712,0.6067044138908386,0.8,5,68.40226745605469,0.19301876654261774,0.2,15,-0.0796789911149326,False,S_6be539944461,False,,OFF-BRAND,Reject,False,Furniture > Desks > Office Desks :: L2 :: desk_type=workstation · drawers=yes · gap__end_user_segment__remote workers=yes · gap__aesthetic_tags__sleek/minimal=yes,2,NO-TWIN,Method 2,1,0.5636372471644975,"47 inch L-Shaped Computer Desk With Storage Bag & 3 Fabric Drawers, Modern Home Office Corner Desk With Storage Shelves, Space-Saving Workstation For Bedroom, Study & Small Spaces, Brown",96.99,https://www.wayfair.com/shop-product-type/pdp/hokku-designs-47-computer-desk-with-storage-bag-3-fabric-drawers-space-saving-home-office-corner-desk-with-shelves-modern-writing-table-w116055810.html?piid=1269033484,Hokku Designs,True,False,brown/wood,engineered wood,modern,0.5760963026655203,brown/wood,S_6be539944461,"Techni Mobili Modern L-Shaped Computer Desk with File Cabinet, Espresso (RTA-4804L-ES)",422.29,https://www.staples.com/techni-mobili-modern-l-shaped-computer-desk-with-file-cabinet-espresso-rta-4804l-es/product_24343243,brown/wood,engineered wood,modern,0.6557752937804529
W_cdbc594e5daa,Furniture > Desks > Office Desks,Furniture > Desks,0.27953007278763886,31.65014233827427,0.09580838323353294,0.6475409836065573,0.6498963832855225,0.5,6,58.9937858581543,0.3556845089889125,0.4,13,0.09601605044425336,False,S_ed3a2d18a986,False,,OFF-BRAND,Reject,False,Furniture > Desks > Office Desks :: L2 :: desk_type=workstation · drawers=yes · gap__end_user_segment__remote workers=yes · gap__aesthetic_tags__sleek/minimal=yes,2,NO-TWIN,Method 2,2,0.5329710052538889,"Home Office Table With Grey Laminate Finish And Black Metal Base, 48""l Workstation For Office, 48""l, Legs, Storage",349.99,https://www.wayfair.com/shop-product-type/pdp/gracie-oaks-home-office-table-with-grey-laminate-finish-and-black-metal-base-48l-workstation-for-office-48l-legs-storage-w121799809.html?piid=1416615713,Gracie Oaks,True,False,grey,engineered wood,farmhouse/rustic,0.2060762396102035,,S_ed3a2d18a986,"HON Mod 48""W Desk Shell, Slate Teak (HLPLDS4830.LSL1)",264.99,https://www.staples.com/hon-mod-48-desk-shell-slate-teak-hlplds4830-lsl1/product_24484611,brown/wood,engineered wood,contemporary,0.11006018916595013
W_30dd125f8cd3,Furniture > Desks > Office Desks,Furniture > Desks,1.0,42.06930401492098,0.2694610778443114,0.6475409836065573,0.6787567734718323,0.8333333333333334,6,74.0587387084961,1.4886537378289209,0.6,6,0.40269418171395815,False,S_39c7af02e8f9,False,,STYLE-EXTENSION,Approve,False,Furniture > Desks > Office Desks :: L2 :: desk_type=workstation · drawers=yes · gap__end_user_segment__remote workers=yes · gap__aesthetic_tags__sleek/minimal=yes,2,NO-TWIN,Method 2,3,0.5218467205716737,"Glossy White Laptop Workstation With Storage Options And Stability Modern Table For Home Office - Laminate Desk Metal, 2 Drawers & Open Shelf, 48",369.99,https://www.wayfair.com/shop-product-type/pdp/ebern-designs-home-office-computer-table-4662l-white-finish-metal-desk-with-storage-drawer-shelves-modern-48l-laminate-compartment-w121813215.html?piid=2060212503,Ebern Designs,True,False,white,engineered wood,modern,0.4858125537403267,,S_39c7af02e8f9,"Safco Wire Desk 36"" Workstation, Black (5203BL)",189.99,https://www.staples.com/safco-wire-desk-36-workstation-black-5203bl/product_24402438,black,engineered wood,modern,0.08311837202636858
W_1cf81fefc2e3,Furniture > Desks > Office Desks,Furniture > Desks,1.0,21.437125748502993,0.023952095808383235,0.5,0.5766258239746094,0.6,5,58.59755325317383,1.97729493852133,0.33333333333333337,15,-0.0008598452278589797,False,S_ef16a59a5873,False,,OFF-BRAND,Reject,False,Furniture > Desks > Office Desks :: L2 :: desk_type=writing/table · drawers=no · gap__end_user_segment__remote workers=no · gap__aesthetic_tags__sleek/minimal=yes,2,ATTR-TRADE-UP,Method 2,1,0.6861238678525328,Rafeef Solid Wood Solid Wood Writing Desk,869.99,https://www.wayfair.com/shop-product-type/pdp/foundry-select-rafeef-solid-wood-desk-loon4501.html?piid=17283172,Foundry Select,False,False,brown/wood,wood,transitional,0.9593006592146747,brown/wood,S_ef16a59a5873,"Winsome Brighton 28""W Wood Rectangular Writing Area and Hutch, Walnut (94628)",199.49,https://www.staples.com/winsome-high-desk-with-flip-out-writing-area-and-hutch-walnut-94628/product_2073071,brown/wood,wood,contemporary,0.9601605044425336
W_a4e4ae5977be,Furniture > Desks > Office Desks,Furniture > Desks,1.0,32.035928143712574,0.20059880239520958,0.5,0.6818577647209167,0.5,6,60.91147232055664,1.0682526336614075,0.55,12,0.06162224132989402,False,S_2cfdaff0a963,False,,OFF-BRAND,Reject,False,Furniture > Desks > Office Desks :: L2 :: desk_type=writing/table · drawers=no · gap__end_user_segment__remote workers=no · gap__aesthetic_tags__sleek/minimal=yes,2,NO-TWIN,Method 2,2,0.6640326412956159,Contemporary Writing Desk With Blue & Gold And Option Convenience,215.99,https://www.wayfair.com/shop-product-type/pdp/ebern-designs-contemporary-writing-desk-with-blue-gold-and-option-convenience-w122064593.html,Ebern Designs,True,False,blue,wood,contemporary,0.9122957867583835,,S_2cfdaff0a963,"OSP Designs Ravel 40"" Table Desk, White (RV938-WH)",58.79,https://www.staples.com/osp-designs-ravel-40-table-desk-white-rv938-wh/product_24468438,white,wood,contemporary,0.8506735454284895
W_b1a77630c761,Furniture > Desks > Office Desks,Furniture > Desks,1.0,41.34730538922156,0.02245508982035928,1.0,0.5964792966842651,0.6,5,59.78875732421875,1.5827442939621217,0.5,12,0.24935511607910577,True,S_5279cdb6309d,False,,REVIEW,Review / hold,False,Furniture > Desks > Office Desks :: L2 :: desk_type=writing/table · drawers=no · gap__end_user_segment__remote workers=no · gap__aesthetic_tags__sleek/minimal=yes,2,ATTR-TRADE-UP,Method 2,3,0.6503626749535351,"Modern Writing Desk With Top And Metal Legs Clear Glass Finish, 4 Shelf Storage Space",879.99,https://www.wayfair.com/shop-product-type/pdp/ebern-designs-modern-writing-desk-with-top-and-metal-legs-clear-glass-finish-4-shelf-storage-space-w121814840.html,Ebern Designs,True,False,clear,glass,modern,0.8283175695041559,,S_5279cdb6309d,"Bestar Pro-Linea L-Desk, White (120863-17)",1524.49,https://www.staples.com/bestar-pro-linea-l-desk-white-120863-17/product_1668927,white,engineered wood,modern,0.5789624534250501
W_86d6fe48af25,Furniture > Desks > Office Desks,Furniture > Desks,0.21234119782214156,41.145647814441375,0.3143712574850299,0.5570843091334894,0.6662039756774902,0.4,5,55.97224426269531,4.768895054770369,0.4,9,0.11865864144454008,False,S_dc2904660eff,False,,REVIEW,Review / hold,False,Furniture > Desks > Office Desks :: L2 :: desk_type=writing/table · drawers=yes · gap__end_user_segment__remote workers=no · gap__aesthetic_tags__sleek/minimal=yes,2,ATTR-TRADE-UP,Method 2,1,0.6972503570602835,French cream-style writing Desk with Drawers,1649.99,https://www.wayfair.com/shop-product-type/pdp/hokku-designs-french-writing-desk-with-drawers-w117349993.html?piid=490162738,Hokku Designs,True,False,beige/cream,engineered wood,minimalist,0.9653195758096876,,S_dc2904660eff,"Safco Mirella SOHO 48""W Table Desk, Sand Dune (5511SDD)",295.19,https://www.staples.com/safco-mirella-soho-48-w-table-desk-sand-dune-5511sdd/product_24541792,brown/wood,engineered wood,contemporary,0.8466609343651476
W_12dce70600fb,Furniture > Desks > Office Desks,Furniture > Desks,0.5365152386428982,41.706586826347305,0.02844311377245509,1.0,0.5823317170143127,0.6,5,58.939903259277344,1.0858787395100244,0.33333333333333337,15,0.11120664946976211,False,S_54a55eee758f,False,,REVIEW,Review / hold,False,Furniture > Desks > Office Desks :: L2 :: desk_type=writing/table · drawers=yes · gap__end_user_segment__remote workers=no · gap__aesthetic_tags__sleek/minimal=yes,2,NO-TWIN,Method 2,2,0.6746119937800377,Joffrey Shanelle 48'' Writing Desk,449.0,"https://www.wayfair.com/shop-product-type/pdp/allmodern-joffrey-shanelle-48-writing-desk-w112574518.html?auctionId=934b228f-3cc8-43af-885b-1981d533681e&trackingId={""adType"":""WSP"",""auctionId"":""934b228f-3cc8-43af-885b-1981d533681e""}&adTypeId=1",AllModern,True,False,brown/wood,engineered wood,mid-century,0.9036973344797936,,S_54a55eee758f,"HON Mod 48""W Writing Desk, Traditional Mahogany (HLPL4824TM1ALEGBLK)",473.99,https://www.staples.com/hon-mod-48-w-writing-desk-traditional-mahogany-hlpl4824tm1alegblk/product_24533209,brown/wood,engineered wood,traditional,0.7924906850100315
W_c296fd19000a,Furniture > Desks > Office Desks,Furniture > Desks,1.0,21.70658682634731,0.02844311377245509,0.5,0.5844032168388367,0.6,5,59.06418991088867,1.181823691627019,0.55,15,0.06592146746918892,False,S_55ca746f91e5,False,,OFF-BRAND,Reject,False,Furniture > Desks > Office Desks :: L2 :: desk_type=writing/table · drawers=yes · gap__end_user_segment__remote workers=no · gap__aesthetic_tags__sleek/minimal=yes,2,ATTR-TRADE-UP,Method 2,3,0.683696157699603,Sophisticated Writing Desk With White Marble-like Surface And Hardware Printed Faux Marble Mechanism,389.99,https://www.wayfair.com/shop-product-type/pdp/mercer41-sophisticated-writing-desk-with-white-marble-like-surface-and-hardware-printed-faux-marble-mechanism-w122842810.html,Mercer41,True,False,white,engineered wood,glam,0.9509888220120378,,S_55ca746f91e5,"Bestar Universel 48"" Table Desk, White (65900-000017)",739.99,https://www.staples.com/bestar-universel-48-table-desk-white-65900-000017/product_24478501,white,engineered wood,contemporary,0.8850673545428489
W_ac16302d917f,Furniture > Desks > Office Desks,Furniture > Desks,1.0,16.038391600873194,0.004491017964071856,0.3942232630757221,0.4997253715991974,0.4,5,45.983524322509766,1.0182339150820525,0.25,15,0.05875609057036402,False,S_b7ccd176e6eb,False,,OFF-BRAND,Reject,False,Furniture > Desks > Office Desks :: L2 :: desk_type=writing/table · drawers=yes · gap__end_user_segment__remote workers=yes · gap__aesthetic_tags__sleek/minimal=no,2,NO-TWIN,Method 2,1,0.7570166752549563,"Dark Walnut 55"" Writing Desk With Integrated Charging Station, Barn Door Style, Monitor Stand For Posture, Versatile Storage & Study Design, Living Room",429.99,https://www.wayfair.com/shop-product-type/pdp/rosalind-wheeler-dark-walnut-55-writing-desk-with-integrated-charging-station-barn-door-style-monitor-stand-for-posture-versatile-storage-study-design-living-room-w122729732.html,Rosalind Wheeler,True,False,brown/wood,metal,farmhouse/rustic,0.998280309544282,,S_b7ccd176e6eb,"Bush Furniture Key West 48""W Writing Desk, Reclaimed Pine (KWD148RCP-03)",177.53,https://www.staples.com/bush-furniture-key-west-48-writing-desk-reclaimed-pine-kwd148rcp-03/product_24470220,brown/wood,engineered wood,farmhouse/rustic,0.939524218973918
W_b909be5b2f35,Furniture > Desks > Office Desks,Furniture > Desks,1.0,20.55904584274075,0.02844311377245509,0.4713114754098361,0.5805109143257141,0.6,5,58.83065414428711,0.9189823212169581,0.6666666666666666,15,0.06764115792490688,False,S_e64272a45d07,False,,OFF-BRAND,Reject,False,Furniture > Desks > Office Desks :: L2 :: desk_type=writing/table · drawers=yes · gap__end_user_segment__remote workers=yes · gap__aesthetic_tags__sleek/minimal=no,2,NO-TWIN,Method 2,2,0.6938212823112704,Retro Writing Desk with Drawer,379.99,https://www.wayfair.com/shop-product-type/pdp/rosalind-wheeler-retro-writing-desk-with-drawer-w121456930.html?piid=111543076,Rosalind Wheeler,True,False,,engineered wood,mid-century,0.9899684723416452,,S_e64272a45d07,"HON Mod 72"" Table Desk, Traditional Mahogany (HLPLDS72PSTM1)",1141.99,https://www.staples.com/hon-mod-72-table-desk-traditional-mahogany-hlplds72pstm1/product_24530246,brown/wood,engineered wood,traditional,0.9223273144167383
W_c94245043828,Furniture > Desks > Office Desks,Furniture > Desks,1.0,20.55904584274075,0.02844311377245509,0.4713114754098361,0.5844032168388367,0.6,5,59.06418991088867,1.3939513318585413,0.0,15,0.08856405846947546,False,S_d7f8ddd64098,False,,OFF-BRAND,Reject,False,Furniture > Desks > Office Desks :: L2 :: desk_type=writing/table · drawers=yes · gap__end_user_segment__remote workers=yes · gap__aesthetic_tags__sleek/minimal=no,2,ATTR-TRADE-UP,Method 2,3,0.6918659648682743,"HERNEST 60"" Modern Brown Oak Home Office Writing Desk with 3 Storage Drawers and Arched Detailing",459.99,"https://www.wayfair.com/shop-product-type/pdp/red-barrel-studio-60-inch-home-office-desk-w121445757.html?piid=175204299&auctionId=98d507a4-53fd-4d10-af8b-6ff41d88769a&trackingId={""adType"":""WSP"",""auctionId"":""98d507a4-53fd-4d10-af8b-6ff41d88769a""}&adTypeId=1",Red Barrel Studio,True,False,brown/wood,,modern,0.9790770994554313,brown/wood,S_d7f8ddd64098,"Union & Scale™ Essentials 48""W Computer and Writing Desk, Espresso (UN56970)",149.99,https://www.staples.com/union-scale-essentials-48-powered-computer-and-writing-desk-espresso-un56970/product_24398974,brown/wood,engineered wood,modern,0.8905130409859559
W_ffa7cfa56c9e,Furniture > Desks > Office Desks,Furniture > Desks,1.0,53.83577108078924,0.4655688622754491,0.6475409836065573,0.7067000865936279,0.5,6,62.402008056640625,1.3791019348557985,0.5,15,0.2625394095729436,False,S_e4cc82e65643,False,,LEAN-APPROVE,Approve,False,Furniture > Desks > Office Desks :: L3 :: desk_type=computer · shape=rectangular · drawers=no · gap__aesthetic_tags__luxe=yes,3,ATTR-TRADE-UP,Method 1,1,0.6011967585817317,"Contemporary Home Office Computer Desk, 61"" Height - Brown Laminate Shelves 61""h Leaning Desk For Office, Taupe Laminate, Work Satisfaction Increase",339.99,https://www.wayfair.com/shop-product-type/pdp/inbox-zero-contemporary-home-office-computer-desk-61-height-brown-laminate-shelves-61h-leaning-desk-for-office-taupe-laminate-work-satisfaction-increase-w122093285.html,Inbox Zero,True,False,beige/cream,engineered wood,contemporary,0.6024648896531958,beige/cream,S_e4cc82e65643,"Flash Furniture Cambridge 48""W Single Pedestal Desk, White Oak/Black (GCMBLK173WOK)",805.99,https://www.staples.com/flash-furniture-cambridge-48-w-single-pedestal-desk-white-oak-black-gcmblk173wok/product_24597148,brown/wood,engineered wood,contemporary,0.3399254800802522
W_43d1dbcc7bdd,Furniture > Desks > Office Desks,Furniture > Desks,1.0,55.65868263473054,0.594311377245509,0.5,0.7006598711013794,0.6666666666666666,6,68.70626068115234,1.9976798143851506,0.6666666666666666,15,0.3241616509028375,True,S_9be67759f904,False,,LEAN-APPROVE,Approve,False,Furniture > Desks > Office Desks :: L3 :: desk_type=computer · shape=rectangular · drawers=no · gap__aesthetic_tags__luxe=yes,3,ATTR-TRADE-UP,Method 1,2,0.571469116815355,Helsel Computer Desk,2229.99,https://www.wayfair.com/shop-product-type/pdp/everly-quinn-desk-w116092619.html?piid=1020713330,Everly Quinn,True,False,,wood,minimalist,0.6368586987675552,,S_9be67759f904,"Union & Scale™ MidMod 60""W Computer and Writing Storage Desk, Espresso (UN56950)",189.99,https://www.staples.com/union-scale-midmod-60-computer-and-writing-storage-desk-espresso-un56950/product_24398973,brown/wood,engineered wood,traditional,0.3126970478647177
W_02622154243b,Furniture > Desks > Office Desks,Furniture > Desks,0.21234119782214156,62.54995863074788,0.5374251497005988,0.7576112412177987,0.7059273719787598,0.6666666666666666,6,69.02230834960938,0.46073244820642345,0.8,15,0.3407853253081113,False,S_e4cc82e65643,False,,LEAN-APPROVE,Approve,False,Furniture > Desks > Office Desks :: L3 :: desk_type=computer · shape=rectangular · drawers=no · gap__aesthetic_tags__luxe=yes,3,ATTR-UNDERCUT,Method 1,3,0.5776943602029626,"Rustic Oak Desk And Metal Accents Fusion, Taupe +metal, Space Saving Open Model, 23.52in Depth, 46.28in Width, 30in Height Metal, 29.69in",134.99,https://www.wayfair.com/shop-product-type/pdp/august-grove-rustic-oak-desk-and-metal-accents-fusion-taupe-metal-space-saving-open-model-2352in-depth-4628in-width-30in-height-metal-2969in-w121735720.html,August Grove,True,False,beige/cream,metal,farmhouse/rustic,0.6807108053883635,beige/cream,S_e4cc82e65643,"Flash Furniture Cambridge 48""W Single Pedestal Desk, White Oak/Black (GCMBLK173WOK)",805.99,https://www.staples.com/flash-furniture-cambridge-48-w-single-pedestal-desk-white-oak-black-gcmblk173wok/product_24597148,brown/wood,engineered wood,contemporary,0.3399254800802522
W_b5b45b862159,Furniture > Desks > Office Desks,Furniture > Desks,1.0,54.03953217686407,0.49101796407185627,0.6144613583138173,0.7053832411766052,0.5,6,62.322998046875,1.2280091203648147,0.5,15,0.6686729721983377,False,S_feca15a2a463,False,,LEAN-APPROVE,Approve,False,Furniture > Desks > Office Desks :: L3 :: desk_type=computer · shape=rectangular · drawers=yes · gap__aesthetic_tags__luxe=yes,3,ATTR-UNDERCUT,Method 1,1,0.6249125315163121,"39""w Student Desk In Distinctive Finish Compact For Learning Enhancement",306.99,https://www.wayfair.com/shop-product-type/pdp/ebern-designs-39w-student-desk-in-distinctive-finish-compact-for-learning-enhancement-w121894743.html,Ebern Designs,True,False,red/pink,engineered wood,modern,0.765262252794497,,S_feca15a2a463,"Space Solutions 43""W Folding Home Office Desk, Black/Teak (24969)",248.59,https://www.staples.com/space-solutions-43-w-folding-home-office-desk-black-teak-24969/product_24547797,brown/wood,engineered wood,modern,0.09658928059615936
W_12b457b7699b,Furniture > Desks > Office Desks,Furniture > Desks,1.0,51.097967998429375,0.5374251497005988,0.4713114754098361,0.7061310410499573,0.8333333333333334,6,75.70120239257812,2.9032730340703243,0.5555555555555556,15,0.24505588993981087,True,S_d9b319b6301c,False,,TRADE-UP,Approve,False,Furniture > Desks > Office Desks :: L3 :: desk_type=computer · shape=rectangular · drawers=yes · gap__aesthetic_tags__luxe=yes,3,ATTR-TRADE-UP,Method 1,2,0.5675364720599294,Country-style solid wood carved rubberwood desk,1169.99,https://www.wayfair.com/shop-product-type/pdp/darby-home-co-country-style-solid-wood-carved-rubberwood-desk-w116078728.html?piid=1094479510,Darby Home Co,True,False,,wood,farmhouse/rustic,0.8205789624534251,,S_d9b319b6301c,"Prepac Milo 55"" Desk with Side Storage and 2 Drawers, Drifted Gray (DEHR-1413-1)",208.39,https://www.staples.com/prepac-milo-55-desk-with-side-storage-and-2-drawers-drifted-gray-dehr-1413-1/product_24486312,brown/wood,engineered wood,mid-century,0.5755230725136142
W_22b199bac056,Furniture > Desks > Office Desks,Furniture > Desks,1.0,54.03953217686407,0.49101796407185627,0.6144613583138173,0.7053832411766052,0.6666666666666666,6,68.98966217041016,0.8919956798271931,0.7333333333333334,15,0.34823731728288915,False,S_e4cc82e65643,False,,LEAN-APPROVE,Approve,False,Furniture > Desks > Office Desks :: L3 :: desk_type=computer · shape=rectangular · drawers=yes · gap__aesthetic_tags__luxe=yes,3,ATTR-UNDERCUT,Method 1,3,0.5823735212627131,"Student Desk For Home Office Productivity Enhancement - 39""w Compact Beige Brown Writing Laptop With Drawer And",222.99,https://www.wayfair.com/shop-product-type/pdp/inbox-zero-student-desk-for-home-office-productivity-enhancement-39w-compact-beige-brown-writing-laptop-with-drawer-and-w122186799.html,Inbox Zero,True,False,beige/cream,engineered wood,traditional,0.6881627973631413,,S_e4cc82e65643,"Flash Furniture Cambridge 48""W Single Pedestal Desk, White Oak/Black (GCMBLK173WOK)",805.99,https://www.staples.com/flash-furniture-cambridge-48-w-single-pedestal-desk-white-oak-black-gcmblk173wok/product_24597148,brown/wood,engineered wood,contemporary,0.3399254800802522
W_085105c5856e,Furniture > Desks > Office Desks,Furniture > Desks,0.21234119782214156,62.90419161676647,0.38173652694610777,1.0,0.7062905430793762,0.6666666666666666,6,69.04409790039062,2.086461527296478,0.55,10,-0.10805388363427915,False,S_64f24881f168,False,,LEAN-APPROVE,Approve,False,Furniture > Desks > Office Desks :: L3 :: desk_type=executive · shape=rectangular · drawers=no · gap__aesthetic_tags__luxe=yes,3,NO-TWIN,Method 1,1,0.5326680251218829,"70.87"" Modern Light Luxury Executive CEO Desk – Particleboard Tabletop with Side Cabinet & Wireless Charging Office Table",2299.99,https://www.wayfair.com/shop-product-type/pdp/ebern-designs-7087-modern-light-luxury-executive-ceo-desk-particleboard-tabletop-with-side-cabinet-wireless-charging-office-table-w122712756.html?piid=1973600835,Ebern Designs,True,False,beige/cream,engineered wood,modern,0.412152479220407,,S_64f24881f168,"Boss Office Products 71""W L-Shaped Executive Corner Desk with Dual Box/Box/File Storage Pedestals, Driftwood (GROUPA11-DW)",1138.69,https://www.staples.com/boss-office-products-71-w-l-shaped-executive-corner-desk-with-dual-box-box-file-storage-pedestals-driftwood-groupa11-dw/product_3092066,grey,engineered wood,modern,0.5202063628546861
W_a24feef472ff,Furniture > Desks > Office Desks,Furniture > Desks,0.0,38.862275449101794,0.3143712574850299,0.5,0.6951717138290405,0.8333333333333334,6,75.04364013671875,2.443235353079737,0.5333333333333334,6,0.19776440240756663,False,S_cfd00cc0dc81,False,,TRADE-UP,Approve,False,Furniture > Desks > Office Desks :: L3 :: desk_type=executive · shape=rectangular · drawers=no · gap__aesthetic_tags__luxe=yes,3,NO-TWIN,Method 1,2,0.4779067415755811,"78.74""Modern Black Rectangle Sintered Stone Executive Tea Desk",3899.99,https://www.wayfair.com/shop-product-type/pdp/hokku-designs-modern-black-rectangle-sintered-stone-executive-tea-desk-w119181164.html?piid=529813656,Hokku Designs,True,False,black,metal,modern,0.2883347664087131,,S_cfd00cc0dc81,"Bush Business Furniture Office 500 72""W Executive Desk with Drawers, Lateral File Cabinets and Hutch, Black Walnut (OF5001BWSU)",2823.99,https://www.staples.com/bush-business-furniture-office-500-72-executive-desk-with-bundle-black-walnut-of5001bwsu/product_24430550,black,engineered wood,contemporary,0.09057036400114646
W_a4e4ae5977be,Furniture > Desks > Office Desks,Furniture > Desks,1.0,32.035928143712574,0.20059880239520958,0.5,0.6818577647209167,0.5,6,60.91147232055664,1.0682526336614075,0.55,12,0.06162224132989402,False,S_2cfdaff0a963,False,,OFF-BRAND,Reject,False,Furniture > Desks > Office Desks :: L3 :: desk_type=writing/table · shape=rectangular · drawers=no · gap__aesthetic_tags__luxe=yes,3,NO-TWIN,Method 2,1,0.6640336545745771,Contemporary Writing Desk With Blue & Gold And Option Convenience,215.99,https://www.wayfair.com/shop-product-type/pdp/ebern-designs-contemporary-writing-desk-with-blue-gold-and-option-convenience-w122064593.html,Ebern Designs,True,False,blue,wood,contemporary,0.9122957867583835,,S_2cfdaff0a963,"OSP Designs Ravel 40"" Table Desk, White (RV938-WH)",58.79,https://www.staples.com/osp-designs-ravel-40-table-desk-white-rv938-wh/product_24468438,white,wood,contemporary,0.8506735454284895
W_01771edfbf5f,Furniture > Desks > Office Desks,Furniture > Desks,1.0,52.035928143712574,0.20059880239520958,1.0,0.6818577647209167,0.5,6,60.91147232055664,0.6379642910134032,0.4,12,0.005445686443106945,False,S_2cfdaff0a963,False,,REVIEW,Review / hold,False,Furniture > Desks > Office Desks :: L3 :: desk_type=writing/table · shape=rectangular · drawers=no · gap__aesthetic_tags__luxe=yes,3,NO-TWIN,Method 2,2,0.6580858120305999,Antique White&black Writing Desk - Robust Rectangular Tabletop Metal Base With Attractive V-shaped Feature Composite Wood Build Comfortable Leg Space In Modern And Functional Office 15mm Thick,128.99,https://www.wayfair.com/shop-product-type/pdp/ebern-designs-black-writing-desk-robust-rectangular-tabletop-metal-base-with-attractive-v-shaped-feature-composite-wood-build-comfortable-leg-space-in-modern-and-functional-office-15mm-thick-w121948481.html?piid=454672609%2C454672611,Ebern Designs,True,False,white,wood,modern,0.8561192318715964,black,S_2cfdaff0a963,"OSP Designs Ravel 40"" Table Desk, White (RV938-WH)",58.79,https://www.staples.com/osp-designs-ravel-40-table-desk-white-rv938-wh/product_24468438,white,wood,contemporary,0.8506735454284895
W_8d1e8b476cfc,Furniture > Desks > Office Desks,Furniture > Desks,0.21234119782214156,37.15568862275449,0.28592814371257486,0.5,0.6810994744300842,0.6666666666666666,6,67.53263854980469,0.8757912337274574,0.6,15,0.18744625967325879,True,S_53567be81a81,False,,REVIEW,Review / hold,False,Furniture > Desks > Office Desks :: L3 :: desk_type=writing/table · shape=rectangular · drawers=no · gap__aesthetic_tags__luxe=yes,3,NO-TWIN,Method 2,3,0.6422357494768217,"Stylish Desk With Navy Blue & Gold Accents, 14""w X 40""l 28""h Leg Space, Writing Table Modern Design, Gold, Space",219.99,https://www.wayfair.com/shop-product-type/pdp/ebern-designs-stylish-desk-with-navy-blue-gold-accents-14w-x-40l-28h-leg-space-writing-table-modern-design-gold-space-w123372125.html,Ebern Designs,True,False,metallic,wood,modern,0.9584408139868157,metallic,S_53567be81a81,"Thomasville Furniture Whitney 48""W Writing Desk, Snowy White (SPLS-WH48D-TV)",329.99,https://www.staples.com/thomasville-furniture-whitney-48-w-writing-desk-snowy-white-spls-wh48d-tv/product_24478707,white,engineered wood,modern,0.7709945543135569
A_c18ff63bd992,"Coffee, Water & Snacks > Water & Beverages > Water Bottles, Tumblers & Travel Mugs","Coffee, Water & Snacks > Water & Beverages",0.5919225915018931,20.174418604651166,0.0029069767441860465,0.5,0.4401162564754486,0.5,4,46.406978607177734,0.8020066889632107,0.0,8,-0.5148698884758365,False,S_cead34ae7602,False,,OFF-BRAND,Reject,False,"Coffee, Water & Snacks > Water & Beverages > Water Bottles, Tumblers & Travel Mugs :: L1 :: material_class=plastic/tritan · vessel_type=water bottle · handle=no · audience=general · gap__key_benefits__water-resistant=no",1,ATTR-STYLE-EXT,Method 2,1,0.6469691503712679,"CamelBak Chute Mag Water Bottle with Magnetic Leak‑Resistant Cap, Lightweight Tritan Design for Everyday Hydration",11.99,https://www.amazon.com/dp/B08QTVH1X6,,False,False,,plastic/tritan,,0.46654275092936803,,S_cead34ae7602,Swig Life Book Club Straw Topper Set (S190-STPR-BCLB),14.95,https://www.staples.com/swig-life-book-club-straw-topper-set-s190-stpr-bclb/product_24698895,multi/pattern,stainless steel,,0.9814126394052045
A_3d131c931e3a,"Coffee, Water & Snacks > Water & Beverages > Water Bottles, Tumblers & Travel Mugs","Coffee, Water & Snacks > Water & Beverages",0.0,80.0,1.0,0.5,0.694323718547821,1.0,5,81.659423828125,,0.5,15,0.005576208178438624,False,S_7ac570206bce,False,,STYLE-EXTENSION,Approve,False,"Coffee, Water & Snacks > Water & Beverages > Water Bottles, Tumblers & Travel Mugs :: L1 :: material_class=plastic/tritan · vessel_type=water bottle · handle=no · audience=general · gap__key_benefits__water-resistant=no",1,ATTR-STYLE-EXT,both methods,2,0.49506251542984775,"LIFEWTR Premium Purified Water, pH Balanced with Electrolytes, 100% recycled plastic bottles, 23.7 Fl Oz Flip Cap Bottles, 700 mL (Pack of 12)",,https://www.amazon.com/dp/B01MQ3ZO6B,LIFEWTR,False,False,,plastic/tritan,,0.5539033457249071,,S_7ac570206bce,"Elemental Splash Pop Plastic Water Bottle, 18 oz., Stylish Cat (EMLETR18SC20P)",23.99,https://www.staples.com/elemental-splash-pop-plastic-water-bottle-18-oz-stylish-cat-emletr18sc20p/product_24660994,multi/pattern,plastic/tritan,,0.5483271375464684
A_833584a9eb63,"Coffee, Water & Snacks > Water & Beverages > Water Bottles, Tumblers & Travel Mugs","Coffee, Water & Snacks > Water & Beverages",0.223654957759004,34.29647078045858,0.11337209302325581,0.6873536299765808,0.6334629654884338,0.75,4,68.00778198242188,0.7296242069302099,0.0,7,0.013011152416356891,False,S_3148a014754c,False,,REVIEW,Review / hold,False,"Coffee, Water & Snacks > Water & Beverages > Water Bottles, Tumblers & Travel Mugs :: L1 :: material_class=plastic/tritan · vessel_type=water bottle · handle=no · audience=general · gap__key_benefits__water-resistant=no",1,ATTR-TRADE-UP,Method 2,3,0.4819919400587401,"GSI Outdoors - Clear Easy Fill Flask, BPA Free, Shatter-Resistant with Shot Glass for Travel & Camping - 10 oz.",14.95,https://www.amazon.com/dp/B001LF3IGQ,GSI,False,False,clear,plastic/tritan,,0.1412639405204461,clear,S_3148a014754c,"Vapur EZ Lick Plastic Dog Water Bottle, 23 oz., Water (30147)",19.99,https://www.staples.com/vapur-ez-lick-portable-dog-water-bottle-blue-30147/product_24598068,blue,plastic/tritan,,0.12825278810408922
A_3dd74ab16e97,"Coffee, Water & Snacks > Water & Beverages > Water Bottles, Tumblers & Travel Mugs","Coffee, Water & Snacks > Water & Beverages",0.7528662420382166,26.22238258627889,0.02616279069767442,0.6163153786104606,0.5612087249755859,0.5,4,53.672523498535156,,0.0,3,-0.41078066914498146,False,S_cead34ae7602,False,,OFF-BRAND,Reject,False,"Coffee, Water & Snacks > Water & Beverages > Water Bottles, Tumblers & Travel Mugs :: L2 :: material_class=stainless steel · vessel_type=water bottle · insulation=yes · gap__use_context__outdoor=yes",2,ATTR-STYLE-EXT,Method 2,1,0.6356632151789825,Drinco Insulated Water Bottle Personalized Custom Stainless Water Bottle Vacuum Double Wall Water Bottle Straw Spout Lid Leak Proof Keep Cold Sport Camping Hiking School,,https://www.amazon.com/dp/B0HFHC733Y,,False,False,,stainless steel,,0.570631970260223,,S_cead34ae7602,Swig Life Book Club Straw Topper Set (S190-STPR-BCLB),14.95,https://www.staples.com/swig-life-book-club-straw-topper-set-s190-stpr-bclb/product_24698895,multi/pattern,stainless steel,,0.9814126394052045
A_b52848a79207,"Coffee, Water & Snacks > Water & Beverages > Water Bottles, Tumblers & Travel Mugs","Coffee, Water & Snacks > Water & Beverages",0.278810408921933,75.05922880017428,0.7761627906976745,0.7122365339578454,0.6943233609199524,0.8,5,73.6594009399414,2.212488632919066,0.0,15,0.2527881040892193,False,S_0a22194e5755,False,,TRADE-UP,Approve,False,"Coffee, Water & Snacks > Water & Beverages > Water Bottles, Tumblers & Travel Mugs :: L2 :: material_class=stainless steel · vessel_type=water bottle · insulation=yes · gap__use_context__outdoor=yes",2,ATTR-TRADE-UP,both methods,2,0.5326822220171251,"32oz Insulated Water Bottle - 2-in-1 Leak-Proof Lid (Sip/Straw) + Handle, Stainless Steel Bottle Bulk for Sports, Commuting, Office Work, Outdoor Activities, Army Green, 8 Pack",72.99,https://www.amazon.com/dp/B0G15N3WQP,,False,False,green,stainless steel,,0.5557620817843866,green,S_0a22194e5755,"Thermos Icon Stainless Steel Vacuum Insulated Water Bottle, 32 oz., Sandstone (EAIS2332SN4)",27.79,https://www.staples.com/thermos-icon-stainless-steel-vacuum-insulated-water-bottle-32-oz-sandstone-eais2332sn4/product_24631153,beige/cream,stainless steel,,0.30297397769516726
A_6aed4c47c1f7,"Coffee, Water & Snacks > Water & Beverages > Water Bottles, Tumblers & Travel Mugs","Coffee, Water & Snacks > Water & Beverages",0.7528662420382166,33.5486901584881,0.2761627906976744,0.42447306791569084,0.6766194701194763,0.8,5,72.59716796875,0.8794395568589116,0.0,15,-0.24535315985130107,False,S_bdc5346eba37,False,,SUBSTITUTE,Reject,False,"Coffee, Water & Snacks > Water & Beverages > Water Bottles, Tumblers & Travel Mugs :: L2 :: material_class=stainless steel · vessel_type=water bottle · insulation=yes · gap__use_context__outdoor=yes",2,NO-TWIN,Method 2,3,0.5000406731548805,"DYSANKY Insulated Water Bottle with Straw Lid & Portable Carrier Bag, 64oz",26.99,https://www.amazon.com/dp/B0DLCG65B5,DYSANKY,False,False,,stainless steel,,0.3308550185873606,,S_bdc5346eba37,"Brentwood Geojug Stainless Steel Double Walled Sports Water Jug, 64 oz., Cream (G-1900CRM)",30.990000000000002,https://www.staples.com/brentwood-geojug-stainless-steel-double-walled-sports-water-jug-64-oz-cream-g-1900crm/product_24621204,white,stainless steel,,0.5762081784386617
A_f9fb61b23cf5,"Coffee, Water & Snacks > Water & Beverages > Water Bottles, Tumblers & Travel Mugs","Coffee, Water & Snacks > Water & Beverages",0.45352112676056344,20.174418604651166,0.0029069767441860465,0.5,0.39386123418807983,0.75,4,53.631675720214844,1.2501250625312657,0.0,15,0.25092936802973975,False,S_f402ca0c77b6,False,,OFF-BRAND,Reject,False,"Coffee, Water & Snacks > Water & Beverages > Water Bottles, Tumblers & Travel Mugs :: L2 :: material_class=stainless steel · vessel_type=water bottle · insulation=yes · gap__use_context__outdoor=no · handle=no · gap__key_benefits__water-resistant=no",2,ATTR-STYLE-EXT,Method 2,1,0.6652982275592351,"CamelBak Chute Mag Vacuum Insulated Stainless Steel Water Bottle, Magnetic Leak‑Resistant Cap for Everyday Hydration",24.99,https://www.amazon.com/dp/B07XL9WLY7,,False,False,,stainless steel,,0.7546468401486989,,S_f402ca0c77b6,"Thermos King Stainless Steel Vacuum Insulated Beverage Bottle, 68 oz., Matte Stainless (EASK2020MSTRI4)",54.99,https://www.staples.com/thermos-king-stainless-steel-vacuum-insulated-beverage-bottle-68-oz-matte-stainless-eask2020mstri4/product_24632246,grey,stainless steel,,0.5037174721189591
A_178c20cddad6,"Coffee, Water & Snacks > Water & Beverages > Water Bottles, Tumblers & Travel Mugs","Coffee, Water & Snacks > Water & Beverages",0.5919225915018931,33.081395348837205,0.2180232558139535,0.5,0.686704158782959,0.75,4,71.20225524902344,1.7241379310344829,0.0,15,0.2936802973977695,False,S_7eccebe435b4,False,,TRADE-UP,Approve,False,"Coffee, Water & Snacks > Water & Beverages > Water Bottles, Tumblers & Travel Mugs :: L2 :: material_class=stainless steel · vessel_type=water bottle · insulation=yes · gap__use_context__outdoor=no · handle=no · gap__key_benefits__water-resistant=no",2,ATTR-TRADE-UP,Method 2,2,0.5383445463171679,"LifeStraw Go Series Insulated Steel Water Filter Bottle, 18 oz, Seafoam",48.0,https://www.amazon.com/dp/B0CFWKG8XZ,,False,False,green,stainless steel,,0.5204460966542751,green,S_7eccebe435b4,"Thermos Icon Stainless Steel Vacuum Insulated Water Bottle, 24 oz., Sandstone (EAIS2002SN4)",25.69,https://www.staples.com/thermos-icon-stainless-steel-vacuum-insulated-water-bottle-24-oz-sandstone-eais2002sn4/product_24631155,beige/cream,stainless steel,,0.22676579925650558
A_62d5847e5370,"Coffee, Water & Snacks > Water & Beverages > Water Bottles, Tumblers & Travel Mugs","Coffee, Water & Snacks > Water & Beverages",0.8403292181069959,32.05095038396601,0.2180232558139535,0.4742388758782201,0.6867038011550903,0.75,4,71.20223236083984,1.9033764367816093,0.0,15,0.23048327137546465,False,S_7eccebe435b4,False,,TRADE-UP,Approve,False,"Coffee, Water & Snacks > Water & Beverages > Water Bottles, Tumblers & Travel Mugs :: L2 :: material_class=stainless steel · vessel_type=water bottle · insulation=yes · gap__use_context__outdoor=no · handle=no · gap__key_benefits__water-resistant=no",2,ATTR-TRADE-UP,Method 2,3,0.5261530354475,"HASLE OUTFITTERS 17oz Stainless Steel Water Bottles Bulk, Vacuum Insulated Water Bottles Double Walled Powder Coated Reusable Metal Sports Water Bottles Keep Drinks Hot and Cold, White, 8Packs",52.99,https://www.amazon.com/dp/B082WTY1V1,HASLE,False,False,white,stainless steel,,0.45724907063197023,green|white|yellow/orange,S_7eccebe435b4,"Thermos Icon Stainless Steel Vacuum Insulated Water Bottle, 24 oz., Sandstone (EAIS2002SN4)",25.69,https://www.staples.com/thermos-icon-stainless-steel-vacuum-insulated-water-bottle-24-oz-sandstone-eais2002sn4/product_24631155,beige/cream,stainless steel,,0.22676579925650558
A_62d5847e5370,"Coffee, Water & Snacks > Water & Beverages > Water Bottles, Tumblers & Travel Mugs","Coffee, Water & Snacks > Water & Beverages",0.8403292181069959,32.05095038396601,0.2180232558139535,0.4742388758782201,0.6867038011550903,0.75,4,71.20223236083984,1.9033764367816093,0.0,15,0.23048327137546465,False,S_7eccebe435b4,False,,TRADE-UP,Approve,False,"Coffee, Water & Snacks > Water & Beverages > Water Bottles, Tumblers & Travel Mugs :: L3 :: material_class=stainless steel · vessel_type=water bottle · gap__key_benefits__water-resistant=no · gap__use_context__gym/sports=yes",3,ATTR-TRADE-UP,Method 2,1,0.5276132300352075,"HASLE OUTFITTERS 17oz Stainless Steel Water Bottles Bulk, Vacuum Insulated Water Bottles Double Walled Powder Coated Reusable Metal Sports Water Bottles Keep Drinks Hot and Cold, White, 8Packs",52.99,https://www.amazon.com/dp/B082WTY1V1,HASLE,False,False,white,stainless steel,,0.45724907063197023,green|white|yellow/orange,S_7eccebe435b4,"Thermos Icon Stainless Steel Vacuum Insulated Water Bottle, 24 oz., Sandstone (EAIS2002SN4)",25.69,https://www.staples.com/thermos-icon-stainless-steel-vacuum-insulated-water-bottle-24-oz-sandstone-eais2002sn4/product_24631155,beige/cream,stainless steel,,0.22676579925650558
A_6aed4c47c1f7,"Coffee, Water & Snacks > Water & Beverages > Water Bottles, Tumblers & Travel Mugs","Coffee, Water & Snacks > Water & Beverages",0.7528662420382166,33.5486901584881,0.2761627906976744,0.42447306791569084,0.6766194701194763,0.8,5,72.59716796875,0.8794395568589116,0.0,15,-0.24535315985130107,False,S_bdc5346eba37,False,,SUBSTITUTE,Reject,False,"Coffee, Water & Snacks > Water & Beverages > Water Bottles, Tumblers & Travel Mugs :: L3 :: material_class=stainless steel · vessel_type=water bottle · gap__key_benefits__water-resistant=no · gap__use_context__gym/sports=yes",3,NO-TWIN,Method 2,2,0.4977964092674752,"DYSANKY Insulated Water Bottle with Straw Lid & Portable Carrier Bag, 64oz",26.99,https://www.amazon.com/dp/B0DLCG65B5,DYSANKY,False,False,,stainless steel,,0.3308550185873606,,S_bdc5346eba37,"Brentwood Geojug Stainless Steel Double Walled Sports Water Jug, 64 oz., Cream (G-1900CRM)",30.990000000000002,https://www.staples.com/brentwood-geojug-stainless-steel-double-walled-sports-water-jug-64-oz-cream-g-1900crm/product_24621204,white,stainless steel,,0.5762081784386617
A_05d59b1450fe,"Coffee, Water & Snacks > Water & Beverages > Water Bottles, Tumblers & Travel Mugs","Coffee, Water & Snacks > Water & Beverages",0.6596491228070175,30.65560154675671,0.19476744186046513,0.4742388758782201,0.6755664944648743,0.75,4,70.53398895263672,0.9770922419059254,0.0,14,0.029739776951672875,False,S_26077d8fb42d,False,,SUBSTITUTE,Reject,False,"Coffee, Water & Snacks > Water & Beverages > Water Bottles, Tumblers & Travel Mugs :: L3 :: material_class=stainless steel · vessel_type=water bottle · gap__key_benefits__water-resistant=no · gap__use_context__gym/sports=yes",3,ATTR-STYLE-EXT,Method 2,3,0.4972920696620161,"HydroJug Sport 32 oz Insulated Stainless Steel Water Bottle, Wildrose",31.99,https://www.amazon.com/dp/B0F45VFNSP,,False,False,,stainless steel,,0.26579925650557623,,S_26077d8fb42d,"Thermos Icon Stainless Steel Vacuum Insulated Bottle, 40 oz., Glacier (EAIS2122GC4)",34.99,https://www.staples.com/thermos-icon-stainless-steel-vacuum-insulated-bottle-40-oz-glacier-eais2122gc4/product_24631248,blue,stainless steel,,0.23605947955390336
A_55213593dec0,"Coffee, Water & Snacks > Water & Beverages > Water Bottles, Tumblers & Travel Mugs","Coffee, Water & Snacks > Water & Beverages",0.0,20.174418604651166,0.0029069767441860465,0.5,0.5522176027297974,0.3333333333333333,3,46.466392517089844,2.3404682274247492,0.0,3,0.6301115241635687,False,S_140e09192f4e,False,,OFF-BRAND,Reject,False,"Coffee, Water & Snacks > Water & Beverages > Water Bottles, Tumblers & Travel Mugs :: L3 :: material_class=stainless steel · vessel_type=water bottle · gap__key_benefits__water-resistant=no · gap__use_context__gym/sports=no · handle=no · insulation=no",3,ATTR-TRADE-UP,Method 2,1,0.7067894977752162,Zubebe Reusable Clear Water Bottles Bulk Stainless Steel Lid,34.99,https://www.amazon.com/dp/B0BY7SFSDD,,False,False,clear,stainless steel,,0.7788104089219331,,S_140e09192f4e,Swig Life Teacher Life Stainless Steel Vacuum Insulated Mega Mug Pouch (S302-NMMP-TL),16.95,https://www.staples.com/swig-life-teacher-life-stainless-steel-vacuum-insulated-mega-mug-pouch-s302-nmmp-tl/product_24698877,multi/pattern,stainless steel,,0.14869888475836432
A_df8fb2a9118e,"Coffee, Water & Snacks > Water & Beverages > Water Bottles, Tumblers & Travel Mugs","Coffee, Water & Snacks > Water & Beverages",0.8508839354342813,30.63953488372093,0.17732558139534885,0.5,0.6528511643409729,0.5,4,59.17107391357422,1.0,0.0,13,0.3977695167286245,False,S_df7f557c4ac4,False,,REVIEW,Review / hold,False,"Coffee, Water & Snacks > Water & Beverages > Water Bottles, Tumblers & Travel Mugs :: L3 :: material_class=stainless steel · vessel_type=water bottle · gap__key_benefits__water-resistant=no · gap__use_context__gym/sports=no · handle=no · insulation=no",3,ATTR-TRADE-UP,Method 2,2,0.6232764575206657,Owala FreeSip Sway Stainless Steel Water Bottle 30 oz Denim,34.99,https://www.amazon.com/dp/B0GPSKQN1D,,False,False,blue,stainless steel,,0.6338289962825279,,S_df7f557c4ac4,"Thermos Icon Stainless Steel Vacuum Insulated Water Bottle, 32 oz., Glacier (EAIS2302GC4)",27.99,https://www.staples.com/thermos-icon-stainless-steel-vacuum-insulated-water-bottle-32-oz-glacier-eais2302gc4/product_24631206,blue,stainless steel,,0.23605947955390336
A_ce83351a660c,"Coffee, Water & Snacks > Water & Beverages > Water Bottles, Tumblers & Travel Mugs","Coffee, Water & Snacks > Water & Beverages",0.2788104089219331,25.581395348837212,0.09302325581395349,0.5,0.6315059661865234,0.6,5,61.890357971191406,1.218369259606373,0.0,14,0.11895910780669144,False,S_ca3da591a9dd,False,,OFF-BRAND,Reject,False,"Coffee, Water & Snacks > Water & Beverages > Water Bottles, Tumblers & Travel Mugs :: L3 :: material_class=stainless steel · vessel_type=water bottle · gap__key_benefits__water-resistant=no · gap__use_context__gym/sports=no · handle=no · insulation=no",3,NO-TWIN,Method 2,3,0.5692344783451477,"STANLEY Easy Fill Flask, 8 oz, Hammertone Frost",26.0,https://www.amazon.com/dp/B0GC9XW4RY,STANLEY,False,True,yellow/orange,stainless steel,,0.4646840148698885,,S_ca3da591a9dd,"Thermos King Stainless Steel Vacuum Insulated Beverage Bottle, 16 oz., Matte Stainless (EASK2000MSTRI4)",30.79,https://www.staples.com/thermos-king-stainless-steel-vacuum-insulated-beverage-bottle-16-oz-matte-stainless-eask2000mstri4/product_24632282,grey,stainless steel,,0.34572490706319703
W_03f2ffd1868d,Furniture > Chairs & Seating > Accent & Waiting Room Chairs,Furniture > Chairs & Seating,1.0,48.44827586206897,0.47413793103448276,0.5,0.7209092974662781,1.0,4,83.25456237792969,1.0237039023082362,0.6,12,0.7190430003233107,True,S_b05fa95e39cb,False,,STYLE-EXTENSION,Approve,False,Furniture > Chairs & Seating > Accent & Waiting Room Chairs :: L1 :: colour_tone=bold · form_factor=armchair · swivel=no · gap__use_context__residential living=no,1,ATTR-TRADE-UP,Method 1,1,0.5292675319293769,Bantry Chenille Upholstered Accent Chair Burnt Orange,839.99,https://www.wayfair.com/furniture/pdp/latitude-run-bantry-chenille-upholstered-accent-chair-burnt-orange-w116033943.html?piid=951962224,Latitude Run,True,False,yellow/orange,fabric,contemporary,0.7837051406401552,yellow/orange,S_b05fa95e39cb,"Global Primacare HT Vinyl Bariatric Low-Back Armchair, Blue (GC3637)",2509.19,https://www.staples.com/global-primacare-ht-vinyl-bariatric-low-back-armchair-blue-gc3637/product_24598308,blue,vinyl,contemporary,0.06466214031684449
W_beedfd02410e,Furniture > Chairs & Seating > Accent & Waiting Room Chairs,Furniture > Chairs & Seating,1.0,49.48275862068965,0.49137931034482757,0.5,0.7482649683952332,1.0,5,84.8958969116211,1.9600384015360615,0.8,7,0.7268024571613321,True,S_b05fa95e39cb,False,,TRADE-UP,Approve,False,Furniture > Chairs & Seating > Accent & Waiting Room Chairs :: L1 :: colour_tone=bold · form_factor=armchair · swivel=no · gap__use_context__residential living=no,1,ATTR-SUBSTITUTE,Method 1,2,0.5261101723700097,Upholstered Green Chenille Modern Curved Arm Design Armchair With Solid Wood Legs,489.99,https://www.wayfair.com/furniture/pdp/latitude-run-upholstered-chenille-modern-curved-arm-design-armchair-with-solid-wood-legs-w117682129.html?piid=1506364258,Latitude Run,True,False,green,fabric,modern,0.7914645974781765,green,S_b05fa95e39cb,"Global Primacare HT Vinyl Bariatric Low-Back Armchair, Blue (GC3637)",2509.19,https://www.staples.com/global-primacare-ht-vinyl-bariatric-low-back-armchair-blue-gc3637/product_24598308,blue,vinyl,contemporary,0.06466214031684449
W_e2505487f9c6,Furniture > Chairs & Seating > Accent & Waiting Room Chairs,Furniture > Chairs & Seating,1.0,50.0,0.5,0.5,0.7661368250846863,1.0,5,85.96820831298828,3.304271666865719,0.75,9,0.6954413191076625,False,S_9d358df2f5be,False,,TRADE-UP,Approve,False,Furniture > Chairs & Seating > Accent & Waiting Room Chairs :: L1 :: colour_tone=bold · form_factor=armchair · swivel=no · gap__use_context__residential living=no,1,ATTR-TRADE-UP,Method 1,3,0.51042424193332,Country 30.5'' W Traditional Solid Wood Deconstructed-Inspired Arm Chair with Nailhead Trims,830.0,https://www.wayfair.com/furniture/pdp/lark-manor-country-305-w-traditional-solid-wood-deconstructed-inspired-arm-chair-with-nailhead-trims-w122483352.html?piid=136241840,Lark Manor,True,False,green,wood,farmhouse/rustic,0.7714193339799548,green,S_9d358df2f5be,"Flash Furniture Hercules Wood/Veneer Accent Chair, Black (1111BK)",729.79,https://www.staples.com/flash-furniture-hercules-wood-veneer-accent-chair-black-1111bk/product_257473,black,wood,,0.07597801487229228
W_94cec423cd96,Furniture > Chairs & Seating > Accent & Waiting Room Chairs,Furniture > Chairs & Seating,1.0,20.51724137931035,0.008620689655172414,0.5,0.44484031200408936,0.0,2,26.690420150756836,1.1081470800288393,1.0,8,0.6870352408664727,False,S_b8a2516f086b,False,,OFF-BRAND,Reject,False,Furniture > Chairs & Seating > Accent & Waiting Room Chairs :: L1 :: colour_tone=light-neutral · form_factor=barrel · swivel=yes · gap__use_context__residential living=no,1,NO-TWIN,Method 2,1,0.847107402813924,Modern Swivel Barrel Chairs With Wood Base,414.99,https://www.wayfair.com/furniture/pdp/brayden-studio-modern-swivel-barrel-chairs-with-wood-base-w116358876.html?piid=60020964,Brayden Studio,True,False,beige/cream,wood,modern,0.9266084707403816,beige/cream,S_b8a2516f086b,"Flash Furniture Bordeaux Contemporary Aluminum and PE Rattan Bistro Stack Chairs, Navy/White/Natural, Set of 2 (2SDA6421NVYWHNT)",488.99,https://www.staples.com/flash-furniture-bordeaux-contemporary-aluminum-and-pe-rattan-bistro-stack-chairs-navy-white-natural-set-of-2-2sda6421nvywhnt/product_24554322,multi/pattern,wicker/rattan,contemporary,0.23957322987390883
W_f86712ea51b0,Furniture > Chairs & Seating > Accent & Waiting Room Chairs,Furniture > Chairs & Seating,1.0,20.51724137931035,0.008620689655172414,0.5,0.4431767463684082,0.0,2,26.590606689453125,4.612433160537164,0.9,5,0.6569673456191399,True,S_b8a2516f086b,False,,OFF-BRAND,Reject,False,Furniture > Chairs & Seating > Accent & Waiting Room Chairs :: L1 :: colour_tone=light-neutral · form_factor=barrel · swivel=yes · gap__use_context__residential living=no,1,NO-TWIN,Method 2,2,0.8416427503563307,Amiir Modern 30.5'' Wide Genuine Leather Swivel Barrel Chair with Solid Wood Base (Set of 2),1130.0,"https://www.wayfair.com/furniture/pdp/wade-logan-amiir-modern-305-wide-genuine-leather-swivel-barrel-chair-with-solid-wood-base-set-of-2-kthm7366.html?piid=99110160&auctionId=7bbb08f7-7e37-4678-bc67-15214df77902&trackingId={""adType"":""WSP"",""auctionId"":""7bbb08f7-7e37-4678-bc67-15214df77902""}&adTypeId=1",Wade Logan,True,False,beige/cream,leather,modern,0.8965405754930488,beige/cream,S_b8a2516f086b,"Flash Furniture Bordeaux Contemporary Aluminum and PE Rattan Bistro Stack Chairs, Navy/White/Natural, Set of 2 (2SDA6421NVYWHNT)",488.99,https://www.staples.com/flash-furniture-bordeaux-contemporary-aluminum-and-pe-rattan-bistro-stack-chairs-navy-white-natural-set-of-2-2sda6421nvywhnt/product_24554322,multi/pattern,wicker/rattan,contemporary,0.23957322987390883
W_3eb25328b12d,Furniture > Chairs & Seating > Accent & Waiting Room Chairs,Furniture > Chairs & Seating,1.0,20.51724137931035,0.008620689655172414,0.5,0.4431767463684082,0.0,3,26.590606689453125,3.6654557328870565,0.75,5,0.7995473650177821,False,S_84f4deb6036f,False,,OFF-BRAND,Reject,False,Furniture > Chairs & Seating > Accent & Waiting Room Chairs :: L1 :: colour_tone=light-neutral · form_factor=barrel · swivel=yes · gap__use_context__residential living=no,1,NO-TWIN,Method 2,3,0.8379969461604765,"Scottie 33"" Wide Chenille 360° Oversized Swivel Barrel Chair With Solid Wood Frame, No Assembly Required (Set of 2)",898.0,"https://www.wayfair.com/furniture/pdp/joss-main-scottie-33-wide-chenille-upholstered-360-oversized-swivel-barrel-chair-with-solid-wood-frame-no-assembly-required-set-of-2-w119203305.html?piid=1925860919&auctionId=5792630d-8341-4848-8684-0d80388780a8&trackingId={""adType"":""WSP"",""auctionId"":""5792630d-8341-4848-8684-0d80388780a8""}&adTypeId=1",Joss & Main,True,False,beige/cream,fabric,,0.8758486905916586,beige/cream,S_84f4deb6036f,"Flash Furniture Hercules Series Fabric Accent Chair, Black (XU60555BK)",168.09,https://www.staples.com/flash-furniture-hercules-series-fabric-accent-chair-black-xu60555bk/product_1983504,black,fabric,contemporary,0.07630132557387649
W_5d884f1b1577,Furniture > Chairs & Seating > Accent & Waiting Room Chairs,Furniture > Chairs & Seating,1.0,11.524267140434466,0.008620689655172414,0.275175644028103,0.4431767463684082,0.0,3,26.590606689453125,1.448997918282379,0.8,5,0.8994503718073068,False,S_84f4deb6036f,False,,OFF-BRAND,Reject,False,Furniture > Chairs & Seating > Accent & Waiting Room Chairs :: L1 :: colour_tone=light-neutral · form_factor=barrel · swivel=yes · gap__use_context__residential living=yes,1,NO-TWIN,Method 2,1,0.8573652588049263,"Swivel Accent Chairs With Storage, Chenille Wood Base Modern Home Seat",354.99,https://www.wayfair.com/furniture/pdp/mercer41-swivel-accent-chairs-with-storage-chenille-wood-base-modern-home-w120308209.html,Mercer41,True,False,beige/cream,fabric,modern,0.9757516973811833,,S_84f4deb6036f,"Flash Furniture Hercules Series Fabric Accent Chair, Black (XU60555BK)",168.09,https://www.staples.com/flash-furniture-hercules-series-fabric-accent-chair-black-xu60555bk/product_1983504,black,fabric,contemporary,0.07630132557387649
W_8f57d96a0e2e,Furniture > Chairs & Seating > Accent & Waiting Room Chairs,Furniture > Chairs & Seating,1.0,10.11911491561011,0.008620689655172414,0.24004683840749413,0.44483935832977295,0.0,2,26.690364837646484,1.3885551016048492,1.0,8,0.7578402845134173,False,S_b8a2516f086b,False,,OFF-BRAND,Reject,False,Furniture > Chairs & Seating > Accent & Waiting Room Chairs :: L1 :: colour_tone=light-neutral · form_factor=barrel · swivel=yes · gap__use_context__residential living=yes,1,NO-TWIN,Method 2,2,0.8563200720810328,"31.89"" Boucle Swivel Barrel Chair, 360° Upholstered Accent Chair with Pillow for Bedroom & Apartment(Set Of 2)",520.0,https://www.wayfair.com/furniture/pdp/ivy-bronx-vladilen-3189-wide-boucle-upholstered-swivel-accent-armchair-set-of-2-w119672382.html?piid=86464876,Ivy Bronx,True,False,white,boucle,modern,0.9974135143873262,white,S_b8a2516f086b,"Flash Furniture Bordeaux Contemporary Aluminum and PE Rattan Bistro Stack Chairs, Navy/White/Natural, Set of 2 (2SDA6421NVYWHNT)",488.99,https://www.staples.com/flash-furniture-bordeaux-contemporary-aluminum-and-pe-rattan-bistro-stack-chairs-navy-white-natural-set-of-2-2sda6421nvywhnt/product_24554322,multi/pattern,wicker/rattan,contemporary,0.23957322987390883
W_5215b44a0eb4,Furniture > Chairs & Seating > Accent & Waiting Room Chairs,Furniture > Chairs & Seating,1.0,10.11911491561011,0.008620689655172414,0.24004683840749413,0.44483935832977295,0.0,3,26.690364837646484,1.7089641913001683,0.6,8,0.8929841577756223,False,S_84f4deb6036f,False,,OFF-BRAND,Reject,False,Furniture > Chairs & Seating > Accent & Waiting Room Chairs :: L1 :: colour_tone=light-neutral · form_factor=barrel · swivel=yes · gap__use_context__residential living=yes,1,NO-TWIN,Method 2,3,0.8562802555539483,Modern Swivel Chair Upholstered Comfort Taupe Stylish Living Room Furniture 1pc Accent Chair Contemporary Design Barrel Back,639.99,https://www.wayfair.com/furniture/pdp/latitude-run-modern-swivel-chair-upholstered-comfort-taupe-stylish-living-room-furniture-1pc-accent-chair-contemporary-design-barrel-back-w120492446.html,Latitude Run,True,False,beige/cream,fabric,contemporary,0.9692854833494988,,S_84f4deb6036f,"Flash Furniture Hercules Series Fabric Accent Chair, Black (XU60555BK)",168.09,https://www.staples.com/flash-furniture-hercules-series-fabric-accent-chair-black-xu60555bk/product_1983504,black,fabric,contemporary,0.07630132557387649
W_b15d5bc081a9,Furniture > Chairs & Seating > Accent & Waiting Room Chairs,Furniture > Chairs & Seating,1.0,25.689655172413794,0.09482758620689655,0.5,0.7094635963439941,0.5,4,62.56781768798828,1.2500040585074432,0.4,10,0.6941480763013256,False,S_ece4a5e2510b,False,,REVIEW,Review / hold,False,Furniture > Chairs & Seating > Accent & Waiting Room Chairs :: L2 :: colour_tone=light-neutral · form_factor=lounge/club · gap__use_context__residential living=no · gap__aesthetic_tags__natural/woven=yes,2,NO-TWIN,Method 2,1,0.6448296002230904,Upholstered Swivel Chair No Assembly Needed,769.99,https://www.wayfair.com/furniture/pdp/red-barrel-studio-upholstered-swivel-chair-no-assembly-needed-w114693640.html?piid=1225111104,Red Barrel Studio,True,False,beige/cream,fabric,,0.8121564823795667,beige/cream,S_ece4a5e2510b,"Bush Business Furniture Assemble Modular Reception Lounge Chair, Armless, Mist Fabric (ASM130MSF-03)",559.99,https://www.staples.com/bush-business-furniture-assemble-modular-lounge-chair-armless-mist-fabric-asm130msf-03/product_24679385,blue,fabric,modern,0.11800840607824119
W_df2fc0f1e6c0,Furniture > Chairs & Seating > Accent & Waiting Room Chairs,Furniture > Chairs & Seating,1.0,21.03448275862069,0.017241379310344827,0.5,0.6549209952354431,1.0,4,79.2952651977539,2.2098707560436615,0.75,3,0.08147429679922402,False,S_7d31a9c41532,False,,OFF-BRAND,Reject,True,Furniture > Chairs & Seating > Accent & Waiting Room Chairs :: L2 :: colour_tone=light-neutral · form_factor=lounge/club · gap__use_context__residential living=no · gap__aesthetic_tags__natural/woven=yes,2,ATTR-STYLE-EXT,Method 2,2,0.5903075434885632,Oliver Lounge Chair and Ottoman,990.0,https://www.wayfair.com/furniture/pdp/george-oliver-26cm-wide-lounge-chair-and-ottoman-w004998443.html?piid=274257290,George Oliver,True,False,beige/cream,faux leather,modern,0.9644358228257355,beige/cream,S_7d31a9c41532,"Linon Home Decor Products Truett Lounge Chair, Blue (AC5082BLU01ASU)",211.49,https://www.staples.com/linon-home-decor-products-truett-lounge-chair-blue-ac5082blu01asu/product_24779176,blue,wood,modern,0.8829615260265115
W_9116c0dfccc4,Furniture > Chairs & Seating > Accent & Waiting Room Chairs,Furniture > Chairs & Seating,1.0,21.03448275862069,0.017241379310344827,0.5,0.6549209952354431,1.0,4,79.2952651977539,2.5119227609852497,1.0,3,0.3155512447462011,False,S_b9696ec452a0,False,,OFF-BRAND,Reject,True,Furniture > Chairs & Seating > Accent & Waiting Room Chairs :: L2 :: colour_tone=light-neutral · form_factor=lounge/club · gap__use_context__residential living=no · gap__aesthetic_tags__natural/woven=yes,2,ATTR-TRADE-UP,Method 2,3,0.5889847665807402,Brene,2109.99,https://www.wayfair.com/furniture/pdp/hokku-designs-brene-w112869173.html?piid=1529561712,Hokku Designs,True,False,beige/cream,faux leather,minimalist,0.9579696087940511,beige/cream|black,S_b9696ec452a0,"Global Citi Leather Lounge Chair, Black (GLB7875450550)",1311.19,https://www.staples.com/global-citi-leather-lounge-chair-black-glb7875450550/product_842652,black,leather,contemporary,0.64241836404785
W_9e8555d914d4,Furniture > Chairs & Seating > Accent & Waiting Room Chairs,Furniture > Chairs & Seating,1.0,39.60187353629976,0.5,0.24004683840749413,0.7661368250846863,1.0,4,85.96820831298828,2.34877980811338,0.9666666666666666,9,0.9091496928548335,False,S_59cab426fa1f,False,,TRADE-UP,Approve,False,Furniture > Chairs & Seating > Accent & Waiting Room Chairs :: L2 :: colour_tone=mid-neutral · form_factor=armchair · gap__use_context__residential living=yes · gap__aesthetic_tags__natural/woven=no,2,ATTR-STYLE-EXT,Method 1,1,0.5611440362588819,"Luxury Gray Armchair, 18.5"" Seat Height, Plywood Frame, Modern Design Stylish Boucle 24"" Width, Construction",589.99,https://www.wayfair.com/furniture/pdp/hokku-designs-luxury-gray-armchair-seat-height-plywood-frame-modern-design-stylish-boucle-construction-w115329605.html,Hokku Designs,True,False,grey,boucle,modern,0.9783381829938571,,S_59cab426fa1f,"Boss Wood/Veneer Accent Chair, Black (B9540-BK)",251.19,https://www.staples.com/BOSS-Captain-s-Chair-Black/product_563831,black,wood,contemporary,0.0691884901390236
W_25fa98bd6ac5,Furniture > Chairs & Seating > Accent & Waiting Room Chairs,Furniture > Chairs & Seating,1.0,45.768930523028885,0.5,0.3942232630757221,0.7488189935684204,1.0,4,84.92914581298828,1.9904852900195071,0.7666666666666667,7,0.6385386356288394,True,S_ead270bbe520,False,,TRADE-UP,Approve,False,Furniture > Chairs & Seating > Accent & Waiting Room Chairs :: L2 :: colour_tone=mid-neutral · form_factor=armchair · gap__use_context__residential living=yes · gap__aesthetic_tags__natural/woven=no,2,ATTR-STYLE-EXT,Method 1,2,0.5556580546397127,"51""W Oversized Premium Chenille Armchair with Curved Storage Ottoman and Adjustable Backrest",499.99,https://www.wayfair.com/furniture/pdp/latitude-run-51w-oversized-premium-chenille-armchair-with-curved-storage-ottoman-and-adjustable-backrest-w121568700.html?piid=1452688477,Latitude Run,True,False,grey,fabric,contemporary,0.918525703200776,grey,S_ead270bbe520,"Flash Furniture Alonza Plastic and Wood Accent Chair, White, 2/Pack (2FH132DPPWH)",222.49,https://www.staples.com/flash-furniture-plastic-poly-accent-chair-white-2-pack-2fh132dppwh/product_24256867,white,plastic,contemporary,0.27998706757193664
W_6fb4b21204cd,Furniture > Chairs & Seating > Accent & Waiting Room Chairs,Furniture > Chairs & Seating,1.0,39.60187353629976,0.5,0.24004683840749413,0.7661368250846863,1.0,4,85.96820831298828,1.074843743779609,0.96,9,0.8396378920142257,False,S_59cab426fa1f,False,,STYLE-EXTENSION,Approve,False,Furniture > Chairs & Seating > Accent & Waiting Room Chairs :: L2 :: colour_tone=mid-neutral · form_factor=armchair · gap__use_context__residential living=yes · gap__aesthetic_tags__natural/woven=no,2,ATTR-UNDERCUT,Method 1,3,0.5504313292489482,"39.74"" W Oversized Upholstered Accent Armchair With Ottoman",269.99,https://www.wayfair.com/furniture/pdp/latitude-run-3974-w-oversized-upholstered-accent-armchair-with-ottoman-w113154945.html?piid=306633158,Latitude Run,True,False,grey,fabric,modern,0.9088263821532493,grey,S_59cab426fa1f,"Boss Wood/Veneer Accent Chair, Black (B9540-BK)",251.19,https://www.staples.com/BOSS-Captain-s-Chair-Black/product_563831,black,wood,contemporary,0.0691884901390236
W_f797abe97519,Furniture > Chairs & Seating > Accent & Waiting Room Chairs,Furniture > Chairs & Seating,1.0,40.689655172413794,0.3448275862068966,0.5,0.6965758204460144,0.75,4,71.79454803466797,3.9482491852209507,0.8,13,0.37213061752344007,False,S_0cd6fcef0cbd,False,,TRADE-UP,Approve,False,Furniture > Chairs & Seating > Accent & Waiting Room Chairs :: L2 :: colour_tone=warm-neutral · form_factor=armchair · gap__use_context__residential living=no · gap__aesthetic_tags__natural/woven=no,2,ATTR-STYLE-EXT,both methods,1,0.5542517450840158,TADEO SWIVEL ARMCHAIR - DARK BROWN - SAHARA SAND LEATHER - Brown,3598.0,https://www.wayfair.com/furniture/pdp/ebern-designs-tadeo-swivel-armchair-dark-brown-sahara-sand-leather-brown-tdfg5747.html,Ebern Designs,True,False,brown/wood,leather,modern,0.5793727772389267,beige/cream|brown/wood,S_0cd6fcef0cbd,"Flash Furniture Hercules Lacey Leather Accent Chair, Black (ZBLACEY8312CHBK)",911.29,https://www.staples.com/flash-furniture-hercules-lacey-leather-accent-chair-black-zblacey8312chbk/product_257573,black,leather,contemporary,0.2072421597154866
W_f9e96f822f3e,Furniture > Chairs & Seating > Accent & Waiting Room Chairs,Furniture > Chairs & Seating,1.0,48.44827586206897,0.47413793103448276,0.5,0.7209092974662781,1.0,4,83.25456237792969,1.182136154239891,0.7333333333333334,12,0.6036210798577433,False,S_0cd6fcef0cbd,False,,STYLE-EXTENSION,Approve,False,Furniture > Chairs & Seating > Accent & Waiting Room Chairs :: L2 :: colour_tone=warm-neutral · form_factor=armchair · gap__use_context__residential living=no · gap__aesthetic_tags__natural/woven=no,2,ATTR-TRADE-UP,both methods,2,0.5387626089665869,Pettengill Tufted Distressed Genuine Top-Grain Leather Accent Armchair,969.99,https://www.wayfair.com/furniture/pdp/trent-austin-design-pettengill-tufted-distressed-genuine-top-grain-leather-accent-armchair-w009992004.html?piid=276744617,Trent Austin Design,True,False,brown/wood,leather,farmhouse/rustic,0.8108632395732299,brown/wood,S_0cd6fcef0cbd,"Flash Furniture Hercules Lacey Leather Accent Chair, Black (ZBLACEY8312CHBK)",911.29,https://www.staples.com/flash-furniture-hercules-lacey-leather-accent-chair-black-zblacey8312chbk/product_257573,black,leather,contemporary,0.2072421597154866
W_113aa28d33b4,Furniture > Chairs & Seating > Accent & Waiting Room Chairs,Furniture > Chairs & Seating,1.0,48.44827586206897,0.47413793103448276,0.5,0.7209092974662781,1.0,4,83.25456237792969,2.6445877105320883,0.8,12,0.5826058842547688,False,S_0cd6fcef0cbd,False,,TRADE-UP,Approve,False,Furniture > Chairs & Seating > Accent & Waiting Room Chairs :: L2 :: colour_tone=warm-neutral · form_factor=armchair · gap__use_context__residential living=no · gap__aesthetic_tags__natural/woven=no,2,ATTR-TRADE-UP,both methods,3,0.5371035556896504,"Brancaster Accent Chair, Retro Brown Top Grain Leather & Aluminum",2169.99,https://www.wayfair.com/furniture/pdp/williston-forge-brancaster-accent-chair-retro-brown-top-grain-leather-aluminum-w115737375.html,Williston Forge,True,False,brown/wood,leather,mid-century,0.7898480439702554,,S_0cd6fcef0cbd,"Flash Furniture Hercules Lacey Leather Accent Chair, Black (ZBLACEY8312CHBK)",911.29,https://www.staples.com/flash-furniture-hercules-lacey-leather-accent-chair-black-zblacey8312chbk/product_257573,black,leather,contemporary,0.2072421597154866
W_423e4b5c6bf2,Furniture > Chairs & Seating > Accent & Waiting Room Chairs,Furniture > Chairs & Seating,1.0,32.41379310344827,0.20689655172413793,0.5,0.7301429510116577,0.75,4,73.80857849121094,2.463108167340379,0.5555555555555556,10,0.7672162948593599,False,S_4cf88de691ab,False,,TRADE-UP,Approve,False,Furniture > Chairs & Seating > Accent & Waiting Room Chairs :: L2 :: colour_tone=warm-neutral · form_factor=lounge/club · gap__use_context__residential living=no · gap__aesthetic_tags__natural/woven=no,2,ATTR-TRADE-UP,both methods,1,0.6011964609165852,Outten LOUNGE CHAIR - RUSTIC OAK - HEATHER IVORY TWEED - Cream,1517.25,https://www.wayfair.com/furniture/pdp/hokku-designs-outten-lounge-chair-rustic-oak-heather-ivory-tweed-cream-w112860870.html,Hokku Designs,True,False,brown/wood,fabric,farmhouse/rustic,0.8852247009376011,beige/cream|brown/wood|grey,S_4cf88de691ab,"Bush Business Furniture Assemble Modular Reception Lounge Chair, Armless, Oat Fabric (ASM130OTF-03)",559.99,https://www.staples.com/bush-business-furniture-assemble-modular-lounge-chair-armless-oat-fabric-asm130otf-03/product_24679386,beige/cream,fabric,modern,0.11800840607824119
W_97a415ad3d2e,Furniture > Chairs & Seating > Accent & Waiting Room Chairs,Furniture > Chairs & Seating,1.0,31.379310344827587,0.1896551724137931,0.5,0.7343848347663879,0.75,4,74.06309509277344,2.1967861439683616,0.8,3,0.34303265438086,True,S_58b323ccd7df,False,,TRADE-UP,Approve,False,Furniture > Chairs & Seating > Accent & Waiting Room Chairs :: L2 :: colour_tone=warm-neutral · form_factor=lounge/club · gap__use_context__residential living=no · gap__aesthetic_tags__natural/woven=no,2,NO-TWIN,both methods,2,0.5568065028694738,32'' Wide Genuine Leather Full Grain Leather Swivel Lounge Chair - Brown,1844.18,https://www.wayfair.com/furniture/pdp/winston-porter-32-wide-genuine-leather-full-grain-leather-swivel-lounge-chair-brown-tdfg5828.html,Winston Porter,True,False,brown/wood,leather,modern,0.6459747817652765,brown/wood,S_58b323ccd7df,"Flash Furniture Agent LeatherSoft Club Chair, Black (BT827U1BK)",839.49,https://www.staples.com/flash-furniture-agent-leathersoft-club-chair-black-bt827u1bk/product_24657593,black,faux leather,modern,0.30294212738441645
W_43840395e5fc,Furniture > Chairs & Seating > Accent & Waiting Room Chairs,Furniture > Chairs & Seating,1.0,32.41379310344827,0.20689655172413793,0.5,0.7301429510116577,1.0,4,83.80857849121094,2.662380882806539,0.9,10,0.6605237633365664,True,S_56b2731eaeb7,False,,TRADE-UP,Approve,False,Furniture > Chairs & Seating > Accent & Waiting Room Chairs :: L2 :: colour_tone=warm-neutral · form_factor=lounge/club · gap__use_context__residential living=no · gap__aesthetic_tags__natural/woven=no,2,ATTR-TRADE-UP,both methods,3,0.5646727271392975,Lapinski LOUNGE CHAIR - DISTRESSED BROWN - BRENTWOOD CHARCOAL LEATHER - Grey,1640.0,https://www.wayfair.com/furniture/pdp/corrigan-studio-lapinski-lounge-chair-distressed-brown-brentwood-charcoal-leather-grey-w112864342.html?piid=801493185,Corrigan Studio,True,False,brown/wood,leather,farmhouse/rustic,0.9453604914322664,black|brown/wood|grey,S_56b2731eaeb7,"Flash Furniture Faux Leather Lounge Chair, Black (BT873BK)",571.99,https://www.staples.com/flash-furniture-faux-leather-lounge-chair-black-bt873bk/product_200869,black,faux leather,transitional,0.2848367280957
W_116a3bd978ff,Furniture > Chairs & Seating > Accent & Waiting Room Chairs,Furniture > Chairs & Seating,1.0,39.08463215698942,0.49137931034482757,0.24004683840749413,0.7482649683952332,1.0,5,84.8958969116211,1.8399935997439898,0.8,7,0.8344649207888781,True,S_b05fa95e39cb,False,,TRADE-UP,Approve,False,Furniture > Chairs & Seating > Accent & Waiting Room Chairs :: L3 :: colour_tone=bold · form_factor=armchair · swivel=no · gap__aesthetic_tags__cozy/plush=yes,3,ATTR-SUBSTITUTE,Method 1,1,0.5482929517700185,Chynna Velvet Armchair,459.98,https://www.wayfair.com/furniture/pdp/everly-quinn-chynna-velvet-accent-chair-w008216249.html?piid=2064134978,Everly Quinn,True,False,yellow/orange,velvet,modern,0.8991270611057226,yellow/orange,S_b05fa95e39cb,"Global Primacare HT Vinyl Bariatric Low-Back Armchair, Blue (GC3637)",2509.19,https://www.staples.com/global-primacare-ht-vinyl-bariatric-low-back-armchair-blue-gc3637/product_24598308,blue,vinyl,contemporary,0.06466214031684449
W_b586eae992a7,Furniture > Chairs & Seating > Accent & Waiting Room Chairs,Furniture > Chairs & Seating,1.0,39.08463215698942,0.49137931034482757,0.24004683840749413,0.7482649683952332,1.0,5,84.8958969116211,2.1200448017920714,0.6,7,0.800840607824119,True,S_b05fa95e39cb,False,,TRADE-UP,Approve,False,Furniture > Chairs & Seating > Accent & Waiting Room Chairs :: L3 :: colour_tone=bold · form_factor=armchair · swivel=no · gap__aesthetic_tags__cozy/plush=yes,3,ATTR-SUBSTITUTE,Method 1,2,0.5382345802087134,Blue Accent Chair Cushion Seat Corduroy Fabric Upholstery Pillow Living Room Furniture 1Pc,529.99,https://www.wayfair.com/furniture/pdp/tingkunke-accent-chair-cushion-seat-corduroy-fabric-upholstery-pillow-living-room-furniture-1pc-qngk9677.html?piid=123012927,Tingkunke,False,False,blue,fabric,mid-century,0.8655027481409635,blue,S_b05fa95e39cb,"Global Primacare HT Vinyl Bariatric Low-Back Armchair, Blue (GC3637)",2509.19,https://www.staples.com/global-primacare-ht-vinyl-bariatric-low-back-armchair-blue-gc3637/product_24598308,blue,vinyl,contemporary,0.06466214031684449
W_b8977ec3329d,Furniture > Chairs & Seating > Accent & Waiting Room Chairs,Furniture > Chairs & Seating,1.0,39.08463215698942,0.49137931034482757,0.24004683840749413,0.7482649683952332,1.0,5,84.8958969116211,6.415136605464219,0.8,7,0.806660200452635,True,S_b05fa95e39cb,False,,TRADE-UP,Approve,False,Furniture > Chairs & Seating > Accent & Waiting Room Chairs :: L3 :: colour_tone=bold · form_factor=armchair · swivel=no · gap__aesthetic_tags__cozy/plush=yes,3,ATTR-TRADE-UP,Method 1,3,0.5425896420087237,"Roe Accent Chair, Performance Velvet, Track Arms",1603.72,https://www.wayfair.com/furniture/pdp/benjara-roe-accent-chair-performance-velvet-track-arms-bnkh5872.html?piid=115686093,Benjara,False,False,green,velvet,modern,0.8713223407694795,green,S_b05fa95e39cb,"Global Primacare HT Vinyl Bariatric Low-Back Armchair, Blue (GC3637)",2509.19,https://www.staples.com/global-primacare-ht-vinyl-bariatric-low-back-armchair-blue-gc3637/product_24598308,blue,vinyl,contemporary,0.06466214031684449
W_5215b44a0eb4,Furniture > Chairs & Seating > Accent & Waiting Room Chairs,Furniture > Chairs & Seating,1.0,10.11911491561011,0.008620689655172414,0.24004683840749413,0.44483935832977295,0.0,3,26.690364837646484,1.7089641913001683,0.6,8,0.8929841577756223,False,S_84f4deb6036f,False,,OFF-BRAND,Reject,False,Furniture > Chairs & Seating > Accent & Waiting Room Chairs :: L3 :: colour_tone=light-neutral · form_factor=barrel · swivel=yes · gap__aesthetic_tags__cozy/plush=no,3,NO-TWIN,Method 2,1,0.8556893649079674,Modern Swivel Chair Upholstered Comfort Taupe Stylish Living Room Furniture 1pc Accent Chair Contemporary Design Barrel Back,639.99,https://www.wayfair.com/furniture/pdp/latitude-run-modern-swivel-chair-upholstered-comfort-taupe-stylish-living-room-furniture-1pc-accent-chair-contemporary-design-barrel-back-w120492446.html,Latitude Run,True,False,beige/cream,fabric,contemporary,0.9692854833494988,,S_84f4deb6036f,"Flash Furniture Hercules Series Fabric Accent Chair, Black (XU60555BK)",168.09,https://www.staples.com/flash-furniture-hercules-series-fabric-accent-chair-black-xu60555bk/product_1983504,black,fabric,contemporary,0.07630132557387649
W_d19cc42e79c7,Furniture > Chairs & Seating > Accent & Waiting Room Chairs,Furniture > Chairs & Seating,1.0,11.524267140434466,0.008620689655172414,0.275175644028103,0.3385583460330963,0.25,4,30.313501358032227,0.8235610884095157,0.5333333333333334,15,0.4387326220497898,True,S_0b12ab9e6768,False,,OFF-BRAND,Reject,False,Furniture > Chairs & Seating > Accent & Waiting Room Chairs :: L3 :: colour_tone=light-neutral · form_factor=barrel · swivel=yes · gap__aesthetic_tags__cozy/plush=no,3,NO-TWIN,Method 2,2,0.8290608144831665,"360° Swivel Accent Chair, Velvet Upholstered Open-Back Swivel Barrel Chair , Modern Swivel Lounge Chair for Living Room, Dining Room, Bedroom",259.99,https://www.wayfair.com/furniture/pdp/hokku-designs-360-swivel-accent-chair-velvet-upholstered-open-back-swivel-barrel-chair-modern-swivel-lounge-chair-for-living-room-dining-room-bedroom-w119643556.html?piid=1272737804,Hokku Designs,True,False,white,velvet,modern,0.9589395408988037,white,S_0b12ab9e6768,"Flash Furniture Plastic/Poly Accent Chair, White (FH132DPPWH)",122.99,https://www.staples.com/flash-furniture-plastic-poly-accent-chair-white-fh132dppwh/product_24256993,white,plastic,contemporary,0.5202069188490139
W_f86712ea51b0,Furniture > Chairs & Seating > Accent & Waiting Room Chairs,Furniture > Chairs & Seating,1.0,20.51724137931035,0.008620689655172414,0.5,0.4431767463684082,0.0,2,26.590606689453125,4.612433160537164,0.9,5,0.6569673456191399,True,S_b8a2516f086b,False,,OFF-BRAND,Reject,False,Furniture > Chairs & Seating > Accent & Waiting Room Chairs :: L3 :: colour_tone=light-neutral · form_factor=barrel · swivel=yes · gap__aesthetic_tags__cozy/plush=no,3,NO-TWIN,Method 2,3,0.8415733705498122,Amiir Modern 30.5'' Wide Genuine Leather Swivel Barrel Chair with Solid Wood Base (Set of 2),1130.0,"https://www.wayfair.com/furniture/pdp/wade-logan-amiir-modern-305-wide-genuine-leather-swivel-barrel-chair-with-solid-wood-base-set-of-2-kthm7366.html?piid=99110160&auctionId=7bbb08f7-7e37-4678-bc67-15214df77902&trackingId={""adType"":""WSP"",""auctionId"":""7bbb08f7-7e37-4678-bc67-15214df77902""}&adTypeId=1",Wade Logan,True,False,beige/cream,leather,modern,0.8965405754930488,beige/cream,S_b8a2516f086b,"Flash Furniture Bordeaux Contemporary Aluminum and PE Rattan Bistro Stack Chairs, Navy/White/Natural, Set of 2 (2SDA6421NVYWHNT)",488.99,https://www.staples.com/flash-furniture-bordeaux-contemporary-aluminum-and-pe-rattan-bistro-stack-chairs-navy-white-natural-set-of-2-2sda6421nvywhnt/product_24554322,multi/pattern,wicker/rattan,contemporary,0.23957322987390883
W_8f57d96a0e2e,Furniture > Chairs & Seating > Accent & Waiting Room Chairs,Furniture > Chairs & Seating,1.0,10.11911491561011,0.008620689655172414,0.24004683840749413,0.44483935832977295,0.0,2,26.690364837646484,1.3885551016048492,1.0,8,0.7578402845134173,False,S_b8a2516f086b,False,,OFF-BRAND,Reject,False,Furniture > Chairs & Seating > Accent & Waiting Room Chairs :: L3 :: colour_tone=light-neutral · form_factor=barrel · swivel=yes · gap__aesthetic_tags__cozy/plush=yes,3,NO-TWIN,Method 2,1,0.8567954787277613,"31.89"" Boucle Swivel Barrel Chair, 360° Upholstered Accent Chair with Pillow for Bedroom & Apartment(Set Of 2)",520.0,https://www.wayfair.com/furniture/pdp/ivy-bronx-vladilen-3189-wide-boucle-upholstered-swivel-accent-armchair-set-of-2-w119672382.html?piid=86464876,Ivy Bronx,True,False,white,boucle,modern,0.9974135143873262,white,S_b8a2516f086b,"Flash Furniture Bordeaux Contemporary Aluminum and PE Rattan Bistro Stack Chairs, Navy/White/Natural, Set of 2 (2SDA6421NVYWHNT)",488.99,https://www.staples.com/flash-furniture-bordeaux-contemporary-aluminum-and-pe-rattan-bistro-stack-chairs-navy-white-natural-set-of-2-2sda6421nvywhnt/product_24554322,multi/pattern,wicker/rattan,contemporary,0.23957322987390883
W_5d884f1b1577,Furniture > Chairs & Seating > Accent & Waiting Room Chairs,Furniture > Chairs & Seating,1.0,11.524267140434466,0.008620689655172414,0.275175644028103,0.4431767463684082,0.0,3,26.590606689453125,1.448997918282379,0.8,5,0.8994503718073068,False,S_84f4deb6036f,False,,OFF-BRAND,Reject,False,Furniture > Chairs & Seating > Accent & Waiting Room Chairs :: L3 :: colour_tone=light-neutral · form_factor=barrel · swivel=yes · gap__aesthetic_tags__cozy/plush=yes,3,NO-TWIN,Method 2,2,0.8567245088735909,"Swivel Accent Chairs With Storage, Chenille Wood Base Modern Home Seat",354.99,https://www.wayfair.com/furniture/pdp/mercer41-swivel-accent-chairs-with-storage-chenille-wood-base-modern-home-w120308209.html,Mercer41,True,False,beige/cream,fabric,modern,0.9757516973811833,,S_84f4deb6036f,"Flash Furniture Hercules Series Fabric Accent Chair, Black (XU60555BK)",168.09,https://www.staples.com/flash-furniture-hercules-series-fabric-accent-chair-black-xu60555bk/product_1983504,black,fabric,contemporary,0.07630132557387649
W_94cec423cd96,Furniture > Chairs & Seating > Accent & Waiting Room Chairs,Furniture > Chairs & Seating,1.0,20.51724137931035,0.008620689655172414,0.5,0.44484031200408936,0.0,2,26.690420150756836,1.1081470800288393,1.0,8,0.6870352408664727,False,S_b8a2516f086b,False,,OFF-BRAND,Reject,False,Furniture > Chairs & Seating > Accent & Waiting Room Chairs :: L3 :: colour_tone=light-neutral · form_factor=barrel · swivel=yes · gap__aesthetic_tags__cozy/plush=yes,3,NO-TWIN,Method 2,3,0.8475681169157154,Modern Swivel Barrel Chairs With Wood Base,414.99,https://www.wayfair.com/furniture/pdp/brayden-studio-modern-swivel-barrel-chairs-with-wood-base-w116358876.html?piid=60020964,Brayden Studio,True,False,beige/cream,wood,modern,0.9266084707403816,beige/cream,S_b8a2516f086b,"Flash Furniture Bordeaux Contemporary Aluminum and PE Rattan Bistro Stack Chairs, Navy/White/Natural, Set of 2 (2SDA6421NVYWHNT)",488.99,https://www.staples.com/flash-furniture-bordeaux-contemporary-aluminum-and-pe-rattan-bistro-stack-chairs-navy-white-natural-set-of-2-2sda6421nvywhnt/product_24554322,multi/pattern,wicker/rattan,contemporary,0.23957322987390883
W_4806e1f0d6ee,Furniture > Lamps & Lighting > Desk Lamps,Furniture > Lamps & Lighting,1.0,34.2197525047462,0.41420118343195267,0.23419203747072598,0.6567739248275757,0.5714285714285714,7,62.26357650756836,1.5137680295625222,0.6666666666666667,15,0.5989417989417989,True,S_98cfd5db5488,False,,REVIEW,Review / hold,False,Furniture > Lamps & Lighting > Desk Lamps :: L1 :: colour_family=beige/cream · lamp_form=shaded table-style · usb_port=no · gap__use_context__residential living=yes,1,ATTR-TRADE-UP,Method 2,1,0.6761806012019909,1-Light Modern Marble Base Fabric Shade Table Lamp for Bedroom,126.99,https://www.wayfair.com/lighting/pdp/winston-porter-1-light-modern-marble-base-fabric-shade-table-lamp-for-bedroom-w120005986.html,Winston Porter,True,False,beige/cream,marble/stone,modern,0.9735449735449735,,S_98cfd5db5488,"Adesso Emery SuperCharger Incandescent Desk Lamp, 19""H, with USB Port, Brushed Steel (2624-22)",79.99,https://www.staples.com/adesso-emery-supercharger-incandescent-desk-lamp-19-h-with-usb-port-brushed-steel-2624-22/product_24700430,clear,metal,,0.3746031746031746
W_2c6ec1c2eb52,Furniture > Lamps & Lighting > Desk Lamps,Furniture > Lamps & Lighting,0.5060471037555696,34.453944542216924,0.41420118343195267,0.24004683840749413,0.6567739248275757,0.5714285714285714,7,62.26357650756836,1.1442365001788055,0.4375,15,0.5470899470899471,False,S_98cfd5db5488,False,,REVIEW,Review / hold,False,Furniture > Lamps & Lighting > Desk Lamps :: L1 :: colour_family=beige/cream · lamp_form=shaded table-style · usb_port=no · gap__use_context__residential living=yes,1,ATTR-TRADE-UP,Method 2,2,0.6662121151490186,24 in 2-Light Modern Metal Plug-in Table Lamp with Double Pull Chain Marble Base and Dome Shade,95.99,https://www.wayfair.com/lighting/pdp/mercer41-24-table-lamp-with-metal-shade-and-marble-base-in-brushed-gold-w114494589.html,Mercer41,True,False,beige/cream,metal,modern,0.9216931216931217,,S_98cfd5db5488,"Adesso Emery SuperCharger Incandescent Desk Lamp, 19""H, with USB Port, Brushed Steel (2624-22)",79.99,https://www.staples.com/adesso-emery-supercharger-incandescent-desk-lamp-19-h-with-usb-port-brushed-steel-2624-22/product_24700430,clear,metal,,0.3746031746031746
W_377053d92f11,Furniture > Lamps & Lighting > Desk Lamps,Furniture > Lamps & Lighting,0.5060471037555696,44.458332755936794,0.39644970414201186,0.516783762685402,0.6837670207023621,0.6666666666666666,6,67.69268798828125,1.9285136851830467,0.6666666666666666,8,0.5375661375661376,False,S_9d3dec6e7597,False,,REVIEW,Review / hold,False,Furniture > Lamps & Lighting > Desk Lamps :: L1 :: colour_family=beige/cream · lamp_form=shaded table-style · usb_port=no · gap__use_context__residential living=yes,1,ATTR-TRADE-UP,Method 2,3,0.6427814276067038,Desk Lamp,166.99,https://www.wayfair.com/lighting/pdp/wrought-studio-perao-ceramic-desk-lamp-w100030632.html,Wrought Studio,True,False,beige/cream,ceramic/porcelain,mid-century,0.9587301587301588,,S_9d3dec6e7597,"OttLite Wellness Series Purify LED Desk Lamp, 26"", White (SCNQC00S)",80.39,https://www.staples.com/ottlite-wellness-series-purify-led-desk-lamp-26-white-scnqc00s/product_24472833,white,,,0.4211640211640212
W_30fe3960276e,Furniture > Lamps & Lighting > Desk Lamps,Furniture > Lamps & Lighting,1.0,43.786982248520715,0.39644970414201186,0.5,0.6720240712165833,0.8333333333333334,6,73.65478515625,5.948265585886279,1.0,5,0.6857142857142857,False,S_3b156be7b922,False,,TRADE-UP,Approve,False,Furniture > Lamps & Lighting > Desk Lamps :: L1 :: colour_family=grey · lamp_form=shaded table-style · usb_port=no · gap__use_context__residential living=no,1,ATTR-TRADE-UP,both methods,1,0.6206277010932801,Delano Desk Lamp,499.0,https://www.wayfair.com/lighting/pdp/allmodern-delano-metalmarble-desk-lamp-w100268513.html?piid=1390804360%2C1390804361%2C1390804362,AllModern,True,False,grey,marble/stone,modern,0.9841269841269841,grey,S_3b156be7b922,"OttLite Slimline LED Desk Lamp, 19"", Black (CS336G5C-SHPR)",52.29,https://www.staples.com/ottlite-slimline-led-desk-lamp-19-black-cs336g5c-shpr/product_24550788,black,,minimalist,0.2984126984126984
W_4660163ec761,Furniture > Lamps & Lighting > Desk Lamps,Furniture > Lamps & Lighting,1.0,43.786982248520715,0.39644970414201186,0.5,0.6720240712165833,0.8333333333333334,6,73.65478515625,2.7297651686732625,0.9,5,0.5174603174603174,True,S_55feda2a978a,False,,TRADE-UP,Approve,False,Furniture > Lamps & Lighting > Desk Lamps :: L1 :: colour_family=grey · lamp_form=shaded table-style · usb_port=no · gap__use_context__residential living=no,1,ATTR-TRADE-UP,both methods,2,0.6091855935255687,Burch Stone Desk Lamp,229.0,"https://www.wayfair.com/lighting/pdp/allmodern-burch-stone-desk-lamp-w110444592.html?auctionId=67cac9f0-be4c-4b84-9589-b89a7c430a1c&trackingId={""adType"":""WSP"",""auctionId"":""67cac9f0-be4c-4b84-9589-b89a7c430a1c""}&adTypeId=1",AllModern,True,False,grey,marble/stone,industrial,0.9333333333333333,,S_55feda2a978a,"Sheffield Labs EXECUTIVE LED Desk Lamp, 18.6"", Matte White (TL25911-WHT)",83.89,https://www.staples.com/sheffield-labs-executive-led-desk-lamp-18-6-matte-white-tl25911-wht/product_24531805,white,metal,traditional,0.4158730158730159
W_a63748abb84b,Furniture > Lamps & Lighting > Desk Lamps,Furniture > Lamps & Lighting,1.0,62.248520710059175,0.7041420118343196,0.5,0.6884596347808838,0.7142857142857143,7,69.8790054321289,1.809512456788652,0.6,5,0.30476190476190473,False,S_d26b2ca270a3,False,,LEAN-APPROVE,Approve,False,Furniture > Lamps & Lighting > Desk Lamps :: L1 :: colour_family=grey · lamp_form=shaded table-style · usb_port=no · gap__use_context__residential living=no,1,ATTR-TRADE-UP,both methods,3,0.5986390278515993,Waheed Stainless Steel Desk Lamp,151.8,https://www.wayfair.com/lighting/pdp/mercer41-waheed-stainless-steel-desk-lamp-w110461592.html?piid=1427026813,Mercer41,True,False,grey,metal,contemporary,0.7481481481481481,grey,S_d26b2ca270a3,"OttLite Direct LED Desk Lamp, 18"", Brass (CS01BS9-SHPR)",104.49,https://www.staples.com/ottlite-direct-led-desk-lamp-18-brass-cs01bs9-shpr/product_24550782,metallic,metal,minimalist,0.4433862433862434
W_9c0502ae100e,Furniture > Lamps & Lighting > Desk Lamps,Furniture > Lamps & Lighting,0.5060471037555696,29.83855992683231,0.33727810650887574,0.24004683840749413,0.6691248416900635,0.5,6,60.14749526977539,2.7785515320334264,0.3333333333333333,10,0.5079365079365079,False,S_9d3dec6e7597,False,,REVIEW,Review / hold,False,Furniture > Lamps & Lighting > Desk Lamps :: L1 :: colour_family=white · lamp_form=shaded table-style · usb_port=no · gap__use_context__residential living=yes,1,ATTR-TRADE-UP,Method 2,1,0.676721838264869,"Concord Bone Porcelain Table Lamp - 30"", White & Weathered Brass, 4-Way Rotary Switch",259.35,"https://www.wayfair.com/lighting/pdp/nova-of-california-concord-bone-porcelain-table-lamp-30-white-weathered-brass-4-way-rotary-switch-nva10859.html?auctionId=60d7e0ee-f4a3-47d8-99d1-ac30fc07dd31&trackingId={""adType"":""WSP"",""auctionId"":""60d7e0ee-f4a3-47d8-99d1-ac30fc07dd31""}&adTypeId=1",Nova of California,False,False,white,ceramic/porcelain,traditional,0.9291005291005291,white,S_9d3dec6e7597,"OttLite Wellness Series Purify LED Desk Lamp, 26"", White (SCNQC00S)",80.39,https://www.staples.com/ottlite-wellness-series-purify-led-desk-lamp-26-white-scnqc00s/product_24472833,white,,,0.4211640211640212
W_706d391742b7,Furniture > Lamps & Lighting > Desk Lamps,Furniture > Lamps & Lighting,1.0,33.38885578482048,0.39644970414201186,0.24004683840749413,0.6730769276618958,0.6666666666666666,6,67.05128479003906,5.0560257480033375,0.375,5,0.5724867724867724,False,S_55feda2a978a,False,,REVIEW,Review / hold,False,Furniture > Lamps & Lighting > Desk Lamps :: L1 :: colour_family=white · lamp_form=shaded table-style · usb_port=no · gap__use_context__residential living=yes,1,ATTR-TRADE-UP,Method 2,2,0.6552394444349581,"Bloom 2-Light Table Lamp - Weathered Brass, White Marble Base, White Satin Shade",424.15,https://www.wayfair.com/lighting/pdp/nova-of-california-bloom-2-light-table-lamp-black-nickel-black-marble-base-white-satin-shade-dimmer-switch-nva10777.html,Nova of California,False,False,white,metal,mid-century,0.9883597883597883,metallic|white,S_55feda2a978a,"Sheffield Labs EXECUTIVE LED Desk Lamp, 18.6"", Matte White (TL25911-WHT)",83.89,https://www.staples.com/sheffield-labs-executive-led-desk-lamp-18-6-matte-white-tl25911-wht/product_24531805,white,metal,traditional,0.4158730158730159
W_2ecffa966d9c,Furniture > Lamps & Lighting > Desk Lamps,Furniture > Lamps & Lighting,0.0,39.77938832919917,0.5029585798816568,0.24004683840749413,0.6905646324157715,0.5714285714285714,7,64.29102325439453,0.6090553686698791,0.3333333333333333,11,0.4105820105820106,False,S_9d3dec6e7597,False,,REVIEW,Review / hold,False,Furniture > Lamps & Lighting > Desk Lamps :: L1 :: colour_family=white · lamp_form=shaded table-style · usb_port=no · gap__use_context__residential living=yes,1,ATTR-STYLE-EXT,Method 2,3,0.6361402360409025,Neston Desk Lamp,66.99,https://www.wayfair.com/lighting/pdp/greyleigh-neston-lodd-8-piece-rattan-sofa-seating-group-with-cushions-w008467475.html?piid=1136262344,Greyleigh,True,False,white,plastic/resin,glam,0.8317460317460318,white,S_9d3dec6e7597,"OttLite Wellness Series Purify LED Desk Lamp, 26"", White (SCNQC00S)",80.39,https://www.staples.com/ottlite-wellness-series-purify-led-desk-lamp-26-white-scnqc00s/product_24472833,white,,,0.4211640211640212
W_fd2408da32f6,Furniture > Lamps & Lighting > Desk Lamps,Furniture > Lamps & Lighting,1.0,67.04945747820905,0.7041420118343196,0.620023419203747,0.6884596347808838,0.7142857142857143,7,69.8790054321289,1.3826439384908809,0.6,5,0.4613756613756614,True,S_d26b2ca270a3,False,,LEAN-APPROVE,Approve,False,Furniture > Lamps & Lighting > Desk Lamps :: L1 :: colour_family=metallic · lamp_form=shaded table-style · usb_port=no · gap__use_context__residential living=yes · gap__aesthetic_tags__luxe=yes,1,ATTR-STYLE-EXT,both methods,1,0.6262557113738287,"Mid-century Modern Opaline Glass Table Lamp – 1920s Inspired 3-shade Desk Lamp With Brass Finish For Bedroom, Living Room, Or Office",115.99,"https://www.wayfair.com/lighting/pdp/mercer41-mid-century-modern-opaline-glass-table-lamp-1920s-inspired-3-shade-desk-lamp-with-for-bedroom-living-room-or-office-w115796462.html?piid=1645974716&auctionId=3834548c-97cd-4a51-8b41-f0afb03331e0&trackingId={""adType"":""WSP"",""auctionId"":""3834548c-97cd-4a51-8b41-f0afb03331e0""}&adTypeId=1",Mercer41,True,False,metallic,glass/crystal,mid-century,0.9047619047619048,metallic,S_d26b2ca270a3,"OttLite Direct LED Desk Lamp, 18"", Brass (CS01BS9-SHPR)",104.49,https://www.staples.com/ottlite-direct-led-desk-lamp-18-brass-cs01bs9-shpr/product_24550782,metallic,metal,minimalist,0.4433862433862434
W_5b629f66d76e,Furniture > Lamps & Lighting > Desk Lamps,Furniture > Lamps & Lighting,1.0,33.38885578482048,0.39644970414201186,0.24004683840749413,0.6730769276618958,0.8333333333333334,6,73.71794891357422,3.4567886518059363,0.33333333333333337,5,0.4084656084656085,False,S_d26b2ca270a3,False,,TRADE-UP,Approve,False,Furniture > Lamps & Lighting > Desk Lamps :: L1 :: colour_family=metallic · lamp_form=shaded table-style · usb_port=no · gap__use_context__residential living=yes · gap__aesthetic_tags__luxe=yes,1,ATTR-TRADE-UP,both methods,2,0.597946628552896,Industrial 1 Light Brass Iron Table Lamp,289.99,"https://www.wayfair.com/lighting/pdp/hokku-designs-1-light-brass-iron-table-lamp-with-a-shade-and-clear-glass-cover-w113442367.html?auctionId=67cac9f0-be4c-4b84-9589-b89a7c430a1c&trackingId={""adType"":""WSP"",""auctionId"":""67cac9f0-be4c-4b84-9589-b89a7c430a1c""}&adTypeId=1",Hokku Designs,True,False,metallic,metal,industrial,0.8518518518518519,,S_d26b2ca270a3,"OttLite Direct LED Desk Lamp, 18"", Brass (CS01BS9-SHPR)",104.49,https://www.staples.com/ottlite-direct-led-desk-lamp-18-brass-cs01bs9-shpr/product_24550782,metallic,metal,minimalist,0.4433862433862434
W_54e363cdaec0,Furniture > Lamps & Lighting > Desk Lamps,Furniture > Lamps & Lighting,1.0,62.987865434271484,0.7869822485207101,0.3942232630757221,0.6907878518104553,0.8571428571428571,7,75.73298645019531,2.6819644772916917,0.5599999999999999,5,0.32910052910052906,False,S_d26b2ca270a3,False,,TRADE-UP,Approve,False,Furniture > Lamps & Lighting > Desk Lamps :: L1 :: colour_family=metallic · lamp_form=shaded table-style · usb_port=no · gap__use_context__residential living=yes · gap__aesthetic_tags__luxe=yes,1,ATTR-TRADE-UP,both methods,3,0.5723392443556004,Gold Dimmable LED Table Lamp With Clear Acrylic Diffuser,224.99,https://www.wayfair.com/lighting/pdp/everly-quinn-gold-dimmable-led-table-lamp-with-clear-acrylic-diffuser-w004689344.html,Everly Quinn,True,False,metallic,plastic/resin,transitional,0.7724867724867724,,S_d26b2ca270a3,"OttLite Direct LED Desk Lamp, 18"", Brass (CS01BS9-SHPR)",104.49,https://www.staples.com/ottlite-direct-led-desk-lamp-18-brass-cs01bs9-shpr/product_24550782,metallic,metal,minimalist,0.4433862433862434
W_e7fdfc9f63dd,Furniture > Lamps & Lighting > Desk Lamps,Furniture > Lamps & Lighting,1.0,32.32376702742402,0.378698224852071,0.24004683840749413,0.6721316576004028,0.8333333333333334,6,73.6612319946289,1.798985933922146,0.9166666666666667,4,0.3238095238095239,True,S_81c780b627bf,False,,TRADE-UP,Approve,False,Furniture > Lamps & Lighting > Desk Lamps :: L2 :: colour_tone=bold · lamp_form=shaded table-style · dimmable=no · gap__aesthetic_tags__luxe=no,2,ATTR-TRADE-UP,Method 1,1,0.6040764105824566,"Green Baroque Table Lamp, Stained Glass Nightstand Table Light With Bulb And Switch",109.99,"https://www.wayfair.com/lighting/pdp/astoria-grand-baroque-table-lamp-stained-nightstand-table-light-with-bulb-and-switch-w119188628.html?auctionId=08a51c98-b6d5-4c7a-98ed-1c79ef56b540&trackingId={""adType"":""WSP"",""auctionId"":""08a51c98-b6d5-4c7a-98ed-1c79ef56b540""}&adTypeId=1",Astoria Grand,True,False,green,glass/crystal,farmhouse/rustic,0.9375661375661376,,S_81c780b627bf,"Adesso Amari LED Desk Lamp, 12""H, Antique Brass (2617-21)",59.99,https://www.staples.com/adesso-amari-led-desk-lamp-12-h-antique-brass-2617-21/product_24700417,metallic,metal,,0.6137566137566137
W_cfe3bb3ebab0,Furniture > Lamps & Lighting > Desk Lamps,Furniture > Lamps & Lighting,1.0,49.24834056233804,0.39644970414201186,0.6365339578454333,0.6720240712165833,0.8333333333333334,6,73.65478515625,2.4316366670640126,0.75,5,0.62010582010582,False,S_3b156be7b922,False,,TRADE-UP,Approve,False,Furniture > Lamps & Lighting > Desk Lamps :: L2 :: colour_tone=bold · lamp_form=shaded table-style · dimmable=no · gap__aesthetic_tags__luxe=no,2,ATTR-TRADE-UP,Method 1,2,0.601381273093047,"Modern Ceramic Table Lamp Set Of 2 For Bedroom Nightstand Or Living Room, Farmhouse Style Accent Lighting With 5-Foot Cord, Perfect For Bedside, Office, Or Dorm Decor",203.99,https://www.wayfair.com/lighting/pdp/latitude-run-modern-table-lamp-set-of-2-for-bedroom-nightstand-or-living-room-farmhouse-style-accent-lighting-with-5-foot-cord-for-bedside-office-or-dorm-decor-w118880015.html,Latitude Run,True,False,blue,ceramic/porcelain,farmhouse/rustic,0.9185185185185185,,S_3b156be7b922,"OttLite Slimline LED Desk Lamp, 19"", Black (CS336G5C-SHPR)",52.29,https://www.staples.com/ottlite-slimline-led-desk-lamp-19-black-cs336g5c-shpr/product_24550788,black,,minimalist,0.2984126984126984
W_28c2d989e7fe,Furniture > Lamps & Lighting > Desk Lamps,Furniture > Lamps & Lighting,0.5060471037555696,42.72189349112426,0.378698224852071,0.5,0.6725749373435974,1.0,7,80.35449981689453,3.3606443388573415,0.96,15,-0.09417989417989425,True,S_190f8f00e84f,False,,TRADE-UP,Approve,False,Furniture > Lamps & Lighting > Desk Lamps :: L2 :: colour_tone=bold · lamp_form=shaded table-style · dimmable=no · gap__aesthetic_tags__luxe=no,2,ATTR-TRADE-UP,Method 1,3,0.564109034058909,"31.5""H Dash Red Printed Drum Shade Geometric Pink Glass Table Lamp",289.99,https://www.wayfair.com/lighting/pdp/rosdorf-park-315-h-dash-red-printed-drum-shade-geometric-pink-glass-table-lamp-w114504414.html,Rosdorf Park,True,False,red/pink,glass/crystal,boho/coastal,0.8931216931216931,,S_190f8f00e84f,"Adesso Bristol Incandescent Desk Lamp, 19"", Antique Brass (4288-21)",81.59,https://www.staples.com/adesso-bristol-incandescent-desk-lamp-19-antique-brass-4288-21/product_24588850,metallic,metal,mid-century,0.9873015873015873
W_438c668bc458,Furniture > Lamps & Lighting > Desk Lamps,Furniture > Lamps & Lighting,1.0,39.55591277154959,0.39644970414201186,0.3942232630757221,0.6720240712165833,0.8333333333333334,6,73.65478515625,3.0395756347598044,0.8,5,0.5788359788359787,True,S_55feda2a978a,False,,TRADE-UP,Approve,False,Furniture > Lamps & Lighting > Desk Lamps :: L2 :: colour_tone=light-neutral · lamp_form=shaded table-style · dimmable=no · gap__aesthetic_tags__luxe=yes · gap__use_context__residential living=yes,2,ATTR-TRADE-UP,both methods,1,0.623719652430721,"TOBUSA Farmhouse Ceramic Table Lamps Set Of 2 For Living Room And Bedroom, Vintage Cream Table Lamps With White Linen Shade, Rustic Nightstand Lamps For Home Office Decor",254.99,https://www.wayfair.com/lighting/pdp/august-grove-set-of-2-modern-ceramic-table-lamps-with-linen-shade-285-inch-tall-farmhouse-bedside-lamps-for-living-room-bedroom-office-and-hallway-decor-w118879706.html?piid=1520310946,August Grove,True,False,beige/cream,ceramic/porcelain,farmhouse/rustic,0.9947089947089947,beige/cream|white,S_55feda2a978a,"Sheffield Labs EXECUTIVE LED Desk Lamp, 18.6"", Matte White (TL25911-WHT)",83.89,https://www.staples.com/sheffield-labs-executive-led-desk-lamp-18-6-matte-white-tl25911-wht/product_24531805,white,metal,traditional,0.4158730158730159
W_8ca1c2260c1f,Furniture > Lamps & Lighting > Desk Lamps,Furniture > Lamps & Lighting,1.0,33.38885578482048,0.39644970414201186,0.24004683840749413,0.6720240712165833,0.8333333333333334,6,73.65478515625,2.5866015019668613,0.4,5,0.5269841269841269,True,S_55feda2a978a,False,,TRADE-UP,Approve,False,Furniture > Lamps & Lighting > Desk Lamps :: L2 :: colour_tone=light-neutral · lamp_form=shaded table-style · dimmable=no · gap__aesthetic_tags__luxe=yes · gap__use_context__residential living=yes,2,ATTR-TRADE-UP,both methods,2,0.615149610553469,"Meadowbrook 23"" Desk Lamp",216.99,https://www.wayfair.com/lighting/pdp/mercer41-meadowbrook-23-desk-lamp-aamf1285.html,Mercer41,True,False,white,marble/stone,traditional,0.9428571428571428,,S_55feda2a978a,"Sheffield Labs EXECUTIVE LED Desk Lamp, 18.6"", Matte White (TL25911-WHT)",83.89,https://www.staples.com/sheffield-labs-executive-led-desk-lamp-18-6-matte-white-tl25911-wht/product_24531805,white,metal,traditional,0.4158730158730159
W_e6a5eb5ef069,Furniture > Lamps & Lighting > Desk Lamps,Furniture > Lamps & Lighting,1.0,33.38885578482048,0.39644970414201186,0.24004683840749413,0.6720240712165833,0.8333333333333334,6,73.65478515625,1.3111217069972583,0.5599999999999999,5,0.5089947089947089,True,S_55feda2a978a,False,,STYLE-EXTENSION,Approve,False,Furniture > Lamps & Lighting > Desk Lamps :: L2 :: colour_tone=light-neutral · lamp_form=shaded table-style · dimmable=no · gap__aesthetic_tags__luxe=yes · gap__use_context__residential living=yes,2,ATTR-TRADE-UP,both methods,3,0.6125570784990119,Modern Textured Glass Table Lamp with White Drum Shade,109.99,https://www.wayfair.com/lighting/pdp/pasargad-modern-textured-glass-table-lamp-with-white-drum-shade-obwh7217.html,Pasargad,False,False,white,glass/crystal,modern,0.9248677248677248,,S_55feda2a978a,"Sheffield Labs EXECUTIVE LED Desk Lamp, 18.6"", Matte White (TL25911-WHT)",83.89,https://www.staples.com/sheffield-labs-executive-led-desk-lamp-18-6-matte-white-tl25911-wht/product_24531805,white,metal,traditional,0.4158730158730159
W_ea90c20fc15c,Furniture > Lamps & Lighting > Desk Lamps,Furniture > Lamps & Lighting,1.0,22.1301775147929,0.03550295857988166,0.5,0.5681414008140564,0.4,5,50.0884895324707,2.701355892919226,0.5,6,0.40740740740740744,False,S_2f28b4beb798,False,,OFF-BRAND,Reject,False,Furniture > Lamps & Lighting > Desk Lamps :: L3 :: material_class=glass/crystal · lamp_form=novelty/sculptural · usb_port=no · gap__aesthetic_tags__luxe=no · gap__use_context__residential living=no,3,NO-TWIN,Method 2,1,0.6553616250381269,"18"" High Tiffany Turning Leaf Desk Lamp",233.1,https://www.wayfair.com/lighting/pdp/bloomsbury-market-tiffany-18-mahogany-bronze-desk-lamp-npqk5963.html,Bloomsbury Market,True,False,metallic,glass/crystal,glam,0.5735449735449736,,S_2f28b4beb798,"Mount-It! LED Desk Lamp, 16.54"", Silver/White (TS-7009)",109.19,https://www.staples.com/mount-it-led-desk-lamp-16-54-silver-white-ts-7009/product_24597226,metallic,,contemporary,0.16613756613756614
W_52ebda5a0c1c,Furniture > Lamps & Lighting > Desk Lamps,Furniture > Lamps & Lighting,1.0,21.775147928994084,0.029585798816568046,0.5,0.5709837079048157,1.0,7,74.25902557373047,0.6586160492952758,1.0,3,0.32486772486772486,True,S_4073224ea76f,False,,OFF-BRAND,Reject,True,Furniture > Lamps & Lighting > Desk Lamps :: L3 :: material_class=glass/crystal · lamp_form=novelty/sculptural · usb_port=no · gap__aesthetic_tags__luxe=no · gap__use_context__residential living=no,3,NO-TWIN,Method 2,2,0.6066760580817228,"6.7"" Tiffany Style Stacked Book Stained Glass Table Lamp, Multicolor Handcrafted Glass Desk Light",92.99,https://www.wayfair.com/lighting/pdp/mercer41-67-tiffany-style-stacked-book-stained-glass-table-lamp-multicolor-handcrafted-glass-desk-light-w119764070.html,Mercer41,True,False,multi/pattern,glass/crystal,farmhouse/rustic,0.9756613756613757,multi/pattern,S_4073224ea76f,"Adesso Swirl Incandescent Desk Lamp, 21.6""H, Antique Brass/White (3259-21)",151.99,https://www.staples.com/adesso-swirl-incandescent-desk-lamp-21-6-h-antique-brass-white-3259-21/product_24686493,metallic,metal,traditional,0.6507936507936508
W_0e5269780819,Furniture > Lamps & Lighting > Desk Lamps,Furniture > Lamps & Lighting,1.0,22.1301775147929,0.03550295857988166,0.5,0.561343789100647,0.8,5,65.68062591552734,0.983116496176383,0.3333333333333333,15,0.7269841269841271,False,S_811e9ce5ad95,False,,OFF-BRAND,Reject,False,Furniture > Lamps & Lighting > Desk Lamps :: L3 :: material_class=glass/crystal · lamp_form=novelty/sculptural · usb_port=no · gap__aesthetic_tags__luxe=no · gap__use_context__residential living=no,3,NO-TWIN,Method 2,3,0.612885386224777,"Tiffany-Style Colorful Dragonfly Table Lamp, Accent Decoration Lamp With Durable Resin Base And Bulb",98.99,https://www.wayfair.com/lighting/pdp/wrought-studio-tiffany-style-colorful-dragonfly-table-lamp-accent-decoration-lamp-with-durable-resin-base-and-bulb-w119873783.html,Wrought Studio,True,False,multi/pattern,glass/crystal,traditional,0.7396825396825397,,S_811e9ce5ad95,"Giftmark Personalized LED Desk Lamp, with USB Port (GR940005)",19.99,https://www.staples.com/giftmark-personalized-led-desk-lamp-with-usb-port-gr940005/product_24649980,multi/pattern,,,0.012698412698412698
W_7b7a1d8f5b85,Furniture > Lamps & Lighting > Desk Lamps,Furniture > Lamps & Lighting,1.0,43.786982248520715,0.39644970414201186,0.5,0.6720240712165833,0.6666666666666666,6,66.98811340332031,2.6938848492072953,0.4,5,0.20846560846560852,True,S_d26b2ca270a3,False,,REVIEW,Review / hold,False,Furniture > Lamps & Lighting > Desk Lamps :: L3 :: material_class=glass/crystal · lamp_form=shaded table-style · usb_port=no · gap__aesthetic_tags__luxe=no · gap__use_context__residential living=no,3,ATTR-TRADE-UP,Method 2,1,0.586961634379846,Dezariah Crystal Tube Table Lamp,225.99,https://www.wayfair.com/lighting/pdp/brayden-studio-dezariah-crystal-tube-table-lamp-w111067864.html,Brayden Studio,True,False,metallic,glass/crystal,modern,0.6518518518518519,,S_d26b2ca270a3,"OttLite Direct LED Desk Lamp, 18"", Brass (CS01BS9-SHPR)",104.49,https://www.staples.com/ottlite-direct-led-desk-lamp-18-brass-cs01bs9-shpr/product_24550782,metallic,metal,minimalist,0.4433862433862434
W_7deca31c7c5d,Furniture > Lamps & Lighting > Desk Lamps,Furniture > Lamps & Lighting,0.5060471037555696,40.23668639053255,0.33727810650887574,0.5,0.6691248416900635,1.0,6,80.14749145507812,3.6424898221555604,0.9333333333333333,10,0.5005291005291006,True,S_ae1ef14ae234,False,,TRADE-UP,Approve,False,Furniture > Lamps & Lighting > Desk Lamps :: L3 :: material_class=glass/crystal · lamp_form=shaded table-style · usb_port=no · gap__aesthetic_tags__luxe=no · gap__use_context__residential living=no,3,ATTR-TRADE-UP,Method 2,2,0.5723855602047431,"Table Lamp 32"" H Antique Blue Luster Finish With 3 Way Lighting",339.99,https://www.wayfair.com/lighting/pdp/orren-ellis-maymoona-glass-table-lamp-w100270125.html,Orren Ellis,True,False,blue,glass/crystal,farmhouse/rustic,0.9608465608465608,,S_ae1ef14ae234,"Adesso Cullen LED Desk Lamp, 24""H, Antique Brass (4353-21)",109.99,https://www.staples.com/adesso-cullen-led-desk-lamp-24-h-antique-brass-4353-21/product_24615249,metallic,metal,contemporary,0.4603174603174603
W_6af72bd4fbb8,Furniture > Lamps & Lighting > Desk Lamps,Furniture > Lamps & Lighting,1.0,42.72189349112426,0.378698224852071,0.5,0.6725749373435974,1.0,7,80.35449981689453,2.549426352995712,0.9333333333333333,15,-0.08677248677248683,True,S_190f8f00e84f,False,,TRADE-UP,Approve,False,Furniture > Lamps & Lighting > Desk Lamps :: L3 :: material_class=glass/crystal · lamp_form=shaded table-style · usb_port=no · gap__aesthetic_tags__luxe=no · gap__use_context__residential living=no,3,ATTR-TRADE-UP,Method 2,3,0.5636558977825932,"33""H Romance Pink/Green Drum Shade Geometric Glass Table Lamp",219.99,https://www.wayfair.com/lighting/pdp/rosdorf-park-33-h-romance-pinkgreen-drum-shade-geometric-glass-table-lamp-w114504418.html,Rosdorf Park,True,False,red/pink,glass/crystal,boho/coastal,0.9005291005291005,,S_190f8f00e84f,"Adesso Bristol Incandescent Desk Lamp, 19"", Antique Brass (4288-21)",81.59,https://www.staples.com/adesso-bristol-incandescent-desk-lamp-19-antique-brass-4288-21/product_24588850,metallic,metal,mid-century,0.9873015873015873
W_67dee717efd2,Furniture > Lamps & Lighting > Desk Lamps,Furniture > Lamps & Lighting,1.0,43.786982248520715,0.39644970414201186,0.5,0.6720240712165833,0.8333333333333334,6,73.65478515625,1.0250327810227677,1.0,5,0.5132275132275133,False,S_3b156be7b922,False,,STYLE-EXTENSION,Approve,False,Furniture > Lamps & Lighting > Desk Lamps :: L3 :: material_class=wood/bamboo · lamp_form=shaded table-style · usb_port=no · gap__aesthetic_tags__luxe=no · gap__use_context__residential living=no,3,ATTR-STYLE-EXT,both methods,1,0.5887656765577023,Solid Wood Desk Lamp,85.99,https://www.wayfair.com/lighting/pdp/mr-willies-lighting-retro-on-wooden-base-8-table-lamp-w001658301.html,Mr. Willies Lighting,False,False,,wood/bamboo,industrial,0.8116402116402116,,S_3b156be7b922,"OttLite Slimline LED Desk Lamp, 19"", Black (CS336G5C-SHPR)",52.29,https://www.staples.com/ottlite-slimline-led-desk-lamp-19-black-cs336g5c-shpr/product_24550788,black,,minimalist,0.2984126984126984
W_d36f6f0abf2d,Furniture > Lamps & Lighting > Desk Lamps,Furniture > Lamps & Lighting,1.0,43.786982248520715,0.39644970414201186,0.5,0.6720240712165833,0.8333333333333334,6,73.65478515625,2.0145428537370367,0.8,5,0.3788359788359788,True,S_55feda2a978a,False,,TRADE-UP,Approve,False,Furniture > Lamps & Lighting > Desk Lamps :: L3 :: material_class=wood/bamboo · lamp_form=shaded table-style · usb_port=no · gap__aesthetic_tags__luxe=no · gap__use_context__residential living=no,3,ATTR-TRADE-UP,both methods,2,0.5850405807659109,Clairmont Wood Desk Lamp,169.0,https://www.wayfair.com/lighting/pdp/allmodern-clairmont-wood-desk-lamp-w110444574.html,AllModern,True,False,beige/cream,wood/bamboo,contemporary,0.7947089947089947,,S_55feda2a978a,"Sheffield Labs EXECUTIVE LED Desk Lamp, 18.6"", Matte White (TL25911-WHT)",83.89,https://www.staples.com/sheffield-labs-executive-led-desk-lamp-18-6-matte-white-tl25911-wht/product_24531805,white,metal,traditional,0.4158730158730159
W_2793cedc9ed6,Furniture > Lamps & Lighting > Desk Lamps,Furniture > Lamps & Lighting,1.0,43.786982248520715,0.39644970414201186,0.5,0.6720238327980042,0.8333333333333334,6,73.6547622680664,1.6568124925497676,1.0,5,0.4444444444444445,False,S_3b156be7b922,False,,TRADE-UP,Approve,False,Furniture > Lamps & Lighting > Desk Lamps :: L3 :: material_class=wood/bamboo · lamp_form=shaded table-style · usb_port=no · gap__aesthetic_tags__luxe=no · gap__use_context__residential living=no,3,ATTR-TRADE-UP,both methods,3,0.579242626939501,Solid Wood Lamp,138.99,https://www.wayfair.com/lighting/pdp/everly-quinn-zins-235-blackbrown-desk-lamp-w009795414.html,Everly Quinn,True,False,brown/wood,wood/bamboo,,0.7428571428571429,,S_3b156be7b922,"OttLite Slimline LED Desk Lamp, 19"", Black (CS336G5C-SHPR)",52.29,https://www.staples.com/ottlite-slimline-led-desk-lamp-19-black-cs336g5c-shpr/product_24550788,black,,minimalist,0.2984126984126984
W_2538e029dcc4,Furniture > Lamps & Lighting > Desk Lamps,Furniture > Lamps & Lighting,1.0,33.38885578482048,0.39644970414201186,0.24004683840749413,0.6720240712165833,0.8333333333333334,6,73.65478515625,1.9786625342710693,1.0,5,0.6783068783068784,False,S_3b156be7b922,False,,TRADE-UP,Approve,False,Furniture > Lamps & Lighting > Desk Lamps :: L3 :: material_class=wood/bamboo · lamp_form=shaded table-style · usb_port=no · gap__aesthetic_tags__luxe=no · gap__use_context__residential living=yes,3,ATTR-TRADE-UP,Method 1,1,0.6220687843567481,"Auerbach 19"" Hornbeam Wood Novelty Table Lamp - Stickman",165.99,https://www.wayfair.com/lighting/pdp/east-urban-home-auerbach-19-hornbeam-wood-novelty-table-lamp-stickman-w117969184.html,East Urban Home,True,False,,wood/bamboo,farmhouse/rustic,0.9767195767195768,,S_3b156be7b922,"OttLite Slimline LED Desk Lamp, 19"", Black (CS336G5C-SHPR)",52.29,https://www.staples.com/ottlite-slimline-led-desk-lamp-19-black-cs336g5c-shpr/product_24550788,black,,minimalist,0.2984126984126984
W_2faad88a65b0,Furniture > Lamps & Lighting > Desk Lamps,Furniture > Lamps & Lighting,1.0,54.62342197525047,0.4970414201183432,0.620023419203747,0.6866932511329651,0.5714285714285714,7,64.0587387084961,0.932122996401701,0.6666666666666666,4,0.3619047619047619,False,S_0866daaf83ac,False,,LEAN-APPROVE,Approve,False,Furniture > Lamps & Lighting > Desk Lamps :: L3 :: material_class=wood/bamboo · lamp_form=shaded table-style · usb_port=no · gap__aesthetic_tags__luxe=no · gap__use_context__residential living=yes,3,ATTR-UNDERCUT,Method 1,2,0.6082384442336976,Desk Lamp,56.99,https://www.wayfair.com/lighting/pdp/wrought-studio-auderghem-100-spruce-tree-3-x-5-cm-desk-lamp-w100368056.html?piid=537239133,Wrought Studio,True,False,beige/cream,wood/bamboo,farmhouse/rustic,0.692063492063492,,S_0866daaf83ac,"Rumi Lighting LED Desk Lamp, 14.7"", White (ERP1206ST)",62.29,https://www.staples.com/rumi-lighting-led-desk-lamp-14-7-white-erp1206st/product_24528705,white,,,0.33015873015873015
W_579253dbfc6b,Furniture > Lamps & Lighting > Desk Lamps,Furniture > Lamps & Lighting,1.0,33.38885578482048,0.39644970414201186,0.24004683840749413,0.6720240712165833,0.8333333333333334,6,73.65478515625,1.1680772440100131,0.888888888888889,5,0.4857142857142857,True,S_55feda2a978a,False,,STYLE-EXTENSION,Approve,False,Furniture > Lamps & Lighting > Desk Lamps :: L3 :: material_class=wood/bamboo · lamp_form=shaded table-style · usb_port=no · gap__aesthetic_tags__luxe=no · gap__use_context__residential living=yes,3,ATTR-STYLE-EXT,Method 1,3,0.6078706252764141,Solid Wood Desk Lamp,97.99,https://www.wayfair.com/lighting/pdp/loon-peak-uyen-solid-wood-desk-lamp-w100378915.html,Loon Peak,True,False,,wood/bamboo,industrial,0.9015873015873016,,S_55feda2a978a,"Sheffield Labs EXECUTIVE LED Desk Lamp, 18.6"", Matte White (TL25911-WHT)",83.89,https://www.staples.com/sheffield-labs-executive-led-desk-lamp-18-6-matte-white-tl25911-wht/product_24531805,white,metal,traditional,0.4158730158730159
A_14389fb12c35,"Bags, Backpacks & Luggage > Totes & Handbags > Lunch Bags & Boxes","Bags, Backpacks & Luggage > Totes & Handbags",1.0,68.30188679245283,0.4716981132075472,1.0,0.6191151142120361,0.25,4,47.146907806396484,1.5586234493797522,1.0,15,0.23730422401518747,True,S_76f150681086,False,,LEAN-APPROVE,Approve,False,"Bags, Backpacks & Luggage > Totes & Handbags > Lunch Bags & Boxes :: L1 :: lunch_type=bento box · insulated=no · leakproof=no · gap__use_context__travel/commute=yes",1,NO-TWIN,both methods,1,0.7533247412280784,"Stackable Stainless Steel Bento Box for Adults, 6 Cup with Snack Pod",38.95,https://www.amazon.com/dp/B0716B2ZFK,,False,False,,stainless steel,,0.9667774086378738,,S_76f150681086,"Bentgo Bowl Plastic Insulated Bento Bowl, 2-Coompartment, Khaki Green, 21.2 oz. (BGOBL2-KG)",16.99,https://www.staples.com/bentgo-bowl-stainless-steel-insulated-food-jar-khaki-green-21-2-oz-bgobl2-kg/product_24637175,green,plastic,,0.7294731846226863
A_0643028b7789,"Bags, Backpacks & Luggage > Totes & Handbags > Lunch Bags & Boxes","Bags, Backpacks & Luggage > Totes & Handbags",1.0,62.04895939198445,0.4716981132075472,0.8436768149882904,0.6191151142120361,0.25,4,47.146907806396484,0.8119247699079633,1.0,15,0.22448979591836737,True,S_76f150681086,False,,LEAN-APPROVE,Approve,False,"Bags, Backpacks & Luggage > Totes & Handbags > Lunch Bags & Boxes :: L1 :: lunch_type=bento box · insulated=no · leakproof=no · gap__use_context__travel/commute=yes",1,NO-TWIN,both methods,2,0.7509435901706345,Lunch Box 900ml 1 Layer Hot Food Lunch Containers Portable Lunchbox Stackable 304 Stainless Steel Adult Bento Lunch Box Cold Food Storage Bowl for School Office Outdoor Travel,20.29,https://www.amazon.com/dp/B09GB5RTJL,,False,False,,stainless steel,,0.9539629805410537,,S_76f150681086,"Bentgo Bowl Plastic Insulated Bento Bowl, 2-Coompartment, Khaki Green, 21.2 oz. (BGOBL2-KG)",16.99,https://www.staples.com/bentgo-bowl-stainless-steel-insulated-food-jar-khaki-green-21-2-oz-bgobl2-kg/product_24637175,green,plastic,,0.7294731846226863
A_e7710d784cc1,"Bags, Backpacks & Luggage > Totes & Handbags > Lunch Bags & Boxes","Bags, Backpacks & Luggage > Totes & Handbags",1.0,55.79603199151606,0.4716981132075472,0.6873536299765808,0.6191151142120361,0.25,4,47.146907806396484,0.7999199679871949,1.0,15,0.12814428096820119,True,S_76f150681086,False,,LEAN-APPROVE,Approve,False,"Bags, Backpacks & Luggage > Totes & Handbags > Lunch Bags & Boxes :: L1 :: lunch_type=bento box · insulated=no · leakproof=no · gap__use_context__travel/commute=yes",1,NO-TWIN,both methods,3,0.7325320788096296,"Stainless Steel Snack Container, 6 Pack Snack Box Container with Lids, Double Compartment Reusable Bento Box, Ideal for Travel, Outdoor Camping, Work and Daily Use.",19.99,https://www.amazon.com/dp/B0F92WF6T2,,False,False,,stainless steel,,0.8576174655908875,,S_76f150681086,"Bentgo Bowl Plastic Insulated Bento Bowl, 2-Coompartment, Khaki Green, 21.2 oz. (BGOBL2-KG)",16.99,https://www.staples.com/bentgo-bowl-stainless-steel-insulated-food-jar-khaki-green-21-2-oz-bgobl2-kg/product_24637175,green,plastic,,0.7294731846226863
A_16bc095da740,"Bags, Backpacks & Luggage > Totes & Handbags > Lunch Bags & Boxes","Bags, Backpacks & Luggage > Totes & Handbags",1.0,72.83018867924528,0.5471698113207547,1.0,0.6385055780410767,0.25,4,48.31033706665039,0.9996665555185063,0.5,15,0.16801139060275272,False,S_2de14a4b69af,False,,LEAN-APPROVE,Approve,False,"Bags, Backpacks & Luggage > Totes & Handbags > Lunch Bags & Boxes :: L1 :: lunch_type=bento box · insulated=yes · leakproof=no · gap__use_context__travel/commute=no",1,NO-TWIN,Method 1,1,0.72983094269934,"JYPS Unicorn Bento Box for Kids, Insulated Lunch Bag Set for Girls",29.98,https://www.amazon.com/dp/B0D1TLF9Z6,JYPS,False,False,,,,0.8789748457522544,,S_2de14a4b69af,"bentgo Snap & Go Kids Bento Box, 4-Compartment, Dinosaur, 33.6 oz. (BGKDBOX-DNO)",24.99,https://www.staples.com/bentgo-snap-go-kids-bento-box-4-compartment-dinosaur-33-6-oz-bgkdbox-dno/product_24637076,multi/pattern,plastic,,0.7109634551495017
A_901891724adc,"Bags, Backpacks & Luggage > Totes & Handbags > Lunch Bags & Boxes","Bags, Backpacks & Luggage > Totes & Handbags",1.0,99.05660377358491,0.9842767295597484,1.0,0.6739150881767273,0.6,5,64.43490600585938,0.30976992330776926,0.5,15,0.08495491219743712,False,S_6f074f96eb4c,False,,LEAN-APPROVE,Approve,False,"Bags, Backpacks & Luggage > Totes & Handbags > Lunch Bags & Boxes :: L1 :: lunch_type=bento box · insulated=yes · leakproof=no · gap__use_context__travel/commute=no",1,NO-TWIN,Method 1,2,0.660792692986268,"Stainless Steel Lunch Box, 3-Tier Insulated Bento Box Sealed Hot for Adults, Thermal Food Container for Office Workers (Beige, 1pcs, 400ml)",9.29,https://www.amazon.com/dp/B0DY56N18L,,False,False,,stainless steel,,0.9610821072615092,beige/cream,S_6f074f96eb4c,"Bentgo MicroSteel Insulated Bento Box, Rose Gold, 41 oz. (BGSTLCH-RG)",29.99,https://www.staples.com/bentgo-microsteel-lunch-box-rose-gold-41-oz-bgstlch-rg/product_24535507,metallic,stainless steel,,0.8761271950640721
A_ab6929cec2b6,"Bags, Backpacks & Luggage > Totes & Handbags > Lunch Bags & Boxes","Bags, Backpacks & Luggage > Totes & Handbags",1.0,72.83018867924528,0.5471698113207547,1.0,0.6385055780410767,0.5,4,58.31033706665039,0.6665555185061687,0.75,15,-0.09776934029425721,False,S_6f074f96eb4c,False,,LEAN-APPROVE,Approve,False,"Bags, Backpacks & Luggage > Totes & Handbags > Lunch Bags & Boxes :: L1 :: lunch_type=bento box · insulated=yes · leakproof=no · gap__use_context__travel/commute=no",1,NO-TWIN,Method 1,3,0.6562632304998615,"HOMEKOL Bento Lunch Box Set for Kids, Pink",19.99,https://www.amazon.com/dp/B0FSZMW249,HOMEKOL,False,False,red/pink,stainless steel,,0.7783578547698149,red/pink,S_6f074f96eb4c,"Bentgo MicroSteel Insulated Bento Box, Rose Gold, 41 oz. (BGSTLCH-RG)",29.99,https://www.staples.com/bentgo-microsteel-lunch-box-rose-gold-41-oz-bgstlch-rg/product_24535507,metallic,stainless steel,,0.8761271950640721
A_7e69bfb1590b,"Bags, Backpacks & Luggage > Totes & Handbags > Lunch Bags & Boxes","Bags, Backpacks & Luggage > Totes & Handbags",1.0,40.0,0.0,1.0,0.6004638671875,0.5,4,56.027835845947266,0.6166027671278547,1.0,5,0.23160892263882293,False,S_2c293cd49a5c,False,,OFF-BRAND,Reject,False,"Bags, Backpacks & Luggage > Totes & Handbags > Lunch Bags & Boxes :: L1 :: lunch_type=electric heated · insulated=no · leakproof=no · gap__use_context__travel/commute=no",1,NO-TWIN,Method 2,1,0.6854381328337443,"Electric Lunch Box for Adults 100W 1.8L Portable Heated Lunch Box 12V/24V/110V, Portable Fast Heating Lunchbox Food Heater for, Car Truck Office Home(Black)",36.99,https://www.amazon.com/dp/B0FF3ZPGJT,,False,False,,,,0.8452776459420978,black,S_2c293cd49a5c,"bentgo Heated Electric Bento Box, Latte, 42.4 oz. (BGHEATBX-LT)",59.99,https://www.staples.com/bentgo-heated-electric-bento-box-latte-42-4-oz-bgheatbx-lt/product_24636959,beige/cream,stainless steel,,0.6136687233032748
A_8560c5539518,"Bags, Backpacks & Luggage > Totes & Handbags > Lunch Bags & Boxes","Bags, Backpacks & Luggage > Totes & Handbags",0.4544900137216039,16.17330210772834,0.0,0.4043325526932085,0.6004638671875,0.5,4,56.027835845947266,1.0500083347224538,0.3333333333333333,5,0.1385856668248695,False,S_8cf7bcefbf07,False,,OFF-BRAND,Reject,False,"Bags, Backpacks & Luggage > Totes & Handbags > Lunch Bags & Boxes :: L1 :: lunch_type=electric heated · insulated=no · leakproof=no · gap__use_context__travel/commute=no",1,NO-TWIN,Method 2,2,0.6689613037348133,"XL 6.3Cups Cordless Electric Heated Lunch Box, Rechargeable Battery 100W Smart Self Heating Portable Food Warmer for Adults Men Women Truckers Offices Worker Traveler Outdoor Nurses Doctors Black",62.99,https://www.amazon.com/dp/B0H2Z67GHR,XL,False,False,black,,,0.7944945420028476,,S_8cf7bcefbf07,"Bentgo Heat Electric Insulated Lunch Bag, Carbon Black (BGHEATBG-CB)",59.99,https://www.staples.com/bentgo-heat-electric-insulated-lunch-bag-carbon-black-bgheatbg-cb/product_24636925,black,fabric/poly,,0.6559088751779781
A_c32388424c8b,"Bags, Backpacks & Luggage > Totes & Handbags > Lunch Bags & Boxes","Bags, Backpacks & Luggage > Totes & Handbags",1.0,16.026541764246684,0.0,0.40066354410616706,0.6004638671875,0.5,4,56.027835845947266,0.49991665277546254,1.0,5,0.23160892263882293,False,S_2c293cd49a5c,False,,OFF-BRAND,Reject,False,"Bags, Backpacks & Luggage > Totes & Handbags > Lunch Bags & Boxes :: L1 :: lunch_type=electric heated · insulated=no · leakproof=no · gap__use_context__travel/commute=no",1,NO-TWIN,Method 2,3,0.6854381328337443,"Geveniss Electric Lunch Box for Men, Women & Adults - 80W Fast Heating - Heated Lunch Box with Dual 1.5L SS Containers - Portable Food Warmer for Car, Truck, Office",29.99,https://www.amazon.com/dp/B0D1NTZVXN,,False,False,,,,0.8452776459420978,,S_2c293cd49a5c,"bentgo Heated Electric Bento Box, Latte, 42.4 oz. (BGHEATBX-LT)",59.99,https://www.staples.com/bentgo-heated-electric-bento-box-latte-42-4-oz-bgheatbx-lt/product_24636959,beige/cream,stainless steel,,0.6136687233032748
A_14389fb12c35,"Bags, Backpacks & Luggage > Totes & Handbags > Lunch Bags & Boxes","Bags, Backpacks & Luggage > Totes & Handbags",1.0,68.30188679245283,0.4716981132075472,1.0,0.6191151142120361,0.25,4,47.146907806396484,1.5586234493797522,1.0,15,0.23730422401518747,True,S_76f150681086,False,,LEAN-APPROVE,Approve,False,"Bags, Backpacks & Luggage > Totes & Handbags > Lunch Bags & Boxes :: L2 :: lunch_type=bento box · leakproof=no · dishwasher_safe=no · gap__use_context__outdoor=no",2,NO-TWIN,both methods,1,0.7530118168430076,"Stackable Stainless Steel Bento Box for Adults, 6 Cup with Snack Pod",38.95,https://www.amazon.com/dp/B0716B2ZFK,,False,False,,stainless steel,,0.9667774086378738,,S_76f150681086,"Bentgo Bowl Plastic Insulated Bento Bowl, 2-Coompartment, Khaki Green, 21.2 oz. (BGOBL2-KG)",16.99,https://www.staples.com/bentgo-bowl-stainless-steel-insulated-food-jar-khaki-green-21-2-oz-bgobl2-kg/product_24637175,green,plastic,,0.7294731846226863
A_5aacca46d327,"Bags, Backpacks & Luggage > Totes & Handbags > Lunch Bags & Boxes","Bags, Backpacks & Luggage > Totes & Handbags",1.0,68.30188679245283,0.4716981132075472,1.0,0.6191151142120361,0.25,4,47.146907806396484,1.8803521408563428,1.0,15,0.19553868058851442,True,S_76f150681086,False,,LEAN-APPROVE,Approve,False,"Bags, Backpacks & Luggage > Totes & Handbags > Lunch Bags & Boxes :: L2 :: lunch_type=bento box · leakproof=no · dishwasher_safe=no · gap__use_context__outdoor=no",2,NO-TWIN,both methods,2,0.7459794278766061,"AOHEA Stainless Steel Bento Box Kids, Kids Metal Bento Lunch Box BPA Free Lunch Box Containers 304 Stainless Steel Bento Box for School and Office(Green)",46.99,https://www.amazon.com/dp/B0CMCYNW91,AOHEA,False,False,,stainless steel,,0.9250118652112007,green,S_76f150681086,"Bentgo Bowl Plastic Insulated Bento Bowl, 2-Coompartment, Khaki Green, 21.2 oz. (BGOBL2-KG)",16.99,https://www.staples.com/bentgo-bowl-stainless-steel-insulated-food-jar-khaki-green-21-2-oz-bgobl2-kg/product_24637175,green,plastic,,0.7294731846226863
A_16bc095da740,"Bags, Backpacks & Luggage > Totes & Handbags > Lunch Bags & Boxes","Bags, Backpacks & Luggage > Totes & Handbags",1.0,72.83018867924528,0.5471698113207547,1.0,0.6385055780410767,0.25,4,48.31033706665039,0.9996665555185063,0.5,15,0.16801139060275272,False,S_2de14a4b69af,False,,LEAN-APPROVE,Approve,False,"Bags, Backpacks & Luggage > Totes & Handbags > Lunch Bags & Boxes :: L2 :: lunch_type=bento box · leakproof=no · dishwasher_safe=no · gap__use_context__outdoor=no",2,NO-TWIN,both methods,3,0.726889185258773,"JYPS Unicorn Bento Box for Kids, Insulated Lunch Bag Set for Girls",29.98,https://www.amazon.com/dp/B0D1TLF9Z6,JYPS,False,False,,,,0.8789748457522544,,S_2de14a4b69af,"bentgo Snap & Go Kids Bento Box, 4-Compartment, Dinosaur, 33.6 oz. (BGKDBOX-DNO)",24.99,https://www.staples.com/bentgo-snap-go-kids-bento-box-4-compartment-dinosaur-33-6-oz-bgkdbox-dno/product_24637076,multi/pattern,plastic,,0.7109634551495017
A_862f5525777b,"Bags, Backpacks & Luggage > Totes & Handbags > Lunch Bags & Boxes","Bags, Backpacks & Luggage > Totes & Handbags",1.0,64.68163139057046,0.550314465408805,0.7915690866510539,0.6317331790924072,0.5,4,57.90399169921875,0.7198879551820728,1.0,15,0.20313241575700047,True,S_76f150681086,False,,LEAN-APPROVE,Approve,False,"Bags, Backpacks & Luggage > Totes & Handbags > Lunch Bags & Boxes :: L2 :: lunch_type=bento box · leakproof=yes · dishwasher_safe=no · gap__use_context__outdoor=yes",2,NO-TWIN,Method 1,1,0.6951413595721685,"900ml Lunch Box, 304 Stainless Steel Adult Lunch Containers Portable Leakproof Eco-Friendly Hot and Cold Food Stackable Bento Box Food Storage for Office Outdoor Travel(1 Layer)",17.99,https://www.amazon.com/dp/B0BRL86NCG,,False,False,,stainless steel,,0.9326056003796868,,S_76f150681086,"Bentgo Bowl Plastic Insulated Bento Bowl, 2-Coompartment, Khaki Green, 21.2 oz. (BGOBL2-KG)",16.99,https://www.staples.com/bentgo-bowl-stainless-steel-insulated-food-jar-khaki-green-21-2-oz-bgobl2-kg/product_24637175,green,plastic,,0.7294731846226863
A_6decfead7472,"Bags, Backpacks & Luggage > Totes & Handbags > Lunch Bags & Boxes","Bags, Backpacks & Luggage > Totes & Handbags",1.0,68.0165260041536,0.550314465408805,0.8749414519906324,0.6317331790924072,0.5,4,57.90399169921875,0.9499799919967987,1.0,15,0.03607024205030851,True,S_76f150681086,False,,LEAN-APPROVE,Approve,False,"Bags, Backpacks & Luggage > Totes & Handbags > Lunch Bags & Boxes :: L2 :: lunch_type=bento box · leakproof=yes · dishwasher_safe=no · gap__use_context__outdoor=yes",2,NO-TWIN,Method 1,2,0.6624091628393293,"Tanjiae 10 oz Stainless Steel Snack Box for Kids & Toddlers, Multi-Compartment Small Leak Proof Food Containers with Silicone Lids - Reusable Metal Bento Box for Daycare, School, Travel, Camping",23.74,https://www.amazon.com/dp/B0GXVCQ9QR,,False,False,,stainless steel,,0.7655434266729948,,S_76f150681086,"Bentgo Bowl Plastic Insulated Bento Bowl, 2-Coompartment, Khaki Green, 21.2 oz. (BGOBL2-KG)",16.99,https://www.staples.com/bentgo-bowl-stainless-steel-insulated-food-jar-khaki-green-21-2-oz-bgobl2-kg/product_24637175,green,plastic,,0.7294731846226863
A_ad6ae61ba367,"Bags, Backpacks & Luggage > Totes & Handbags > Lunch Bags & Boxes","Bags, Backpacks & Luggage > Totes & Handbags",1.0,68.0165260041536,0.550314465408805,0.8749414519906324,0.6317336559295654,0.5,4,57.904022216796875,0.879951980792317,1.0,15,0.03607024205030851,True,S_76f150681086,False,,LEAN-APPROVE,Approve,False,"Bags, Backpacks & Luggage > Totes & Handbags > Lunch Bags & Boxes :: L2 :: lunch_type=bento box · leakproof=yes · dishwasher_safe=no · gap__use_context__outdoor=yes",2,NO-TWIN,Method 1,3,0.6624090102514385,"Tanjiae Stainless Steel Snack Box for Kids & Toddlers, 16oz Multi-Compartment Leak Proof Food Container with Silicone Lids - Reusable Metal Bento Box for Daycare, School, Travel, Camping",21.99,https://www.amazon.com/dp/B0GWLDN5FF,,False,False,,stainless steel,,0.7655434266729948,,S_76f150681086,"Bentgo Bowl Plastic Insulated Bento Bowl, 2-Coompartment, Khaki Green, 21.2 oz. (BGOBL2-KG)",16.99,https://www.staples.com/bentgo-bowl-stainless-steel-insulated-food-jar-khaki-green-21-2-oz-bgobl2-kg/product_24637175,green,plastic,,0.7294731846226863
A_7e69bfb1590b,"Bags, Backpacks & Luggage > Totes & Handbags > Lunch Bags & Boxes","Bags, Backpacks & Luggage > Totes & Handbags",1.0,40.0,0.0,1.0,0.6004638671875,0.5,4,56.027835845947266,0.6166027671278547,1.0,5,0.23160892263882293,False,S_2c293cd49a5c,False,,OFF-BRAND,Reject,False,"Bags, Backpacks & Luggage > Totes & Handbags > Lunch Bags & Boxes :: L2 :: lunch_type=electric heated · leakproof=no · dishwasher_safe=no · gap__use_context__outdoor=no",2,NO-TWIN,Method 2,1,0.6855089431517375,"Electric Lunch Box for Adults 100W 1.8L Portable Heated Lunch Box 12V/24V/110V, Portable Fast Heating Lunchbox Food Heater for, Car Truck Office Home(Black)",36.99,https://www.amazon.com/dp/B0FF3ZPGJT,,False,False,,,,0.8452776459420978,black,S_2c293cd49a5c,"bentgo Heated Electric Bento Box, Latte, 42.4 oz. (BGHEATBX-LT)",59.99,https://www.staples.com/bentgo-heated-electric-bento-box-latte-42-4-oz-bgheatbx-lt/product_24636959,beige/cream,stainless steel,,0.6136687233032748
A_c32388424c8b,"Bags, Backpacks & Luggage > Totes & Handbags > Lunch Bags & Boxes","Bags, Backpacks & Luggage > Totes & Handbags",1.0,16.026541764246684,0.0,0.40066354410616706,0.6004638671875,0.5,4,56.027835845947266,0.49991665277546254,1.0,5,0.23160892263882293,False,S_2c293cd49a5c,False,,OFF-BRAND,Reject,False,"Bags, Backpacks & Luggage > Totes & Handbags > Lunch Bags & Boxes :: L2 :: lunch_type=electric heated · leakproof=no · dishwasher_safe=no · gap__use_context__outdoor=no",2,NO-TWIN,Method 2,2,0.6855089431517375,"Geveniss Electric Lunch Box for Men, Women & Adults - 80W Fast Heating - Heated Lunch Box with Dual 1.5L SS Containers - Portable Food Warmer for Car, Truck, Office",29.99,https://www.amazon.com/dp/B0D1NTZVXN,,False,False,,,,0.8452776459420978,,S_2c293cd49a5c,"bentgo Heated Electric Bento Box, Latte, 42.4 oz. (BGHEATBX-LT)",59.99,https://www.staples.com/bentgo-heated-electric-bento-box-latte-42-4-oz-bgheatbx-lt/product_24636959,beige/cream,stainless steel,,0.6136687233032748
A_13559838e1d4,"Bags, Backpacks & Luggage > Totes & Handbags > Lunch Bags & Boxes","Bags, Backpacks & Luggage > Totes & Handbags",1.0,16.026541764246684,0.0,0.40066354410616706,0.6004638671875,0.5,4,56.027835845947266,3.3337222870478413,1.0,5,0.23160892263882293,False,S_2c293cd49a5c,False,,OFF-BRAND,Reject,False,"Bags, Backpacks & Luggage > Totes & Handbags > Lunch Bags & Boxes :: L2 :: lunch_type=electric heated · leakproof=no · dishwasher_safe=no · gap__use_context__outdoor=no",2,NO-TWIN,Method 2,3,0.6855089431517375,"APP Control Cordless Electric Heated Lunch Box for Adults, 6.3 Cup 27000mAh Rechargeable Smart Self Heating Lunchbox, 100W Fast Heating Portable Food Warmer for Men Women Worker, Truckers, Offices",199.99,https://www.amazon.com/dp/B0HDHYJMC7,APP,False,False,,,,0.8452776459420978,,S_2c293cd49a5c,"bentgo Heated Electric Bento Box, Latte, 42.4 oz. (BGHEATBX-LT)",59.99,https://www.staples.com/bentgo-heated-electric-bento-box-latte-42-4-oz-bgheatbx-lt/product_24636959,beige/cream,stainless steel,,0.6136687233032748
A_8560c5539518,"Bags, Backpacks & Luggage > Totes & Handbags > Lunch Bags & Boxes","Bags, Backpacks & Luggage > Totes & Handbags",0.4544900137216039,16.17330210772834,0.0,0.4043325526932085,0.6004638671875,0.5,4,56.027835845947266,1.0500083347224538,0.3333333333333333,5,0.1385856668248695,False,S_8cf7bcefbf07,False,,OFF-BRAND,Reject,False,"Bags, Backpacks & Luggage > Totes & Handbags > Lunch Bags & Boxes :: L2 :: lunch_type=electric heated · leakproof=no · dishwasher_safe=no · gap__use_context__outdoor=yes",2,NO-TWIN,Method 2,1,0.669909703040157,"XL 6.3Cups Cordless Electric Heated Lunch Box, Rechargeable Battery 100W Smart Self Heating Portable Food Warmer for Adults Men Women Truckers Offices Worker Traveler Outdoor Nurses Doctors Black",62.99,https://www.amazon.com/dp/B0H2Z67GHR,XL,False,False,black,,,0.7944945420028476,,S_8cf7bcefbf07,"Bentgo Heat Electric Insulated Lunch Bag, Carbon Black (BGHEATBG-CB)",59.99,https://www.staples.com/bentgo-heat-electric-insulated-lunch-bag-carbon-black-bgheatbg-cb/product_24636925,black,fabric/poly,,0.6559088751779781
A_f23a65eb8469,"Bags, Backpacks & Luggage > Totes & Handbags > Lunch Bags & Boxes","Bags, Backpacks & Luggage > Totes & Handbags",1.0,15.766978922716628,0.0,0.3941744730679157,0.6004638671875,0.5,4,56.027835845947266,0.49991665277546254,0.6666666666666666,5,0.044138585666824826,False,S_d2497cbfe864,False,,OFF-BRAND,Reject,False,"Bags, Backpacks & Luggage > Totes & Handbags > Lunch Bags & Boxes :: L2 :: lunch_type=electric heated · leakproof=no · dishwasher_safe=no · gap__use_context__outdoor=yes",2,NO-TWIN,Method 2,2,0.6625951314645748,"WisaKey 1.8L 100W Heated Lunch Box Portable Electric Lunchbox Adult, Green",29.99,https://www.amazon.com/dp/B0BYV5RGDX,,False,False,green,,,0.7475083056478405,green,S_d2497cbfe864,"bentgo Heated Electric Bento Box, Pink Spice, 42.4 oz. (BGHEATBX-PS)",59.99,https://www.staples.com/bentgo-heated-electric-bento-box-pink-spice-42-4-oz-bgheatbx-ps/product_24636922,red/pink,stainless steel,,0.7033697199810157
A_810578710e91,"Bags, Backpacks & Luggage > Totes & Handbags > Lunch Bags & Boxes","Bags, Backpacks & Luggage > Totes & Handbags",1.0,27.49414519906323,0.0,0.6873536299765808,0.6198021173477173,0.25,4,47.18812561035156,1.0,0.5,5,-0.07593735168486004,False,S_2c293cd49a5c,False,,OFF-BRAND,Reject,False,"Bags, Backpacks & Luggage > Totes & Handbags > Lunch Bags & Boxes :: L2 :: lunch_type=electric heated · leakproof=no · dishwasher_safe=no · gap__use_context__outdoor=yes",2,NO-TWIN,Method 2,3,0.66174761619113,"LONICERA Cordless Electric Lunch Box, 12000mAh Battery, 1.3L, Space Gray",59.99,https://www.amazon.com/dp/B0GSMY1NF7,LONICERA,False,False,grey,stainless steel,,0.5377313716184148,grey,S_2c293cd49a5c,"bentgo Heated Electric Bento Box, Latte, 42.4 oz. (BGHEATBX-LT)",59.99,https://www.staples.com/bentgo-heated-electric-bento-box-latte-42-4-oz-bgheatbx-lt/product_24636959,beige/cream,stainless steel,,0.6136687233032748
A_9449b474fc64,"Bags, Backpacks & Luggage > Totes & Handbags > Lunch Bags & Boxes","Bags, Backpacks & Luggage > Totes & Handbags",1.0,32.794838937740266,0.018867924528301886,0.7915690866510539,0.6776211261749268,0.25,4,50.65727233886719,1.0,0.3333333333333333,5,0.12434741338395827,False,S_856fc90cf554,False,,OFF-BRAND,Reject,False,"Bags, Backpacks & Luggage > Totes & Handbags > Lunch Bags & Boxes :: L3 :: lunch_type=electric heated · dishwasher_safe=no · vibe=plain · gap__use_context__travel/commute=yes",3,NO-TWIN,Method 2,1,0.6856445261976082,"Cordless Electric Lunch Box, 18000mAh Rechargeable Self-Heating Lunch Box Food Warmer, 1.5L Portable Heated Lunch Container for Adults, Leakproof for Work, Office, Camping & Travel, Blue-Black",59.99,https://www.amazon.com/dp/B0H2QG3YFG,,False,False,blue,,,0.7289985761746559,blue,S_856fc90cf554,"Thermos FUNtainer Food Jar Stainless Steel Insulated Food Jar, Electric Blue, 16 oz. (EAF31104BL6)",26.29,https://www.staples.com/thermos-funtainer-food-jar-stainless-steel-insulated-food-jar-electric-blue-16-oz-eaf31104bl6/product_24632288,blue,stainless steel,,0.6046511627906976
A_2b370c5c2136,"Bags, Backpacks & Luggage > Totes & Handbags > Lunch Bags & Boxes","Bags, Backpacks & Luggage > Totes & Handbags",1.0,27.096018735362996,0.0,0.677400468384075,0.5470042824745178,0.5,4,52.82025909423828,1.0830138356392731,1.0,6,0.11770289511153298,False,S_05c38b9fc15c,False,,OFF-BRAND,Reject,False,"Bags, Backpacks & Luggage > Totes & Handbags > Lunch Bags & Boxes :: L3 :: lunch_type=electric heated · dishwasher_safe=no · vibe=plain · gap__use_context__travel/commute=yes",3,NO-TWIN,Method 2,2,0.6783214475919581,"Heated Electric Lunch Box,6.8 Cups Lunch Box for Men Timed Heating.",64.97,https://www.amazon.com/dp/B0H14V6DFW,,False,False,,,,0.7313716184148078,,S_05c38b9fc15c,"bentgo Heated Electric Bento Box, Obsidian, 42.4 oz. (BGHEATBX-OB)",59.99,https://www.staples.com/bentgo-heated-electric-bento-box-obsidian-42-4-oz-bgheatbx-ob/product_24636948,black,stainless steel,,0.6136687233032748
A_810578710e91,"Bags, Backpacks & Luggage > Totes & Handbags > Lunch Bags & Boxes","Bags, Backpacks & Luggage > Totes & Handbags",1.0,27.49414519906323,0.0,0.6873536299765808,0.6198021173477173,0.25,4,47.18812561035156,1.0,0.5,5,-0.07593735168486004,False,S_2c293cd49a5c,False,,OFF-BRAND,Reject,False,"Bags, Backpacks & Luggage > Totes & Handbags > Lunch Bags & Boxes :: L3 :: lunch_type=electric heated · dishwasher_safe=no · vibe=plain · gap__use_context__travel/commute=yes",3,NO-TWIN,Method 2,3,0.6632365104152969,"LONICERA Cordless Electric Lunch Box, 12000mAh Battery, 1.3L, Space Gray",59.99,https://www.amazon.com/dp/B0GSMY1NF7,LONICERA,False,False,grey,stainless steel,,0.5377313716184148,grey,S_2c293cd49a5c,"bentgo Heated Electric Bento Box, Latte, 42.4 oz. (BGHEATBX-LT)",59.99,https://www.staples.com/bentgo-heated-electric-bento-box-latte-42-4-oz-bgheatbx-lt/product_24636959,beige/cream,stainless steel,,0.6136687233032748
A_1d017ce0f44e,"Bags, Backpacks & Luggage > Totes & Handbags > Lunch Bags & Boxes","Bags, Backpacks & Luggage > Totes & Handbags",1.0,62.04895939198445,0.4716981132075472,0.8436768149882904,0.6191151142120361,0.25,4,47.146907806396484,0.7599039615846338,1.0,15,0.26957759848125296,True,S_76f150681086,False,,LEAN-APPROVE,Approve,False,"Bags, Backpacks & Luggage > Totes & Handbags > Lunch Bags & Boxes :: L3 :: lunch_type=bento box · dishwasher_safe=no · vibe=plain · gap__use_context__travel/commute=no · insulated=no",3,NO-TWIN,both methods,1,0.7498234734905236,"Wooden Lunch Box for Kids/Adult,Japanese Bento Box with Compartment Wood Bento Lunch Box for Picnicking Office Hiking Camping,Brown",18.99,https://www.amazon.com/dp/B0CDTSWWCR,,False,False,brown/wood,bamboo/wood,,0.9990507831039392,brown/wood,S_76f150681086,"Bentgo Bowl Plastic Insulated Bento Bowl, 2-Coompartment, Khaki Green, 21.2 oz. (BGOBL2-KG)",16.99,https://www.staples.com/bentgo-bowl-stainless-steel-insulated-food-jar-khaki-green-21-2-oz-bgobl2-kg/product_24637175,green,plastic,,0.7294731846226863
A_5aacca46d327,"Bags, Backpacks & Luggage > Totes & Handbags > Lunch Bags & Boxes","Bags, Backpacks & Luggage > Totes & Handbags",1.0,68.30188679245283,0.4716981132075472,1.0,0.6191151142120361,0.25,4,47.146907806396484,1.8803521408563428,1.0,15,0.19553868058851442,True,S_76f150681086,False,,LEAN-APPROVE,Approve,False,"Bags, Backpacks & Luggage > Totes & Handbags > Lunch Bags & Boxes :: L3 :: lunch_type=bento box · dishwasher_safe=no · vibe=plain · gap__use_context__travel/commute=no · insulated=no",3,NO-TWIN,both methods,2,0.7465525563384439,"AOHEA Stainless Steel Bento Box Kids, Kids Metal Bento Lunch Box BPA Free Lunch Box Containers 304 Stainless Steel Bento Box for School and Office(Green)",46.99,https://www.amazon.com/dp/B0CMCYNW91,AOHEA,False,False,,stainless steel,,0.9250118652112007,green,S_76f150681086,"Bentgo Bowl Plastic Insulated Bento Bowl, 2-Coompartment, Khaki Green, 21.2 oz. (BGOBL2-KG)",16.99,https://www.staples.com/bentgo-bowl-stainless-steel-insulated-food-jar-khaki-green-21-2-oz-bgobl2-kg/product_24637175,green,plastic,,0.7294731846226863
A_69f4b3f387b5,"Bags, Backpacks & Luggage > Totes & Handbags > Lunch Bags & Boxes","Bags, Backpacks & Luggage > Totes & Handbags",1.0,68.30188679245283,0.4716981132075472,1.0,0.6191151142120361,0.25,4,47.146907806396484,0.7999199679871949,1.0,15,0.03322259136212624,True,S_76f150681086,False,,LEAN-APPROVE,Approve,False,"Bags, Backpacks & Luggage > Totes & Handbags > Lunch Bags & Boxes :: L3 :: lunch_type=bento box · dishwasher_safe=no · vibe=plain · gap__use_context__travel/commute=no · insulated=no",3,NO-TWIN,both methods,3,0.7144860968111135,LunchBots Small Stainless Steel Kids Bento Box 4-Section 16oz,19.99,https://www.amazon.com/dp/B07983SV7B,,False,False,,stainless steel,,0.7626957759848125,,S_76f150681086,"Bentgo Bowl Plastic Insulated Bento Bowl, 2-Coompartment, Khaki Green, 21.2 oz. (BGOBL2-KG)",16.99,https://www.staples.com/bentgo-bowl-stainless-steel-insulated-food-jar-khaki-green-21-2-oz-bgobl2-kg/product_24637175,green,plastic,,0.7294731846226863
A_901891724adc,"Bags, Backpacks & Luggage > Totes & Handbags > Lunch Bags & Boxes","Bags, Backpacks & Luggage > Totes & Handbags",1.0,99.05660377358491,0.9842767295597484,1.0,0.6739150881767273,0.6,5,64.43490600585938,0.30976992330776926,0.5,15,0.08495491219743712,False,S_6f074f96eb4c,False,,LEAN-APPROVE,Approve,False,"Bags, Backpacks & Luggage > Totes & Handbags > Lunch Bags & Boxes :: L3 :: lunch_type=bento box · dishwasher_safe=no · vibe=plain · gap__use_context__travel/commute=no · insulated=yes",3,NO-TWIN,Method 1,1,0.6632949555785836,"Stainless Steel Lunch Box, 3-Tier Insulated Bento Box Sealed Hot for Adults, Thermal Food Container for Office Workers (Beige, 1pcs, 400ml)",9.29,https://www.amazon.com/dp/B0DY56N18L,,False,False,,stainless steel,,0.9610821072615092,beige/cream,S_6f074f96eb4c,"Bentgo MicroSteel Insulated Bento Box, Rose Gold, 41 oz. (BGSTLCH-RG)",29.99,https://www.staples.com/bentgo-microsteel-lunch-box-rose-gold-41-oz-bgstlch-rg/product_24535507,metallic,stainless steel,,0.8761271950640721
A_ab6929cec2b6,"Bags, Backpacks & Luggage > Totes & Handbags > Lunch Bags & Boxes","Bags, Backpacks & Luggage > Totes & Handbags",1.0,72.83018867924528,0.5471698113207547,1.0,0.6385055780410767,0.5,4,58.31033706665039,0.6665555185061687,0.75,15,-0.09776934029425721,False,S_6f074f96eb4c,False,,LEAN-APPROVE,Approve,False,"Bags, Backpacks & Luggage > Totes & Handbags > Lunch Bags & Boxes :: L3 :: lunch_type=bento box · dishwasher_safe=no · vibe=plain · gap__use_context__travel/commute=no · insulated=yes",3,NO-TWIN,Method 1,2,0.6575925332876422,"HOMEKOL Bento Lunch Box Set for Kids, Pink",19.99,https://www.amazon.com/dp/B0FSZMW249,HOMEKOL,False,False,red/pink,stainless steel,,0.7783578547698149,red/pink,S_6f074f96eb4c,"Bentgo MicroSteel Insulated Bento Box, Rose Gold, 41 oz. (BGSTLCH-RG)",29.99,https://www.staples.com/bentgo-microsteel-lunch-box-rose-gold-41-oz-bgstlch-rg/product_24535507,metallic,stainless steel,,0.8761271950640721
A_c2aa7175b6ec,"Bags, Backpacks & Luggage > Totes & Handbags > Lunch Bags & Boxes","Bags, Backpacks & Luggage > Totes & Handbags",0.4266944399935908,98.67924528301887,0.9779874213836478,1.0,0.6752302646636963,0.6,5,64.5138168334961,2.3831277092364123,0.5,15,0.06407214048410059,True,S_2e1b1e899b8c,False,,LEAN-APPROVE,Approve,False,"Bags, Backpacks & Luggage > Totes & Handbags > Lunch Bags & Boxes :: L3 :: lunch_type=bento box · dishwasher_safe=no · vibe=plain · gap__use_context__travel/commute=no · insulated=yes",3,NO-TWIN,Method 1,3,0.6512372370574165,"PlanetBox Rover Stainless Steel Bento Box Style Lunch Box Kit for Kids with 5 Compartments, Camo Shark Edition includes Insulated Lunch Bag, Leakproof Food Containers and Matching Magnets",71.47,https://www.amazon.com/dp/B0BG6BM2QC,,False,False,multi/pattern,stainless steel,,0.8970099667774086,,S_2e1b1e899b8c,"bentgo Whimsy & Wonder Kids Bento Box, Geo Speckle, 19.2 oz. (BGKDPT-GSP)",29.99,https://www.staples.com/bentgo-whimsy-wonder-kids-bento-box-geo-speckle-19-2-oz-bgkdpt-gsp/product_24637166,multi/pattern,plastic,,0.832937826293308
W_6dbb4473ee95,Furniture > Decor > Clocks & Timers,Furniture > Decor,1.0,21.00702576112412,0.16666666666666666,0.275175644028103,0.633678138256073,0.25,4,48.02069091796875,7.581071166544388,0.72,15,0.10615942028985514,False,S_b4130383dfa4,False,,OFF-BRAND,Reject,False,Furniture > Decor > Clocks & Timers :: L1 :: material_class=wood · clock_type=pendulum · gap__aesthetic_tags__statement=no · gap__use_context__corporate office=no,1,NO-TWIN,Method 2,1,0.7042745390145675,Two-Tone Wavy Floral Pendulum Wooden Wall Clocks,309.99,https://www.wayfair.com/decor-pillows/pdp/dakota-fields-two-tone-wavy-floral-pendulum-wooden-wall-clocks-w123533345.html?piid=776711224,Dakota Fields,True,False,multi/pattern,wood,mid-century,0.7804347826086957,,S_b4130383dfa4,"La Crosse Clock 12"" Dark Sierra Wood Analog Quartz Wall Clock (404-3630C)",27.99,https://www.staples.com/la-crosse-clock-12-dark-sierra-wood-analog-quartz-wall-clock-404-3630c/product_24741146,black,wood,transitional,0.6742753623188406
W_6ee98943d366,Furniture > Decor > Clocks & Timers,Furniture > Decor,1.0,21.00702576112412,0.16666666666666666,0.275175644028103,0.633678138256073,0.25,4,48.02069091796875,7.581071166544388,0.72,15,0.10615942028985514,False,S_b4130383dfa4,False,,OFF-BRAND,Reject,False,Furniture > Decor > Clocks & Timers :: L1 :: material_class=wood · clock_type=pendulum · gap__aesthetic_tags__statement=no · gap__use_context__corporate office=no,1,NO-TWIN,Method 2,2,0.7042745390145675,Two-Tone Wavy Floral Pendulum Wooden Wall Clocks,309.99,https://www.wayfair.com/decor-pillows/pdp/gracie-oaks-two-tone-wavy-floral-pendulum-wooden-wall-clocks-w123326550.html?piid=1443879132,Gracie Oaks,True,False,multi/pattern,wood,mid-century,0.7804347826086957,,S_b4130383dfa4,"La Crosse Clock 12"" Dark Sierra Wood Analog Quartz Wall Clock (404-3630C)",27.99,https://www.staples.com/la-crosse-clock-12-dark-sierra-wood-analog-quartz-wall-clock-404-3630c/product_24741146,black,wood,transitional,0.6742753623188406
W_ab77817fe5cc,Furniture > Decor > Clocks & Timers,Furniture > Decor,1.0,30.0,0.16666666666666666,0.5,0.633678138256073,0.3333333333333333,3,51.354026794433594,3.179016874541453,0.2,15,0.22898550724637684,False,S_7a6523947fca,False,,REVIEW,Review / hold,False,Furniture > Decor > Clocks & Timers :: L1 :: material_class=wood · clock_type=pendulum · gap__aesthetic_tags__statement=no · gap__use_context__corporate office=no,1,NO-TWIN,Method 2,3,0.6761184344775435,Solid Wood Pendulum Wall Clock,129.99,https://www.wayfair.com/decor-pillows/pdp/bedford-clocks-wall-clock-aaic1004.html,Bedford Clocks,False,False,brown/wood,wood,traditional,0.6710144927536232,,S_7a6523947fca,La Crosse Technology 12.5 Inch Cherry Wood Atomic Analog Clock (WT-3122A-INT),63.19,https://www.staples.com/la-crosse-technology-12-5-inch-cherry-wood-atomic-analog-clock-wt-3122a-int/product_2424705,brown/wood,wood,traditional,0.4420289855072464
W_b360ee17f1f6,Furniture > Decor > Clocks & Timers,Furniture > Decor,1.0,57.24137931034483,0.28735632183908044,1.0,0.7350663542747498,0.6666666666666666,3,70.7706527709961,2.9561468341956143,0.5,3,0.27862318840579714,True,S_46f0e65f58d5,False,,TRADE-UP,Approve,False,Furniture > Decor > Clocks & Timers :: L1 :: material_class=wood · clock_type=wall · gap__aesthetic_tags__statement=yes · gap__use_context__corporate office=yes,1,ATTR-TRADE-UP,Method 2,1,0.6314419891004978,red white path tothe dream - Abstract Landscape Oversized Wood Wall Clock,119.99,https://www.wayfair.com/decor-pillows/pdp/east-urban-home-red-white-path-tothe-dream-abstract-landscape-oversized-wood-wall-clock-w110242108.html?piid=1844584328,East Urban Home,True,False,red/pink,wood,farmhouse/rustic,0.9782608695652174,,S_46f0e65f58d5,La Crosse Technology Red Digital LED Wall Clock with Indoor Temperature (513-1411R),29.99,https://www.staples.com/la-crosse-technology-red-digital-led-wall-clock-with-indoor-temperature-513-1411r/product_24741145,red/pink,plastic/resin,contemporary,0.6996376811594203
W_33ccd6ca4231,Furniture > Decor > Clocks & Timers,Furniture > Decor,1.0,57.24137931034483,0.28735632183908044,1.0,0.7350663542747498,0.6666666666666666,3,70.7706527709961,2.9561468341956143,0.6666666666666666,3,0.36376811594202896,True,S_fa0ce71660d5,False,,TRADE-UP,Approve,False,Furniture > Decor > Clocks & Timers :: L1 :: material_class=wood · clock_type=wall · gap__aesthetic_tags__statement=yes · gap__use_context__corporate office=yes,1,ATTR-TRADE-UP,Method 2,2,0.6171484059872835,Iridiscdent Pointillism Spiral Turquoise Shades II - Modern Geometric Oversized Wood Wall Clock,119.99,https://www.wayfair.com/decor-pillows/pdp/east-urban-home-iridiscdent-pointillism-spiral-turquoise-shades-ii-modern-geometric-oversized-wood-wall-clock-w110241674.html?piid=571671353,East Urban Home,True,False,blue,wood,modern,0.9141304347826087,,S_fa0ce71660d5,"La Crosse Technology Atomic Digital Clock with Temperature and Moon Phase, Aluminum finish (513-1417AL)",47.39,https://www.staples.com/la-crosse-technology-atomic-digital-clock-with-temperature-and-moon-phase-aluminum-finish-513-1417al/product_2589342,clear,plastic/resin,modern,0.5503623188405797
W_2af8dc81bb8c,Furniture > Decor > Clocks & Timers,Furniture > Decor,1.0,57.24137931034483,0.28735632183908044,1.0,0.7350663542747498,0.6666666666666666,3,70.7706527709961,2.7097807341709776,0.75,3,0.2677536231884058,True,S_46f0e65f58d5,False,,TRADE-UP,Approve,False,Furniture > Decor > Clocks & Timers :: L1 :: material_class=wood · clock_type=wall · gap__aesthetic_tags__statement=yes · gap__use_context__corporate office=yes,1,ATTR-TRADE-UP,Method 2,3,0.6302394231506017,Emerald Euphoria I - Abstract Landscape Oversized Wood Wall Clock,109.99,https://www.wayfair.com/decor-pillows/pdp/east-urban-home-emerald-euphoria-i-abstract-landscape-oversized-wood-wall-clock-w110228226.html?piid=624790235,East Urban Home,True,False,green,wood,farmhouse/rustic,0.967391304347826,,S_46f0e65f58d5,La Crosse Technology Red Digital LED Wall Clock with Indoor Temperature (513-1411R),29.99,https://www.staples.com/la-crosse-technology-red-digital-led-wall-clock-with-indoor-temperature-513-1411r/product_24741145,red/pink,plastic/resin,contemporary,0.6996376811594203
W_6a7bb0a14543,Furniture > Decor > Clocks & Timers,Furniture > Decor,1.0,57.24137931034483,0.28735632183908044,1.0,0.7350663542747498,0.6666666666666666,3,70.7706527709961,2.931510224193151,0.6666666666666666,3,0.29963768115942024,True,S_fa0ce71660d5,False,,TRADE-UP,Approve,False,Furniture > Decor > Clocks & Timers :: L1 :: material_class=metal · clock_type=wall · gap__aesthetic_tags__statement=yes · gap__use_context__corporate office=yes · silent=no · theme=nature/animals,1,ATTR-TRADE-UP,Method 2,1,0.6032832610607147,"Vintage Beige Floral Country home Charm - Floral Arch Metal Clocks, Beige Asymmetrical Metal Wall Clock Print",118.99000000000001,https://www.wayfair.com/decor-pillows/pdp/design-art-vintage-beige-floral-country-home-charm-floral-arch-metal-clocks-beige-asymmetrical-metal-wall-clock-print-cbyn4776.html?piid=104241731,Design Art,False,False,beige/cream,metal,farmhouse/rustic,0.85,multi/pattern,S_fa0ce71660d5,"La Crosse Technology Atomic Digital Clock with Temperature and Moon Phase, Aluminum finish (513-1417AL)",47.39,https://www.staples.com/la-crosse-technology-atomic-digital-clock-with-temperature-and-moon-phase-aluminum-finish-513-1417al/product_2589342,clear,plastic/resin,modern,0.5503623188405797
W_f3679037d00a,Furniture > Decor > Clocks & Timers,Furniture > Decor,1.0,57.24137931034483,0.28735632183908044,1.0,0.7350663542747498,0.6666666666666666,3,70.7706527709961,2.7097807341709776,0.5,3,0.13695652173913042,True,S_46f0e65f58d5,False,,TRADE-UP,Approve,False,Furniture > Decor > Clocks & Timers :: L1 :: material_class=metal · clock_type=wall · gap__aesthetic_tags__statement=yes · gap__use_context__corporate office=yes · silent=no · theme=nature/animals,1,ATTR-TRADE-UP,Method 2,2,0.5965160244271375,Red and Blue Vibrant Hydrangea Flowers - Farmhouse Wall Clock,109.99,https://www.wayfair.com/decor-pillows/pdp/the-twillery-co-red-and-blue-vibrant-hydrangea-flowers-farmhouse-wall-clock-ebic3426.html?piid=73150759,The Twillery Co.,True,False,red/pink,metal,farmhouse/rustic,0.8365942028985507,,S_46f0e65f58d5,La Crosse Technology Red Digital LED Wall Clock with Indoor Temperature (513-1411R),29.99,https://www.staples.com/la-crosse-technology-red-digital-led-wall-clock-with-indoor-temperature-513-1411r/product_24741145,red/pink,plastic/resin,contemporary,0.6996376811594203
W_9a2015ccc299,Furniture > Decor > Clocks & Timers,Furniture > Decor,1.0,57.24137931034483,0.28735632183908044,1.0,0.7350663542747498,0.6666666666666666,3,70.7706527709961,2.6605075141660506,0.6666666666666666,3,0.2666666666666666,True,S_fa0ce71660d5,False,,TRADE-UP,Approve,False,Furniture > Decor > Clocks & Timers :: L1 :: material_class=metal · clock_type=wall · gap__aesthetic_tags__statement=yes · gap__use_context__corporate office=yes · silent=no · theme=nature/animals,1,ATTR-TRADE-UP,Method 2,3,0.5918129213823788,Vintage Blue Farmhouse Flower IV - Modern Wall Clock,107.99,https://www.wayfair.com/decor-pillows/pdp/east-urban-home-vintage-blue-farmhouse-flower-iv-modern-wall-clock-w008567561.html?piid=1471355560,East Urban Home,True,False,blue,metal,farmhouse/rustic,0.8170289855072463,,S_fa0ce71660d5,"La Crosse Technology Atomic Digital Clock with Temperature and Moon Phase, Aluminum finish (513-1417AL)",47.39,https://www.staples.com/la-crosse-technology-atomic-digital-clock-with-temperature-and-moon-phase-aluminum-finish-513-1417al/product_2589342,clear,plastic/resin,modern,0.5503623188405797
W_b360ee17f1f6,Furniture > Decor > Clocks & Timers,Furniture > Decor,1.0,57.24137931034483,0.28735632183908044,1.0,0.7350663542747498,0.6666666666666666,3,70.7706527709961,2.9561468341956143,0.5,3,0.27862318840579714,True,S_46f0e65f58d5,False,,TRADE-UP,Approve,False,Furniture > Decor > Clocks & Timers :: L2 :: colour_tone=bold · clock_type=wall · silent=no · gap__aesthetic_tags__statement=yes,2,ATTR-TRADE-UP,Method 2,1,0.6258020486002384,red white path tothe dream - Abstract Landscape Oversized Wood Wall Clock,119.99,https://www.wayfair.com/decor-pillows/pdp/east-urban-home-red-white-path-tothe-dream-abstract-landscape-oversized-wood-wall-clock-w110242108.html?piid=1844584328,East Urban Home,True,False,red/pink,wood,farmhouse/rustic,0.9782608695652174,,S_46f0e65f58d5,La Crosse Technology Red Digital LED Wall Clock with Indoor Temperature (513-1411R),29.99,https://www.staples.com/la-crosse-technology-red-digital-led-wall-clock-with-indoor-temperature-513-1411r/product_24741145,red/pink,plastic/resin,contemporary,0.6996376811594203
W_bd5351f4c960,Furniture > Decor > Clocks & Timers,Furniture > Decor,0.0,31.379310344827587,0.1896551724137931,0.5,0.6703592538833618,0.75,4,70.2215576171875,2.062721400291727,0.375,5,0.12608695652173918,False,S_8087df860109,False,,SUBSTITUTE,Reject,False,Furniture > Decor > Clocks & Timers :: L2 :: colour_tone=bold · clock_type=wall · silent=no · gap__aesthetic_tags__statement=yes,2,ATTR-TRADE-UP,Method 2,2,0.6216561928866566,"Clocks, 30"" Round, Large Oversized, Wall Clock, Antique Blue, Transitional",98.99,https://www.wayfair.com/decor-pillows/pdp/latitude-run-clocks-30-round-large-oversized-wall-clock-antique-blue-transitional-w121960108.html,Latitude Run,True,False,blue,,transitional,0.9822463768115942,blue,S_8087df860109,"Infinity Instruments Orbis Wall Clock, 14"" (20178)",47.59,https://www.staples.com/infinity-instruments-orbis-wall-clock-14-20178/product_24514896,blue,,farmhouse/rustic,0.856159420289855
W_33ccd6ca4231,Furniture > Decor > Clocks & Timers,Furniture > Decor,1.0,57.24137931034483,0.28735632183908044,1.0,0.7350663542747498,0.6666666666666666,3,70.7706527709961,2.9561468341956143,0.6666666666666666,3,0.36376811594202896,True,S_fa0ce71660d5,False,,TRADE-UP,Approve,False,Furniture > Decor > Clocks & Timers :: L2 :: colour_tone=bold · clock_type=wall · silent=no · gap__aesthetic_tags__statement=yes,2,ATTR-TRADE-UP,Method 2,3,0.6205007798257082,Iridiscdent Pointillism Spiral Turquoise Shades II - Modern Geometric Oversized Wood Wall Clock,119.99,https://www.wayfair.com/decor-pillows/pdp/east-urban-home-iridiscdent-pointillism-spiral-turquoise-shades-ii-modern-geometric-oversized-wood-wall-clock-w110241674.html?piid=571671353,East Urban Home,True,False,blue,wood,modern,0.9141304347826087,,S_fa0ce71660d5,"La Crosse Technology Atomic Digital Clock with Temperature and Moon Phase, Aluminum finish (513-1417AL)",47.39,https://www.staples.com/la-crosse-technology-atomic-digital-clock-with-temperature-and-moon-phase-aluminum-finish-513-1417al/product_2589342,clear,plastic/resin,modern,0.5503623188405797
W_e9fbb9bc1492,Furniture > Decor > Clocks & Timers,Furniture > Decor,1.0,57.24137931034483,0.28735632183908044,1.0,0.7350663542747498,0.6666666666666666,3,70.7706527709961,2.38950480413895,0.75,3,0.15760869565217395,True,S_46f0e65f58d5,False,,TRADE-UP,Approve,False,Furniture > Decor > Clocks & Timers :: L2 :: colour_tone=pattern · clock_type=wall · silent=no · gap__aesthetic_tags__statement=yes,2,ATTR-TRADE-UP,both methods,1,0.6113249889491261,Poinsettias Contemporary Fusion - Floral Oversized Wood Wall Clock,96.99,https://www.wayfair.com/decor-pillows/pdp/east-urban-home-poinsettias-contemporary-fusion-floral-oversized-wood-wall-clock-w110228098.html?piid=1265712092,East Urban Home,True,False,multi/pattern,wood,contemporary,0.8572463768115942,multi/pattern,S_46f0e65f58d5,La Crosse Technology Red Digital LED Wall Clock with Indoor Temperature (513-1411R),29.99,https://www.staples.com/la-crosse-technology-red-digital-led-wall-clock-with-indoor-temperature-513-1411r/product_24741145,red/pink,plastic/resin,contemporary,0.6996376811594203
W_0e2661c3d0cb,Furniture > Decor > Clocks & Timers,Furniture > Decor,1.0,64.48275862068967,0.7413793103448276,0.5,0.791750967502594,0.75,4,77.50506591796875,5.0352483405813695,0.6666666666666666,15,0.1420289855072464,True,S_dc8429c68110,False,,TRADE-UP,Approve,False,Furniture > Decor > Clocks & Timers :: L2 :: colour_tone=pattern · clock_type=wall · silent=no · gap__aesthetic_tags__statement=yes,2,ATTR-TRADE-UP,both methods,2,0.5708046262678893,Brierfield Wall Clock,219.99,https://www.wayfair.com/decor-pillows/pdp/highland-dunes-oversized-brierfield-wall-clock-aahh1310.html?piid=32988969,Highland Dunes,True,False,multi/pattern,wood,farmhouse/rustic,0.9358695652173913,,S_dc8429c68110,La Crosse Clock 22 Inch Metal Windmill Quartz Wall Clock (404-3956),58.09,https://www.staples.com/la-crosse-clock-22-inch-metal-windmill-quartz-wall-clock-404-3956/product_24306490,,metal,farmhouse/rustic,0.7938405797101449
W_138fe2f93850,Furniture > Decor > Clocks & Timers,Furniture > Decor,1.0,57.24137931034483,0.28735632183908044,1.0,0.7350670695304871,0.6666666666666666,3,70.77069091796875,1.7735895540773587,0.6666666666666666,3,0.21884057971014492,True,S_fa0ce71660d5,False,,TRADE-UP,Approve,False,Furniture > Decor > Clocks & Timers :: L2 :: colour_tone=pattern · clock_type=wall · silent=no · gap__aesthetic_tags__statement=yes,2,ATTR-TRADE-UP,both methods,3,0.5882250246621561,Floral Farmhouse Metal Wall Clock - Flower Field,71.99,https://www.wayfair.com/decor-pillows/pdp/the-twillery-co-swigart-oversized-farmhouse-floral-flower-field-wall-clock-ebic3352.html?piid=73150335,The Twillery Co.,True,False,multi/pattern,metal,farmhouse/rustic,0.7692028985507247,,S_fa0ce71660d5,"La Crosse Technology Atomic Digital Clock with Temperature and Moon Phase, Aluminum finish (513-1417AL)",47.39,https://www.staples.com/la-crosse-technology-atomic-digital-clock-with-temperature-and-moon-phase-aluminum-finish-513-1417al/product_2589342,clear,plastic/resin,modern,0.5503623188405797
W_023034e06d7f,Furniture > Decor > Clocks & Timers,Furniture > Decor,1.0,55.48978438181378,0.7413793103448276,0.275175644028103,0.7917497158050537,0.5,4,67.5049819946289,1.377527285739846,0.75,15,0.10688405797101452,True,S_3bfb22f5fa11,False,,LEAN-APPROVE,Approve,False,Furniture > Decor > Clocks & Timers :: L2 :: colour_tone=pattern · clock_type=wall · silent=yes · gap__aesthetic_tags__statement=no,2,ATTR-TRADE-UP,Method 1,1,0.6174079884135205,"Elegant wall clock featuring glowing white lotus, warm luminous digits, silent quartz movement & tempered glass front. Soft floral style wall decor for home living areas.",76.99,https://www.wayfair.com/decor-pillows/pdp/rosalind-wheeler-elegant-wall-clock-featuring-glowing-white-lotus-warm-luminous-digits-silent-quartz-movement-tempered-glass-front-soft-floral-style-wall-decor-for-home-living-areas-w122215134.html?piid=846163505,Rosalind Wheeler,True,False,multi/pattern,glass/mirror,,0.8021739130434783,,S_3bfb22f5fa11,"La Crosse Technology 10 Inch Atomic Analog Wall Clock, Silver (WT-3102S)",33.59,https://www.staples.com/la-crosse-technology-10-inch-atomic-analog-wall-clock-silver-wt-3102s/product_1279296,metallic,plastic/resin,contemporary,0.6952898550724638
W_815e7131bfe6,Furniture > Decor > Clocks & Timers,Furniture > Decor,1.0,65.15410912810574,0.7413793103448276,0.516783762685402,0.7917497158050537,0.5,4,67.5049819946289,5.08123098944355,0.625,15,0.5753623188405796,False,S_5f618f730544,False,,LEAN-APPROVE,Approve,False,Furniture > Decor > Clocks & Timers :: L2 :: colour_tone=pattern · clock_type=wall · silent=yes · gap__aesthetic_tags__statement=no,2,ATTR-TRADE-UP,Method 1,2,0.5971697904579881,"Modern Large Wall Clock With Silent Quartz Movement, Light Luxury Design For Living Room, Bedroom, Office, And Kitchen",283.99,https://www.wayfair.com/decor-pillows/pdp/happy-life-modern-large-wall-clock-with-silent-quartz-movement-light-luxury-design-for-living-room-bedroom-office-and-kitchen-hpmy1872.html,HAPPY LIFE,False,False,multi/pattern,,modern,0.7039855072463768,,S_5f618f730544,La Crosse Technology Jumbo Atomic Wall Clock (513-63867-INT),104.49,https://www.staples.com/la-crosse-technology-jumbo-wall-clock-513-63867-int/product_24504754,grey,plastic/resin,modern,0.1286231884057971
W_6a0d57ea144d,Furniture > Decor > Clocks & Timers,Furniture > Decor,1.0,69.28369538883953,0.7413793103448276,0.620023419203747,0.7917497158050537,0.5,4,67.5049819946289,0.8944354983002326,0.6666666666666667,15,0.5499999999999999,True,S_5f618f730544,False,,LEAN-APPROVE,Approve,False,Furniture > Decor > Clocks & Timers :: L2 :: colour_tone=pattern · clock_type=wall · silent=yes · gap__aesthetic_tags__statement=no,2,ATTR-STYLE-EXT,Method 1,3,0.5938417460261911,"Floral Wood Modern Decorated Glass Wall Clock Home Decor Art-15.7""",49.99,https://www.wayfair.com/decor-pillows/pdp/ebern-designs-floral-wood-modern-decorated-glass-wall-clock-home-decor-art-157-w118811361.html?piid=838205263,Ebern Designs,True,False,multi/pattern,wood,modern,0.678623188405797,,S_5f618f730544,La Crosse Technology Jumbo Atomic Wall Clock (513-63867-INT),104.49,https://www.staples.com/la-crosse-technology-jumbo-wall-clock-513-63867-int/product_24504754,grey,plastic/resin,modern,0.1286231884057971
W_e0b2b73e6d18,Furniture > Decor > Clocks & Timers,Furniture > Decor,1.0,55.48978438181378,0.7413793103448276,0.275175644028103,0.7917497158050537,0.5,4,67.5049819946289,2.2721417069243155,0.5,15,0.24492753623188412,False,S_b4130383dfa4,False,,LEAN-APPROVE,Approve,False,Furniture > Decor > Clocks & Timers :: L2 :: colour_tone=warm-neutral · clock_type=wall · silent=yes · gap__aesthetic_tags__statement=no,2,ATTR-TRADE-UP,Method 1,1,0.6397636112786722,Tynesha 20 Inch Modern Large Wall Clock for Living Room Home Kitchen Dining Room,126.99,https://www.wayfair.com/decor-pillows/pdp/ebern-designs-tynesha-20-inch-modern-large-wall-clock-for-living-room-home-kitchen-dining-room-qanx1042.html,Ebern Designs,True,False,brown/wood,metal,modern,0.9192028985507247,,S_b4130383dfa4,"La Crosse Clock 12"" Dark Sierra Wood Analog Quartz Wall Clock (404-3630C)",27.99,https://www.staples.com/la-crosse-clock-12-dark-sierra-wood-analog-quartz-wall-clock-404-3630c/product_24741146,black,wood,transitional,0.6742753623188406
W_26f3bb2d1431,Furniture > Decor > Clocks & Timers,Furniture > Decor,1.0,26.843252846644596,0.28735632183908044,0.24004683840749413,0.7359282970428467,0.6666666666666666,3,70.82237243652344,2.7767072825162935,1.0,4,0.6010869565217392,True,S_0b854103a7d2,False,,TRADE-UP,Approve,False,Furniture > Decor > Clocks & Timers :: L2 :: colour_tone=warm-neutral · clock_type=wall · silent=yes · gap__aesthetic_tags__statement=no,2,ATTR-TRADE-UP,Method 1,2,0.6140725773486538,"14 Inch Retro Wooden Wall Clock With Silent Sweep Movement, Battery Operated Large Wall Clock For Living Room Bedroom Housewarming Xmas New Year Gift",97.99,https://www.wayfair.com/decor-pillows/pdp/lark-manor-14-inch-retro-wooden-wall-clock-with-silent-sweep-movement-battery-operated-large-wall-clock-for-living-room-bedroom-housewarming-xmas-new-year-gift-w113418714.html,Lark Manor,True,False,brown/wood,wood,mid-century,0.8873188405797101,,S_0b854103a7d2,"Charles Leonard 14"" Thinline Wall Clock (CHL76820)",40.59,https://www.staples.com/charles-leonard-14-thinline-wall-clock-chl76820/product_156900,black,plastic/resin,,0.286231884057971
W_cd645a002664,Furniture > Decor > Clocks & Timers,Furniture > Decor,1.0,62.269643866591295,0.7413793103448276,0.44467213114754095,0.7917497158050537,0.5,4,67.5049819946289,2.14689568795849,0.55,15,0.11376811594202896,False,S_b4130383dfa4,False,,LEAN-APPROVE,Approve,False,Furniture > Decor > Clocks & Timers :: L2 :: colour_tone=warm-neutral · clock_type=wall · silent=yes · gap__aesthetic_tags__statement=no,2,ATTR-TRADE-UP,Method 1,3,0.6106181627771129,Large Wall Clock 16 Inch Non Ticking Battery Operated Brown Rustic Farmhouse Vintage Design Stylish Decorative Clocks,119.99,https://www.wayfair.com/decor-pillows/pdp/ophelia-co-large-wall-clock-16-inch-non-ticking-battery-operated-brown-rustic-farmhouse-vintage-design-stylish-decorative-clocks-w112828313.html,Ophelia & Co.,True,False,brown/wood,plastic/resin,farmhouse/rustic,0.7880434782608695,,S_b4130383dfa4,"La Crosse Clock 12"" Dark Sierra Wood Analog Quartz Wall Clock (404-3630C)",27.99,https://www.staples.com/la-crosse-clock-12-dark-sierra-wood-analog-quartz-wall-clock-404-3630c/product_24741146,black,wood,transitional,0.6742753623188406
W_5564dd85e90a,Furniture > Decor > Clocks & Timers,Furniture > Decor,1.0,30.0,0.16666666666666666,0.5,0.6432268619537354,1.0,3,78.59361267089844,13.71203656678517,1.0,5,0.1673913043478261,True,S_3a9c9751c335,False,,TRADE-UP,Approve,False,Furniture > Decor > Clocks & Timers :: L3 :: material_class=glass/mirror · clock_type=pendulum · silent=no · gap__aesthetic_tags__sleek/minimal=no,3,NO-TWIN,Method 1,1,0.458504283255425,Chifley Glass Pendulum Wall Clock,269.99,https://www.wayfair.com/decor-pillows/pdp/everly-quinn-chifley-wall-clock-ajc15397.html,Everly Quinn,True,False,metallic,glass/mirror,modern,0.2713768115942029,,S_3a9c9751c335,Equity by La Crosse 14 Inch Commercial Analog Clock (25509),24.39,https://www.staples.com/equity-by-la-crosse-14-inch-commercial-analog-clock-25509/product_277431,black,plastic/resin,contemporary,0.10398550724637681
W_13b268c5e8fc,Furniture > Decor > Clocks & Timers,Furniture > Decor,1.0,30.0,0.16666666666666666,0.5,0.6432268619537354,1.0,3,78.59361267089844,15.185373285931945,0.25,5,0.13152173913043477,True,S_3a9c9751c335,False,,TRADE-UP,Approve,False,Furniture > Decor > Clocks & Timers :: L3 :: material_class=glass/mirror · clock_type=pendulum · silent=no · gap__aesthetic_tags__sleek/minimal=no,3,NO-TWIN,Method 1,2,0.44924140622650366,Hudson Glass Pendulum Wall Clock,299.0,https://www.wayfair.com/decor-pillows/pdp/howard-miller-hudson-wall-clock-hw1839.html,Howard Miller,False,False,black,glass/mirror,contemporary,0.23550724637681159,,S_3a9c9751c335,Equity by La Crosse 14 Inch Commercial Analog Clock (25509),24.39,https://www.staples.com/equity-by-la-crosse-14-inch-commercial-analog-clock-25509/product_277431,black,plastic/resin,contemporary,0.10398550724637681
W_9e4ae38c2317,Furniture > Decor > Clocks & Timers,Furniture > Decor,1.0,30.0,0.16666666666666666,0.5,0.6432268619537354,1.0,3,78.59361267089844,7.820721178263078,1.0,5,0.16304347826086954,True,S_3a9c9751c335,False,,TRADE-UP,Approve,False,Furniture > Decor > Clocks & Timers :: L3 :: material_class=glass/mirror · clock_type=pendulum · silent=no · gap__aesthetic_tags__sleek/minimal=no,3,NO-TWIN,Method 1,3,0.4551611848844998,Pendulum Wall Clock,153.99,https://www.wayfair.com/decor-pillows/pdp/bulova-the-music-wall-clock-bva10067.html,Bulova,False,False,metallic,glass/mirror,mid-century,0.26702898550724635,,S_3a9c9751c335,Equity by La Crosse 14 Inch Commercial Analog Clock (25509),24.39,https://www.staples.com/equity-by-la-crosse-14-inch-commercial-analog-clock-25509/product_277431,black,plastic/resin,contemporary,0.10398550724637681
W_49e590142ab9,Furniture > Decor > Clocks & Timers,Furniture > Decor,1.0,54.08463215698942,0.7413793103448276,0.24004683840749413,0.7917497158050537,0.5,4,67.5049819946289,2.1290033995348003,0.7,15,0.14891304347826084,False,S_90f53203f586,False,,LEAN-APPROVE,Approve,False,Furniture > Decor > Clocks & Timers :: L3 :: material_class=glass/mirror · clock_type=wall · silent=yes · gap__aesthetic_tags__sleek/minimal=yes,3,ATTR-TRADE-UP,Method 1,1,0.6156345277247222,Octagonal Mirror Wall Clocks and Artificial Gemstone Wall Clocks,118.99,https://www.wayfair.com/decor-pillows/pdp/mercer41-octagonal-mirror-wall-clocks-and-artificial-gemstone-wall-clocks-w120807409.html,Mercer41,True,False,clear,glass/mirror,glam,0.8108695652173913,,S_90f53203f586,"La Crosse Clock 19.7"" Edison Analog Quartz Lighted Wall Clock (404-3450B)",83.99,https://www.staples.com/la-crosse-clock-19-7-edison-analog-quartz-lighted-wall-clock-404-3450b/product_24679132,black,metal,contemporary,0.6619565217391304
W_e5bdf2048b03,Furniture > Decor > Clocks & Timers,Furniture > Decor,1.0,69.28369538883953,0.7413793103448276,0.620023419203747,0.7917497158050537,0.5,4,67.5049819946289,1.4133118625872247,0.6875,15,0.48586956521739133,True,S_5f618f730544,False,,LEAN-APPROVE,Approve,False,Furniture > Decor > Clocks & Timers :: L3 :: material_class=glass/mirror · clock_type=wall · silent=yes · gap__aesthetic_tags__sleek/minimal=yes,3,ATTR-TRADE-UP,Method 1,2,0.5812990791555764,"Floral Abstract Modern Decorated Glass Wall Clock Home Decor Art-23.6""",78.99,https://www.wayfair.com/decor-pillows/pdp/latitude-run-floral-abstract-modern-decorated-glass-wall-clock-home-decor-art-157-w118811445.html?piid=1728700374,Latitude Run,True,False,multi/pattern,glass/mirror,modern,0.6144927536231884,,S_5f618f730544,La Crosse Technology Jumbo Atomic Wall Clock (513-63867-INT),104.49,https://www.staples.com/la-crosse-technology-jumbo-wall-clock-513-63867-int/product_24504754,grey,plastic/resin,modern,0.1286231884057971
W_08d6030969ea,Furniture > Decor > Clocks & Timers,Furniture > Decor,1.0,69.28369538883953,0.7413793103448276,0.620023419203747,0.7917497158050537,0.5,4,67.5049819946289,1.4133118625872247,0.5333333333333334,15,-0.07536231884057965,False,S_b4130383dfa4,False,,LEAN-APPROVE,Approve,False,Furniture > Decor > Clocks & Timers :: L3 :: material_class=glass/mirror · clock_type=wall · silent=yes · gap__aesthetic_tags__sleek/minimal=yes,3,ATTR-TRADE-UP,Method 1,3,0.5770954119640848,"Birch Forest Modern Decorated Glass Wall Clock Home Decor Art-23.6""",78.99,https://www.wayfair.com/decor-pillows/pdp/east-urban-home-birch-forest-modern-decorated-glass-wall-clock-home-decor-art-157-w118810821.html?piid=2039180437,East Urban Home,True,False,brown/wood,glass/mirror,modern,0.5989130434782609,,S_b4130383dfa4,"La Crosse Clock 12"" Dark Sierra Wood Analog Quartz Wall Clock (404-3630C)",27.99,https://www.staples.com/la-crosse-clock-12-dark-sierra-wood-analog-quartz-wall-clock-404-3630c/product_24741146,black,wood,transitional,0.6742753623188406
W_7b043b5cb2f1,Furniture > Decor > Clocks & Timers,Furniture > Decor,1.0,57.24137931034483,0.28735632183908044,1.0,0.7350663542747498,0.6666666666666666,3,70.7706527709961,2.1185020941118498,0.5,3,0.14021739130434785,True,S_46f0e65f58d5,False,,TRADE-UP,Approve,False,Furniture > Decor > Clocks & Timers :: L3 :: material_class=metal · clock_type=wall · silent=no · gap__aesthetic_tags__sleek/minimal=yes · gap__use_context__corporate office=yes · theme=nature/animals,3,ATTR-TRADE-UP,Method 1,1,0.5998682589461839,Red Painted Flowers on Vintage Postcard III - Farmhouse Wall Clock,85.99,https://www.wayfair.com/decor-pillows/pdp/the-twillery-co-red-painted-flowers-on-vintage-postcard-iii-farmhouse-wall-clock-ebic3264.html?piid=36850730,The Twillery Co.,True,False,red/pink,metal,farmhouse/rustic,0.8398550724637681,,S_46f0e65f58d5,La Crosse Technology Red Digital LED Wall Clock with Indoor Temperature (513-1411R),29.99,https://www.staples.com/la-crosse-technology-red-digital-led-wall-clock-with-indoor-temperature-513-1411r/product_24741145,red/pink,plastic/resin,contemporary,0.6996376811594203
W_900afec1af87,Furniture > Decor > Clocks & Timers,Furniture > Decor,1.0,57.24137931034483,0.28735632183908044,1.0,0.7350663542747498,0.6666666666666666,3,70.7706527709961,2.763981276176398,0.5,3,-0.002536231884057938,True,S_46f0e65f58d5,False,,TRADE-UP,Approve,False,Furniture > Decor > Clocks & Timers :: L3 :: material_class=metal · clock_type=wall · silent=no · gap__aesthetic_tags__sleek/minimal=yes · gap__use_context__corporate office=yes · theme=nature/animals,3,ATTR-TRADE-UP,Method 1,2,0.5759725974608159,Tender Light Blue Floral - Spiral Metal Wall Clock,112.19,"https://www.wayfair.com/decor-pillows/pdp/design-art-tender-light-blue-floral-spiral-metal-wall-clock-cbun6519.html?piid=93383903&auctionId=df851f86-d08e-4b4b-8a35-09085d3feabb&trackingId={""adType"":""WSP"",""auctionId"":""df851f86-d08e-4b4b-8a35-09085d3feabb""}&adTypeId=1",Design Art,False,False,blue,metal,contemporary,0.6971014492753623,,S_46f0e65f58d5,La Crosse Technology Red Digital LED Wall Clock with Indoor Temperature (513-1411R),29.99,https://www.staples.com/la-crosse-technology-red-digital-led-wall-clock-with-indoor-temperature-513-1411r/product_24741145,red/pink,plastic/resin,contemporary,0.6996376811594203
W_9a2015ccc299,Furniture > Decor > Clocks & Timers,Furniture > Decor,1.0,57.24137931034483,0.28735632183908044,1.0,0.7350663542747498,0.6666666666666666,3,70.7706527709961,2.6605075141660506,0.6666666666666666,3,0.2666666666666666,True,S_fa0ce71660d5,False,,TRADE-UP,Approve,False,Furniture > Decor > Clocks & Timers :: L3 :: material_class=metal · clock_type=wall · silent=no · gap__aesthetic_tags__sleek/minimal=yes · gap__use_context__corporate office=yes · theme=nature/animals,3,ATTR-TRADE-UP,Method 1,3,0.594529462672662,Vintage Blue Farmhouse Flower IV - Modern Wall Clock,107.99,https://www.wayfair.com/decor-pillows/pdp/east-urban-home-vintage-blue-farmhouse-flower-iv-modern-wall-clock-w008567561.html?piid=1471355560,East Urban Home,True,False,blue,metal,farmhouse/rustic,0.8170289855072463,,S_fa0ce71660d5,"La Crosse Technology Atomic Digital Clock with Temperature and Moon Phase, Aluminum finish (513-1417AL)",47.39,https://www.staples.com/la-crosse-technology-atomic-digital-clock-with-temperature-and-moon-phase-aluminum-finish-513-1417al/product_2589342,clear,plastic/resin,modern,0.5503623188405797
A_1234ece425ae,Office Supplies > Desk Organizers & Accessories > Desk Pads,Office Supplies > Desk Organizers & Accessories,0.8531889290012034,53.265306122448976,0.5544217687074829,0.5,0.8317580819129944,0.5,4,69.90548706054688,2.135785726394304,0.5,3,0.603448275862069,True,S_3c9c469c1404,False,,LEAN-APPROVE,Approve,False,Office Supplies > Desk Organizers & Accessories > Desk Pads :: L1 :: material_class=faux leather · anti_slip=no · gap__key_benefits__water-resistant=no · gap__use_context__corporate office=no,1,ATTR-TRADE-UP,both methods,1,0.6445382506271888,"DACASSO Leather Desk Pad with Side Rails - Luxury Leather Desk Blotter for Writing - Executive Desk Surface Protector - (Mocha, 34 x 20)",125.99,https://www.amazon.com/dp/B001D7ANV0,DACASSO,False,False,,faux leather,,0.9827586206896551,brown/wood,S_3c9c469c1404,"Victor Technology Grounding 27.6"" Non-Skid Desk Pad, Black (GDP700)",58.99,https://www.staples.com/victor-technology-grounding-27-6-non-skid-desk-pad-black-gdp700/product_24700626,black,fabric/cloth,,0.3793103448275862
A_14e3a1a36072,Office Supplies > Desk Organizers & Accessories > Desk Pads,Office Supplies > Desk Organizers & Accessories,0.7084826762246117,53.265306122448976,0.5544217687074829,0.5,0.8317580819129944,0.5,4,69.90548706054688,1.9876250211900321,0.75,3,0.5862068965517242,True,S_3c9c469c1404,False,,LEAN-APPROVE,Approve,False,Office Supplies > Desk Organizers & Accessories > Desk Pads :: L1 :: material_class=faux leather · anti_slip=no · gap__key_benefits__water-resistant=no · gap__use_context__corporate office=no,1,ATTR-TRADE-UP,both methods,2,0.6414363075535873,"Dacasso Bonded Pad with Side Rails Luxury Leather Desk Blotter for Writing, 30 x 18 (Dark Brown)",117.25,https://www.amazon.com/dp/B0FDM95LR8,Dacasso,False,False,,faux leather,,0.9655172413793104,brown/wood,S_3c9c469c1404,"Victor Technology Grounding 27.6"" Non-Skid Desk Pad, Black (GDP700)",58.99,https://www.staples.com/victor-technology-grounding-27-6-non-skid-desk-pad-black-gdp700/product_24700626,black,fabric/cloth,,0.3793103448275862
A_132e70fc5568,Office Supplies > Desk Organizers & Accessories > Desk Pads,Office Supplies > Desk Organizers & Accessories,0.7084826762246117,53.265306122448976,0.5544217687074829,0.5,0.8317580819129944,0.5,4,69.90548706054688,3.2220715375487368,1.0,3,0.3706896551724138,True,S_3c9c469c1404,False,,LEAN-APPROVE,Approve,False,Office Supplies > Desk Organizers & Accessories > Desk Pads :: L1 :: material_class=faux leather · anti_slip=no · gap__key_benefits__water-resistant=no · gap__use_context__corporate office=no,1,ATTR-TRADE-UP,both methods,3,0.5958427858352662,"Dacasso Classic Leather Side Rail Desk pad, 38 x 24, Mocha",190.07,https://www.amazon.com/dp/B00BT8TVD4,Dacasso,False,False,brown/wood,faux leather,traditional,0.75,brown/wood,S_3c9c469c1404,"Victor Technology Grounding 27.6"" Non-Skid Desk Pad, Black (GDP700)",58.99,https://www.staples.com/victor-technology-grounding-27-6-non-skid-desk-pad-black-gdp700/product_24700626,black,fabric/cloth,,0.3793103448275862
A_b2f455976dbf,Office Supplies > Desk Organizers & Accessories > Desk Pads,Office Supplies > Desk Organizers & Accessories,0.8775100401606426,73.26530612244898,0.5544217687074829,1.0,0.8347660303115845,1.0,4,90.0859603881836,0.9321918969316834,0.75,3,0.4913793103448276,True,S_3c9c469c1404,False,,STYLE-EXTENSION,Approve,False,Office Supplies > Desk Organizers & Accessories > Desk Pads :: L1 :: material_class=faux leather · anti_slip=yes · gap__key_benefits__water-resistant=yes · gap__use_context__corporate office=yes,1,ATTR-STYLE-EXT,both methods,1,0.5237081410144937,"Premium Leather Desk Mat, Full Grain Leather Desk Pad Protector & Desk Blotter, Waterproof Non-Slip Writing Surface for Keyboard, Mouse & Laptop, Desk Pad for Home & Office (Tobacco, Medium)",54.99,https://www.amazon.com/dp/B0H5TQTVV7,,False,False,,faux leather,,0.8706896551724138,brown/wood,S_3c9c469c1404,"Victor Technology Grounding 27.6"" Non-Skid Desk Pad, Black (GDP700)",58.99,https://www.staples.com/victor-technology-grounding-27-6-non-skid-desk-pad-black-gdp700/product_24700626,black,fabric/cloth,,0.3793103448275862
A_5e29cbf8595a,Office Supplies > Desk Organizers & Accessories > Desk Pads,Office Supplies > Desk Organizers & Accessories,0.8531889290012034,53.265306122448976,0.5544217687074829,0.5,0.8317580819129944,0.5,4,69.90548706054688,2.135785726394304,1.0,3,0.4137931034482759,True,S_3c9c469c1404,False,,LEAN-APPROVE,Approve,False,Office Supplies > Desk Organizers & Accessories > Desk Pads :: L2 :: material_class=faux leather · anti_slip=no · gap__key_benefits__water-resistant=no · vibe=plain,2,ATTR-TRADE-UP,both methods,1,0.6070176537283536,Leather Desk Pad with Side Rails,125.99,https://www.amazon.com/dp/B0012FX3FQ,,False,False,,faux leather,,0.7931034482758621,,S_3c9c469c1404,"Victor Technology Grounding 27.6"" Non-Skid Desk Pad, Black (GDP700)",58.99,https://www.staples.com/victor-technology-grounding-27-6-non-skid-desk-pad-black-gdp700/product_24700626,black,fabric/cloth,,0.3793103448275862
A_132e70fc5568,Office Supplies > Desk Organizers & Accessories > Desk Pads,Office Supplies > Desk Organizers & Accessories,0.7084826762246117,53.265306122448976,0.5544217687074829,0.5,0.8317580819129944,0.5,4,69.90548706054688,3.2220715375487368,1.0,3,0.3706896551724138,True,S_3c9c469c1404,False,,LEAN-APPROVE,Approve,False,Office Supplies > Desk Organizers & Accessories > Desk Pads :: L2 :: material_class=faux leather · anti_slip=no · gap__key_benefits__water-resistant=no · vibe=plain,2,ATTR-TRADE-UP,both methods,2,0.5962942910194398,"Dacasso Classic Leather Side Rail Desk pad, 38 x 24, Mocha",190.07,https://www.amazon.com/dp/B00BT8TVD4,Dacasso,False,False,brown/wood,faux leather,traditional,0.75,brown/wood,S_3c9c469c1404,"Victor Technology Grounding 27.6"" Non-Skid Desk Pad, Black (GDP700)",58.99,https://www.staples.com/victor-technology-grounding-27-6-non-skid-desk-pad-black-gdp700/product_24700626,black,fabric/cloth,,0.3793103448275862
A_2a0fa0aadee2,Office Supplies > Desk Organizers & Accessories > Desk Pads,Office Supplies > Desk Organizers & Accessories,1.0,73.26530612244898,0.5544217687074829,1.0,0.8355414271354675,1.0,4,90.13248443603516,1.2405492456348535,1.0,3,0.4913793103448275,True,S_27808f5c6129,False,,STYLE-EXTENSION,Approve,False,Office Supplies > Desk Organizers & Accessories > Desk Pads :: L2 :: material_class=faux leather · anti_slip=no · gap__key_benefits__water-resistant=no · vibe=plain,2,ATTR-TRADE-UP,both methods,3,0.4916959781071235,Dacasso Leatherette Conference Pads,73.18,https://www.amazon.com/dp/B0CF41MTWY,Dacasso,False,False,,faux leather,,0.7327586206896551,,S_27808f5c6129,"Floortex Desktex Vinyl Desk Pad, 24"" x 19"", Clear, 2/Pack (FPDE1924RA2)",65.29,https://www.staples.com/floortex-desktex-anti-slip-plastic-desk-pad-19-x-22-clear-fpde1924ra2/product_24073803,clear,clear plastic,,0.2413793103448276
A_efc7e145dc1a,"Coffee, Water & Snacks > Coffee, Coffee Makers & Supplies > Coffee Organizers & Dispensers","Coffee, Water & Snacks > Coffee, Coffee Makers & Supplies",1.0,44.0,0.4,0.5,0.08,0.5,2,24.8,0.19850674703746832,0.3333333333333333,3,0.28972712680577845,True,S_93bc2f92c279,False,,EDGE,Review / hold,False,"Coffee, Water & Snacks > Coffee, Coffee Makers & Supplies > Coffee Organizers & Dispensers :: L1 :: material_class=metal/wire · colour_family=brown/wood · organizer_type=basket/bin · pod_system=multi-item",1,NO-TWIN,Method 2,1,0.8062294510803866,"2 Pcs Gold Coffee Pod Holder Set, 6.9 x 6.1 x 4.4 in Metal Capsule Organizer with Enhanced Stable Base, Modern Spherical Storage Bowl for Coffee Capsules, Snacks, Candy",28.98,https://www.amazon.com/dp/B0GSVSSJ5V,,False,False,brown/wood,metal/wire,modern,0.6629213483146067,,S_93bc2f92c279,"Keurig® K-Cycle® K-Cup® Pod Recycling & Composting Program Bins, Large Bins 450 pod capacity each, 5/Pack (5000350630)",269.99,https://www.staples.com/keurig-k-cycle-cardboard-recycling-bin-for-k-cup-pods-10-39-gallon-multicolor-5-pack-5000350631/product_24559185,black,plastic,,0.37319422150882825
A_139f57fc3219,"Coffee, Water & Snacks > Coffee, Coffee Makers & Supplies > Coffee Organizers & Dispensers","Coffee, Water & Snacks > Coffee, Coffee Makers & Supplies",1.0,35.00702576112412,0.4,0.275175644028103,0.08,0.5,2,24.8,0.1300774025618193,0.3333333333333333,3,0.30577849117174954,True,S_93bc2f92c279,False,,EDGE,Review / hold,False,"Coffee, Water & Snacks > Coffee, Coffee Makers & Supplies > Coffee Organizers & Dispensers :: L1 :: material_class=metal/wire · colour_family=brown/wood · organizer_type=basket/bin · pod_system=multi-item",1,NO-TWIN,Method 2,2,0.8058504514544963,"(2) Black Oval Wire Storage Baskets, 7.88in Metal Mesh Fruit Basket Bowls with Vinyl Coating, Farmhouse Kitchen Counter Organizer Bins for Coffee Pods Pantry Bathroom Snacks Container Home Decor",18.99,https://www.amazon.com/dp/B0H1HR3XWR,,False,False,brown/wood,metal/wire,farmhouse/rustic,0.6789727126805778,,S_93bc2f92c279,"Keurig® K-Cycle® K-Cup® Pod Recycling & Composting Program Bins, Large Bins 450 pod capacity each, 5/Pack (5000350630)",269.99,https://www.staples.com/keurig-k-cycle-cardboard-recycling-bin-for-k-cup-pods-10-39-gallon-multicolor-5-pack-5000350631/product_24559185,black,plastic,,0.37319422150882825
A_161c8698e65a,"Coffee, Water & Snacks > Coffee, Coffee Makers & Supplies > Coffee Organizers & Dispensers","Coffee, Water & Snacks > Coffee, Coffee Makers & Supplies",1.0,36.412177985948475,0.4,0.3103044496487119,0.08,0.3333333333333333,3,18.133333333333333,0.24627940470475276,0.0,3,-0.3804173354735153,False,S_d404673f7885,False,,EDGE,Review / hold,False,"Coffee, Water & Snacks > Coffee, Coffee Makers & Supplies > Coffee Organizers & Dispensers :: L1 :: material_class=metal/wire · colour_family=brown/wood · organizer_type=basket/bin · pod_system=multi-item",1,NO-TWIN,Method 2,3,0.7815178174684237,"Bewinner Gold Coffee Pod Organizer Basket – Holds 35+ Capsules, Large Capacity Metal & Wood Coffee Capsule Storage Holder for Kitchen Counter, Space Saving, Versatile for Tea Bags & Packets (Gold)",15.39,https://www.amazon.com/dp/B0H5NRSS89,,False,False,brown/wood,metal/wire,industrial,0.3884430176565008,metallic,S_d404673f7885,Keurig® K-Cup® Pod Holder Metal Storage Drawer 35 (357606),24.59,https://www.staples.com/Keurig-Storage-Drawer-35-Ct-2431450/product_2431450,black,metal/wire,,0.7688603531300161
A_ed7bdd3a20d8,"Coffee, Water & Snacks > Coffee, Coffee Makers & Supplies > Coffee Organizers & Dispensers","Coffee, Water & Snacks > Coffee, Coffee Makers & Supplies",1.0,46.400000000000006,0.44,0.5,0.08,0.5,2,24.8,0.42581959622152243,0.3333333333333333,3,0.36195826645264845,True,S_93bc2f92c279,False,,CURATE,Approve,False,"Coffee, Water & Snacks > Coffee, Coffee Makers & Supplies > Coffee Organizers & Dispensers :: L1 :: material_class=metal/wire · colour_family=brown/wood · organizer_type=pod drawer · pod_system=k-cup",1,ATTR-STYLE-EXT,both methods,1,0.8210992892201793,"Metal Coffee Pod Holder, 36-Pod Drawer Compatible with K-Cup Pods",22.99,https://www.amazon.com/dp/B0C36WTXQ8,,False,False,brown/wood,metal/wire,industrial,0.7351524879614767,,S_93bc2f92c279,"Keurig® K-Cycle® K-Cup® Pod Recycling & Composting Program Bins, Large Bins 450 pod capacity each, 5/Pack (5000350630)",269.99,https://www.staples.com/keurig-k-cycle-cardboard-recycling-bin-for-k-cup-pods-10-39-gallon-multicolor-5-pack-5000350631/product_24559185,black,plastic,,0.37319422150882825
A_f5d19f6ba27c,"Coffee, Water & Snacks > Coffee, Coffee Makers & Supplies > Coffee Organizers & Dispensers","Coffee, Water & Snacks > Coffee, Coffee Makers & Supplies",1.0,46.9152224824356,0.44,0.5128805620608899,0.08,0.5,2,24.8,0.8518244119281349,0.3333333333333333,3,0.17977528089887646,True,S_93bc2f92c279,False,,CURATE,Approve,False,"Coffee, Water & Snacks > Coffee, Coffee Makers & Supplies > Coffee Organizers & Dispensers :: L1 :: material_class=metal/wire · colour_family=brown/wood · organizer_type=pod drawer · pod_system=k-cup",1,ATTR-TRADE-UP,both methods,2,0.7826727016366313,"Housolution 4 Tier Coffee Bar Cart with Pod Drawers, Rustic Brown",45.99,https://www.amazon.com/dp/B0F6LR9R5F,,False,False,brown/wood,metal/wire,farmhouse/rustic,0.5529695024077047,brown/wood,S_93bc2f92c279,"Keurig® K-Cycle® K-Cup® Pod Recycling & Composting Program Bins, Large Bins 450 pod capacity each, 5/Pack (5000350630)",269.99,https://www.staples.com/keurig-k-cycle-cardboard-recycling-bin-for-k-cup-pods-10-39-gallon-multicolor-5-pack-5000350631/product_24559185,black,plastic,,0.37319422150882825
A_c37e18de1247,"Coffee, Water & Snacks > Coffee, Coffee Makers & Supplies > Coffee Organizers & Dispensers","Coffee, Water & Snacks > Coffee, Coffee Makers & Supplies",1.0,47.6,0.46,0.5,0.44,1.0,3,66.4,0.8665048543689319,0.5,4,0.013643659711075395,False,S_d404673f7885,False,,LEAN-APPROVE,Approve,False,"Coffee, Water & Snacks > Coffee, Coffee Makers & Supplies > Coffee Organizers & Dispensers :: L1 :: material_class=metal/wire · colour_family=brown/wood · organizer_type=pod drawer · pod_system=k-cup",1,ATTR-STYLE-EXT,both methods,3,0.620613608173153,"Rattan K-Cup Holder for 36 Coffee Pods, Coffee Pod Drawer for Keurig",24.99,https://www.amazon.com/dp/B0H2HT8558,,False,False,brown/wood,metal/wire,,0.7825040128410915,brown/wood,S_d404673f7885,Keurig® K-Cup® Pod Holder Metal Storage Drawer 35 (357606),24.59,https://www.staples.com/Keurig-Storage-Drawer-35-Ct-2431450/product_2431450,black,metal/wire,,0.7688603531300161
A_e7d97ab6cc3b,"Coffee, Water & Snacks > Coffee, Coffee Makers & Supplies > Coffee Organizers & Dispensers","Coffee, Water & Snacks > Coffee, Coffee Makers & Supplies",1.0,75.2,0.92,0.5,0.14,0.5,2,28.400000000000002,0.32869026891081443,0.5,15,0.5489566613162118,False,S_bef55242ed5f,False,,CURATE,Approve,False,"Coffee, Water & Snacks > Coffee, Coffee Makers & Supplies > Coffee Organizers & Dispensers :: L1 :: material_class=metal/wire · colour_family=brown/wood · organizer_type=station/condiment organizer · pod_system=k-cup",1,ATTR-UNDERCUT,Method 1,1,0.7979368566743443,"Coffee Pod Holder,K Cup Holders for Counter,Large Capacity K-cup Organizer, Coffee Station Organizer,Metal Coffee Pods Storage",16.99,https://www.amazon.com/dp/B0HC243S64,,False,False,brown/wood,metal/wire,contemporary,0.7134831460674157,brown/wood,S_bef55242ed5f,"Mind Reader 11 Compartment Wood Coffee Organizer, Brown (COMORGBM-BRN)",74.39,https://www.staples.com/mind-reader-11-compartment-coffee-condiment-organizer-brown-bamboo-comorgbm-brn/product_24337087,brown/wood,wood/bamboo,,0.16452648475120385
A_7dd31de51ff9,"Coffee, Water & Snacks > Coffee, Coffee Makers & Supplies > Coffee Organizers & Dispensers","Coffee, Water & Snacks > Coffee, Coffee Makers & Supplies",1.0,64.33348946135831,0.92,0.22833723653395785,0.14,0.5,2,28.400000000000002,0.4103308183401045,0.5,15,0.3202247191011236,False,S_bef55242ed5f,False,,CURATE,Approve,False,"Coffee, Water & Snacks > Coffee, Coffee Makers & Supplies > Coffee Organizers & Dispensers :: L1 :: material_class=metal/wire · colour_family=brown/wood · organizer_type=station/condiment organizer · pod_system=k-cup",1,ATTR-UNDERCUT,Method 1,2,0.7539260362778966,"Coffee Pod Holder, Large Capacity Stainless Steel K Cups Holder Organizer Bowl Coffee Capsule Creamer Container Basket, Espresso Pods Storage for Bar Station, Counter (Black Gold)",21.21,https://www.amazon.com/dp/B0GFW1QX4L,,False,False,brown/wood,metal/wire,industrial,0.48475120385232745,black,S_bef55242ed5f,"Mind Reader 11 Compartment Wood Coffee Organizer, Brown (COMORGBM-BRN)",74.39,https://www.staples.com/mind-reader-11-compartment-coffee-condiment-organizer-brown-bamboo-comorgbm-brn/product_24337087,brown/wood,wood/bamboo,,0.16452648475120385
A_72f572bc7549,"Coffee, Water & Snacks > Coffee, Coffee Makers & Supplies > Coffee Organizers & Dispensers","Coffee, Water & Snacks > Coffee, Coffee Makers & Supplies",1.0,65.9728337236534,0.92,0.26932084309133486,0.14,0.5,2,28.400000000000002,0.4834590829947765,0.5,15,0.2479935794542536,False,S_bef55242ed5f,False,,CURATE,Approve,False,"Coffee, Water & Snacks > Coffee, Coffee Makers & Supplies > Coffee Organizers & Dispensers :: L1 :: material_class=metal/wire · colour_family=brown/wood · organizer_type=station/condiment organizer · pod_system=k-cup",1,ATTR-UNDERCUT,Method 1,3,0.7364391966045956,"Made Easy Kit Cat Coffee Pod Holder Basket – Compatible K-Cup Organizer for Countertop Coffee Bar – Cute Kitchen Metal Décor Storage for Keurig Pods, Creamers & Capsules (Black Cat)",24.99,https://www.amazon.com/dp/B0BPMWF6SP,,False,False,brown/wood,metal/wire,,0.41252006420545745,black,S_bef55242ed5f,"Mind Reader 11 Compartment Wood Coffee Organizer, Brown (COMORGBM-BRN)",74.39,https://www.staples.com/mind-reader-11-compartment-coffee-condiment-organizer-brown-bamboo-comorgbm-brn/product_24337087,brown/wood,wood/bamboo,,0.16452648475120385
A_b1e6438420f2,"Coffee, Water & Snacks > Coffee, Coffee Makers & Supplies > Coffee Organizers & Dispensers","Coffee, Water & Snacks > Coffee, Coffee Makers & Supplies",1.0,46.400000000000006,0.44,0.5,0.08,0.5,2,24.8,0.4628634932394887,0.5,3,0.49438202247191015,True,S_93bc2f92c279,False,,CURATE,Approve,False,"Coffee, Water & Snacks > Coffee, Coffee Makers & Supplies > Coffee Organizers & Dispensers :: L1 :: material_class=wood/bamboo · colour_family=brown/wood · organizer_type=pod drawer · pod_system=k-cup",1,ATTR-STYLE-EXT,both methods,1,0.8453303292004293,"Bamboo Coffee Pod Drawer Organize, 30 Slots",24.99,https://www.amazon.com/dp/B0HD8R9NFT,,False,False,brown/wood,wood/bamboo,minimalist,0.8675762439807384,,S_93bc2f92c279,"Keurig® K-Cycle® K-Cup® Pod Recycling & Composting Program Bins, Large Bins 450 pod capacity each, 5/Pack (5000350630)",269.99,https://www.staples.com/keurig-k-cycle-cardboard-recycling-bin-for-k-cup-pods-10-39-gallon-multicolor-5-pack-5000350631/product_24559185,black,plastic,,0.37319422150882825
A_0e1b1eaccb44,"Coffee, Water & Snacks > Coffee, Coffee Makers & Supplies > Coffee Organizers & Dispensers","Coffee, Water & Snacks > Coffee, Coffee Makers & Supplies",1.0,46.400000000000006,0.44,0.5,0.08,0.5,2,24.8,0.664752731987405,0.3333333333333333,3,0.38443017656500805,True,S_93bc2f92c279,False,,CURATE,Approve,False,"Coffee, Water & Snacks > Coffee, Coffee Makers & Supplies > Coffee Organizers & Dispensers :: L1 :: material_class=wood/bamboo · colour_family=brown/wood · organizer_type=pod drawer · pod_system=k-cup",1,ATTR-STYLE-EXT,both methods,2,0.8236580998105375,"HTB K Cup Holder Compatible Coffee Pod Storage Drawer, Wood Brown",35.89,https://www.amazon.com/dp/B0DBH21SRN,HTB,False,False,brown/wood,wood/bamboo,traditional,0.7576243980738363,brown/wood,S_93bc2f92c279,"Keurig® K-Cycle® K-Cup® Pod Recycling & Composting Program Bins, Large Bins 450 pod capacity each, 5/Pack (5000350630)",269.99,https://www.staples.com/keurig-k-cycle-cardboard-recycling-bin-for-k-cup-pods-10-39-gallon-multicolor-5-pack-5000350631/product_24559185,black,plastic,,0.37319422150882825
A_72013427809f,"Coffee, Water & Snacks > Coffee, Coffee Makers & Supplies > Coffee Organizers & Dispensers","Coffee, Water & Snacks > Coffee, Coffee Makers & Supplies",1.0,52.60608899297424,0.44,0.655152224824356,0.08,0.5,2,24.8,0.48138544174847187,0.5,3,0.27207062600321025,True,S_93bc2f92c279,False,,CURATE,Approve,False,"Coffee, Water & Snacks > Coffee, Coffee Makers & Supplies > Coffee Organizers & Dispensers :: L1 :: material_class=wood/bamboo · colour_family=brown/wood · organizer_type=pod drawer · pod_system=k-cup",1,ATTR-STYLE-EXT,both methods,3,0.800450310753781,"MinBoo Premium Bamboo Coffee Station & Tea Bag Organizer Box -7 Adjustable Slots with Removable Dividers, Silicone Non-Slip Pads - Eco-Friendly Countertop & Drawer Storage for K-Cups, Office Breakroom",25.99,https://www.amazon.com/dp/B0B1TRLXZP,,False,False,brown/wood,wood/bamboo,contemporary,0.6452648475120385,,S_93bc2f92c279,"Keurig® K-Cycle® K-Cup® Pod Recycling & Composting Program Bins, Large Bins 450 pod capacity each, 5/Pack (5000350630)",269.99,https://www.staples.com/keurig-k-cycle-cardboard-recycling-bin-for-k-cup-pods-10-39-gallon-multicolor-5-pack-5000350631/product_24559185,black,plastic,,0.37319422150882825
A_d7eb24b375f5,"Coffee, Water & Snacks > Coffee, Coffee Makers & Supplies > Coffee Organizers & Dispensers","Coffee, Water & Snacks > Coffee, Coffee Makers & Supplies",1.0,76.4,0.94,0.5,0.14,1.0,2,48.400000000000006,0.825583798305435,1.0,3,0.5224719101123595,True,S_180a93461110,False,,LEAN-APPROVE,Approve,False,"Coffee, Water & Snacks > Coffee, Coffee Makers & Supplies > Coffee Organizers & Dispensers :: L1 :: material_class=wood/bamboo · colour_family=brown/wood · organizer_type=pod drawer · pod_system=multi-item",1,ATTR-UNDERCUT,Method 1,1,0.7010899422203174,"Classic Cuisine Tea Bag Organizer Drawer, Serving Tray, 15.75""x10""x4.25""",39.95,https://www.amazon.com/dp/B0HFPMCG3N,,False,False,brown/wood,wood/bamboo,traditional,0.7279293739967897,,S_180a93461110,"Safco® One Drawer Hospitality Organizer, 5-Compartments, Black (3274BL)",53.99,https://www.staples.com/safco-one-drawer-hospitality-organizer-5-compartments-black-3274bl/product_1965823,black,metal/wire,,0.20545746388443017
A_e1dd0fe3bf93,"Coffee, Water & Snacks > Coffee, Coffee Makers & Supplies > Coffee Organizers & Dispensers","Coffee, Water & Snacks > Coffee, Coffee Makers & Supplies",1.0,67.1728337236534,0.94,0.26932084309133486,0.14,1.0,2,48.400000000000006,0.6610870014465798,1.0,3,0.507223113964687,True,S_180a93461110,False,,LEAN-APPROVE,Approve,False,"Coffee, Water & Snacks > Coffee, Coffee Makers & Supplies > Coffee Organizers & Dispensers :: L1 :: material_class=wood/bamboo · colour_family=brown/wood · organizer_type=pod drawer · pod_system=multi-item",1,ATTR-UNDERCUT,Method 1,2,0.6974995986649926,"Coffee Bar Organizer Countertop, Wooden Bar Accessories With Drawer, Coffee Station Organizer Pods Holder Storage Basket, Farmhouse Tea Condiment Station",31.99,https://www.amazon.com/dp/B0BY2HHQHZ,,False,False,brown/wood,wood/bamboo,farmhouse/rustic,0.7126805778491172,,S_180a93461110,"Safco® One Drawer Hospitality Organizer, 5-Compartments, Black (3274BL)",53.99,https://www.staples.com/safco-one-drawer-hospitality-organizer-5-compartments-black-3274bl/product_1965823,black,metal/wire,,0.20545746388443017
A_7011c55925f7,"Coffee, Water & Snacks > Coffee, Coffee Makers & Supplies > Coffee Organizers & Dispensers","Coffee, Water & Snacks > Coffee, Coffee Makers & Supplies",1.0,67.1728337236534,0.94,0.26932084309133486,0.14,1.0,2,48.400000000000006,0.6404215747055176,1.0,3,0.507223113964687,True,S_180a93461110,False,,LEAN-APPROVE,Approve,False,"Coffee, Water & Snacks > Coffee, Coffee Makers & Supplies > Coffee Organizers & Dispensers :: L1 :: material_class=wood/bamboo · colour_family=brown/wood · organizer_type=pod drawer · pod_system=multi-item",1,ATTR-UNDERCUT,Method 1,3,0.6974995986649926,"Coffee Bar Organizer with Drawer, Coffee Station Organizer for Countertop, Wood Coffee Bar Accessories Organizer for Coffee Bar Decor, Farmhouse Cup Pod Holder Condiment Organizer(Black)",30.99,https://www.amazon.com/dp/B0DFQ3CB4V,,False,False,brown/wood,wood/bamboo,farmhouse/rustic,0.7126805778491172,black|brown/wood,S_180a93461110,"Safco® One Drawer Hospitality Organizer, 5-Compartments, Black (3274BL)",53.99,https://www.staples.com/safco-one-drawer-hospitality-organizer-5-compartments-black-3274bl/product_1965823,black,metal/wire,,0.20545746388443017
A_0c6ca892ad8f,"Coffee, Water & Snacks > Coffee, Coffee Makers & Supplies > Coffee Organizers & Dispensers","Coffee, Water & Snacks > Coffee, Coffee Makers & Supplies",1.0,35.6,0.26,0.5,0.02,0.0,2,1.2,0.7962585664011854,0.0,3,0.6669341894060996,False,S_bef55242ed5f,False,,EDGE,Review / hold,False,"Coffee, Water & Snacks > Coffee, Coffee Makers & Supplies > Coffee Organizers & Dispensers :: L1 :: material_class=wood/bamboo · colour_family=brown/wood · organizer_type=pod drawer · pod_system=nespresso",1,ATTR-TRADE-UP,Method 2,1,0.9586260181169831,Bamboo Coffee Pod Drawer Compatible with Nespresso Vertuo Capsule,42.99,https://www.amazon.com/dp/B0H74HQT7S,,False,False,brown/wood,wood/bamboo,minimalist,0.8314606741573034,,S_bef55242ed5f,"Mind Reader 11 Compartment Wood Coffee Organizer, Brown (COMORGBM-BRN)",74.39,https://www.staples.com/mind-reader-11-compartment-coffee-condiment-organizer-brown-bamboo-comorgbm-brn/product_24337087,brown/wood,wood/bamboo,,0.16452648475120385
A_36dade17f960,"Coffee, Water & Snacks > Coffee, Coffee Makers & Supplies > Coffee Organizers & Dispensers","Coffee, Water & Snacks > Coffee, Coffee Makers & Supplies",1.0,35.6,0.26,0.5,0.02,0.0,2,1.2,0.7962585664011854,0.0,3,0.6340288924558588,False,S_bef55242ed5f,False,,EDGE,Review / hold,False,"Coffee, Water & Snacks > Coffee, Coffee Makers & Supplies > Coffee Organizers & Dispensers :: L1 :: material_class=wood/bamboo · colour_family=brown/wood · organizer_type=pod drawer · pod_system=nespresso",1,ATTR-TRADE-UP,Method 2,2,0.9520883807106538,for Nespresso Vertuo Pods Bamboo Coffee Pod Drawer Organizer,42.99,https://www.amazon.com/dp/B0D8JNX21L,,False,False,brown/wood,wood/bamboo,,0.7985553772070626,,S_bef55242ed5f,"Mind Reader 11 Compartment Wood Coffee Organizer, Brown (COMORGBM-BRN)",74.39,https://www.staples.com/mind-reader-11-compartment-coffee-condiment-organizer-brown-bamboo-comorgbm-brn/product_24337087,brown/wood,wood/bamboo,,0.16452648475120385
A_7df54fd5b9f6,"Coffee, Water & Snacks > Coffee, Coffee Makers & Supplies > Coffee Organizers & Dispensers","Coffee, Water & Snacks > Coffee, Coffee Makers & Supplies",1.0,35.6,0.26,0.5,0.02,0.0,2,1.2,0.805519540655677,0.0,3,0.6340288924558588,False,S_bef55242ed5f,False,,EDGE,Review / hold,False,"Coffee, Water & Snacks > Coffee, Coffee Makers & Supplies > Coffee Organizers & Dispensers :: L1 :: material_class=wood/bamboo · colour_family=brown/wood · organizer_type=pod drawer · pod_system=nespresso",1,ATTR-TRADE-UP,Method 2,3,0.9520883807106538,"Homevative Coffee Stand for Vertuo w/Sliding Capsule Drawers, Natural Bamboo (Espresso)",43.49,https://www.amazon.com/dp/B08L3X8KPV,,False,False,brown/wood,wood/bamboo,,0.7985553772070626,beige/cream|brown/wood,S_bef55242ed5f,"Mind Reader 11 Compartment Wood Coffee Organizer, Brown (COMORGBM-BRN)",74.39,https://www.staples.com/mind-reader-11-compartment-coffee-condiment-organizer-brown-bamboo-comorgbm-brn/product_24337087,brown/wood,wood/bamboo,,0.16452648475120385
A_480121c03433,"Coffee, Water & Snacks > Coffee, Coffee Makers & Supplies > Coffee Organizers & Dispensers","Coffee, Water & Snacks > Coffee, Coffee Makers & Supplies",1.0,64.80187353629977,0.92,0.24004683840749413,0.14,0.5,2,28.400000000000002,0.3867285741923002,0.25,15,0.6404494382022472,False,S_bef55242ed5f,False,,CURATE,Approve,False,"Coffee, Water & Snacks > Coffee, Coffee Makers & Supplies > Coffee Organizers & Dispensers :: L1 :: material_class=wood/bamboo · colour_family=brown/wood · organizer_type=station/condiment organizer · pod_system=k-cup",1,ATTR-UNDERCUT,Method 1,1,0.8148841151498485,"ELLDOO Coffee Pod Holder Storage Box with Removable Grids, Coffee Station Organizer for K Cup, Rustic Wooden Coffee Accessories for Counter Home Decor, Vintage Wood",19.99,https://www.amazon.com/dp/B09M3YBDJ3,ELLDOO,False,False,brown/wood,wood/bamboo,farmhouse/rustic,0.804975922953451,,S_bef55242ed5f,"Mind Reader 11 Compartment Wood Coffee Organizer, Brown (COMORGBM-BRN)",74.39,https://www.staples.com/mind-reader-11-compartment-coffee-condiment-organizer-brown-bamboo-comorgbm-brn/product_24337087,brown/wood,wood/bamboo,,0.16452648475120385
A_58e4fddedfda,"Coffee, Water & Snacks > Coffee, Coffee Makers & Supplies > Coffee Organizers & Dispensers","Coffee, Water & Snacks > Coffee, Coffee Makers & Supplies",1.0,65.9728337236534,0.92,0.26932084309133486,0.14,0.5,2,28.400000000000002,0.3867285741923002,0.25,15,0.46308186195826645,False,S_bef55242ed5f,False,,CURATE,Approve,False,"Coffee, Water & Snacks > Coffee, Coffee Makers & Supplies > Coffee Organizers & Dispensers :: L1 :: material_class=wood/bamboo · colour_family=brown/wood · organizer_type=station/condiment organizer · pod_system=k-cup",1,ATTR-UNDERCUT,Method 1,2,0.781566559507223,Bokelai Coffee Station Organizer for Countertop Bar Accessories,19.99,https://www.amazon.com/dp/B0FFSTB1VS,,False,False,brown/wood,wood/bamboo,farmhouse/rustic,0.6276083467094703,,S_bef55242ed5f,"Mind Reader 11 Compartment Wood Coffee Organizer, Brown (COMORGBM-BRN)",74.39,https://www.staples.com/mind-reader-11-compartment-coffee-condiment-organizer-brown-bamboo-comorgbm-brn/product_24337087,brown/wood,wood/bamboo,,0.16452648475120385
A_b426683417a3,"Coffee, Water & Snacks > Coffee, Coffee Makers & Supplies > Coffee Organizers & Dispensers","Coffee, Water & Snacks > Coffee, Coffee Makers & Supplies",1.0,65.9728337236534,0.92,0.26932084309133486,0.14,0.5,2,28.400000000000002,0.3867285741923002,0.25,15,0.46308186195826645,False,S_bef55242ed5f,False,,CURATE,Approve,False,"Coffee, Water & Snacks > Coffee, Coffee Makers & Supplies > Coffee Organizers & Dispensers :: L1 :: material_class=wood/bamboo · colour_family=brown/wood · organizer_type=station/condiment organizer · pod_system=k-cup",1,ATTR-UNDERCUT,Method 1,3,0.7815665297049006,"QUALLON Coffee Station Organizer with Small Removable Dividers, Wooden Coffee Bar Accessories Storage For Countertop, Farmhouse Kcup Coffee Pod Holder Basket With Handle For Coffee Lover",19.99,https://www.amazon.com/dp/B0B4DDB57S,QUALLON,False,False,brown/wood,wood/bamboo,farmhouse/rustic,0.6276083467094703,,S_bef55242ed5f,"Mind Reader 11 Compartment Wood Coffee Organizer, Brown (COMORGBM-BRN)",74.39,https://www.staples.com/mind-reader-11-compartment-coffee-condiment-organizer-brown-bamboo-comorgbm-brn/product_24337087,brown/wood,wood/bamboo,,0.16452648475120385
W_628d7ad457b8,Furniture > Cubicle & Panel Systems > Office Partitions & Dividers,Furniture > Cubicle & Panel Systems,1.0,73.93939393939395,0.898989898989899,0.5,0.6661422252655029,0.5,4,59.968536376953125,0.18974819575076377,0.75,15,0.48169336384439354,True,S_3c556e8fb08a,False,,LEAN-APPROVE,Approve,False,Furniture > Cubicle & Panel Systems > Office Partitions & Dividers :: L1 :: colour_family=beige/cream · divider_type=folding screen · gap__aesthetic_tags__natural/woven=yes · gap__use_context__residential living=no,1,ATTR-UNDERCUT,Method 1,1,0.6762831646626819,bali & pari Kiyoko Natural Rattan Room Divider - Handwoven Wicker Tri-Fold Decorative Privacy Screen with Woven Leaf Motif,299.99,https://www.wayfair.com/furniture/pdp/wholesale-interiors-bali-pari-kiyoko-natural-rattan-room-divider-handwoven-wicker-tri-fold-decorative-privacy-screen-with-woven-leaf-motif-w121919805.html,Wholesale Interiors,False,False,beige/cream,rattan/woven,boho/coastal,0.9107551487414187,,S_3c556e8fb08a,"Luxor Freestanding 3-Panel Mobile Magnetic Whiteboard Room Divider, 53.5""H x 91""W, White (MB9152WW)",769.69,https://www.staples.com/luxor-freestanding-3-panel-mobile-magnetic-whiteboard-room-divider-53-5-h-x-91-w-white-mb9152ww/product_24571324,white,acrylic/plastic,,0.4290617848970252
W_f3917310d77b,Furniture > Cubicle & Panel Systems > Office Partitions & Dividers,Furniture > Cubicle & Panel Systems,1.0,63.63636363636363,0.7272727272727273,0.5,0.6667770147323608,0.6,5,64.00662231445312,1.1459697173716856,0.7,15,0.3501144164759725,False,S_59bd98514983,False,,LEAN-APPROVE,Approve,False,Furniture > Cubicle & Panel Systems > Office Partitions & Dividers :: L1 :: colour_family=beige/cream · divider_type=folding screen · gap__aesthetic_tags__natural/woven=yes · gap__use_context__residential living=no,1,ATTR-UNDERCUT,Method 1,2,0.6586219161435178,"70.87""New Chinese-style solid wood folding mobile partition screen",799.99,https://www.wayfair.com/furniture/pdp/red-barrel-studio-7087new-chinese-style-solid-wood-folding-mobile-partition-screen-w121518254.html,Red Barrel Studio,True,False,beige/cream,wood,,0.9210526315789473,,S_59bd98514983,"Luxor Oakwood 3-Panel Room Divider, 70""H x 70""W, Oak Grain (PPWL012)",546.69,https://www.staples.com/luxor-oakwood-3-panel-room-divider-70-h-x-70-w-oak-grain-ppwl012/product_24631705,brown/wood,wood,minimalist,0.5709382151029748
W_0add12f454b0,Furniture > Cubicle & Panel Systems > Office Partitions & Dividers,Furniture > Cubicle & Panel Systems,1.0,91.51515151515152,0.8585858585858586,1.0,0.7382569313049316,0.4,5,60.295413970947266,0.13426618243964963,0.75,15,0.3615560640732265,True,S_3c556e8fb08a,False,,LEAN-APPROVE,Approve,False,Furniture > Cubicle & Panel Systems > Office Partitions & Dividers :: L1 :: colour_family=beige/cream · divider_type=folding screen · gap__aesthetic_tags__natural/woven=yes · gap__use_context__residential living=no,1,NO-TWIN,Method 1,3,0.6503619769290601,"4 Panel Wave Fiber Folding Room Divider, Portable Privacy Partition Screen for Home & Office, Natural",87.99,https://www.wayfair.com/furniture/pdp/dakota-fields-4-panel-wave-fiber-folding-room-divider-portable-privacy-partition-screen-for-home-office-natural-w121593210.html,Dakota Fields,True,False,beige/cream,rattan/woven,farmhouse/rustic,0.7906178489702517,beige/cream,S_3c556e8fb08a,"Luxor Freestanding 3-Panel Mobile Magnetic Whiteboard Room Divider, 53.5""H x 91""W, White (MB9152WW)",769.69,https://www.staples.com/luxor-freestanding-3-panel-mobile-magnetic-whiteboard-room-divider-53-5-h-x-91-w-white-mb9152ww/product_24571324,white,acrylic/plastic,,0.4290617848970252
W_57d1b10af280,Furniture > Cubicle & Panel Systems > Office Partitions & Dividers,Furniture > Cubicle & Panel Systems,1.0,69.70832446242284,0.898989898989899,0.3942232630757221,0.7393510937690735,0.4,5,60.36106491088867,0.24159708841789765,0.75,15,0.31006864988558347,True,S_3c556e8fb08a,False,,LEAN-APPROVE,Approve,False,Furniture > Cubicle & Panel Systems > Office Partitions & Dividers :: L1 :: colour_family=beige/cream · divider_type=folding screen · gap__aesthetic_tags__natural/woven=yes · gap__use_context__residential living=yes,1,NO-TWIN,Method 1,1,0.6418149811806886,"Room Divider, 6 Panel Folding Privacy Screen, 6FT Tall Portable Wicker Weave Partition Wall Divider For Bedroom, Home Office, Natural",157.99,https://www.wayfair.com/furniture/pdp/cosotower-room-divider-6-panel-folding-privacy-screen-6ft-tall-portable-wicker-weave-partition-wall-divider-for-bedroom-home-office-csot1259.html?piid=120864583,CoSoTower,False,False,beige/cream,rattan/woven,boho/coastal,0.7391304347826086,beige/cream|brown/wood,S_3c556e8fb08a,"Luxor Freestanding 3-Panel Mobile Magnetic Whiteboard Room Divider, 53.5""H x 91""W, White (MB9152WW)",769.69,https://www.staples.com/luxor-freestanding-3-panel-mobile-magnetic-whiteboard-room-divider-53-5-h-x-91-w-white-mb9152ww/product_24571324,white,acrylic/plastic,,0.4290617848970252
W_26a34d0b1eaf,Furniture > Cubicle & Panel Systems > Office Partitions & Dividers,Furniture > Cubicle & Panel Systems,1.0,68.57178340784898,0.7070707070707071,0.6536885245901639,0.6477112174034119,0.4,5,54.86267852783203,0.16783654286324654,0.5,15,0.1235697940503433,True,S_3c556e8fb08a,False,,LEAN-APPROVE,Approve,False,Furniture > Cubicle & Panel Systems > Office Partitions & Dividers :: L1 :: colour_family=beige/cream · divider_type=folding screen · gap__aesthetic_tags__natural/woven=yes · gap__use_context__residential living=yes,1,NO-TWIN,Method 1,2,0.629289706568969,Proman Products Jakarta-B 4 Panel Folding Screen Room Divider Metal Frame with Water Hyacinth Inserts Natural Color with Espresso Bands,109.99,https://www.wayfair.com/furniture/pdp/bay-isle-home-samual-screen-4-panel-room-divider-w002799898.html,Bay Isle Home,True,False,beige/cream,metal,traditional,0.5526315789473685,,S_3c556e8fb08a,"Luxor Freestanding 3-Panel Mobile Magnetic Whiteboard Room Divider, 53.5""H x 91""W, White (MB9152WW)",769.69,https://www.staples.com/luxor-freestanding-3-panel-mobile-magnetic-whiteboard-room-divider-53-5-h-x-91-w-white-mb9152ww/product_24571324,white,acrylic/plastic,,0.4290617848970252
W_4fdb23fb8301,Furniture > Cubicle & Panel Systems > Office Partitions & Dividers,Furniture > Cubicle & Panel Systems,1.0,78.74033070754382,0.898989898989899,0.620023419203747,0.6661430597305298,0.5,4,59.96858596801758,0.055022485910726816,0.75,15,0.17048054919908462,True,S_3c556e8fb08a,False,,LEAN-APPROVE,Approve,False,Furniture > Cubicle & Panel Systems > Office Partitions & Dividers :: L1 :: colour_family=beige/cream · divider_type=folding screen · gap__aesthetic_tags__natural/woven=yes · gap__use_context__residential living=yes,1,ATTR-UNDERCUT,Method 1,3,0.6160318939718556,Cecilia 68.5'' H Folding Room Divider,86.99,https://www.wayfair.com/furniture/pdp/bayou-breeze-cecilia-685-h-bamboorattan-folding-room-divider-w001486435.html?piid=1789517604%2C1789517605,Bayou Breeze,False,False,beige/cream,rattan/woven,modern,0.5995423340961098,beige/cream,S_3c556e8fb08a,"Luxor Freestanding 3-Panel Mobile Magnetic Whiteboard Room Divider, 53.5""H x 91""W, White (MB9152WW)",769.69,https://www.staples.com/luxor-freestanding-3-panel-mobile-magnetic-whiteboard-room-divider-53-5-h-x-91-w-white-mb9152ww/product_24571324,white,acrylic/plastic,,0.4290617848970252
W_300c204ee264,Furniture > Cubicle & Panel Systems > Office Partitions & Dividers,Furniture > Cubicle & Panel Systems,1.0,73.93939393939395,0.898989898989899,0.5,0.7535555958747864,0.4,5,61.21333694458008,1.0462724178075127,0.6666666666666666,15,0.6270022883295194,True,S_f731d2e5b86b,False,,LEAN-APPROVE,Approve,False,Furniture > Cubicle & Panel Systems > Office Partitions & Dividers :: L1 :: colour_family=multi/pattern · divider_type=folding screen · gap__aesthetic_tags__natural/woven=no · gap__use_context__residential living=no,1,ATTR-STYLE-EXT,both methods,1,0.6862010134494005,Christopher 47'' W x 71'' H 3 - Panel Folding Room Divider,709.99,https://www.wayfair.com/furniture/pdp/bayou-breeze-christopher-3-panel-591ft-room-divider-w002653361.html,Bayou Breeze,False,False,multi/pattern,wood,contemporary,0.982837528604119,,S_f731d2e5b86b,Luxor RECLAIM 3-Panel Acoustic Work Pod (RCLMWP3),1251.19,https://www.staples.com/luxor-reclaim-3-panel-acoustic-work-pod-rclmwp3/product_24614073,grey,fabric/acoustic,contemporary,0.35583524027459956
W_514630233ea1,Furniture > Cubicle & Panel Systems > Office Partitions & Dividers,Furniture > Cubicle & Panel Systems,1.0,77.57575757575759,0.6262626262626263,1.0,0.6399936676025391,0.75,4,68.39962005615234,0.5613454745207479,1.0,3,0.6052631578947368,True,S_00ef80cb7fd0,False,,LEAN-APPROVE,Approve,False,Furniture > Cubicle & Panel Systems > Office Partitions & Dividers :: L1 :: colour_family=multi/pattern · divider_type=folding screen · gap__aesthetic_tags__natural/woven=no · gap__use_context__residential living=no,1,ATTR-TRADE-UP,both methods,2,0.6520899749866067,Modern Folding Movable Room Divider with Floral & Botanical Print,1399.99,https://www.wayfair.com/furniture/pdp/red-barrel-studio-modern-folding-movable-room-divider-with-floral-botanical-print-w122518497.html,Red Barrel Studio,True,False,multi/pattern,wood,modern,0.9851258581235698,,S_00ef80cb7fd0,"Versare QuickWall Freestanding Folding Portable Partition, 80"" x 100"", Opal Fluted Polycarbonate (1821224)",1580.99,https://www.staples.com/versare-quickwall-freestanding-folding-portable-partition-80-x-100-opal-fluted-polycarbonate-1821224/product_24531094,white,acrylic/plastic,minimalist,0.37986270022883295
W_b00b3b23ab42,Furniture > Cubicle & Panel Systems > Office Partitions & Dividers,Furniture > Cubicle & Panel Systems,1.0,77.57575757575759,0.6262626262626263,1.0,0.6399936676025391,0.75,4,68.39962005615234,0.6816346496978738,1.0,3,0.29519450800915337,True,S_00ef80cb7fd0,False,,LEAN-APPROVE,Approve,False,Furniture > Cubicle & Panel Systems > Office Partitions & Dividers :: L1 :: colour_family=multi/pattern · divider_type=folding screen · gap__aesthetic_tags__natural/woven=no · gap__use_context__residential living=no,1,ATTR-TRADE-UP,both methods,3,0.589446372925826,Vintage Foldable Art Screen Divider,1699.99,https://www.wayfair.com/furniture/pdp/lees-luxury-furniture-vintage-foldable-art-screen-divider-lefs1445.html,Lee's luxury furniture,False,False,multi/pattern,fabric/acoustic,,0.6750572082379863,,S_00ef80cb7fd0,"Versare QuickWall Freestanding Folding Portable Partition, 80"" x 100"", Opal Fluted Polycarbonate (1821224)",1580.99,https://www.staples.com/versare-quickwall-freestanding-folding-portable-partition-80-x-100-opal-fluted-polycarbonate-1821224/product_24531094,white,acrylic/plastic,minimalist,0.37986270022883295
W_0fd7214ac3ea,Furniture > Cubicle & Panel Systems > Office Partitions & Dividers,Furniture > Cubicle & Panel Systems,1.0,57.57575757575758,0.6262626262626263,0.5,0.6399936676025391,0.75,4,68.39962005615234,0.4250177426533387,1.0,3,0.5423340961098398,True,S_00ef80cb7fd0,False,,REVIEW,Review / hold,False,Furniture > Cubicle & Panel Systems > Office Partitions & Dividers :: L1 :: colour_family=multi/pattern · divider_type=folding screen · gap__aesthetic_tags__natural/woven=yes · gap__use_context__residential living=no,1,ATTR-TRADE-UP,Method 2,1,0.6374207716784707,Mid-Century Tropical Southeast Asian Solid Wood Movable Folding Room Divider with Abstract Pattern,1059.99,https://www.wayfair.com/furniture/pdp/dakota-fields-mid-century-tropical-southeast-asian-solid-wood-movable-folding-room-divider-with-abstract-pattern-w121468137.html,Dakota Fields,True,False,multi/pattern,wood,mid-century,0.9221967963386728,,S_00ef80cb7fd0,"Versare QuickWall Freestanding Folding Portable Partition, 80"" x 100"", Opal Fluted Polycarbonate (1821224)",1580.99,https://www.staples.com/versare-quickwall-freestanding-folding-portable-partition-80-x-100-opal-fluted-polycarbonate-1821224/product_24531094,white,acrylic/plastic,minimalist,0.37986270022883295
W_9f6687a7d0d1,Furniture > Cubicle & Panel Systems > Office Partitions & Dividers,Furniture > Cubicle & Panel Systems,1.0,68.92768433752042,0.898989898989899,0.37470725995316156,0.7423297762870789,0.75,4,74.539794921875,0.2011465558425138,1.0,15,0.5205949656750573,True,S_29d91745a446,False,,UNDERCUT,Reject,False,Furniture > Cubicle & Panel Systems > Office Partitions & Dividers :: L1 :: colour_family=multi/pattern · divider_type=folding screen · gap__aesthetic_tags__natural/woven=yes · gap__use_context__residential living=no,1,ATTR-STYLE-EXT,Method 2,2,0.6155164434653397,Rampzipoor 48'' W x 72'' H 3 - Panel Solid Wood Folding Room Divider,559.99,https://www.wayfair.com/furniture/pdp/hokku-designs-rampzipoor-3-panel-6ft-room-divider-w003108386.html,Hokku Designs,True,False,multi/pattern,wood,scandinavian,0.9702517162471396,,S_29d91745a446,"Versare The Room Divider 360 Freestanding Folding Portable Partition, 72""H x 300""W, Opal Fluted Polycarbonate (1272906)",3734.99,https://www.staples.com/versare-the-room-divider-360-freestanding-folding-portable-partition-72-h-x-300-w-opal-fluted-polycarbonate-1272906/product_24556684,white,acrylic/plastic,minimalist,0.4496567505720824
W_b63df2bba0e2,Furniture > Cubicle & Panel Systems > Office Partitions & Dividers,Furniture > Cubicle & Panel Systems,1.0,62.42424242424243,0.7070707070707071,0.5,0.6477112174034119,0.8,5,70.8626708984375,2.0294656208990753,0.76,15,0.33867276887871856,False,S_59bd98514983,False,,TRADE-UP,Approve,False,Furniture > Cubicle & Panel Systems > Office Partitions & Dividers :: L1 :: colour_family=multi/pattern · divider_type=folding screen · gap__aesthetic_tags__natural/woven=yes · gap__use_context__residential living=no,1,NO-TWIN,Method 2,3,0.6234402841834237,4 Panels Solid Wood Oil Painting Canvas Folding Room Divider,1329.99,https://www.wayfair.com/furniture/pdp/red-barrel-studio-4-panels-solid-wood-oil-painting-canvas-folding-room-divider-w118457517.html,Red Barrel Studio,True,False,multi/pattern,wood,traditional,0.9096109839816934,,S_59bd98514983,"Luxor Oakwood 3-Panel Room Divider, 70""H x 70""W, Oak Grain (PPWL012)",546.69,https://www.staples.com/luxor-oakwood-3-panel-room-divider-70-h-x-70-w-oak-grain-ppwl012/product_24631705,brown/wood,wood,minimalist,0.5709382151029748
W_b6b34ef6faf0,Furniture > Cubicle & Panel Systems > Office Partitions & Dividers,Furniture > Cubicle & Panel Systems,1.0,73.93939393939395,0.898989898989899,0.5,0.666143536567688,0.5,4,59.96861267089844,0.07210671794255498,0.5,15,0.41189931350114417,True,S_3c556e8fb08a,False,,LEAN-APPROVE,Approve,False,Furniture > Cubicle & Panel Systems > Office Partitions & Dividers :: L2 :: colour_tone=light-neutral · divider_type=folding screen · design=oriental/art · gap__aesthetic_tags__luxe=no,2,ATTR-UNDERCUT,Method 1,1,0.6613517915656966,Mabie 67'' H Solid Wood Folding Room Divider,114.0,https://www.wayfair.com/furniture/pdp/bay-isle-home-mabie-folding-room-divider-w004394948.html?piid=829103237%2C893758023,Bay Isle Home,True,False,white,wood,scandinavian,0.8409610983981693,white,S_3c556e8fb08a,"Luxor Freestanding 3-Panel Mobile Magnetic Whiteboard Room Divider, 53.5""H x 91""W, White (MB9152WW)",769.69,https://www.staples.com/luxor-freestanding-3-panel-mobile-magnetic-whiteboard-room-divider-53-5-h-x-91-w-white-mb9152ww/product_24571324,white,acrylic/plastic,,0.4290617848970252
W_0add12f454b0,Furniture > Cubicle & Panel Systems > Office Partitions & Dividers,Furniture > Cubicle & Panel Systems,1.0,91.51515151515152,0.8585858585858586,1.0,0.7382569313049316,0.4,5,60.295413970947266,0.13426618243964963,0.75,15,0.3615560640732265,True,S_3c556e8fb08a,False,,LEAN-APPROVE,Approve,False,Furniture > Cubicle & Panel Systems > Office Partitions & Dividers :: L2 :: colour_tone=light-neutral · divider_type=folding screen · design=oriental/art · gap__aesthetic_tags__luxe=no,2,NO-TWIN,Method 1,2,0.6475927749351178,"4 Panel Wave Fiber Folding Room Divider, Portable Privacy Partition Screen for Home & Office, Natural",87.99,https://www.wayfair.com/furniture/pdp/dakota-fields-4-panel-wave-fiber-folding-room-divider-portable-privacy-partition-screen-for-home-office-natural-w121593210.html,Dakota Fields,True,False,beige/cream,rattan/woven,farmhouse/rustic,0.7906178489702517,beige/cream,S_3c556e8fb08a,"Luxor Freestanding 3-Panel Mobile Magnetic Whiteboard Room Divider, 53.5""H x 91""W, White (MB9152WW)",769.69,https://www.staples.com/luxor-freestanding-3-panel-mobile-magnetic-whiteboard-room-divider-53-5-h-x-91-w-white-mb9152ww/product_24571324,white,acrylic/plastic,,0.4290617848970252
W_045edc2f482e,Furniture > Cubicle & Panel Systems > Office Partitions & Dividers,Furniture > Cubicle & Panel Systems,1.0,73.93939393939395,0.898989898989899,0.5,0.666143536567688,0.5,4,59.96861267089844,0.7337111556682838,0.5,15,0.3306636155606407,True,S_3c556e8fb08a,False,,LEAN-APPROVE,Approve,False,Furniture > Cubicle & Panel Systems > Office Partitions & Dividers :: L2 :: colour_tone=light-neutral · divider_type=folding screen · design=oriental/art · gap__aesthetic_tags__luxe=no,2,ATTR-TRADE-UP,Method 1,3,0.6465966754456134,Duma,1159.99,https://www.wayfair.com/furniture/pdp/red-barrel-studio-duma-w112280705.html?piid=1046836774,Red Barrel Studio,True,False,white,wood,,0.7597254004576659,,S_3c556e8fb08a,"Luxor Freestanding 3-Panel Mobile Magnetic Whiteboard Room Divider, 53.5""H x 91""W, White (MB9152WW)",769.69,https://www.staples.com/luxor-freestanding-3-panel-mobile-magnetic-whiteboard-room-divider-53-5-h-x-91-w-white-mb9152ww/product_24571324,white,acrylic/plastic,,0.4290617848970252
W_49b7d8392a78,Furniture > Cubicle & Panel Systems > Office Partitions & Dividers,Furniture > Cubicle & Panel Systems,1.0,61.29426584344617,0.7070707070707071,0.47175058548009363,0.6358608603477478,0.4,5,54.15165328979492,0.20661797414226063,0.5,15,0.44279176201372994,True,S_3c556e8fb08a,False,,LEAN-APPROVE,Approve,False,Furniture > Cubicle & Panel Systems > Office Partitions & Dividers :: L2 :: colour_tone=light-neutral · divider_type=folding screen · design=plain · gap__aesthetic_tags__luxe=yes,2,NO-TWIN,both methods,1,0.6968662223444924,"6 Panel Room Divider Privacy Screen with Storage Shelves - Foldable Partition with Natural Paulownia Wood Frame for Living Room, Bedroom, Office White",143.99,https://www.wayfair.com/furniture/pdp/gracie-oaks-room-divider-privacy-screen-with-storage-shelves-foldable-partition-with-natural-paulownia-wood-frame-for-living-room-bedroom-office-white-w118224351.html?piid=1286799635,Gracie Oaks,True,False,white,wood,minimalist,0.8718535469107551,white,S_3c556e8fb08a,"Luxor Freestanding 3-Panel Mobile Magnetic Whiteboard Room Divider, 53.5""H x 91""W, White (MB9152WW)",769.69,https://www.staples.com/luxor-freestanding-3-panel-mobile-magnetic-whiteboard-room-divider-53-5-h-x-91-w-white-mb9152ww/product_24571324,white,acrylic/plastic,,0.4290617848970252
W_d8058cf1d9a3,Furniture > Cubicle & Panel Systems > Office Partitions & Dividers,Furniture > Cubicle & Panel Systems,1.0,63.54126747569371,0.898989898989899,0.24004683840749413,0.7393510937690735,0.4,5,60.36106491088867,0.37616600911398596,0.5,15,0.5263157894736842,True,S_3c556e8fb08a,False,,LEAN-APPROVE,Approve,False,Furniture > Cubicle & Panel Systems > Office Partitions & Dividers :: L2 :: colour_tone=light-neutral · divider_type=folding screen · design=plain · gap__aesthetic_tags__luxe=yes,2,NO-TWIN,both methods,2,0.6810603180739099,"6 Panel 67"" Tall Wood Privacy Screen Room Divider With 3 Shelves And Folding Storage For Bedroom, White",245.99,https://www.wayfair.com/furniture/pdp/6-panel-folding-room-divider-screen-freestanding-privacy-partition-for-home-or-office-gift-idea-lsin4814.html?piid=132714471%2C133043813,Living Source International,False,False,white,wood,farmhouse/rustic,0.9553775743707094,white,S_3c556e8fb08a,"Luxor Freestanding 3-Panel Mobile Magnetic Whiteboard Room Divider, 53.5""H x 91""W, White (MB9152WW)",769.69,https://www.staples.com/luxor-freestanding-3-panel-mobile-magnetic-whiteboard-room-divider-53-5-h-x-91-w-white-mb9152ww/product_24571324,white,acrylic/plastic,,0.4290617848970252
W_e877ab92f281,Furniture > Cubicle & Panel Systems > Office Partitions & Dividers,Furniture > Cubicle & Panel Systems,1.0,62.42424242424243,0.7070707070707071,0.5,0.6358599662780762,0.4,5,54.1515998840332,0.21092281421745185,0.5,15,0.36727688787185353,True,S_3c556e8fb08a,False,,LEAN-APPROVE,Approve,False,Furniture > Cubicle & Panel Systems > Office Partitions & Dividers :: L2 :: colour_tone=light-neutral · divider_type=folding screen · design=plain · gap__aesthetic_tags__luxe=yes,2,NO-TWIN,both methods,3,0.6833716478609656,Folding Room Divider Screen 8 Panel 5.6 ' Tall Privacy Screen Freestanding Room Partition White,146.99,https://www.wayfair.com/furniture/pdp/highland-dunes-folding-room-divider-screen-8-panel-56-tall-privacy-screen-freestanding-room-partition-white-w123581333.html,Highland Dunes,True,False,white,paper/shoji,traditional,0.7963386727688787,,S_3c556e8fb08a,"Luxor Freestanding 3-Panel Mobile Magnetic Whiteboard Room Divider, 53.5""H x 91""W, White (MB9152WW)",769.69,https://www.staples.com/luxor-freestanding-3-panel-mobile-magnetic-whiteboard-room-divider-53-5-h-x-91-w-white-mb9152ww/product_24571324,white,acrylic/plastic,,0.4290617848970252
W_300c204ee264,Furniture > Cubicle & Panel Systems > Office Partitions & Dividers,Furniture > Cubicle & Panel Systems,1.0,73.93939393939395,0.898989898989899,0.5,0.7535555958747864,0.4,5,61.21333694458008,1.0462724178075127,0.6666666666666666,15,0.6270022883295194,True,S_f731d2e5b86b,False,,LEAN-APPROVE,Approve,False,Furniture > Cubicle & Panel Systems > Office Partitions & Dividers :: L2 :: colour_tone=pattern · divider_type=folding screen · design=print/photo · gap__aesthetic_tags__luxe=no,2,ATTR-STYLE-EXT,Method 2,1,0.6835593057906328,Christopher 47'' W x 71'' H 3 - Panel Folding Room Divider,709.99,https://www.wayfair.com/furniture/pdp/bayou-breeze-christopher-3-panel-591ft-room-divider-w002653361.html,Bayou Breeze,False,False,multi/pattern,wood,contemporary,0.982837528604119,,S_f731d2e5b86b,Luxor RECLAIM 3-Panel Acoustic Work Pod (RCLMWP3),1251.19,https://www.staples.com/luxor-reclaim-3-panel-acoustic-work-pod-rclmwp3/product_24614073,grey,fabric/acoustic,contemporary,0.35583524027459956
W_b146bc9e535e,Furniture > Cubicle & Panel Systems > Office Partitions & Dividers,Furniture > Cubicle & Panel Systems,1.0,57.353984813001205,0.7070707070707071,0.3732435597189695,0.6477112174034119,0.8,5,70.8626708984375,0.3814661091952269,0.7333333333333334,15,0.39244851258581237,False,S_59bd98514983,False,,UNDERCUT,Reject,False,Furniture > Cubicle & Panel Systems > Office Partitions & Dividers :: L2 :: colour_tone=pattern · divider_type=folding screen · design=print/photo · gap__aesthetic_tags__luxe=no,2,NO-TWIN,Method 2,2,0.6297520854707714,4-Panel 4.7' Tall Rustic Wood Pegboard Room Divider - Foldable Portable Privacy Partition for Home Office,249.99,https://www.wayfair.com/furniture/pdp/one-allium-way-4-panel-47-tall-rustic-wood-pegboard-room-divider-foldable-portable-privacy-partition-for-home-office-w116368300.html,One Allium Way,False,False,multi/pattern,wood,farmhouse/rustic,0.9633867276887872,,S_59bd98514983,"Luxor Oakwood 3-Panel Room Divider, 70""H x 70""W, Oak Grain (PPWL012)",546.69,https://www.staples.com/luxor-oakwood-3-panel-room-divider-70-h-x-70-w-oak-grain-ppwl012/product_24631705,brown/wood,wood,minimalist,0.5709382151029748
W_6ca5114b32a2,Furniture > Cubicle & Panel Systems > Office Partitions & Dividers,Furniture > Cubicle & Panel Systems,1.0,62.42424242424243,0.7070707070707071,0.5,0.6477112174034119,0.8,5,70.8626708984375,0.5035401470992157,0.8,15,0.4084668192219679,False,S_59bd98514983,False,,UNDERCUT,Reject,False,Furniture > Cubicle & Panel Systems > Office Partitions & Dividers :: L2 :: colour_tone=pattern · divider_type=folding screen · design=print/photo · gap__aesthetic_tags__luxe=no,2,NO-TWIN,Method 2,3,0.6352965106052992,Dereona Wooden Hinged 4 Panel Floral Partition Room Divider Screen with Intricately Carved Designs,329.99,https://www.wayfair.com/furniture/pdp/bungalow-rose-dereona-wooden-hinged-4-panel-floral-partition-room-divider-screen-with-intricately-carved-designs-blms8935.html,Bungalow Rose,True,False,multi/pattern,wood,traditional,0.9794050343249427,,S_59bd98514983,"Luxor Oakwood 3-Panel Room Divider, 70""H x 70""W, Oak Grain (PPWL012)",546.69,https://www.staples.com/luxor-oakwood-3-panel-room-divider-70-h-x-70-w-oak-grain-ppwl012/product_24631705,brown/wood,wood,minimalist,0.5709382151029748
W_756bd7315065,Furniture > Cubicle & Panel Systems > Office Partitions & Dividers,Furniture > Cubicle & Panel Systems,1.0,62.42424242424243,0.7070707070707071,0.5,0.6358608603477478,0.4,5,54.15165328979492,0.20087818737533902,0.75,15,0.2700228832951945,True,S_3c556e8fb08a,False,,LEAN-APPROVE,Approve,False,Furniture > Cubicle & Panel Systems > Office Partitions & Dividers :: L3 :: colour_family=beige/cream · divider_type=folding screen · design=plain · gap__aesthetic_tags__natural/woven=no,3,NO-TWIN,both methods,1,0.6666830763882303,Folding Room Divider Screen 8 Panel 5.6 ' Tall Privacy Screen Freestanding Room Partition Beige,139.99,https://www.wayfair.com/furniture/pdp/highland-dunes-folding-room-divider-screen-8-panel-56-tall-privacy-screen-freestanding-room-partition-beige-w123581307.html,Highland Dunes,True,False,beige/cream,paper/shoji,traditional,0.6990846681922197,,S_3c556e8fb08a,"Luxor Freestanding 3-Panel Mobile Magnetic Whiteboard Room Divider, 53.5""H x 91""W, White (MB9152WW)",769.69,https://www.staples.com/luxor-freestanding-3-panel-mobile-magnetic-whiteboard-room-divider-53-5-h-x-91-w-white-mb9152ww/product_24571324,white,acrylic/plastic,,0.4290617848970252
W_4e32cbf9b18c,Furniture > Cubicle & Panel Systems > Office Partitions & Dividers,Furniture > Cubicle & Panel Systems,1.0,61.276701440635875,0.7070707070707071,0.4713114754098361,0.6477112174034119,0.4,5,54.86267852783203,0.27007354960783714,0.6666666666666666,15,0.27574370709382146,True,S_3c556e8fb08a,False,,LEAN-APPROVE,Approve,False,Furniture > Cubicle & Panel Systems > Office Partitions & Dividers :: L3 :: colour_family=beige/cream · divider_type=folding screen · design=plain · gap__aesthetic_tags__natural/woven=no,3,NO-TWIN,both methods,2,0.6629596504821385,"HOMCOM 4 Panel Pegboard Display Room Divider, 4.7' Tall Wood Indoor Portable Folding Privacy Screen, Partition Wall Divider For Home Office, Natural",176.99,https://www.wayfair.com/furniture/pdp/wrought-studio-homcom-4-panel-pegboard-display-room-divider-47-tall-wood-indoor-portable-folding-privacy-screen-partition-wall-divider-for-home-office-natural-w120035813.html,Wrought Studio,True,False,beige/cream,wood,,0.7048054919908466,beige/cream,S_3c556e8fb08a,"Luxor Freestanding 3-Panel Mobile Magnetic Whiteboard Room Divider, 53.5""H x 91""W, White (MB9152WW)",769.69,https://www.staples.com/luxor-freestanding-3-panel-mobile-magnetic-whiteboard-room-divider-53-5-h-x-91-w-white-mb9152ww/product_24571324,white,acrylic/plastic,,0.4290617848970252
W_68eb4c0f7de1,Furniture > Cubicle & Panel Systems > Office Partitions & Dividers,Furniture > Cubicle & Panel Systems,1.0,72.79185295578739,0.898989898989899,0.4713114754098361,0.7393510937690735,0.4,5,60.36106491088867,0.21789460806801847,0.75,15,0.3443935926773455,True,S_3c556e8fb08a,False,,LEAN-APPROVE,Approve,False,Furniture > Cubicle & Panel Systems > Office Partitions & Dividers :: L3 :: colour_family=beige/cream · divider_type=folding screen · design=plain · gap__aesthetic_tags__natural/woven=no,3,NO-TWIN,both methods,3,0.6462887207976196,"Folding Room Divider Screen 6 Panel 6' Tall Privacy Screen Freestanding Wood Partition for Home Office, Nature Wood",142.49,https://www.wayfair.com/furniture/pdp/dakota-fields-folding-room-divider-screen-6-panel-6-tall-privacy-screen-freestanding-wood-partition-for-home-office-white-w123581252.html?piid=637760691%2C637760693%2C637760695,Dakota Fields,True,False,beige/cream,wood,traditional,0.7734553775743707,beige/cream,S_3c556e8fb08a,"Luxor Freestanding 3-Panel Mobile Magnetic Whiteboard Room Divider, 53.5""H x 91""W, White (MB9152WW)",769.69,https://www.staples.com/luxor-freestanding-3-panel-mobile-magnetic-whiteboard-room-divider-53-5-h-x-91-w-white-mb9152ww/product_24571324,white,acrylic/plastic,,0.4290617848970252
W_f1efd4ad2f44,Furniture > Cubicle & Panel Systems > Office Partitions & Dividers,Furniture > Cubicle & Panel Systems,1.0,62.42424242424243,0.7070707070707071,0.5,0.6477112174034119,0.4,5,54.86267852783203,0.14799951170384837,0.75,15,0.15217391304347827,True,S_3c556e8fb08a,False,,LEAN-APPROVE,Approve,False,Furniture > Cubicle & Panel Systems > Office Partitions & Dividers :: L3 :: colour_family=beige/cream · divider_type=folding screen · design=plain · gap__aesthetic_tags__natural/woven=yes,3,NO-TWIN,Method 1,1,0.637281586542828,HOMCOM 6' Tall Wicker Weave 4 Panel Room Divider Privacy Screen - Natural,96.99,https://www.wayfair.com/furniture/pdp/wrought-studio-6-tall-wicker-weave-4-panel-room-divider-privacy-screen-brown-w120035812.html?piid=217014864,Wrought Studio,True,False,beige/cream,rattan/woven,boho/coastal,0.5812356979405034,beige/cream,S_3c556e8fb08a,"Luxor Freestanding 3-Panel Mobile Magnetic Whiteboard Room Divider, 53.5""H x 91""W, White (MB9152WW)",769.69,https://www.staples.com/luxor-freestanding-3-panel-mobile-magnetic-whiteboard-room-divider-53-5-h-x-91-w-white-mb9152ww/product_24571324,white,acrylic/plastic,,0.4290617848970252
W_8f554c89b952,Furniture > Cubicle & Panel Systems > Office Partitions & Dividers,Furniture > Cubicle & Panel Systems,1.0,73.93939393939395,0.898989898989899,0.5,0.7457470893859863,0.6,5,68.74482727050781,1.7547990356151004,0.55,15,0.20594965675057203,True,S_7687bee17cde,False,,LEAN-APPROVE,Approve,False,Furniture > Cubicle & Panel Systems > Office Partitions & Dividers :: L3 :: colour_family=beige/cream · divider_type=folding screen · design=plain · gap__aesthetic_tags__natural/woven=yes,3,ATTR-UNDERCUT,Method 1,2,0.5781684841171282,"70.87""Modern minimalist folding mobile screen partition",1149.99,https://www.wayfair.com/furniture/pdp/wrought-studio-7087modern-minimalist-folding-mobile-screen-partition-w121507054.html?piid=2116902643,Wrought Studio,True,False,beige/cream,canvas/print,minimalist,0.6464530892448512,,S_7687bee17cde,"Luxor Translucence 3-Panel Room Divider, 70""H x 70""W, Translucent Plastic (PPWL010)",528.09,https://www.staples.com/luxor-translucence-3-panel-room-divider-70-h-x-70-w-translucent-plastic-ppwl010/product_24631701,clear,acrylic/plastic,minimalist,0.4405034324942792
W_12594f98f699,Furniture > Cubicle & Panel Systems > Office Partitions & Dividers,Furniture > Cubicle & Panel Systems,1.0,62.42424242424243,0.7070707070707071,0.5,0.6637264490127563,0.6,5,63.823585510253906,0.09612961062245838,0.75,15,0.16933638443935928,True,S_3c556e8fb08a,False,,LEAN-APPROVE,Approve,False,Furniture > Cubicle & Panel Systems > Office Partitions & Dividers :: L3 :: colour_family=beige/cream · divider_type=folding screen · design=plain · gap__aesthetic_tags__natural/woven=yes,3,ATTR-UNDERCUT,Method 1,3,0.595913032781614,6' Tall Wicker Weave 3 Panel Room Divider Privacy Screen - Natural,73.99,https://www.wayfair.com/furniture/pdp/wrought-studio-6-tall-wicker-weave-3-panel-room-divider-privacy-screen-brown-w120035763.html?piid=1027591758,Wrought Studio,True,False,beige/cream,rattan/woven,boho/coastal,0.5983981693363845,beige/cream,S_3c556e8fb08a,"Luxor Freestanding 3-Panel Mobile Magnetic Whiteboard Room Divider, 53.5""H x 91""W, White (MB9152WW)",769.69,https://www.staples.com/luxor-freestanding-3-panel-mobile-magnetic-whiteboard-room-divider-53-5-h-x-91-w-white-mb9152ww/product_24571324,white,acrylic/plastic,,0.4290617848970252
W_b146bc9e535e,Furniture > Cubicle & Panel Systems > Office Partitions & Dividers,Furniture > Cubicle & Panel Systems,1.0,57.353984813001205,0.7070707070707071,0.3732435597189695,0.6477112174034119,0.8,5,70.8626708984375,0.3814661091952269,0.7333333333333334,15,0.39244851258581237,False,S_59bd98514983,False,,UNDERCUT,Reject,False,Furniture > Cubicle & Panel Systems > Office Partitions & Dividers :: L3 :: colour_family=multi/pattern · divider_type=folding screen · design=print/photo · gap__aesthetic_tags__natural/woven=yes,3,NO-TWIN,Method 2,1,0.6313488939043042,4-Panel 4.7' Tall Rustic Wood Pegboard Room Divider - Foldable Portable Privacy Partition for Home Office,249.99,https://www.wayfair.com/furniture/pdp/one-allium-way-4-panel-47-tall-rustic-wood-pegboard-room-divider-foldable-portable-privacy-partition-for-home-office-w116368300.html,One Allium Way,False,False,multi/pattern,wood,farmhouse/rustic,0.9633867276887872,,S_59bd98514983,"Luxor Oakwood 3-Panel Room Divider, 70""H x 70""W, Oak Grain (PPWL012)",546.69,https://www.staples.com/luxor-oakwood-3-panel-room-divider-70-h-x-70-w-oak-grain-ppwl012/product_24631705,brown/wood,wood,minimalist,0.5709382151029748
W_19d0b789a40e,Furniture > Cubicle & Panel Systems > Office Partitions & Dividers,Furniture > Cubicle & Panel Systems,1.0,66.23447590660706,0.898989898989899,0.3073770491803278,0.7423297762870789,0.75,4,74.539794921875,0.344825232849256,1.0,15,0.5423340961098397,True,S_29d91745a446,False,,UNDERCUT,Reject,False,Furniture > Cubicle & Panel Systems > Office Partitions & Dividers :: L3 :: colour_family=multi/pattern · divider_type=folding screen · design=print/photo · gap__aesthetic_tags__natural/woven=yes,3,ATTR-TRADE-UP,Method 2,2,0.6190139496899305,Vintage Floral Motif Solid Wood Pine Room Dividers,959.99,https://www.wayfair.com/furniture/pdp/astoria-grand-vintage-floral-motif-solid-wood-pine-room-dividers-w121292559.html?piid=83715789,Astoria Grand,True,False,multi/pattern,wood,mid-century,0.9919908466819222,,S_29d91745a446,"Versare The Room Divider 360 Freestanding Folding Portable Partition, 72""H x 300""W, Opal Fluted Polycarbonate (1272906)",3734.99,https://www.staples.com/versare-the-room-divider-360-freestanding-folding-portable-partition-72-h-x-300-w-opal-fluted-polycarbonate-1272906/product_24556684,white,acrylic/plastic,minimalist,0.4496567505720824
W_b63df2bba0e2,Furniture > Cubicle & Panel Systems > Office Partitions & Dividers,Furniture > Cubicle & Panel Systems,1.0,62.42424242424243,0.7070707070707071,0.5,0.6477112174034119,0.8,5,70.8626708984375,2.0294656208990753,0.76,15,0.33867276887871856,False,S_59bd98514983,False,,TRADE-UP,Approve,False,Furniture > Cubicle & Panel Systems > Office Partitions & Dividers :: L3 :: colour_family=multi/pattern · divider_type=folding screen · design=print/photo · gap__aesthetic_tags__natural/woven=yes,3,NO-TWIN,Method 2,3,0.6232702023295571,4 Panels Solid Wood Oil Painting Canvas Folding Room Divider,1329.99,https://www.wayfair.com/furniture/pdp/red-barrel-studio-4-panels-solid-wood-oil-painting-canvas-folding-room-divider-w118457517.html,Red Barrel Studio,True,False,multi/pattern,wood,traditional,0.9096109839816934,,S_59bd98514983,"Luxor Oakwood 3-Panel Room Divider, 70""H x 70""W, Oak Grain (PPWL012)",546.69,https://www.staples.com/luxor-oakwood-3-panel-room-divider-70-h-x-70-w-oak-grain-ppwl012/product_24631705,brown/wood,wood,minimalist,0.5709382151029748
