unit_id,gap_type,name,example_paths,home_L1,home_path,nearest_staples_shelf,nearest_staples_score,k,carriers,members_n,member_competitors,contradicting_peers,soft_gap_share,PC,GS,AAS,CRS,AAS_V,AAS_G,CRS_V,CRS_G,competitor_shelves,competitor_items_counted,staples_shelves,crs_driver,centroid_uid,labelled_members,competitor_view,staples_items,median_depth_gap,staples_depth,label,label_V,label_G,zone_before_verify,O,evidence,action,theme,p_approved,p_top_n,verify_outcome,rank_in_zone,aisle,competitor_dept,family,display
E0141,ENTER,Personal Safety,Walmart: Home Improvement > Home Safety > Personal Safety,Safety Supplies,Safety Supplies > Safety Storage,Safety Supplies > Safety Storage,0.8387637695902919,3,"Amazon, OfficeDepot, Walmart",1,1,2,0.0,0.6,0.8384748499065767,100.0,64.11552975326559,100.0,100.0,69.71823899371068,58.5128205128205,1.0,0.0,0,Facilities > Facilities Signs > Safety Signs,Walmart::Home Improvement > Home Safety > Personal Safety,1,,,,,1P-CORE GAP,1P-CORE GAP,REVIEW,1P-CORE GAP,0.2883195885727223,B,Fix in 1P merchandising - a marketplace here would cannibalise core,"Health, safety & facilities",0.0,0.0,,1,Safety Supplies > Safety Storage,Home Improvement,Safety Supplies > Safety Storage,Personal Safety
E0344,ENTER,Patio Heater Replacement Parts,"Amazon: Patio, Lawn & Garden > Outdoor Heating & Cooling > Patio Heater Replacement Parts",Facilities,Facilities > Heating & Cooling,Facilities > Heating & Cooling > Heaters,0.8326795425869238,4,"Amazon, OfficeDepot, Walmart, Wayfair",1,1,3,0.0,0.8,0.8027763270789109,94.41265976871577,68.78835746404536,88.82531953743154,100.0,60.49492073284004,77.08179419525067,1.0,0.0,0,Facilities > Heating & Cooling > Heaters,"Amazon::Patio, Lawn & Garden > Outdoor Heating & Cooling > Patio Heater Replacement Parts",1,,,,,1P-CORE GAP,1P-CORE GAP,1P-CORE GAP,1P-CORE GAP,0.26349171187766635,A,Fix in 1P merchandising - a marketplace here would cannibalise core,Outdoor living & grounds,0.0,0.0,,2,Facilities > Heating & Cooling,"Patio, Lawn & Garden",Facilities > Heating & Cooling,Patio Heater Replacement Parts
D0042,DEEPEN,Shelving,Furniture > Storage Furniture > Shelving,Furniture,Furniture > Storage Furniture,Furniture > Storage Furniture > Shelving,1.0,2,"Walmart, Wayfair",4,2,0,0.0,0.4,0.9524969628241382,89.4623639467232,65.87284690336624,,,,,,,1,Furniture > Storage Furniture > Shelving,Staples::Furniture > Storage Furniture > Shelving,0,"Storage Racks & Shelving Units, Bathroom Cabinets & Shelving, Shelving Storage",200.0,0.27308773146364895,3.0,1P-CORE GAP,,,1P-CORE GAP,0.2531419219195082,B,Fix in 1P merchandising - a marketplace here would cannibalise core,Home décor & furnishings,0.0,0.0,,3,Furniture > Storage Furniture,,Furniture > Storage Furniture,Shelving
E0134,ENTER,Privacy Screens,Wayfair: Outdoor > Outdoor Fencing & Flooring > Privacy Screens,Furniture,Furniture > Cubicle & Panel Systems,Furniture > Cubicle & Panel Systems > Privacy Booths,0.7689068316128105,4,"Amazon, OfficeDepot, Walmart, Wayfair",1,1,3,0.0,0.8,0.7969404837054169,93.43800143861009,70.66163522012579,95.05782105903836,91.8181818181818,70.6817610062893,70.64150943396227,1.0,0.0,0,Computers & Accessories > Computer Accessories & Peripherals > Computer Privacy Screens & Protectors,Wayfair::Outdoor > Outdoor Fencing & Flooring > Privacy Screens,1,,,,,1P-CORE GAP,1P-CORE GAP,1P-CORE GAP,1P-CORE GAP,0.24622022366469468,A,Fix in 1P merchandising - a marketplace here would cannibalise core,"Celebrations, gifting & creativity",0.0,0.0,,4,Gift Shop > Professional Gifts,Outdoor,Gift Shop > Professional Gifts,Privacy Screens
E0271,ENTER,Wall Ovens,"Amazon: Appliances > Ranges, Ovens & Cooktops > Wall Ovens",Appliances & Kitchenware,Appliances & Kitchenware > Major Appliances,"Coffee, Water & Snacks > Breakroom Appliances > Toaster Ovens",0.8369041941904902,3,"Amazon, Walmart, Wayfair",1,1,2,0.0,0.6,0.7588567617007344,55.710322704857965,62.00228358574633,62.373706634205725,49.046938775510206,70.27924528301887,53.7253218884738,1.0,0.0,0,"Coffee, Water & Snacks > Breakroom Appliances > Toaster Ovens","Amazon::Appliances > Ranges, Ovens & Cooktops > Wall Ovens",1,,,,,1P-CORE GAP,1P-CORE GAP,REVIEW,1P-CORE GAP,0.24422303988000701,B,Fix in 1P merchandising - a marketplace here would cannibalise core,"Breakroom, kitchen & hospitality",0.0,0.0,,5,"Coffee, Water & Snacks > Breakroom Appliances",Appliances,"Coffee, Water & Snacks > Breakroom Appliances",Wall Ovens
D0029,DEEPEN,Office Partitions & Dividers,Furniture > Cubicle & Panel Systems > Office Partitions & Dividers,Furniture,Furniture > Cubicle & Panel Systems,Furniture > Cubicle & Panel Systems > Office Partitions & Dividers,1.0,2,"OfficeDepot, Wayfair",3,2,0,0.0,0.4,0.8046185643834043,84.25851416647001,63.78843809844476,,,,,,,1,Furniture > Cubicle & Panel Systems > Office Partitions & Dividers,Staples::Furniture > Cubicle & Panel Systems > Office Partitions & Dividers,0,"Portable Partitions, Dividers, Office Partitions",152.0,0.7906579718136546,3.0,1P-CORE GAP,,,1P-CORE GAP,0.24420789103592885,B,Fix in 1P merchandising - a marketplace here would cannibalise core,Home décor & furnishings,0.0,0.0,,6,Furniture > Cubicle & Panel Systems,,Furniture > Cubicle & Panel Systems,Office Partitions & Dividers
E0358,ENTER,Electronic Organizers,Amazon: Office Products > Office Electronics > Electronic Organizers,Office Supplies,Office Supplies > Desk Organizers & Accessories,Office Supplies > Desk Organizers & Accessories,0.7946162169209913,2,"Amazon, Walmart",1,1,0,0.0,0.4,0.8441170255993499,95.53325549331115,66.22001208699159,96.3481436396835,94.71836734693878,59.50972458303446,72.9302995909487,1.0,0.0,0,Office Supplies > Desk Organizers & Accessories,Amazon::Office Products > Office Electronics > Electronic Organizers,1,,,,,1P-CORE GAP,REVIEW,1P-CORE GAP,1P-CORE GAP,0.2439052697805309,B,Fix in 1P merchandising - a marketplace here would cannibalise core,Core office & business supplies,0.0,0.0,,7,Office Supplies > Desk Organizers & Accessories,Office Products,Office Supplies > Desk Organizers & Accessories,Electronic Organizers
D0025,DEEPEN,Breakroom & Dining Chairs,Furniture > Chairs & Seating > Breakroom & Dining Chairs,Furniture,Furniture > Chairs & Seating,Furniture > Chairs & Seating > Breakroom & Dining Chairs,1.0,2,"Wayfair, WestElm",3,2,0,0.0,0.4,0.6291124208304011,92.6496733203324,62.45508630777158,,,,,,,1,Furniture > Chairs & Seating > Breakroom & Dining Chairs,Staples::Furniture > Chairs & Seating > Breakroom & Dining Chairs,0,"Custom Dining Chairs, Patio Dining Chairs, Kitchen & Dining Chairs",75.0,0.9729795286076093,3.0,1P-CORE GAP,,,1P-CORE GAP,0.23958849922162295,B,Fix in 1P merchandising - a marketplace here would cannibalise core,"Breakroom, kitchen & hospitality",0.0,0.0,,8,Furniture > Chairs & Seating,,Furniture > Chairs & Seating,Breakroom & Dining Chairs
D0009,DEEPEN,Toaster Ovens,"Coffee, Water & Snacks > Breakroom Appliances > Toaster Ovens","Coffee, Water & Snacks","Coffee, Water & Snacks > Breakroom Appliances","Coffee, Water & Snacks > Breakroom Appliances > Toaster Ovens",1.0,2,"OfficeDepot, Wayfair",3,2,0,0.0,0.4,0.5484232849766413,80.88483837844328,60.344718008941086,,,,,,,1,"Coffee, Water & Snacks > Breakroom Appliances > Toaster Ovens","Staples::Coffee, Water & Snacks > Breakroom Appliances > Toaster Ovens",0,"Toasters & Countertop Ovens, Toasters & Toaster Ovens, Wall Ovens",41.0,0.9729795286076093,3.0,1P-CORE GAP,,,1P-CORE GAP,0.22786030708517474,B,Fix in 1P merchandising - a marketplace here would cannibalise core,"Breakroom, kitchen & hospitality",0.0,0.0,,9,"Coffee, Water & Snacks > Breakroom Appliances",,"Coffee, Water & Snacks > Breakroom Appliances",Toaster Ovens
D0024,DEEPEN,Chair Mats,Furniture > Chair Mats,Furniture,Furniture > Chair Mats,Furniture > Chair Mats,1.0,2,"OfficeDepot, Wayfair",3,2,0,0.0,0.4,0.6504833107941972,87.51045836174087,65.42310169639391,,,,,,,1,Furniture > Chair Mats,Staples::Furniture > Chair Mats,0,"Chair Mats, Kitchen Mats",308.0,0.7906579718136546,2.0,1P-CORE GAP,,,1P-CORE GAP,0.2179037977026584,B,Fix in 1P merchandising - a marketplace here would cannibalise core,Home décor & furnishings,0.0,0.0,,10,Furniture > Chair Mats,,Furniture > Chair Mats,Chair Mats
D0061,DEEPEN,Scanners & Scanner Accessories,Printers & Scanners > Scanners & Scanner Accessories,Printers & Scanners,Printers & Scanners > Scanners & Scanner Accessories,Printers & Scanners > Scanners & Scanner Accessories,1.0,2,"Amazon, OfficeDepot",3,2,0,0.0,0.4,0.7606201933482433,95.5945194206715,68.81219608145307,,,,,,,2,Printers & Scanners > Scanners & Scanner Accessories,Staples::Printers & Scanners > Scanners & Scanner Accessories,0,"Radio Scanners, 3D Scanners, Computer Scanners",245.0,0.7553031060503654,2.0,1P-CORE GAP,,,1P-CORE GAP,0.21613167637056752,B,Fix in 1P merchandising - a marketplace here would cannibalise core,Technology & connected workspace,0.0,0.0,,11,Printers & Scanners > Scanners & Scanner Accessories,,Printers & Scanners > Scanners & Scanner Accessories,Scanners & Scanner Accessories
D0072,DEEPEN,Projector Screens,"Shredders, Projectors & Office Machines > Projectors & Accessories > Projector Screens","Shredders, Projectors & Office Machines","Shredders, Projectors & Office Machines > Projectors & Accessories","Shredders, Projectors & Office Machines > Projectors & Accessories > Projector Screens",1.0,2,"OfficeDepot, Wayfair",3,2,0,0.0,0.4,0.5205618391935087,89.10501478132336,64.65731141466016,,,,,,,1,"Shredders, Projectors & Office Machines > Projectors & Accessories > Projector Screens","Staples::Shredders, Projectors & Office Machines > Projectors & Accessories > Projector Screens",0,"Projection & Screens, Projector Screens, Projection Screens",14.0,0.9729795286076093,3.0,1P-CORE GAP,,,1P-CORE GAP,0.20834928008582604,B,Fix in 1P merchandising - a marketplace here would cannibalise core,Technology & connected workspace,0.0,0.0,,12,"Shredders, Projectors & Office Machines > Projectors & Accessories",,"Shredders, Projectors & Office Machines > Projectors & Accessories",Projector Screens
E0058,ENTER,House Numbers & Letters,Wayfair: Outdoor > Front Door Décor & Curb Appeal > House Numbers & Letters,Furniture,Furniture > Decor,Furniture > Decor > Home & Office Decor > Home & Office Bars,0.7539327688217865,2,"Walmart, Wayfair",1,1,1,0.0,0.4,0.8254716174360845,72.2661797524853,67.79082568807338,51.19902617163725,93.33333333333334,67.79082568807338,67.79082568807338,1.0,0.0,0,School Supplies > Teacher Supplies > Classroom Decorations > Letters & Numbers,Wayfair::Outdoor > Front Door Décor & Curb Appeal > House Numbers & Letters,1,,,,,1P-CORE GAP,1P-CORE GAP,1P-CORE GAP,1P-CORE GAP,0.20797902070625582,B,Fix in 1P merchandising - a marketplace here would cannibalise core,Home décor & furnishings,0.0,0.0,,13,Furniture > Decor,Outdoor,Furniture > Decor,House Numbers & Letters
D0010,DEEPEN,Water Filters & Dispensers,"Coffee, Water & Snacks > Breakroom Appliances > Water Filters & Dispensers","Coffee, Water & Snacks","Coffee, Water & Snacks > Breakroom Appliances","Coffee, Water & Snacks > Breakroom Appliances > Water Filters & Dispensers",1.0,2,"Amazon, OfficeDepot",4,2,0,0.0,0.4,0.557539156626506,90.96398232451835,66.21410620919457,,,,,,,1,"Coffee, Water & Snacks > Breakroom Appliances > Water Filters & Dispensers","Staples::Coffee, Water & Snacks > Breakroom Appliances > Water Filters & Dispensers",0,"Water Coolers & Filters, Filters & Filter Media, In-Refrigerator Water Filters",82.0,0.38422391224399915,3.0,1P-CORE GAP,,,1P-CORE GAP,0.2054285902302683,B,Fix in 1P merchandising - a marketplace here would cannibalise core,"Breakroom, kitchen & hospitality",0.0,0.0,,14,"Coffee, Water & Snacks > Breakroom Appliances",,"Coffee, Water & Snacks > Breakroom Appliances",Water Filters & Dispensers
D0008,DEEPEN,Blenders & Food Processors,"Coffee, Water & Snacks > Breakroom Appliances > Blenders & Food Processors","Coffee, Water & Snacks","Coffee, Water & Snacks > Breakroom Appliances","Coffee, Water & Snacks > Breakroom Appliances > Blenders & Food Processors",1.0,2,"OfficeDepot, Wayfair",3,2,0,0.0,0.4,0.7680974800460549,84.20963846829055,70.28189552819954,,,,,,,1,"Coffee, Water & Snacks > Breakroom Appliances > Blenders & Food Processors","Staples::Coffee, Water & Snacks > Breakroom Appliances > Blenders & Food Processors",0,"Blenders, Food Processors",65.0,0.7906579718136546,3.0,1P-CORE GAP,,,1P-CORE GAP,0.19657427531439042,B,Fix in 1P merchandising - a marketplace here would cannibalise core,"Breakroom, kitchen & hospitality",0.0,0.0,,15,"Coffee, Water & Snacks > Breakroom Appliances",,"Coffee, Water & Snacks > Breakroom Appliances",Blenders & Food Processors
D0050,DEEPEN,Storage Baskets,Office Supplies > Storage & Organization > Storage Baskets,Office Supplies,Office Supplies > Storage & Organization,Office Supplies > Storage & Organization > Storage Baskets,1.0,2,"Walmart, Wayfair",3,2,0,0.0,0.4,0.9089009206892835,86.9547232571473,75.84088016457231,,,,,,,1,Office Supplies > Storage & Organization > Storage Baskets,Staples::Office Supplies > Storage & Organization > Storage Baskets,0,"Wire Baskets, Under Bed Storage Baskets Bins, Seagrass Baskets",95.0,0.7906579718136546,3.0,1P-CORE GAP,,,1P-CORE GAP,0.17369911706749527,B,Fix in 1P merchandising - a marketplace here would cannibalise core,Core office & business supplies,0.0,0.0,,16,Office Supplies > Storage & Organization,,Office Supplies > Storage & Organization,Storage Baskets
D0071,DEEPEN,Moving Supplies,"Shipping, Packing & Mailing Supplies > Shipping Supplies > Moving Supplies","Shipping, Packing & Mailing Supplies","Shipping, Packing & Mailing Supplies > Shipping Supplies","Shipping, Packing & Mailing Supplies > Shipping Supplies > Moving Supplies",1.0,2,"OfficeDepot, Walmart",2,2,0,0.0,0.4,0.5714455750674375,81.63200049233437,74.66972794782124,,,,,,,1,"Shipping, Packing & Mailing Supplies > Shipping Supplies > Moving Supplies","Staples::Shipping, Packing & Mailing Supplies > Shipping Supplies > Moving Supplies",0,"Moving Boxes, Moving Kits, Mattress Moving Covers",61.0,1.028204585801583,3.0,1P-CORE GAP,,,1P-CORE GAP,0.14815725587023462,B,Fix in 1P merchandising - a marketplace here would cannibalise core,Core office & business supplies,0.0,0.0,,17,"Shipping, Packing & Mailing Supplies > Shipping Supplies",,"Shipping, Packing & Mailing Supplies > Shipping Supplies",Moving Supplies
D0006,DEEPEN,Vacuums,Cleaning Supplies > Floor & Carpet Cleaning Equipment > Vacuums,Cleaning Supplies,Cleaning Supplies > Floor & Carpet Cleaning Equipment,Cleaning Supplies > Floor & Carpet Cleaning Equipment > Vacuums,1.0,2,"Walmart, Wayfair",3,2,0,0.0,0.4,0.9584671383791225,67.04594879521372,78.30483747732679,,,,,,,1,Cleaning Supplies > Floor & Carpet Cleaning Equipment > Vacuums,Staples::Cleaning Supplies > Floor & Carpet Cleaning Equipment > Vacuums,0,"Canister Vacuums, Pet Vacuums, Stick Vacuums",204.0,1.4838051523736002,3.0,1P-CORE GAP,,,1P-CORE GAP,0.14678976138893018,B,Fix in 1P merchandising - a marketplace here would cannibalise core,"Health, safety & facilities",0.0,0.0,,18,Cleaning Supplies > Floor & Carpet Cleaning Equipment,,Cleaning Supplies > Floor & Carpet Cleaning Equipment,Vacuums
D0026,DEEPEN,Gaming Chairs,Furniture > Chairs & Seating > Gaming Chairs,Furniture,Furniture > Chairs & Seating,Furniture > Chairs & Seating > Gaming Chairs,1.0,2,"OfficeDepot, Wayfair",3,2,0,0.0,0.4,0.5759351180231129,99.37084548104956,77.10433834536538,,,,,,,1,Furniture > Chairs & Seating > Gaming Chairs,Staples::Furniture > Chairs & Seating > Gaming Chairs,0,"Gaming Chairs, Gaming Desks, Bean Bag Chairs",87.0,0.7906579718136546,3.0,1P-CORE GAP,,,1P-CORE GAP,0.14646121860103853,B,Fix in 1P merchandising - a marketplace here would cannibalise core,Home décor & furnishings,0.0,0.0,,19,Furniture > Chairs & Seating,,Furniture > Chairs & Seating,Gaming Chairs
D0051,DEEPEN,Storage Drawers,Office Supplies > Storage & Organization > Storage Drawers,Office Supplies,Office Supplies > Storage & Organization,Office Supplies > Storage & Organization > Storage Drawers,1.0,2,"OfficeDepot, Wayfair",4,2,0,0.0,0.4,0.5883598168182936,92.12462894248608,77.46625458153913,,,,,,,1,Office Supplies > Storage & Organization > Storage Drawers,Staples::Office Supplies > Storage & Organization > Storage Drawers,0,"Storage Drawers & Carts, Decorative Storage, Utility Storage",89.0,0.4964900976571395,3.0,1P-CORE GAP,,,1P-CORE GAP,0.14022745778987478,B,Fix in 1P merchandising - a marketplace here would cannibalise core,Core office & business supplies,0.0,0.0,,20,Office Supplies > Storage & Organization,,Office Supplies > Storage & Organization,Storage Drawers
E0267,ENTER,Natural Material Storage,Wayfair: Organization > Garage & Outdoor Storage & Organization > Natural Material Storage,Furniture,Furniture > Storage Furniture,Furniture > Storage Furniture > Storage Organization,0.8988158859573986,3,"Amazon, Walmart, Wayfair",1,1,2,0.0,0.6,0.591116795478858,85.53877551020409,80.97647354018488,100.0,71.07755102040817,95.35620052770447,66.59674655266528,1.0,0.0,0,Office Supplies > Storage & Organization,Wayfair::Organization > Garage & Outdoor Storage & Organization > Natural Material Storage,1,,,,,1P-CORE GAP,1P-CORE GAP,1P-CORE GAP,1P-CORE GAP,0.12812482134208447,A,Fix in 1P merchandising - a marketplace here would cannibalise core,Core office & business supplies,0.0,0.0,,21,Office Supplies > Storage & Organization,Organization,Office Supplies > Storage & Organization,Natural Material Storage
D0011,DEEPEN,Coffee,"Coffee, Water & Snacks > Coffee","Coffee, Water & Snacks","Coffee, Water & Snacks > Coffee","Coffee, Water & Snacks > Coffee",1.0,2,"OfficeDepot, Walmart",3,2,0,0.0,0.4,0.6748121600583561,92.6617622769942,80.87222167760181,,,,,,,1,"Coffee, Water & Snacks > Coffee","Staples::Coffee, Water & Snacks > Coffee",0,"Coffee, Personalized Coffee Mugs, Coffee Mugs",277.0,0.7270487322356269,2.0,1P-CORE GAP,,,1P-CORE GAP,0.12512810000926275,B,Fix in 1P merchandising - a marketplace here would cannibalise core,"Breakroom, kitchen & hospitality",0.0,0.0,,22,"Coffee, Water & Snacks > Coffee",,"Coffee, Water & Snacks > Coffee",Coffee
D0048,DEEPEN,Bookends,Office Supplies > Desk Organizers & Accessories > Bookends,Office Supplies,Office Supplies > Desk Organizers & Accessories,Office Supplies > Desk Organizers & Accessories > Bookends,1.0,2,"OfficeDepot, WestElm",4,2,0,0.0,0.4,0.2113237432488575,92.04806938803114,74.71698113207547,,,,,,,1,Office Supplies > Desk Organizers & Accessories > Bookends,Staples::Office Supplies > Desk Organizers & Accessories > Bookends,0,"Bookends, Books & Bookends",27.0,0.3182536459931982,3.0,1P-CORE GAP,,,1P-CORE GAP,0.12391397632520738,B,Fix in 1P merchandising - a marketplace here would cannibalise core,Core office & business supplies,0.0,0.0,,23,Office Supplies > Desk Organizers & Accessories,,Office Supplies > Desk Organizers & Accessories,Bookends
D0027,DEEPEN,Office Chairs,Furniture > Chairs & Seating > Office Chairs,Furniture,Furniture > Chairs & Seating,Furniture > Chairs & Seating > Office Chairs,1.0,3,"OfficeDepot, Walmart, Wayfair",5,3,0,0.0,0.6,0.8964940955899637,96.40588786289126,84.8331524043841,,,,,,,1,Furniture > Chairs & Seating > Office Chairs,Staples::Furniture > Chairs & Seating > Office Chairs,0,"Office Chairs, Office Chair Accessories, Ergonomic Office Chairs",1008.0,0.8223589120399517,3.0,1P-CORE GAP,,,1P-CORE GAP,0.1233050448205274,A,Fix in 1P merchandising - a marketplace here would cannibalise core,Home décor & furnishings,0.0,0.0,,24,Furniture > Chairs & Seating,,Furniture > Chairs & Seating,Office Chairs
D0007,DEEPEN,Trash Bags,Cleaning Supplies > Waste & Recycling > Trash Bags,Cleaning Supplies,Cleaning Supplies > Waste & Recycling,Cleaning Supplies > Waste & Recycling > Trash Bags,1.0,2,"OfficeDepot, Walmart",3,2,0,0.0,0.4,0.6656551541395163,96.05640367267678,83.56427733226607,,,,,,,1,Cleaning Supplies > Waste & Recycling > Trash Bags,Staples::Cleaning Supplies > Waste & Recycling > Trash Bags,0,"Small Medium Trash Bags, Trash Bags, Wash Bags",362.0,0.9093702890295814,3.0,1P-CORE GAP,,,1P-CORE GAP,0.10866453634179464,B,Fix in 1P merchandising - a marketplace here would cannibalise core,"Health, safety & facilities",0.0,0.0,,25,Cleaning Supplies > Waste & Recycling,,Cleaning Supplies > Waste & Recycling,Trash Bags
D0038,DEEPEN,File Cabinets,Furniture > File Cabinets,Furniture,Furniture > File Cabinets,Furniture > File Cabinets,1.0,2,"OfficeDepot, Walmart",4,2,0,0.0,0.4,0.7009194335244269,97.17441940496178,83.99899021669056,,,,,,,1,Furniture > File Cabinets,Staples::Furniture > File Cabinets,0,"File Cabinets, 5+ Drawer File Cabinets, Lateral File Cabinets",798.0,0.711163681487433,2.0,1P-CORE GAP,,,1P-CORE GAP,0.10830204426019567,B,Fix in 1P merchandising - a marketplace here would cannibalise core,Home décor & furnishings,0.0,0.0,,26,Furniture > File Cabinets,,Furniture > File Cabinets,File Cabinets
D0047,DEEPEN,Binders,Office Supplies > Binders,Office Supplies,Office Supplies > Binders,Office Supplies > Binders,1.0,2,"OfficeDepot, Walmart",3,2,0,0.0,0.4,0.9119480162814636,77.6766780483233,84.40332019469041,,,,,,,1,Office Supplies > Binders,Staples::Office Supplies > Binders,0,"Binders, Data Binders, Easel Binders",875.0,0.8114985595109676,2.0,1P-CORE GAP,,,1P-CORE GAP,0.10796206423483032,B,Fix in 1P merchandising - a marketplace here would cannibalise core,Core office & business supplies,0.0,0.0,,27,Office Supplies > Binders,,Office Supplies > Binders,Binders
D0054,DEEPEN,Notebooks,Paper > Notebooks,Paper,Paper > Notebooks,Paper > Notebooks,1.0,2,"OfficeDepot, Walmart",2,2,0,0.0,0.4,0.8886393987823201,86.23370064629204,89.20191990886946,,,,,,,1,Paper > Notebooks,Staples::Paper > Notebooks,0,"Mini Notebooks, Composition Notebooks, Composition Books",830.0,1.356076628671243,2.0,1P-CORE GAP,,,1P-CORE GAP,0.07663666221222945,B,Fix in 1P merchandising - a marketplace here would cannibalise core,Core office & business supplies,0.0,0.0,,28,Paper > Notebooks,,Paper > Notebooks,Notebooks
D0049,DEEPEN,Journals & Diaries,Office Supplies > Notebooks & Notepads > Journals & Diaries,Office Supplies,Office Supplies > Notebooks & Notepads,Office Supplies > Notebooks & Notepads > Journals & Diaries,1.0,2,"OfficeDepot, Walmart",2,2,0,0.0,0.4,0.631073205866946,52.764759540118206,85.44631452040349,,,,,,,1,Office Supplies > Notebooks & Notepads > Journals & Diaries,Staples::Office Supplies > Notebooks & Notepads > Journals & Diaries,0,"Journals & Diaries, Daily Journals, Photo Journal",253.0,1.2220214031920293,3.0,1P-CORE GAP,,,1P-CORE GAP,0.07555835444879638,B,Fix in 1P merchandising - a marketplace here would cannibalise core,Core office & business supplies,0.0,0.0,,29,Office Supplies > Notebooks & Notepads,,Office Supplies > Notebooks & Notepads,Journals & Diaries
D0053,DEEPEN,Markers,Office Supplies > Writing Supplies & Instruments > Markers,Office Supplies,Office Supplies > Writing Supplies & Instruments,Office Supplies > Writing Supplies & Instruments > Markers,1.0,2,"OfficeDepot, Walmart",3,2,0,0.0,0.4,0.8524688947816805,89.23450942836585,91.08829334967326,,,,,,,1,Office Supplies > Writing Supplies & Instruments > Markers,Staples::Office Supplies > Writing Supplies & Instruments > Markers,0,"Dry-Erase Markers, Overhead & Flip-Chart Markers, Permanent Markers & Marker Pens",470.0,0.7270487322356269,3.0,1P-CORE GAP,,,1P-CORE GAP,0.06292267695967882,B,Fix in 1P merchandising - a marketplace here would cannibalise core,Core office & business supplies,0.0,0.0,,30,Office Supplies > Writing Supplies & Instruments,,Office Supplies > Writing Supplies & Instruments,Markers
E0044,ENTER,Home Brewing & Wine Making,Amazon: Home & Kitchen > Kitchen & Dining > Home Brewing & Wine Making | Wayfair: Restaurant Appliances & Equipment > Beverage Equipment > Home Brewing,Restaurant & Foodservice Supplies,Restaurant & Foodservice Supplies > Commercial Restaurant Equipment,Restaurant & Foodservice Supplies > Commercial Restaurant Equipment > Kitchen Work & Prep Tables,0.8063776440838675,3,"Amazon, Walmart, Wayfair",2,2,1,0.0,0.6,0.8516477449573897,76.31270448532425,0.0,64.32744978697505,88.29795918367347,0.0,0.0,2.0,0.0,0,Furniture > Decor > Home & Office Decor,Amazon::Home & Kitchen > Kitchen & Dining > Home Brewing & Wine Making,2,,,,,CURATE,CURATE,CURATE,CURATE,0.7370148241910592,A,"Open to marketplace sellers now (curated, design-led assortment)","Breakroom, kitchen & hospitality",1.0,1.0,,1,Restaurant & Foodservice Supplies > Commercial Restaurant Equipment,Home & Kitchen,Restaurant & Foodservice Supplies > Commercial Restaurant Equipment,Home Brewing & Wine Making
E0381,ENTER,Buffet Tables & Sideboards,WestElm: Furniture > Dining & Kitchen > Buffet Tables & Sideboards,Furniture,Furniture > Home & Office Tables,Furniture > Home & Office Tables > Breakroom & Dining Tables,0.880650815470583,3,"Walmart, Wayfair, WestElm",1,1,0,0.0,0.6,0.8125270553022172,87.66223309774306,6.321857336444675,99.65916007303711,75.665306122449,12.64371467288935,0.0,1.0,147.0,0,Furniture > Home & Office Tables > Breakroom & Dining Tables,WestElm::Furniture > Dining & Kitchen > Buffet Tables & Sideboards,1,,,,,CURATE,CURATE,CURATE,CURATE,0.7094912438596511,A,"Open to marketplace sellers now (curated, design-led assortment)",Home décor & furnishings,1.0,0.998,,2,Furniture > Home & Office Tables,Furniture,Furniture > Home & Office Tables,Buffet Tables & Sideboards
E0208,ENTER,Wreath Hangers,Amazon: Home & Kitchen > Seasonal Décor > Wreath Hangers,Furniture,Furniture > Decor,Furniture > Decor > Seasonal Decor > Ornaments & Tree Decor,0.7984857433851814,3,"Amazon, Walmart, Wayfair",1,1,1,0.0,0.6,0.8516477449573897,62.19782260359752,0.0,42.32501521606817,82.07062999112688,0.0,0.0,1.0,0.0,0,Furniture > Decor > Seasonal Decor > Ornaments & Tree Decor,Amazon::Home & Kitchen > Seasonal Décor > Wreath Hangers,1,,,,,CURATE,VERTICAL EXTENSION,CURATE,CURATE,0.694670178545879,B,"Open to marketplace sellers now (curated, design-led assortment)",Home décor & furnishings,0.692,0.692,,3,Furniture > Decor,Home & Kitchen,Furniture > Decor,Wreath Hangers
E0176,ENTER,Fire Pit Spark Screens,"Amazon: Patio, Lawn & Garden > Outdoor Heating & Cooling > Fire Pit Spark Screens",Facilities,Facilities > Heating & Cooling,Facilities > Heating & Cooling,0.801906302251902,3,"Amazon, Walmart, Wayfair",1,1,1,0.0,0.6,0.8516477449573897,61.745443253381694,0.0,51.53986609860013,71.95102040816326,0.0,0.0,1.0,0.0,0,Facilities > Heating & Cooling,"Amazon::Patio, Lawn & Garden > Outdoor Heating & Cooling > Fire Pit Spark Screens",1,,,,,CURATE,VERTICAL EXTENSION,CURATE,CURATE,0.6933130404952315,B,"Open to marketplace sellers now (curated, design-led assortment)",Outdoor living & grounds,0.648,0.648,,4,Facilities > Heating & Cooling,"Patio, Lawn & Garden",Facilities > Heating & Cooling,Fire Pit Spark Screens
D0032,DEEPEN,Beds & Bedding,Furniture > Decor > Beds & Bedding,Furniture,Furniture > Decor,Furniture > Decor > Beds & Bedding,1.0,4,"Amazon, Walmart, Wayfair, WestElm",5,4,0,0.0,0.8,0.9847928796973819,64.97068735703917,16.43696954883058,,,,,,,6,Furniture > Decor > Beds & Bedding,Staples::Furniture > Decor > Beds & Bedding,0,"Bed Skirts, Murphy Beds, Latex Mattresses",299.0,1.4883378039062798,3.0,CURATE,,,CURATE,0.6848738819246294,A,"Open to marketplace sellers now (curated, design-led assortment)",Home décor & furnishings,0.846,0.768,,5,Furniture > Decor,,Furniture > Decor,Beds & Bedding
E0025,ENTER,Makeup Vanities,Wayfair: Furniture > Bedroom Furniture > Makeup Vanities | WestElm: Bath > Bathroom Furniture > Vanities,Furniture,Furniture > Decor,Furniture > Decor > Bath & Shower Accessories,0.8489152908286379,3,"Walmart, Wayfair, WestElm",2,2,1,0.0,0.6,0.7916937219688839,62.30094463835443,0.0,66.23250152160682,58.369387755102046,0.0,0.0,2.0,90.0,0,Furniture > Decor,Wayfair::Furniture > Bedroom Furniture > Makeup Vanities,2,,,,,CURATE,CURATE,VERTICAL EXTENSION,CURATE,0.6739956366041726,B,"Open to marketplace sellers now (curated, design-led assortment)",Home décor & furnishings,0.702,0.7,,6,Furniture > Decor,Furniture,Furniture > Decor,Makeup Vanities
E0214,ENTER,Quilting,"Amazon: Arts, Crafts & Sewing > Sewing > Quilting",Retail Store Supplies,Retail Store Supplies > Sewing & Tailoring,Retail Store Supplies > Sewing & Tailoring > Sewing Tools,0.8496569101336517,2,"Amazon, Walmart",1,1,0,0.0,0.4,0.9242673709874035,69.39602767461214,0.0,57.89409616555082,80.89795918367346,0.0,0.0,1.0,0.0,0,Retail Store Supplies > Sewing & Tailoring > Sewing Tools,"Amazon::Arts, Crafts & Sewing > Sewing > Quilting",1,,,,,CURATE,VERTICAL EXTENSION,CURATE,CURATE,0.6716816628694277,B,"Open to marketplace sellers now (curated, design-led assortment)","Celebrations, gifting & creativity",0.974,0.966,,7,Retail Store Supplies > Sewing & Tailoring,Arts Crafts & Sewing,Retail Store Supplies > Sewing & Tailoring,Quilting
E0082,ENTER,Cabinet Knobs & Pulls,WestElm: Bath > Bathroom Renovation > Cabinet Knobs & Pulls,Facilities,Facilities > Plumbing,Facilities > Plumbing > Bathroom Hardware,0.8164986541802122,3,"Walmart, Wayfair, WestElm",1,1,2,0.0,0.6,0.7291937219688839,62.36387643310519,0.0,61.8624467437614,62.865306122448985,0.0,0.0,1.0,28.0,0,Furniture > Storage Furniture > Storage Cabinets,WestElm::Bath > Bathroom Renovation > Cabinet Knobs & Pulls,1,,,,,CURATE,CURATE,CURATE,CURATE,0.6523094319884248,A,"Open to marketplace sellers now (curated, design-led assortment)","Health, safety & facilities",0.704,0.672,,8,Facilities > Plumbing,Bath,Facilities > Plumbing,Cabinet Knobs & Pulls
E0099,ENTER,Daybeds,Wayfair: Furniture > Bedroom Furniture > Daybeds | WestElm: Furniture > Living Room > Daybeds,Furniture,Furniture > Decor,Furniture > Decor,0.7951853215198266,3,"Walmart, Wayfair, WestElm",2,2,1,0.0,0.6,0.7076419978309528,63.42159191126237,0.0,57.875836883749244,68.9673469387755,0.0,0.0,2.0,14.0,0,Furniture > Decor > Beds & Bedding,Wayfair::Furniture > Bedroom Furniture > Daybeds,2,,,,,CURATE,VERTICAL EXTENSION,CURATE,CURATE,0.6479394749746206,B,"Open to marketplace sellers now (curated, design-led assortment)",Home décor & furnishings,0.772,0.72,,9,Furniture > Decor,Furniture,Furniture > Decor,Daybeds
E0195,ENTER,Teen Tapestries and Wall Hangings,Wayfair: Baby & Kids > Teen Decor & Lighting > Teen Tapestries and Wall Hangings,Furniture,Furniture > Decor,Furniture > Decor > Wall Art > Wall Art/Decor,0.7936877229853451,2,"Walmart, Wayfair",1,1,1,0.0,0.4,0.8254716174360845,72.80497844907896,0.0,65.90383444917833,79.7061224489796,0.0,0.0,1.0,0.0,0,Furniture > Decor > Wall Art,Wayfair::Baby & Kids > Teen Decor & Lighting > Teen Tapestries and Wall Hangings,1,,,,,CURATE,CURATE,CURATE,CURATE,0.6473300014498664,B,"Open to marketplace sellers now (curated, design-led assortment)",Home décor & furnishings,0.998,0.976,,10,Furniture > Decor,Baby & Kids,Furniture > Decor,Teen Tapestries and Wall Hangings
E0286,ENTER,Hedge Trimmers,"Amazon: Patio, Lawn & Garden > Outdoor Power Tools > Hedge Trimmers",Facilities,Facilities > Grounds Maintenance,Facilities > Grounds Maintenance > Outdoor Tools > Lawn & Garden Tools,0.8410645145471061,2,"Amazon, Walmart",1,1,0,0.0,0.4,0.8441170255993499,63.17738664546769,0.0,47.18198417528911,79.17278911564627,0.0,0.0,1.0,0.0,0,Facilities > Grounds Maintenance > Outdoor Tools > Lawn & Garden Tools,"Amazon::Patio, Lawn & Garden > Outdoor Power Tools > Hedge Trimmers",1,,,,,CURATE,VERTICAL EXTENSION,CURATE,CURATE,0.6249731188961755,B,"Open to marketplace sellers now (curated, design-led assortment)",Outdoor living & grounds,0.758,0.668,,11,Facilities > Grounds Maintenance,"Patio, Lawn & Garden",Facilities > Grounds Maintenance,Hedge Trimmers
D0036,DEEPEN,"Home & Office Decor (competitors: Room Dividers, Coffee Tables, Bedroom Sets)",Furniture > Decor > Home & Office Decor,Furniture,Furniture > Decor,Furniture > Decor > Home & Office Decor,1.0,3,"Walmart, Wayfair, WestElm",5,3,0,0.0,0.6,0.9563064166943803,71.67547812039444,19.111685767035752,,,,,,,9,Furniture > Decor > Home & Office Decor,Staples::Furniture > Decor > Home & Office Decor,0,"Room Dividers, Coffee Tables, Bedroom Sets",243.0,0.7071334225346853,3.0,CURATE,,,CURATE,0.6145357665772503,A,"Open to marketplace sellers now (curated, design-led assortment)",Home décor & furnishings,0.996,0.672,,12,Furniture > Decor,,Furniture > Decor,Home & Office Decor (e.g. Room Dividers)
E0354,ENTER,Microscope Sample Slides,Amazon: Industrial & Scientific > Science Education > Microscope Sample Slides,Laboratory & Scientific Supplies,Laboratory & Scientific Supplies,Laboratory & Scientific Supplies,0.7973788784005094,2,"Amazon, Walmart",1,1,0,0.0,0.4,0.8184302936231755,60.971517073049554,0.0,42.556299452221545,79.38673469387757,0.0,0.0,1.0,0.0,0,Laboratory & Scientific Supplies,Amazon::Industrial & Scientific > Science Education > Microscope Sample Slides,1,,,,,CURATE,VERTICAL EXTENSION,CURATE,CURATE,0.6093651539872601,B,"Open to marketplace sellers now (curated, design-led assortment)","Celebrations, gifting & creativity",0.568,0.344,,13,Education,Industrial & Scientific,Education,Microscope Sample Slides
E0156,ENTER,Chimineas,Wayfair: Outdoor > Outdoor Heating > Chimineas,Facilities,Facilities > Heating & Cooling,Gift Shop > Professional Gifts > Compasses > Outdoor Heaters,0.8544269217970988,2,"Walmart, Wayfair",1,1,0,0.0,0.4,0.8254716174360845,60.10308917237012,0.0,53.43883140596471,66.76734693877552,0.0,0.0,1.0,0.0,0,Gift Shop > Professional Gifts > Compasses > Outdoor Heaters,Wayfair::Outdoor > Outdoor Heating > Chimineas,1,,,,,CURATE,VERTICAL EXTENSION,CURATE,CURATE,0.6092243336197398,B,"Open to marketplace sellers now (curated, design-led assortment)",Outdoor living & grounds,0.486,0.278,,14,Gift Shop > Professional Gifts,Outdoor,Gift Shop > Professional Gifts,Chimineas
E0100,ENTER,Mortar & Pestle Sets,Wayfair: Kitchen > Kitchen Utensils & Tools > Mortar & Pestle Sets,Appliances & Kitchenware,Appliances & Kitchenware > Kitchenware,Appliances & Kitchenware > Kitchenware > Kitchen Tools,0.8555022659187659,1,Wayfair,1,1,0,0.0,0.2,0.8667091836734694,78.54146099096972,0.0,65.98904443091905,91.0938775510204,0.0,0.0,1.0,0.0,0,Appliances & Kitchenware > Kitchenware > Kitchen Tools,Wayfair::Kitchen > Kitchen Utensils & Tools > Mortar & Pestle Sets,1,,,,,CURATE,CURATE,CURATE,CURATE,0.6089725972586235,B,"Open to marketplace sellers now (curated, design-led assortment)","Breakroom, kitchen & hospitality",1.0,0.774,,15,Appliances & Kitchenware > Kitchenware,Kitchen,Appliances & Kitchenware > Kitchenware,Mortar & Pestle Sets
D0030,DEEPEN,Bath & Shower Accessories,Furniture > Decor > Bath & Shower Accessories,Furniture,Furniture > Decor,Furniture > Decor > Bath & Shower Accessories,1.0,4,"Amazon, Walmart, Wayfair, WestElm",5,4,0,0.0,0.8,0.8793568557963056,81.66905513148964,27.04577237205653,,,,,,,1,Furniture > Decor > Bath & Shower Accessories,Staples::Furniture > Decor > Bath & Shower Accessories,0,"Bathroom Accessories, Countertop Bath Accessories, Shower & Bathtub Accessories",8.0,1.0635209688568394,3.0,CURATE,,,CURATE,0.6075497232887416,A,"Open to marketplace sellers now (curated, design-led assortment)",Home décor & furnishings,0.994,0.572,,16,Furniture > Decor,,Furniture > Decor,Bath & Shower Accessories
E0350,ENTER,Funeral,Amazon: Health & Personal Care > Medical Supplies & Equipment > Funeral,Healthcare Supplies,Healthcare Supplies > Personal Care,Healthcare Supplies > Personal Care,0.8018273204263938,1,Amazon,1,1,0,0.0,0.2,0.904,73.04082874781075,0.0,59.306147291539865,86.77551020408163,0.0,0.0,1.0,0.0,0,Healthcare Supplies > Personal Care,Amazon::Health & Personal Care > Medical Supplies & Equipment > Funeral,1,,,,,CURATE,VERTICAL EXTENSION,CURATE,CURATE,0.6055224862434323,C,"Open to marketplace sellers now (curated, design-led assortment)","Health, safety & facilities",1.0,0.766,,17,Healthcare Supplies > Personal Care,Health & Personal Care,Healthcare Supplies > Personal Care,Funeral
E0061,ENTER,Shower Curtain Rods,Wayfair: Bedding & Bath > Shower Curtains & Accessories > Shower Curtain Rods,Furniture,Furniture > Decor,Furniture > Decor > Shower Curtains & Accessories,0.9383369568351201,3,"Walmart, Wayfair, WestElm",1,1,2,0.0,0.6,0.7529006185206081,85.41224489795918,17.589528841033037,100.0,70.82448979591837,25.34509541791513,9.833962264150944,1.0,0.0,0,Retail Store Supplies > Spa & Salon > Bath & Body > Shower Caps,Wayfair::Bedding & Bath > Shower Curtains & Accessories > Shower Curtain Rods,1,,,,,CURATE,CURATE,CURATE,CURATE,0.6013920212559706,A,"Open to marketplace sellers now (curated, design-led assortment)",Home décor & furnishings,1.0,0.622,,18,Furniture > Decor,Bedding & Bath,Furniture > Decor,Shower Curtain Rods
E0395,ENTER,Radiology & Imaging,Amazon: Industrial & Scientific > Professional Medical Supplies > Radiology & Imaging,Healthcare Supplies,Healthcare Supplies > Patient Care,Healthcare Supplies > Patient Care > Diagnostic & Exam Instruments > Oximeters,0.8084174681186245,1,Amazon,1,1,0,0.0,0.2,0.904,70.38225247494006,0.0,67.37674984783932,73.38775510204081,0.0,0.0,1.0,0.0,0,Healthcare Supplies > Patient Care > Diagnostic & Exam Instruments > Oximeters,Amazon::Industrial & Scientific > Professional Medical Supplies > Radiology & Imaging,1,,,,,CURATE,CURATE,CURATE,CURATE,0.5975467574248202,B,"Open to marketplace sellers now (curated, design-led assortment)","Health, safety & facilities",0.984,0.67,,19,Healthcare Supplies > Patient Care,Industrial & Scientific,Healthcare Supplies > Patient Care,Radiology & Imaging
E0273,ENTER,Food Trailers,Walmart: Industrial & Scientific > Food Service Equipment & Supplies > Food Trailers,Restaurant & Foodservice Supplies,Restaurant & Foodservice Supplies > Commercial Restaurant Equipment,Restaurant & Foodservice Supplies > Commercial Restaurant Equipment > Equipment Parts & Accessories,0.8580936671943283,2,"Walmart, Wayfair",1,1,1,0.0,0.4,0.8254716174360845,91.87346938775511,15.28692037991758,100.0,83.7469387755102,30.57384075983516,0.0,1.0,0.0,0,Restaurant & Foodservice Supplies > Restaurant Storage & Transport > Food Storage & Containers,Walmart::Industrial & Scientific > Food Service Equipment & Supplies > Food Trailers,1,,,,,CURATE,CURATE,CURATE,CURATE,0.5968336972665929,B,"Open to marketplace sellers now (curated, design-led assortment)","Breakroom, kitchen & hospitality",1.0,0.56,,20,Restaurant & Foodservice Supplies > Commercial Restaurant Equipment,Industrial & Scientific,Restaurant & Foodservice Supplies > Commercial Restaurant Equipment,Food Trailers
E0027,ENTER,Outdoor Planters,WestElm: Outdoor > Planters & Garden > Outdoor Planters,Gift Shop,Gift Shop > Professional Gifts,Facilities > Grounds Maintenance > Outdoor Tools > Lawn & Garden Tools,0.744417730472212,3,"Walmart, Wayfair, WestElm",1,1,1,0.0,0.6,0.7715787794401483,60.314534139888465,10.518004479450644,66.12294583079732,54.5061224489796,1.0783837480692688,19.95762521083202,1.0,67.0,0,Gift Shop > Professional Gifts > Compasses > Outdoor Decor,WestElm::Outdoor > Planters & Garden > Outdoor Planters,1,,,,,CURATE,CURATE,VERTICAL EXTENSION,CURATE,0.5914725679046893,B,"Open to marketplace sellers now (curated, design-led assortment)",Outdoor living & grounds,0.504,0.126,,21,Facilities > Grounds Maintenance,Outdoor,Facilities > Grounds Maintenance,Outdoor Planters
D0037,DEEPEN,Shower Curtains & Accessories,Furniture > Decor > Shower Curtains & Accessories,Furniture,Furniture > Decor,Furniture > Decor > Shower Curtains & Accessories,1.0,3,"Walmart, Wayfair, WestElm",3,3,0,0.0,0.6,0.8511600222204366,77.3196437683212,20.612371805384715,,,,,,,1,Furniture > Decor > Shower Curtains & Accessories,Staples::Furniture > Decor > Shower Curtains & Accessories,0,"Shower Curtains & Shower Liners, Shower Curtains, Kids Shower Curtains",6.0,1.6661267091675547,3.0,CURATE,,,CURATE,0.5873612269808275,A,"Open to marketplace sellers now (curated, design-led assortment)",Home décor & furnishings,1.0,0.488,,22,Furniture > Decor,,Furniture > Decor,Shower Curtains & Accessories
E0391,ENTER,"Electronic Dictionaries, Thesauri & Translators","Amazon: Office Products > Office Electronics > Electronic Dictionaries, Thesauri & Translators",Office Supplies,Office Supplies > Office Basics,Furniture > Storage Furniture > Electronics & Computer Storage Units,0.7364886869680087,1,Amazon,1,1,0,0.0,0.2,0.904,66.31414411169216,0.0,35.90992087644553,96.71836734693878,0.0,0.0,1.0,0.0,0,Furniture > Storage Furniture > Electronics & Computer Storage Units,"Amazon::Office Products > Office Electronics > Electronic Dictionaries, Thesauri & Translators",1,,,,,CURATE,OFF-BRAND,CURATE,CURATE,0.5853424323350764,C,"Open to marketplace sellers now (curated, design-led assortment)",Core office & business supplies,0.904,0.488,,23,Office Supplies > Office Basics,Office Products,Office Supplies > Office Basics,"Electronic Dictionaries, Thesauri & Translators"
D0033,DEEPEN,Candles,Furniture > Decor > Candles,Furniture,Furniture > Decor,Furniture > Decor > Candles,1.0,2,"Walmart, WestElm",4,2,0,0.0,0.4,0.9334703267525115,61.061802881812284,9.983578452220488,,,,,,,1,Furniture > Decor > Candles,Staples::Furniture > Decor > Candles,0,"Unscented Candles, Scented Candles, Birthday Candles",25.0,0.9024198465450755,3.0,CURATE,,,CURATE,0.5850167443507317,B,"Open to marketplace sellers now (curated, design-led assortment)",Home décor & furnishings,0.576,0.064,,24,Furniture > Decor,,Furniture > Decor,Candles
E0298,ENTER,Catalysts,"Amazon: Industrial & Scientific > Adhesives, Sealants & Lubricants > Catalysts","Tools, Parts & Supplies","Tools, Parts & Supplies > Industrial Adhesives, Sealants & Tapes","Facilities > Adhesives, Sealants and Patching > Adhesives",0.7714718839139434,1,Amazon,1,1,0,0.0,0.2,0.904,63.41040917888762,0.0,38.307973219720026,88.51284513805521,0.0,0.0,1.0,0.0,0,"Facilities > Adhesives, Sealants and Patching > Adhesives","Amazon::Industrial & Scientific > Adhesives, Sealants & Lubricants > Catalysts",1,,,,,CURATE,OFF-BRAND,CURATE,CURATE,0.5766312275366628,C,"Open to marketplace sellers now (curated, design-led assortment)","Health, safety & facilities",0.772,0.298,,25,"Tools, Parts & Supplies > Industrial Adhesives, Sealants & Tapes",Industrial & Scientific,"Tools, Parts & Supplies > Industrial Adhesives, Sealants & Tapes",Catalysts
D0046,DEEPEN,"Compasses (competitors: Outdoor Clocks, Patio Conversation Sets, Outdoor Curtains)",Gift Shop > Professional Gifts > Compasses,Gift Shop,Gift Shop > Professional Gifts,Gift Shop > Professional Gifts > Compasses,1.0,3,"Amazon, Walmart, Wayfair",5,3,0,0.0,0.6,0.98410441154113,66.48109508217728,23.85113592548771,,,,,,,11,Gift Shop > Professional Gifts > Compasses,Staples::Gift Shop > Professional Gifts > Compasses,0,"Outdoor Clocks, Patio Conversation Sets, Outdoor Curtains",1276.0,0.9688006771461195,3.0,CURATE,,,CURATE,0.5740709264881061,A,"Open to marketplace sellers now (curated, design-led assortment)",Outdoor living & grounds,0.904,0.304,,26,Gift Shop > Professional Gifts,,Gift Shop > Professional Gifts,Compasses (e.g. Outdoor Clocks)
E0215,ENTER,Chipboard,"Amazon: Arts, Crafts & Sewing > Scrapbooking & Stamping > Chipboard",Arts & Crafts,Arts & Crafts > Scrapbooking,Arts & Crafts > Scrapbooking > Stickers & Embellishments,0.8410758242035382,1,Amazon,1,1,0,0.0,0.2,0.904,61.2912318183512,0.0,27.79062690200853,94.79183673469387,0.0,0.0,1.0,0.0,0,Arts & Crafts > Scrapbooking > Stickers & Embellishments,"Amazon::Arts, Crafts & Sewing > Scrapbooking & Stamping > Chipboard",1,,,,,CURATE,OFF-BRAND,CURATE,CURATE,0.5702736954550536,C,"Open to marketplace sellers now (curated, design-led assortment)","Celebrations, gifting & creativity",0.604,0.142,,27,Arts & Crafts > Scrapbooking,Arts Crafts & Sewing,Arts & Crafts > Scrapbooking,Chipboard
E0372,ENTER,Reading Lights,Amazon: Electronics > eBook Readers & Accessories > Reading Lights,School Supplies,School Supplies > Teacher Supplies,School Supplies > Teacher Supplies > Classroom Books & Digital Media,0.6856582798582265,1,Amazon,1,1,0,0.0,0.2,0.904,60.76951155386074,0.0,27.084601339014004,94.45442176870748,0.0,0.0,1.0,0.0,0,Facilities > Work Lights,Amazon::Electronics > eBook Readers & Accessories > Reading Lights,1,,,,,CURATE,OFF-BRAND,CURATE,CURATE,0.5687085346615822,C,"Open to marketplace sellers now (curated, design-led assortment)","Celebrations, gifting & creativity",0.554,0.09,,28,School Supplies > Teacher Supplies,Electronics,School Supplies > Teacher Supplies,Reading Lights
D0028,DEEPEN,Sofas & Benches,Furniture > Chairs & Seating > Sofas & Benches,Furniture,Furniture > Chairs & Seating,Furniture > Chairs & Seating > Sofas & Benches,1.0,2,"Wayfair, WestElm",4,2,0,0.0,0.4,0.929813951442646,85.54644087586207,21.557055525436656,,,,,,,2,Furniture > Chairs & Seating > Sofas & Benches,Staples::Furniture > Chairs & Seating > Sofas & Benches,0,"Sectionals, Bedroom Benches, Custom Sofas",113.0,0.7226030005376379,3.0,CURATE,,,CURATE,0.5664162681894559,B,"Open to marketplace sellers now (curated, design-led assortment)",Home décor & furnishings,1.0,0.324,,29,Furniture > Chairs & Seating,,Furniture > Chairs & Seating,Sofas & Benches
E0179,ENTER,Outdoor Deck Tiles & Planks,Wayfair: Outdoor > Outdoor Fencing & Flooring > Outdoor Deck Tiles & Planks,Facilities,Facilities > Floor Mats & Flooring,Facilities > Floor Mats & Flooring,0.789838864854355,1,Wayfair,1,1,0,0.0,0.2,0.8667091836734694,64.09364132085635,0.0,79.01399878271455,49.17328385899815,0.0,0.0,1.0,0.0,0,Facilities > Hardware > Ceiling > Ceiling Tiles,Wayfair::Outdoor > Outdoor Fencing & Flooring > Outdoor Deck Tiles & Planks,1,,,,,CURATE,CURATE,VERTICAL EXTENSION,CURATE,0.5656291382482833,C,"Open to marketplace sellers now (curated, design-led assortment)","Celebrations, gifting & creativity",0.812,0.21,,30,Gift Shop > Professional Gifts,Outdoor,Gift Shop > Professional Gifts,Outdoor Deck Tiles & Planks
D0059,DEEPEN,Cell Phones,"Phones, Cameras & Electronics > Cell Phones","Phones, Cameras & Electronics","Phones, Cameras & Electronics > Cell Phones","Phones, Cameras & Electronics > Cell Phones",1.0,3,"Amazon, OfficeDepot, Walmart",3,3,0,0.0,0.6,0.9195956386283063,72.39166137776446,25.55601412883405,,,,,,,1,"Phones, Cameras & Electronics > Cell Phones","Staples::Phones, Cameras & Electronics > Cell Phones",0,"Cell Phone Parts, Unlocked Android phones, Carrier Cell Phones",22.0,1.9508241638577426,2.0,CURATE,,,CURATE,0.5576103613856545,A,"Open to marketplace sellers now (curated, design-led assortment)",Technology & connected workspace,0.996,0.32,,31,"Phones, Cameras & Electronics > Cell Phones",,"Phones, Cameras & Electronics > Cell Phones",Cell Phones
D0075,DEEPEN,DVD & Blu-Ray Players,TV & Streaming Media > TV & Video > DVD & Blu-Ray Players,TV & Streaming Media,TV & Streaming Media > TV & Video,TV & Streaming Media > TV & Video > DVD & Blu-Ray Players,1.0,2,"Amazon, OfficeDepot",2,2,0,0.0,0.4,0.70645956640935,93.33362245341576,18.12670745598981,,,,,,,1,TV & Streaming Media > TV & Video > DVD & Blu-Ray Players,Staples::TV & Streaming Media > TV & Video > DVD & Blu-Ray Players,0,"Blu-ray Players & Recorders, DVD Players & Recorders, DVD-VCR Combos",14.0,1.2064849105844924,3.0,CURATE,,,CURATE,0.5463091364502509,B,"Open to marketplace sellers now (curated, design-led assortment)",Technology & connected workspace,1.0,0.284,,32,TV & Streaming Media > TV & Video,,TV & Streaming Media > TV & Video,DVD & Blu-Ray Players
E0326,ENTER,Parts & Accessories,"Amazon: Patio, Lawn & Garden > Pools, Hot Tubs & Supplies > Parts & Accessories",Facilities,Facilities > Plumbing,Facilities > Plumbing > Tubs and Showers,0.8302265509645833,3,"Amazon, Walmart, Wayfair",1,1,1,0.0,0.6,0.8844934716267653,76.22975362390848,27.64208694374036,80.46256847230676,71.9969387755102,20.408300162861178,34.875873724619545,1.0,0.0,0,Facilities > Plumbing > Tubs and Showers,"Amazon::Patio, Lawn & Garden > Pools, Hot Tubs & Supplies > Parts & Accessories",1,,,,,CURATE,CURATE,CURATE,CURATE,0.5414267499845068,A,"Open to marketplace sellers now (curated, design-led assortment)",Outdoor living & grounds,0.994,0.236,,33,Facilities > Grounds Maintenance,"Patio, Lawn & Garden",Facilities > Grounds Maintenance,Parts & Accessories
D0043,DEEPEN,Artificial Christmas Trees,Gift Shop > Artificial Christmas Trees,Gift Shop,Gift Shop > Artificial Christmas Trees,Gift Shop > Artificial Christmas Trees,1.0,2,"Walmart, Wayfair",2,2,0,0.0,0.4,0.9479023273267048,63.876811738768815,18.676860835707632,,,,,,,1,Gift Shop > Artificial Christmas Trees,Staples::Gift Shop > Artificial Christmas Trees,0,"Christmas Lights, Outdoor Christmas Decorations, Christmas Tree Decorations",288.0,1.4520005325845862,2.0,CURATE,,,CURATE,0.5394946554198171,B,"Open to marketplace sellers now (curated, design-led assortment)","Celebrations, gifting & creativity",0.794,0.014,,34,Gift Shop > Artificial Christmas Trees,,Gift Shop > Artificial Christmas Trees,Artificial Christmas Trees
E0251,ENTER,Weight Benches,Wayfair: Outdoor > Fitness > Weight Benches,Fitness,Fitness > Fitness Equipment,Fitness > Fitness Equipment,0.8732832120853122,1,Wayfair,1,1,0,0.0,0.2,0.8667091836734694,63.94032320170917,5.917354346671194,81.54595252586732,46.33469387755102,0.0,11.834708693342389,1.0,0.0,0,Fitness > Fitness Equipment,Wayfair::Outdoor > Fitness > Weight Benches,1,,,,,CURATE,CURATE,VERTICAL EXTENSION,CURATE,0.5317261206218309,C,"Open to marketplace sellers now (curated, design-led assortment)",Wellness & ergonomics,0.806,0.088,,35,Fitness > Fitness Equipment,Outdoor,Fitness > Fitness Equipment,Weight Benches
D0076,DEEPEN,TV Accessories,TV & Streaming Media > TV & Video > TV Accessories,TV & Streaming Media,TV & Streaming Media > TV & Video,TV & Streaming Media > TV & Video > TV Accessories,1.0,2,"Amazon, Walmart",3,2,0,0.0,0.4,0.9221023973994311,76.475633810677,25.20511939206649,,,,,,,1,TV & Streaming Media > TV & Video > TV Accessories,Staples::TV & Streaming Media > TV & Video > TV Accessories,0,"Digital TV Converters, Analog-to-Digital (DTV) Converters, Televisions",152.0,0.8954694040605696,3.0,CURATE,,,CURATE,0.5177022953859047,B,"Open to marketplace sellers now (curated, design-led assortment)",Technology & connected workspace,0.998,0.132,,36,TV & Streaming Media > TV & Video,,TV & Streaming Media > TV & Video,TV Accessories
D0001,DEEPEN,Refrigerators,Appliances & Kitchenware > Major Appliances > Refrigerators,Appliances & Kitchenware,Appliances & Kitchenware > Major Appliances,Appliances & Kitchenware > Major Appliances > Refrigerators,1.0,4,"Amazon, OfficeDepot, Walmart, Wayfair",4,4,0,0.0,0.8,0.8466156656199995,78.47716778251167,36.35675144633196,,,,,,,1,Appliances & Kitchenware > Major Appliances > Refrigerators,Staples::Appliances & Kitchenware > Major Appliances > Refrigerators,0,"Beverage Refrigerators, Kegerators, Refrigerators",148.0,1.1426829489744486,3.0,CURATE,,,CURATE,0.516622152127069,A,"Open to marketplace sellers now (curated, design-led assortment)","Breakroom, kitchen & hospitality",0.764,0.128,,37,Appliances & Kitchenware > Major Appliances,,Appliances & Kitchenware > Major Appliances,Refrigerators
E0242,ENTER,Furniture Cushion & Cushion Covers,WestElm: Outdoor > Outdoor Solutions > Furniture Cushion & Cushion Covers | WestElm: Outdoor > Outdoor Solutions > Furniture Cushions,Furniture,Furniture > Storage Furniture,Gift Shop > Professional Gifts > Compasses > Outdoor Furniture Covers,0.8505587550898144,4,"Amazon, Walmart, Wayfair, WestElm",2,1,2,0.0,0.8,0.8854914466700943,85.03239097221359,39.74331677178724,96.64029214850882,73.42448979591836,33.36217105826106,46.124462485313416,2.0,299.0,0,Furniture,WestElm::Outdoor > Outdoor Solutions > Furniture Cushion & Cushion Covers,2,,,,,CURATE,CURATE,REVIEW,CURATE,0.5091805300590231,B,"Open to marketplace sellers now (curated, design-led assortment)","Celebrations, gifting & creativity",0.544,0.076,,38,Gift Shop > Professional Gifts,Outdoor,Gift Shop > Professional Gifts,Furniture Cushion & Cushion Covers
D0039,DEEPEN,Classroom & Kids' Tables,Furniture > Home & Office Tables > Classroom & Kids' Tables,Furniture,Furniture > Home & Office Tables,Furniture > Home & Office Tables > Classroom & Kids' Tables,1.0,2,"Walmart, Wayfair",3,2,0,0.0,0.4,0.9022560619127782,68.02879347722047,23.027494062628513,,,,,,,1,Furniture > Home & Office Tables > Classroom & Kids' Tables,Staples::Furniture > Home & Office Tables > Classroom & Kids' Tables,0,"Kids Bedroom Sets, Kids' Storage, Kids' Tables & Chair Sets",603.0,0.8223589120399517,3.0,CURATE,,,CURATE,0.5079230948965847,B,"Open to marketplace sellers now (curated, design-led assortment)",Home décor & furnishings,0.946,0.036,,39,Furniture > Home & Office Tables,,Furniture > Home & Office Tables,Classroom & Kids' Tables
D0068,DEEPEN,Sewing Tools,Retail Store Supplies > Sewing & Tailoring > Sewing Tools,Retail Store Supplies,Retail Store Supplies > Sewing & Tailoring,Retail Store Supplies > Sewing & Tailoring > Sewing Tools,1.0,2,"Amazon, Walmart",3,2,0,0.0,0.4,0.924902397399431,82.93742022582711,29.176006572266992,,,,,,,1,Retail Store Supplies > Sewing & Tailoring > Sewing Tools,Staples::Retail Store Supplies > Sewing & Tailoring > Sewing Tools,0,"Metal Stamping Tools, Application Tools, Sewing Notions & Supplies",9.0,0.9894129967031178,3.0,CURATE,,,CURATE,0.5046408545499308,B,"Open to marketplace sellers now (curated, design-led assortment)","Celebrations, gifting & creativity",0.988,0.072,,40,Retail Store Supplies > Sewing & Tailoring,,Retail Store Supplies > Sewing & Tailoring,Sewing Tools
D0004,DEEPEN,Craft Supplies,Arts & Crafts > Crafting > Craft Supplies,Arts & Crafts,Arts & Crafts > Crafting,Arts & Crafts > Crafting > Craft Supplies,1.0,2,"Amazon, Walmart",2,2,0,0.0,0.4,0.956216172287688,84.14637462946915,31.076414915728886,,,,,,,1,Arts & Crafts > Crafting > Craft Supplies,Staples::Arts & Crafts > Crafting > Craft Supplies,0,"Fusible Glass Supplies, Craft Supplies, Scratchboards & Foil Engraving",597.0,1.6159780243651483,3.0,CURATE,,,CURATE,0.5011535769408874,B,"Open to marketplace sellers now (curated, design-led assortment)","Celebrations, gifting & creativity",0.956,0.056,,41,Arts & Crafts > Crafting,,Arts & Crafts > Crafting,Craft Supplies
D0057,DEEPEN,Camera & Camcorder Accessories,"Phones, Cameras & Electronics > Cameras, Camcorders & Accessories > Camera & Camcorder Accessories","Phones, Cameras & Electronics","Phones, Cameras & Electronics > Cameras, Camcorders & Accessories","Phones, Cameras & Electronics > Cameras, Camcorders & Accessories > Camera & Camcorder Accessories",1.0,2,"Amazon, Walmart",3,2,0,0.0,0.4,0.9316513612352701,86.38222671187422,31.089209347491586,,,,,,,1,"Phones, Cameras & Electronics > Cameras, Camcorders & Accessories > Camera & Camcorder Accessories","Staples::Phones, Cameras & Electronics > Cameras, Camcorders & Accessories > Camera & Camcorder Accessories",0,"Camera & Photo Accessories, DSLR Cameras, Lenses",129.0,0.8954694040605696,3.0,CURATE,,,CURATE,0.49975804484792496,B,"Open to marketplace sellers now (curated, design-led assortment)",Technology & connected workspace,0.956,0.05,,42,"Phones, Cameras & Electronics > Cameras, Camcorders & Accessories",,"Phones, Cameras & Electronics > Cameras, Camcorders & Accessories",Camera & Camcorder Accessories
D0055,DEEPEN,Party Décor,Party Supplies > Party Décor,Party Supplies,Party Supplies > Party Décor,Party Supplies > Party Décor,1.0,2,"Amazon, Wayfair",4,2,0,0.0,0.4,0.9305066326530612,60.14467625257621,23.36110870931256,,,,,,,1,Party Supplies > Party Décor,Staples::Party Supplies > Party Décor,0,"Decorations, Photobooth Props, Home Décor Accents",319.0,0.9024681440577913,2.0,CURATE,,,CURATE,0.49517257528607134,B,"Open to marketplace sellers now (curated, design-led assortment)","Celebrations, gifting & creativity",0.488,0.0,,43,Party Supplies > Party Décor,,Party Supplies > Party Décor,Party Décor
D0035,DEEPEN,Decorative Accents,Furniture > Decor > Decorative Accents,Furniture,Furniture > Decor,Furniture > Decor > Decorative Accents,1.0,2,"Wayfair, WestElm",3,2,0,0.0,0.4,0.5457204433497537,86.03703954041194,16.84772199457861,,,,,,,1,Furniture > Decor > Decorative Accents,Staples::Furniture > Decor > Decorative Accents,0,"Decorative Objects, Decorative Trays, Vases, Urns, Jars & Bottles",14.0,1.2411621911727293,3.0,CURATE,,,CURATE,0.4898611071917347,B,"Open to marketplace sellers now (curated, design-led assortment)",Home décor & furnishings,1.0,0.094,,44,Furniture > Decor,,Furniture > Decor,Decorative Accents
D0000,DEEPEN,Dining & Tableware,Appliances & Kitchenware > Kitchenware > Dining & Tableware,Appliances & Kitchenware,Appliances & Kitchenware > Kitchenware,Appliances & Kitchenware > Kitchenware > Dining & Tableware,1.0,3,"OfficeDepot, Wayfair, WestElm",5,3,0,0.0,0.6,0.7644503065039893,67.86016216222183,29.286375489290265,,,,,,,7,Appliances & Kitchenware > Kitchenware > Dining & Tableware,Staples::Appliances & Kitchenware > Kitchenware > Dining & Tableware,0,"Dinnerware, Salt & Pepper Shakers & Mills, Disposable Tableware",257.0,1.0496309016278405,3.0,CURATE,,,CURATE,0.48165743402301736,A,"Open to marketplace sellers now (curated, design-led assortment)","Breakroom, kitchen & hospitality",0.93,0.01,,45,Appliances & Kitchenware > Kitchenware,,Appliances & Kitchenware > Kitchenware,Dining & Tableware
D0066,DEEPEN,Garment Steamers & Irons,Retail Store Supplies > Sewing & Tailoring > Garment Steamers & Irons,Retail Store Supplies,Retail Store Supplies > Sewing & Tailoring,Retail Store Supplies > Sewing & Tailoring > Garment Steamers & Irons,1.0,2,"Amazon, Walmart",3,2,0,0.0,0.4,0.9273407557903292,62.17615759644783,26.214861082918873,,,,,,,1,Retail Store Supplies > Sewing & Tailoring > Garment Steamers & Irons,Staples::Retail Store Supplies > Sewing & Tailoring > Garment Steamers & Irons,0,"Garment Steamers, Ironing Boards, Irons",26.0,0.8223589120399517,3.0,CURATE,,,CURATE,0.4804133699645521,B,"Open to marketplace sellers now (curated, design-led assortment)","Celebrations, gifting & creativity",0.69,0.0,,46,Retail Store Supplies > Sewing & Tailoring,,Retail Store Supplies > Sewing & Tailoring,Garment Steamers & Irons
D0058,DEEPEN,Digital Picture Frames,"Phones, Cameras & Electronics > Cameras, Camcorders & Accessories > Digital Picture Frames","Phones, Cameras & Electronics","Phones, Cameras & Electronics > Cameras, Camcorders & Accessories","Phones, Cameras & Electronics > Cameras, Camcorders & Accessories > Digital Picture Frames",1.0,2,"Amazon, OfficeDepot",3,2,0,0.0,0.4,0.6932256150349903,89.51537568161775,26.66326202757646,,,,,,,1,"Phones, Cameras & Electronics > Cameras, Camcorders & Accessories > Digital Picture Frames","Staples::Phones, Cameras & Electronics > Cameras, Camcorders & Accessories > Digital Picture Frames",0,"Digital Picture Frames, Digital Cameras, Point & Shoot Digital Cameras",24.0,0.8954694040605696,3.0,CURATE,,,CURATE,0.4775505711869449,B,"Open to marketplace sellers now (curated, design-led assortment)",Technology & connected workspace,0.994,0.014,,47,"Phones, Cameras & Electronics > Cameras, Camcorders & Accessories",,"Phones, Cameras & Electronics > Cameras, Camcorders & Accessories",Digital Picture Frames
E0110,ENTER,Knives & Blades,OfficeDepot: Office Supplies > Drafting > Knives & Blades,"Tools, Parts & Supplies","Tools, Parts & Supplies > Hand Tools",Arts & Crafts > Drafting Supplies,0.7942139317869188,1,OfficeDepot,1,1,0,0.0,0.2,0.5605295433229925,70.00220850360839,0.0,40.63298843578819,99.37142857142857,0.0,0.0,1.0,37.0,0,Facilities > Hand & Power Tools > Hand Tools > Box Cutters & Utility Knives,OfficeDepot::Office Supplies > Drafting > Knives & Blades,0,,,,,CURATE,VERTICAL EXTENSION,CURATE,CURATE,0.4761919656738725,C,"Open to marketplace sellers now (curated, design-led assortment)","Celebrations, gifting & creativity",0.984,0.118,,48,Arts & Crafts > Drafting Supplies,Office Supplies,Arts & Crafts > Drafting Supplies,Knives & Blades
E0331,ENTER,Lawn Mowers & Tractors,"Amazon: Patio, Lawn & Garden > Outdoor Power Tools > Lawn Mowers & Tractors",Facilities,Facilities > Grounds Maintenance,Facilities > Grounds Maintenance > Outdoor Tools > Lawn & Garden Tools,0.8992800839453421,2,"Amazon, Walmart",1,1,1,0.0,0.4,0.926908573750508,74.51690784652268,31.190459668800365,71.52769324406574,77.50612244897961,57.82418098427833,4.556738353322405,1.0,0.0,0,Facilities > Grounds Maintenance > Outdoor Tools > Lawn & Garden Tools,"Amazon::Patio, Lawn & Garden > Outdoor Power Tools > Lawn Mowers & Tractors",1,,,,,CURATE,REVIEW,CURATE,CURATE,0.4733881168491982,B,"Open to marketplace sellers now (curated, design-led assortment)",Outdoor living & grounds,0.954,0.004,,49,Facilities > Grounds Maintenance,"Patio, Lawn & Garden",Facilities > Grounds Maintenance,Lawn Mowers & Tractors
D0067,DEEPEN,Sewing Machines,Retail Store Supplies > Sewing & Tailoring > Sewing Machines,Retail Store Supplies,Retail Store Supplies > Sewing & Tailoring,Retail Store Supplies > Sewing & Tailoring > Sewing Machines,1.0,2,"Amazon, Walmart",3,2,0,0.0,0.4,0.9594668833807396,76.85970504796397,34.87649451668958,,,,,,,1,Retail Store Supplies > Sewing & Tailoring > Sewing Machines,Staples::Retail Store Supplies > Sewing & Tailoring > Sewing Machines,0,"Embroidery Machines, Portable Sewing Machines, Mechanical Sewing Machines",64.0,1.5886165846205147,3.0,CURATE,,,CURATE,0.46002757431388686,B,"Open to marketplace sellers now (curated, design-led assortment)","Celebrations, gifting & creativity",0.838,0.0,,50,Retail Store Supplies > Sewing & Tailoring,,Retail Store Supplies > Sewing & Tailoring,Sewing Machines
D0062,DEEPEN,Kitchen Racks,Restaurant & Foodservice Supplies > Restaurant Storage & Transport > Kitchen Racks,Restaurant & Foodservice Supplies,Restaurant & Foodservice Supplies > Restaurant Storage & Transport,Restaurant & Foodservice Supplies > Restaurant Storage & Transport > Kitchen Racks,1.0,2,"Walmart, Wayfair",3,2,0,0.0,0.4,0.967429916907844,81.82102129307609,38.3897039441318,,,,,,,1,Restaurant & Foodservice Supplies > Restaurant Storage & Transport > Kitchen Racks,Staples::Restaurant & Foodservice Supplies > Restaurant Storage & Transport > Kitchen Racks,0,"Towel Racks, Wine Racks, Kitchen Islands & Carts",9.0,1.6025174695895268,3.0,CURATE,,,CURATE,0.4460976874209997,B,"Open to marketplace sellers now (curated, design-led assortment)","Breakroom, kitchen & hospitality",0.644,0.0,,51,Restaurant & Foodservice Supplies > Restaurant Storage & Transport,,Restaurant & Foodservice Supplies > Restaurant Storage & Transport,Kitchen Racks
D0017,DEEPEN,Door Hardware,Facilities > Hardware > Door Hardware,Facilities,Facilities > Hardware,Facilities > Hardware > Door Hardware,1.0,2,"Amazon, Walmart",3,2,0,0.0,0.4,0.9682225111743195,70.47856283133558,36.439196185474145,,,,,,,5,Facilities > Hardware > Door Hardware,Staples::Facilities > Hardware > Door Hardware,0,"Entry Door Hardware, Shutters, Garage Door Hardware",36.0,0.7336385419146825,3.0,CURATE,,,CURATE,0.4387688522833585,B,"Open to marketplace sellers now (curated, design-led assortment)","Health, safety & facilities",0.744,0.0,,52,Facilities > Hardware,,Facilities > Hardware,Door Hardware
D0005,DEEPEN,Headphones,Audio > Headphones,Audio,Audio > Headphones,Audio > Headphones,1.0,2,"Amazon, OfficeDepot",3,2,0,0.0,0.4,0.8633723973739268,91.03524594699276,38.92327044025158,,,,,,,1,Audio > Headphones,Staples::Audio > Headphones,0,"On-Ear Headphones, Earbud & In-Ear Headphones, Open-Ear Headphones",782.0,0.8153704391790635,2.0,CURATE,,,CURATE,0.436873342780094,B,"Open to marketplace sellers now (curated, design-led assortment)",Technology & connected workspace,0.596,0.0,,53,Audio > Headphones,,Audio > Headphones,Headphones
D0060,DEEPEN,Office Phones,"Phones, Cameras & Electronics > Phones & Accessories > Office Phones","Phones, Cameras & Electronics","Phones, Cameras & Electronics > Phones & Accessories","Phones, Cameras & Electronics > Phones & Accessories > Office Phones",1.0,2,"OfficeDepot, Walmart",2,2,0,0.0,0.4,0.7968235402588438,82.70571440310219,35.15678877488434,,,,,,,1,"Phones, Cameras & Electronics > Phones & Accessories > Office Phones","Staples::Phones, Cameras & Electronics > Phones & Accessories > Office Phones",0,"Phone Cards, Internet Phone Products (VoIP), VoIP Phone Adapters",142.0,1.1392262606341754,3.0,CURATE,,,CURATE,0.43250770892761564,B,"Open to marketplace sellers now (curated, design-led assortment)",Technology & connected workspace,0.83,0.0,,54,"Phones, Cameras & Electronics > Phones & Accessories",,"Phones, Cameras & Electronics > Phones & Accessories",Office Phones
D0065,DEEPEN,Fabric,Retail Store Supplies > Sewing & Tailoring > Fabric,Retail Store Supplies,Retail Store Supplies > Sewing & Tailoring,Retail Store Supplies > Sewing & Tailoring > Fabric,1.0,3,"Amazon, OfficeDepot, Walmart",4,3,0,0.0,0.6,0.676052016762703,69.50257634210058,36.63094834054154,,,,,,,1,Retail Store Supplies > Sewing & Tailoring > Fabric,Staples::Retail Store Supplies > Sewing & Tailoring > Fabric,0,"Fabric, Fabric & Textile Paints, Fabric Decorating Kits",7.0,1.372646337121693,3.0,CURATE,,,CURATE,0.4151470921170123,A,"Open to marketplace sellers now (curated, design-led assortment)","Celebrations, gifting & creativity",0.734,0.002,,55,Retail Store Supplies > Sewing & Tailoring,,Retail Store Supplies > Sewing & Tailoring,Fabric
D0069,DEEPEN,Fire Protection,Safety Supplies > Fire Protection,Safety Supplies,Safety Supplies > Fire Protection,Safety Supplies > Fire Protection,1.0,2,"OfficeDepot, Walmart",4,2,0,0.0,0.4,0.5648081456259821,64.26820486589682,26.16262366571183,,,,,,,2,Safety Supplies > Fire Protection,Staples::Safety Supplies > Fire Protection,0,"Carbon Monoxide Alarms, Detectors, Fire Extinguishers",34.0,0.756077241623881,2.0,CURATE,,,CURATE,0.3916980263567738,B,"Open to marketplace sellers now (curated, design-led assortment)","Health, safety & facilities",0.818,0.0,,56,Safety Supplies > Fire Protection,,Safety Supplies > Fire Protection,Fire Protection
E0166,ENTER,Shed Accessories,Wayfair: Organization > Garage & Outdoor Storage & Organization > Shed Accessories,Furniture,Furniture > Storage Furniture,"Tools, Parts & Supplies > Tool & Garage Organization > Garage Storage Equipment",0.8639614030266973,2,"Walmart, Wayfair",1,1,0,0.0,0.4,0.4346751932182869,79.62885463375856,27.092255677932346,88.18015824710896,71.07755102040817,0.0,54.18451135586469,1.0,0.0,0,Cleaning Supplies > Laundry Care > Laundry Room Organization > Laundry Accessories,Wayfair::Organization > Garage & Outdoor Storage & Organization > Shed Accessories,1,,,,,CURATE,CURATE,REVIEW,CURATE,0.38715680475587433,B,"Open to marketplace sellers now (curated, design-led assortment)",Core office & business supplies,0.994,0.0,,57,Office Supplies > Storage & Organization,Organization,Office Supplies > Storage & Organization,Shed Accessories
D0016,DEEPEN,"Chain, Rope & Tie Downs","Facilities > Hardware > Chain, Rope & Tie Downs",Facilities,Facilities > Hardware,"Facilities > Hardware > Chain, Rope & Tie Downs",1.0,2,"Amazon, OfficeDepot",3,2,0,0.0,0.4,0.49896867469879513,70.154260192847,37.39190921482181,,,,,,,3,"Facilities > Hardware > Chain, Rope & Tie Downs","Staples::Facilities > Hardware > Chain, Rope & Tie Downs",0,"Coil Chains, Chains, Roller Chain Sprockets",13.0,0.7267073770522474,3.0,CURATE,,,CURATE,0.32875622212863054,B,"Open to marketplace sellers now (curated, design-led assortment)","Health, safety & facilities",0.7,0.0,,58,Facilities > Hardware,,Facilities > Hardware,"Chain, Rope & Tie Downs"
E0138,ENTER,Pillowcases,WestElm: Bedding > Featured > Pillowcases,Furniture,Furniture > Decor,Furniture > Decor > Beds & Bedding > Bedding,0.9150545788770654,5,"Amazon, OfficeDepot, Walmart, Wayfair, WestElm",1,1,4,1.0,1.0,0.7356726378440428,34.76713826126921,1.461035495176228,67.65672550213026,1.8775510204081631,2.922070990352456,0.0,1.0,30.0,0,Furniture > Decor > Beds & Bedding > Pillows,WestElm::Bedding > Featured > Pillowcases,0,,,,,OFF-BRAND,CURATE,OFF-BRAND,OFF-BRAND,0.7013873796756231,B,"Pass - real gap, wrong store for Staples",Home décor & furnishings,0.0,0.0,,1,Furniture > Decor,Bedding,Competitor dept: Bedding,Pillowcases
E0017,ENTER,Doormats,"Amazon: Patio, Lawn & Garden > Outdoor Décor > Doormats | Wayfair: Rugs > Doormats | Wayfair: Holiday > Halloween > Doormats | Wayfair: Shop Contractor Spaces > Garage > Doormats | Wayfair: Shop Contractor Spaces > Hallway & Mudroom > Doormats",Furniture,Furniture > Decor,Decor > Rugs,0.6950813857004029,4,"Amazon, Walmart, Wayfair, WestElm",5,2,1,0.2,0.8,0.780579284790831,34.394123119728725,0.0,10.882531953743152,57.905714285714296,0.0,0.0,5.0,0.0,0,Gift Shop > Professional Gifts > Compasses > Outdoor Decor,Wayfair::Shop Contractor Spaces > Hallway & Mudroom > Doormats,0,,,,,OFF-BRAND,OFF-BRAND,VERTICAL EXTENSION,OFF-BRAND,0.6563851190359771,B,"Pass - real gap, wrong store for Staples","Celebrations, gifting & creativity",0.0,0.0,,2,Party Supplies > Party Décor,Shop Contractor Spaces,Competitor dept: Shop Contractor Spaces,Doormats
E0085,ENTER,Swimming,"Amazon: Sports & Outdoors > Sports & Fitness > Swimming | Wayfair: Outdoor > Hot Tubs, Saunas & Pools > Swimming Pools",Fitness,Fitness > Fitness Equipment,Gift Shop > Game Room & Toys > Game Room > Pool Tables & Accessories,0.7432202230345797,3,"Amazon, Walmart, Wayfair",2,2,0,0.0,0.6,0.9050813085494255,38.41882569217583,0.0,36.396835057821065,40.44081632653061,0.0,0.0,2.0,0.0,0,Fitness > Fitness Equipment,Amazon::Sports & Outdoors > Sports & Fitness > Swimming,1,,,,,OFF-BRAND,OFF-BRAND,VERTICAL EXTENSION,OFF-BRAND,0.6420349350688264,B,"Pass - real gap, wrong store for Staples",Wellness & ergonomics,0.0,0.0,,3,Fitness > Fitness Equipment,Sports & Outdoors,Competitor dept: Sports & Outdoors,Swimming
E0097,ENTER,Beach Umbrellas,Walmart: Patio & Garden > Outdoor Shade > Beach Umbrellas | Wayfair: Outdoor > Umbrellas > Beach Umbrellas,Gift Shop,Gift Shop > Professional Gifts,Gift Shop > Professional Gifts > Compasses > Patio Furniture,0.725194354934126,4,"Amazon, Walmart, Wayfair, WestElm",2,2,1,0.0,0.8,0.7863651190628699,26.49277480991245,0.0,22.842361533779673,30.143188086045228,0.0,0.0,2.0,0.0,0,Gift Shop > Professional Gifts > Compasses > Patio Furniture,Walmart::Patio & Garden > Outdoor Shade > Beach Umbrellas,2,,,,,OFF-BRAND,OFF-BRAND,OFF-BRAND,OFF-BRAND,0.6347061161017418,A,"Pass - real gap, wrong store for Staples","Celebrations, gifting & creativity",0.0,0.0,,4,Gift Shop > Professional Gifts,Patio & Garden,Competitor dept: Patio & Garden,Beach Umbrellas
E0007,ENTER,Teen Comforters & Sets,Wayfair: Baby & Kids > Teen Bedding > Teen Comforters & Sets | Wayfair: Baby & Kids > Teen Bedding > Teen Bed in a Bag | Wayfair: Baby & Kids > Teen Bedding > Teen Duvets & Sets,Furniture,Furniture > Decor,Furniture > Decor > Beds & Bedding > Bedding,0.7210440159166054,4,"Amazon, OfficeDepot, Walmart, Wayfair",3,1,2,0.6666666666666666,0.8,0.7302989174403567,31.681854579933006,0.0,16.936498275512275,46.42721088435374,0.0,0.0,3.0,0.0,0,Furniture > Decor > Beds & Bedding > Bedding,Wayfair::Baby & Kids > Teen Bedding > Teen Comforters & Sets,0,,,,,OFF-BRAND,OFF-BRAND,VERTICAL EXTENSION,OFF-BRAND,0.6306501848439238,B,"Pass - real gap, wrong store for Staples",Home décor & furnishings,0.0,0.0,,5,Furniture > Decor,Baby & Kids,Competitor dept: Baby & Kids,Teen Comforters & Sets
E0295,ENTER,Poufs,Amazon: Home & Kitchen > Home Décor > Poufs,Furniture,Furniture > Decor,Furniture > Decor > Home & Office Decor,0.646920249012221,3,"Amazon, Walmart, Wayfair",1,1,1,0.0,0.6,0.8516477449573897,37.36330403793234,0.0,10.018259281801583,64.70834879406308,0.0,0.0,1.0,0.0,0,Furniture > Decor > Home & Office Decor,Amazon::Home & Kitchen > Home Décor > Poufs,0,,,,,OFF-BRAND,OFF-BRAND,CURATE,OFF-BRAND,0.6201666228488835,B,"Pass - real gap, wrong store for Staples","Celebrations, gifting & creativity",0.0,0.0,,6,Party Supplies > Party Décor,Home & Kitchen,Competitor dept: Home & Kitchen,Poufs
E0024,ENTER,Pergolas,Walmart: Patio & Garden > Outdoor Shade > Pergolas | Walmart: Patio & Garden > Outdoor Shade > Pergola Canopies | Wayfair: Outdoor > Outdoor Shades > Pergolas,Gift Shop,Gift Shop > Professional Gifts,Gift Shop > Professional Gifts > Compasses > Patio Furniture,0.7500384076497792,3,"Amazon, Walmart, Wayfair",3,2,0,0.6666666666666666,0.6,0.8844934716267653,18.791004346774436,0.08172449938937303,10.87238790829783,26.709620785251044,0.0,0.16344899877874605,6.0,0.0,0,Gift Shop > Professional Gifts > Compasses > Patio Furniture,Walmart::Patio & Garden > Outdoor Shade > Pergolas,0,,,,,OFF-BRAND,OFF-BRAND,OFF-BRAND,OFF-BRAND,0.575475039346639,A,"Pass - real gap, wrong store for Staples",Outdoor living & grounds,0.0,0.0,,7,Gift Shop > Professional Gifts,Patio & Garden,Competitor dept: Patio & Garden,Pergolas
E0070,ENTER,Trampolines,Wayfair: Outdoor > Backyard Play > Trampolines | Wayfair: Outdoor > Backyard Play > Trampoline Accessories,Gift Shop,Gift Shop > Game Room & Toys,School Supplies > Teacher Supplies > Physical Education & Recreation > Outdoor Games,0.7165614553909104,2,"Walmart, Wayfair",2,1,0,0.0,0.4,0.9014569892361658,34.45777820562187,0.0,21.509433962264154,47.40612244897959,0.0,0.0,2.0,0.0,0,School Supplies > Teacher Supplies > Physical Education & Recreation > Outdoor Games,Wayfair::Outdoor > Backyard Play > Trampolines,1,,,,,OFF-BRAND,OFF-BRAND,VERTICAL EXTENSION,OFF-BRAND,0.5588832808495235,B,"Pass - real gap, wrong store for Staples",Home décor & furnishings,0.0,0.0,,8,Furniture > Daycare & Nursery,Outdoor,Competitor dept: Outdoor,Trampolines
E0072,ENTER,Hydroponics,"Amazon: Patio, Lawn & Garden > Gardening & Lawn Care > Hydroponics | Amazon: Patio, Lawn & Garden > Gardening & Lawn Care > Indoor Gardening & Hydroponics",Facilities,Facilities > Grounds Maintenance,Facilities > Grounds Maintenance > Outdoor Tools > Lawn & Garden Tools,0.8264514122460159,2,"Amazon, Walmart",2,1,0,0.5,0.4,0.9035440877691996,38.03808737128449,2.9100166900168865,26.439440048691424,49.63673469387756,5.820033380033773,0.0,2.0,0.0,0,Facilities > Grounds Maintenance > Outdoor Tools > Lawn & Garden Tools,"Amazon::Patio, Lawn & Garden > Gardening & Lawn Care > Hydroponics",0,,,,,OFF-BRAND,OFF-BRAND,VERTICAL EXTENSION,OFF-BRAND,0.5537572760793363,B,"Pass - real gap, wrong store for Staples",Outdoor living & grounds,0.0,0.0,,9,Facilities > Grounds Maintenance,"Patio, Lawn & Garden","Competitor dept: Patio, Lawn & Garden",Hydroponics
E0380,ENTER,Netball,Amazon: Sports & Outdoors > Sports & Fitness > Netball,Fitness,Fitness,Fitness,0.7399442247707783,2,"Amazon, Walmart",1,1,0,0.0,0.4,0.8789605851279967,34.22932912665979,0.0,17.674984783931833,50.78367346938775,0.0,0.0,1.0,0.0,0,Fitness,Amazon::Sports & Outdoors > Sports & Fitness > Netball,0,,,,,OFF-BRAND,OFF-BRAND,VERTICAL EXTENSION,OFF-BRAND,0.5503241921747781,B,"Pass - real gap, wrong store for Staples",Wellness & ergonomics,0.0,0.0,,10,Fitness,Sports & Outdoors,Competitor dept: Sports & Outdoors,Netball
E0015,ENTER,Screen Printing,"Amazon: Arts, Crafts & Sewing > Printmaking > Printing Presses & Accessories | Amazon: Arts, Crafts & Sewing > Printmaking > Relief & Block Printing Materials | Amazon: Arts, Crafts & Sewing > Printmaking > Screen Printing",Arts & Crafts,Arts & Crafts > Art & Drawing Pens,Arts & Crafts > Art & Drawing Pens,0.7289572802337266,2,"Amazon, Walmart",3,1,0,0.6666666666666666,0.4,0.8441170255993499,36.76203477130354,0.0,30.071008318117265,43.4530612244898,0.0,0.0,3.0,0.0,0,Arts & Crafts > Painting Accessories,"Amazon::Arts, Crafts & Sewing > Printmaking > Screen Printing",1,,,,,OFF-BRAND,OFF-BRAND,VERTICAL EXTENSION,OFF-BRAND,0.545727063273683,B,"Pass - real gap, wrong store for Staples","Celebrations, gifting & creativity",0.0,0.0,,11,Arts & Crafts > Painting Accessories,Arts Crafts & Sewing,Competitor dept: Arts Crafts & Sewing,Screen Printing
E0288,ENTER,Airsoft & Paintball,Amazon: Sports & Outdoors > Sports & Fitness > Airsoft & Paintball,Fitness,Fitness > Fitness Equipment,Fitness > Fitness Equipment,0.7391562862985128,2,"Amazon, Walmart",1,1,0,0.0,0.4,0.8441170255993499,36.23176369756666,0.0,21.679853925745583,50.78367346938775,0.0,0.0,1.0,0.0,0,Fitness > Fitness Equipment,Amazon::Sports & Outdoors > Sports & Fitness > Airsoft & Paintball,0,,,,,OFF-BRAND,OFF-BRAND,VERTICAL EXTENSION,OFF-BRAND,0.5441362500524725,B,"Pass - real gap, wrong store for Staples",Wellness & ergonomics,0.0,0.0,,12,Fitness > Fitness Equipment,Sports & Outdoors,Competitor dept: Sports & Outdoors,Airsoft & Paintball
E0346,ENTER,Poultry Care,"Amazon: Patio, Lawn & Garden > Farm & Ranch > Poultry Care",Expanded Assortment,Expanded Assortment > Pet Supplies & Accessories,"Expanded Assortment > Pet Supplies & Accessories > Bird Supplies > Bird Food, Treats and Healthcare",0.6721256551241059,2,"Amazon, Walmart",1,1,0,0.0,0.4,0.9035440877691996,29.027326816301688,0.0,13.524041387705418,44.53061224489796,0.0,0.0,1.0,0.0,0,"Expanded Assortment > Pet Supplies & Accessories > Bird Supplies > Bird Food, Treats and Healthcare","Amazon::Patio, Lawn & Garden > Farm & Ranch > Poultry Care",0,,,,,OFF-BRAND,OFF-BRAND,VERTICAL EXTENSION,OFF-BRAND,0.5433224111681249,B,"Pass - real gap, wrong store for Staples",Outdoor living & grounds,0.0,0.0,,13,Facilities > Grounds Maintenance,"Patio, Lawn & Garden","Competitor dept: Patio, Lawn & Garden",Poultry Care
E0327,ENTER,Purse Making,"Amazon: Arts, Crafts & Sewing > Beading & Jewelry Making > Purse Making",Retail Store Supplies,Retail Store Supplies > Sewing & Tailoring,"Gift Shop > Home, Personal & Travel > Jewelry Boxes & Cases",0.7501758066555232,2,"Amazon, Walmart",1,1,1,0.0,0.4,0.8441170255993499,35.3984324344467,0.0,31.5642118076689,39.23265306122449,0.0,0.0,1.0,0.0,0,"Gift Shop > Home, Personal & Travel > Jewelry Boxes & Cases","Amazon::Arts, Crafts & Sewing > Beading & Jewelry Making > Purse Making",0,,,,,OFF-BRAND,OFF-BRAND,OFF-BRAND,OFF-BRAND,0.5416362562631125,B,"Pass - real gap, wrong store for Staples","Celebrations, gifting & creativity",0.0,0.0,,14,Retail Store Supplies > Sewing & Tailoring,Arts Crafts & Sewing,Competitor dept: Arts Crafts & Sewing,Purse Making
E0278,ENTER,Pavers & Cobblestone,Wayfair: Outdoor > Outdoor Fencing & Flooring > Pavers & Cobblestone,Facilities,Facilities > Floor Mats & Flooring,Furniture > Decor > Home & Office Decor > Indoor Fireplaces,0.7295715005125264,2,"Walmart, Wayfair",1,1,0,0.0,0.4,0.8254716174360845,37.25277372831499,0.0,22.604990870359103,51.90055658627087,0.0,0.0,1.0,0.0,0,Furniture > Decor > Home & Office Decor > Indoor Fireplaces,Wayfair::Outdoor > Outdoor Fencing & Flooring > Pavers & Cobblestone,0,,,,,OFF-BRAND,OFF-BRAND,VERTICAL EXTENSION,OFF-BRAND,0.5406733872875745,B,"Pass - real gap, wrong store for Staples","Celebrations, gifting & creativity",0.0,0.0,,15,Gift Shop > Professional Gifts,Outdoor,Competitor dept: Outdoor,Pavers & Cobblestone
E0074,ENTER,Father's Day,Wayfair: Holiday > Father's Day | Wayfair: Holiday > Mother's Day,Gift Shop,Gift Shop > Holiday Cards,Gift Shop > Holiday Cards,0.8163118985425137,2,"Walmart, Wayfair",2,1,1,1.0,0.4,0.8254716174360845,37.23872044252881,0.0,15.076080340839926,59.40136054421769,0.0,0.0,2.0,0.0,0,Gift Shop > Holiday Cards,Wayfair::Holiday > Father's Day,0,,,,,OFF-BRAND,OFF-BRAND,VERTICAL EXTENSION,OFF-BRAND,0.540631227430216,B,"Pass - real gap, wrong store for Staples","Celebrations, gifting & creativity",0.0,0.0,,16,Gift Shop > Holiday Cards,Holiday,Competitor dept: Holiday,Father's Day
E0160,ENTER,Awnings,Wayfair: Outdoor > Outdoor Shades > Awnings,Furniture,Furniture > Decor,"Furniture > Decor > Curtains, Blinds & Shades",0.7867941171426421,2,"Walmart, Wayfair",1,1,0,1.0,0.4,0.8603151769647315,31.56566592553029,0.0,33.90139987827146,29.22993197278912,0.0,0.0,1.0,0.0,0,"Furniture > Decor > Curtains, Blinds & Shades",Wayfair::Outdoor > Outdoor Shades > Awnings,0,,,,,OFF-BRAND,OFF-BRAND,OFF-BRAND,OFF-BRAND,0.5358073097142468,B,"Pass - real gap, wrong store for Staples",Outdoor living & grounds,0.0,0.0,,17,Gift Shop > Professional Gifts,Outdoor,Competitor dept: Outdoor,Awnings
E0210,ENTER,App-Enabled Activity Trackers,Amazon: Health & Personal Care > Wellness & Relaxation > App-Enabled Activity Trackers,Healthcare Supplies,Healthcare Supplies > Physical Therapy and Rehabilitation Equipment,Retail Store Supplies > Spa & Salon > Spa & Massage > Massage & Recovery Tools,0.7131758220731131,2,"Amazon, Walmart",1,1,0,0.0,0.4,0.8441170255993499,33.41322866334605,0.0,21.0468654899574,45.779591836734696,0.0,0.0,1.0,0.0,0,Retail Store Supplies > Spa & Salon > Spa & Massage > Massage & Recovery Tools,Amazon::Health & Personal Care > Wellness & Relaxation > App-Enabled Activity Trackers,0,,,,,OFF-BRAND,OFF-BRAND,VERTICAL EXTENSION,OFF-BRAND,0.5356806449498106,B,"Pass - real gap, wrong store for Staples","Health, safety & facilities",0.0,0.0,,18,Healthcare Supplies > Physical Therapy and Rehabilitation Equipment,Health & Personal Care,Competitor dept: Health & Personal Care,App-Enabled Activity Trackers
E0182,ENTER,New Year's Eve,Wayfair: Holiday > New Year's Eve,Gift Shop,Gift Shop > Holiday Cards,Gift Shop > Holiday Cards,0.8105497551550255,2,"Walmart, Wayfair",1,1,1,1.0,0.4,0.8254716174360845,35.4766997486761,0.0,11.55203895313451,59.40136054421769,0.0,0.0,1.0,0.0,0,Gift Shop > Holiday Cards,Wayfair::Holiday > New Year's Eve,0,,,,,OFF-BRAND,OFF-BRAND,VERTICAL EXTENSION,OFF-BRAND,0.5353451653486578,B,"Pass - real gap, wrong store for Staples","Celebrations, gifting & creativity",0.0,0.0,,19,Gift Shop > Holiday Cards,Holiday,Competitor dept: Holiday,New Year's Eve
E0041,ENTER,"Easter Wreaths, Garlands & Flowers","Wayfair: Holiday > Easter > Easter Wreaths, Garlands & Flowers | Wayfair: Holiday > Thanksgiving > Thanksgiving Wreaths, Garlands & Flowers | Wayfair: Holiday > Valentine's Day > Valentine's Day Wreaths, Garlands & Flowers",Gift Shop,Gift Shop > Holiday Cards,Gift Shop > Holiday Cards,0.7478544809392087,2,"Walmart, Wayfair",3,1,0,0.6666666666666666,0.4,0.8254716174360845,35.10277367185463,0.0,25.72935686751877,44.47619047619048,0.0,0.0,3.0,0.0,0,Furniture > Decor > Artificial Plants & Flowers > Artificial Garlands & Swag,"Wayfair::Holiday > Easter > Easter Wreaths, Garlands & Flowers",0,,,,,OFF-BRAND,OFF-BRAND,VERTICAL EXTENSION,OFF-BRAND,0.5342233871181934,B,"Pass - real gap, wrong store for Staples","Celebrations, gifting & creativity",0.0,0.0,,20,Gift Shop > Holiday Cards,Holiday,Competitor dept: Holiday,"Easter Wreaths, Garlands & Flowers"
E0028,ENTER,Trellises,Walmart: Patio & Garden > Garden Center > Trellises | Wayfair: Outdoor > Garden > Trellises,Furniture,Furniture > Decor,Facilities > Grounds Maintenance > Outdoor Tools > Lawn & Garden Tools,0.7589773317128414,2,"Walmart, Wayfair",2,2,0,0.5,0.4,0.8254716174360845,34.739333009441324,0.0,18.08886183810103,51.38980418078162,0.0,0.0,2.0,0.0,0,Facilities > Grounds Maintenance > Outdoor Tools > Lawn & Garden Tools,Walmart::Patio & Garden > Garden Center > Trellises,0,,,,,OFF-BRAND,OFF-BRAND,VERTICAL EXTENSION,OFF-BRAND,0.5331330651309535,B,"Pass - real gap, wrong store for Staples",Outdoor living & grounds,0.0,0.0,,21,Facilities > Grounds Maintenance,Patio & Garden,Competitor dept: Patio & Garden,Trellises
E0373,ENTER,Garbage Disposals,Amazon: Appliances > Garbage Disposals & Compactors > Garbage Disposals,Cleaning Supplies,Cleaning Supplies > Waste & Recycling,Cleaning Supplies > Waste & Recycling > Trash Cans & Recycling Bins,0.67978324838782,2,"Amazon, Walmart",1,1,0,0.0,0.4,0.8441170255993499,32.339394089954915,0.0,9.446135118685332,55.2326530612245,0.0,0.0,1.0,0.0,0,Cleaning Supplies > Waste & Recycling > Trash Cans & Recycling Bins,Amazon::Appliances > Garbage Disposals & Compactors > Garbage Disposals,0,,,,,OFF-BRAND,OFF-BRAND,VERTICAL EXTENSION,OFF-BRAND,0.5324591412296371,B,"Pass - real gap, wrong store for Staples","Health, safety & facilities",0.0,0.0,,22,Cleaning Supplies > Waste & Recycling,Appliances,Competitor dept: Appliances,Garbage Disposals
E0313,ENTER,Basketball Hoops,Wayfair: Outdoor > Backyard Play > Basketball Hoops,School Supplies,School Supplies > Teacher Supplies,School Supplies > Teacher Supplies > Physical Education & Recreation > Outdoor Games,0.7625599513382131,2,"Walmart, Wayfair",1,1,0,0.0,0.4,0.8254716174360845,34.15965195573055,0.0,19.841752891052952,48.47755102040816,0.0,0.0,1.0,0.0,0,School Supplies > Teacher Supplies > Physical Education & Recreation > Outdoor Games,Wayfair::Outdoor > Backyard Play > Basketball Hoops,1,,,,,OFF-BRAND,OFF-BRAND,VERTICAL EXTENSION,OFF-BRAND,0.5313940219698212,B,"Pass - real gap, wrong store for Staples","Celebrations, gifting & creativity",0.0,0.0,,23,School Supplies > Teacher Supplies,Outdoor,Competitor dept: Outdoor,Basketball Hoops
E0055,ENTER,"Pet Gates, Fences & Doors","Wayfair: Shop Contractor Spaces > Hallway & Mudroom > Pet Gates, Fences & Doors",Furniture,Furniture > Storage Furniture,Retail Store Supplies > Store Fixtures & Retail Displays > Floor & Wall Mirrors,0.701091851206793,2,"Walmart, Wayfair",1,1,0,0.0,0.4,0.8254716174360845,33.499146658054585,0.0,21.6676810712112,45.33061224489797,0.0,0.0,1.0,0.0,0,Retail Store Supplies > Store Fixtures & Retail Displays > Floor & Wall Mirrors,"Wayfair::Shop Contractor Spaces > Hallway & Mudroom > Pet Gates, Fences & Doors",0,,,,,OFF-BRAND,OFF-BRAND,VERTICAL EXTENSION,OFF-BRAND,0.5294125060767932,B,"Pass - real gap, wrong store for Staples",Home décor & furnishings,0.0,0.0,,24,Furniture > Storage Furniture,Shop Contractor Spaces,Competitor dept: Shop Contractor Spaces,"Pet Gates, Fences & Doors"
E0006,ENTER,Marine Antennas,Amazon: Electronics > Marine Electronics > Marine Antennas | Amazon: Electronics > Marine Electronics > Marine Autopilots | Amazon: Electronics > Marine Electronics > Marine Subwoofers,"Tools, Parts & Supplies","Tools, Parts & Supplies > Automotive","Tools, Parts & Supplies > Automotive",0.6531380830931142,2,"Amazon, Walmart",3,1,1,0.0,0.4,0.8441170255993499,30.76452068350164,0.0,8.541286264962467,52.987755102040815,0.0,0.0,3.0,0.0,0,"Tools, Parts & Supplies > Automotive > Automotive Accessories",Amazon::Electronics > Marine Electronics > Marine Antennas,0,,,,,OFF-BRAND,OFF-BRAND,VERTICAL EXTENSION,OFF-BRAND,0.5277345210102773,B,"Pass - real gap, wrong store for Staples",Technology & connected workspace,0.0,0.0,,25,"Phones, Cameras & Electronics",Electronics,Competitor dept: Electronics,Marine Antennas
E0154,ENTER,Snoring,Walmart: Health and Medicine > Sleep & Snoring Aids > Snoring,Healthcare Supplies,Healthcare Supplies > OTC Pharmaceuticals,Healthcare Supplies > OTC Pharmaceuticals > Medicine & Vitamins > Sleep Aids,0.8119150192898199,2,"Amazon, Walmart",1,1,1,0.0,0.4,0.8441170255993499,33.54606804377259,2.009786428798229,10.639074863055386,56.4530612244898,4.019572857596458,0.0,1.0,0.0,0,Healthcare Supplies > OTC Pharmaceuticals > Medicine & Vitamins > Sleep Aids,Walmart::Health and Medicine > Sleep & Snoring Aids > Snoring,1,,,,,OFF-BRAND,OFF-BRAND,VERTICAL EXTENSION,OFF-BRAND,0.5253051168236703,B,"Pass - real gap, wrong store for Staples","Health, safety & facilities",0.0,0.0,,26,Healthcare Supplies > OTC Pharmaceuticals,Health and Medicine,Competitor dept: Health and Medicine,Snoring
E0245,ENTER,Handball,Walmart: Sports & Outdoors > Sports > Handball,School Supplies,School Supplies > Teacher Supplies,Furniture > Decor > Wall Art > Sports Art,0.6771971676198119,2,"Amazon, Walmart",1,1,0,1.0,0.4,0.8441170255993499,29.817472355538953,0.0,5.916007303712721,53.71893740736518,0.0,0.0,1.0,0.0,0,Furniture > Decor > Wall Art > Sports Art,Walmart::Sports & Outdoors > Sports > Handball,0,,,,,OFF-BRAND,OFF-BRAND,VERTICAL EXTENSION,OFF-BRAND,0.5248933760263893,B,"Pass - real gap, wrong store for Staples",Home décor & furnishings,0.0,0.0,,27,Furniture > Decor,Sports & Outdoors,Competitor dept: Sports & Outdoors,Handball
E0390,ENTER,Beekeeping Supplies,"Amazon: Patio, Lawn & Garden > Farm & Ranch > Beekeeping Supplies",Facilities,Facilities > Grounds Maintenance,Facilities > Grounds Maintenance > Outdoor Tools > Lawn & Garden Tools,0.6505766643118059,2,"Amazon, Walmart",1,1,0,1.0,0.4,0.8789605851279967,28.36725377917448,1.569697684966601,15.203895313451005,41.53061224489795,0.0,3.139395369933202,1.0,0.0,0,Expanded Assortment > Pet Supplies & Accessories > Bird Supplies,"Amazon::Patio, Lawn & Garden > Farm & Ranch > Beekeeping Supplies",0,,,,,OFF-BRAND,OFF-BRAND,VERTICAL EXTENSION,OFF-BRAND,0.524375590611005,B,"Pass - real gap, wrong store for Staples",Outdoor living & grounds,0.0,0.0,,28,Facilities > Grounds Maintenance,"Patio, Lawn & Garden","Competitor dept: Patio, Lawn & Garden",Beekeeping Supplies
E0376,ENTER,Printmaking Inks,"Amazon: Arts, Crafts & Sewing > Printmaking > Printmaking Inks",Arts & Crafts,Arts & Crafts > Pastels,Arts & Crafts > Pastels,0.6770969201308831,2,"Amazon, Walmart",1,1,0,0.0,0.4,0.8441170255993499,29.52872172606109,0.0,9.60438222763238,49.4530612244898,0.0,0.0,1.0,0.0,0,Arts & Crafts > Pastels,"Amazon::Arts, Crafts & Sewing > Printmaking > Printmaking Inks",0,,,,,OFF-BRAND,OFF-BRAND,VERTICAL EXTENSION,OFF-BRAND,0.5240271241379557,B,"Pass - real gap, wrong store for Staples","Celebrations, gifting & creativity",0.0,0.0,,29,Arts & Crafts > Pastels,Arts Crafts & Sewing,Competitor dept: Arts Crafts & Sewing,Printmaking Inks
E0347,ENTER,Charms,"Amazon: Arts, Crafts & Sewing > Beading & Jewelry Making > Charms",Arts & Crafts,Arts & Crafts > Crafting,"Gift Shop > Home, Personal & Travel > Jewelry Boxes & Cases",0.7166391897026949,2,"Amazon, Walmart",1,1,1,0.0,0.4,0.8441170255993499,28.825090985877004,0.0,18.41752891052952,39.23265306122449,0.0,0.0,1.0,0.0,0,"Gift Shop > Home, Personal & Travel > Jewelry Boxes & Cases","Amazon::Arts, Crafts & Sewing > Beading & Jewelry Making > Charms",1,,,,,OFF-BRAND,OFF-BRAND,OFF-BRAND,OFF-BRAND,0.5219162319174034,B,"Pass - real gap, wrong store for Staples","Celebrations, gifting & creativity",0.0,0.0,,30,Arts & Crafts > Crafting,Arts Crafts & Sewing,Competitor dept: Arts Crafts & Sewing,Charms
E0264,ENTER,Embroidery,"Amazon: Arts, Crafts & Sewing > Needlework > Embroidery",Retail Store Supplies,Retail Store Supplies > Sewing & Tailoring,Retail Store Supplies > Sewing & Tailoring > Knit & Crochet Supplies,0.7366210940137852,2,"Amazon, Walmart",1,1,0,0.0,0.4,0.8441170255993499,27.876733700175137,0.0,21.65550821667681,34.09795918367347,0.0,0.0,1.0,0.0,0,Retail Store Supplies > Sewing & Tailoring > Knit & Crochet Supplies,"Amazon::Arts, Crafts & Sewing > Needlework > Embroidery",0,,,,,OFF-BRAND,OFF-BRAND,OFF-BRAND,OFF-BRAND,0.5190711600602979,B,"Pass - real gap, wrong store for Staples","Celebrations, gifting & creativity",0.0,0.0,,31,Retail Store Supplies > Sewing & Tailoring,Arts Crafts & Sewing,Competitor dept: Arts Crafts & Sewing,Embroidery
E0274,ENTER,Beads,Walmart: Arts Crafts & Sewing > Beading & Jewelry Making > Beads,Arts & Crafts,Arts & Crafts > Crafting,"Gift Shop > Home, Personal & Travel > Jewelry Boxes & Cases",0.6696389940752938,2,"Amazon, Walmart",1,1,0,0.0,0.4,0.8635197074360017,25.20396487261977,0.0,4.52221545952526,45.885714285714286,0.0,0.0,2.0,0.0,0,"Gift Shop > Home, Personal & Travel > Jewelry Boxes & Cases",Walmart::Arts Crafts & Sewing > Beading & Jewelry Making > Beads,0,,,,,OFF-BRAND,OFF-BRAND,VERTICAL EXTENSION,OFF-BRAND,0.5178437922204598,B,"Pass - real gap, wrong store for Staples","Celebrations, gifting & creativity",0.0,0.0,,32,Arts & Crafts > Crafting,Arts Crafts & Sewing,Competitor dept: Arts Crafts & Sewing,Beads
E0045,ENTER,Pre-Workout,Amazon: Health & Personal Care > Sports Nutrition > Pre-Workout | Walmart: Health and Medicine > Protein > Pre Workout,Healthcare Supplies,Healthcare Supplies > Patient Care,Expanded Assortment > Fitness,0.7324359408044072,2,"Amazon, Walmart",2,2,0,0.5,0.4,0.8441170255993499,27.18704950795387,0.0,23.414485696895923,30.959613319011815,0.0,0.0,2.0,0.0,0,Expanded Assortment > Fitness,Amazon::Health & Personal Care > Sports Nutrition > Pre-Workout,1,,,,,OFF-BRAND,OFF-BRAND,OFF-BRAND,OFF-BRAND,0.5170021074836341,B,"Pass - real gap, wrong store for Staples","Health, safety & facilities",0.0,0.0,,33,Healthcare Supplies > OTC Pharmaceuticals,Health & Personal Care,Competitor dept: Health & Personal Care,Pre-Workout
E0256,ENTER,"Soils, Fertilizers & Mulches","Amazon: Patio, Lawn & Garden > Farm & Ranch > Soils, Fertilizers & Mulches",Facilities,Facilities > Grounds Maintenance,Facilities > Grounds Maintenance > Outdoor Tools > Lawn & Garden Tools,0.6704886494568649,2,"Amazon, Walmart",1,1,0,0.0,0.4,0.8441170255993499,26.59884233669122,0.0,8.66707242848448,44.53061224489796,0.0,0.0,1.0,0.0,0,Facilities > Grounds Maintenance > Outdoor Tools > Lawn & Garden Tools,"Amazon::Patio, Lawn & Garden > Farm & Ranch > Soils, Fertilizers & Mulches",0,,,,,OFF-BRAND,OFF-BRAND,VERTICAL EXTENSION,OFF-BRAND,0.5152374859698461,B,"Pass - real gap, wrong store for Staples",Outdoor living & grounds,0.0,0.0,,34,Facilities > Grounds Maintenance,"Patio, Lawn & Garden","Competitor dept: Patio, Lawn & Garden","Soils, Fertilizers & Mulches"
E0363,ENTER,Cross-Stitch,"Amazon: Arts, Crafts & Sewing > Needlework > Cross-Stitch",Retail Store Supplies,Retail Store Supplies > Sewing & Tailoring,Retail Store Supplies > Sewing & Tailoring > Knit & Crochet Supplies,0.7378553065643632,2,"Amazon, Walmart",1,1,0,0.0,0.4,0.8441170255993499,26.099496938154445,0.0,18.101034692635427,34.09795918367347,0.0,0.0,1.0,0.0,0,Retail Store Supplies > Sewing & Tailoring > Knit & Crochet Supplies,"Amazon::Arts, Crafts & Sewing > Needlework > Cross-Stitch",0,,,,,OFF-BRAND,OFF-BRAND,OFF-BRAND,OFF-BRAND,0.5137394497742358,B,"Pass - real gap, wrong store for Staples","Celebrations, gifting & creativity",0.0,0.0,,35,Retail Store Supplies > Sewing & Tailoring,Arts Crafts & Sewing,Competitor dept: Arts Crafts & Sewing,Cross-Stitch
E0126,ENTER,Halloween Lights,Wayfair: Holiday > Halloween > Halloween Lights,Party Supplies,Party Supplies > Party Favors & Costumes,Furniture > Decor > Seasonal Decor > Holiday Lighting,0.7015842631490452,2,"Walmart, Wayfair",1,1,0,1.0,0.4,0.8254716174360845,27.229035673916556,0.0,16.567255021302497,37.89081632653061,0.0,0.0,1.0,0.0,0,Furniture > Decor > Seasonal Decor > Holiday Lighting,Wayfair::Holiday > Halloween > Halloween Lights,0,,,,,OFF-BRAND,OFF-BRAND,OFF-BRAND,OFF-BRAND,0.5106021731243792,B,"Pass - real gap, wrong store for Staples","Celebrations, gifting & creativity",0.0,0.0,,36,Gift Shop > Holiday Cards,Holiday,Competitor dept: Holiday,Halloween Lights
E0280,ENTER,Latch Hook,"Amazon: Arts, Crafts & Sewing > Needlework > Latch Hook",Retail Store Supplies,Retail Store Supplies > Sewing & Tailoring,Retail Store Supplies > Sewing & Tailoring > Needle Arts,0.6995834437529853,2,"Amazon, Walmart",1,1,0,0.0,0.4,0.8441170255993499,24.96742146645633,0.0,15.836883749239195,34.09795918367347,0.0,0.0,1.0,0.0,0,"Office Supplies > Tape, Fasteners & Adhesives > Mounting > Hook and Loop Fasteners","Amazon::Arts, Crafts & Sewing > Needlework > Latch Hook",0,,,,,OFF-BRAND,OFF-BRAND,OFF-BRAND,OFF-BRAND,0.5103432233591414,B,"Pass - real gap, wrong store for Staples","Celebrations, gifting & creativity",0.0,0.0,,37,Retail Store Supplies > Sewing & Tailoring,Arts Crafts & Sewing,Competitor dept: Arts Crafts & Sewing,Latch Hook
E0343,ENTER,Arbors,Walmart: Patio & Garden > Garden Center > Arbors | Wayfair: Outdoor > Garden > Arbors,Furniture,Furniture > Decor,Facilities > Grounds Maintenance > Outdoor Tools > Lawn & Garden Tools,0.7885476256825912,2,"Walmart, Wayfair",2,2,0,1.0,0.4,0.8254716174360845,29.93232654122314,2.174111282675521,12.97017650639075,46.894476576055524,0.0,4.348222565351042,2.0,0.0,0,Facilities > Grounds Maintenance > Outdoor Tools > Lawn & Garden Tools,Walmart::Patio & Garden > Garden Center > Arbors,0,,,,,OFF-BRAND,OFF-BRAND,VERTICAL EXTENSION,OFF-BRAND,0.5074346686155665,B,"Pass - real gap, wrong store for Staples",Outdoor living & grounds,0.0,0.0,,38,Facilities > Grounds Maintenance,Patio & Garden,Competitor dept: Patio & Garden,Arbors
E0193,ENTER,Livestock Supplies,"Amazon: Patio, Lawn & Garden > Farm & Ranch > Livestock Supplies",Facilities,Facilities > Grounds Maintenance,Facilities > Grounds Maintenance > Outdoor Tools > Lawn & Garden Tools,0.6423684969248504,2,"Amazon, Walmart",1,1,0,0.0,0.4,0.8441170255993499,31.331343858298034,4.205495142019712,21.132075471698112,41.53061224489795,0.0,8.410990284039425,1.0,0.0,0,Expanded Assortment > Pet Supplies & Accessories > Bird Supplies,"Amazon::Patio, Lawn & Garden > Farm & Ranch > Livestock Supplies",1,,,,,OFF-BRAND,OFF-BRAND,VERTICAL EXTENSION,OFF-BRAND,0.5071696277275786,B,"Pass - real gap, wrong store for Staples",Outdoor living & grounds,0.0,0.0,,39,Facilities > Grounds Maintenance,"Patio, Lawn & Garden","Competitor dept: Patio, Lawn & Garden",Livestock Supplies
E0403,ENTER,Hydration,Amazon: Health & Personal Care > Sports Nutrition > Hydration,Healthcare Supplies,Healthcare Supplies > OTC Pharmaceuticals,Healthcare Supplies > OTC Pharmaceuticals > Medicine & Vitamins > Clinical Nutrition,0.7086141476366966,2,"Amazon, Walmart",1,1,0,0.0,0.4,0.8441170255993499,23.25118933757313,0.0,18.56360316494218,27.93877551020408,0.0,0.0,1.0,0.0,0,Healthcare Supplies > OTC Pharmaceuticals > Medicine & Vitamins > Clinical Nutrition,Amazon::Health & Personal Care > Sports Nutrition > Hydration,0,,,,,OFF-BRAND,OFF-BRAND,OFF-BRAND,OFF-BRAND,0.5051945269724918,B,"Pass - real gap, wrong store for Staples","Health, safety & facilities",0.0,0.0,,40,Healthcare Supplies > OTC Pharmaceuticals,Health & Personal Care,Competitor dept: Health & Personal Care,Hydration
E0368,ENTER,Latches,Amazon: Industrial & Scientific > Industrial Hardware > Latches,Facilities,Facilities > Hardware,Facilities > Hardware > Door Hardware,0.7539578699542422,1,Amazon,1,1,0,0.0,0.2,0.904,39.45234056440039,0.0,26.07425441265977,52.830426716141005,0.0,0.0,1.0,0.0,0,Facilities > Hardware > Door Hardware,Amazon::Industrial & Scientific > Industrial Hardware > Latches,0,,,,,OFF-BRAND,OFF-BRAND,VERTICAL EXTENSION,OFF-BRAND,0.5047570216932011,C,"Pass - real gap, wrong store for Staples","Health, safety & facilities",0.0,0.0,,41,"Tools, Parts & Supplies > Measuring & Leveling Tools",Industrial & Scientific,Competitor dept: Industrial & Scientific,Latches
E0375,ENTER,Dried & Preserved Flora,Amazon: Home & Kitchen > Home Décor > Dried & Preserved Flora,Furniture,Furniture > Decor,Party Supplies > Party Décor,0.7122736147154878,1,Amazon,1,1,0,0.0,0.2,0.904,39.170972936289,0.0,13.633597078514914,64.70834879406308,0.0,0.0,1.0,0.0,0,Party Supplies > Party Décor,Amazon::Home & Kitchen > Home Décor > Dried & Preserved Flora,0,,,,,OFF-BRAND,OFF-BRAND,CURATE,OFF-BRAND,0.503912918808867,C,"Pass - real gap, wrong store for Staples","Celebrations, gifting & creativity",0.0,0.0,,42,Party Supplies > Party Décor,Home & Kitchen,Competitor dept: Home & Kitchen,Dried & Preserved Flora
E0107,ENTER,Thanksgiving Decorations,Wayfair: Holiday > Thanksgiving > Thanksgiving Decorations | Wayfair: Holiday > Thanksgiving > Thanksgiving Bedding & Bath,Gift Shop,Gift Shop > Holiday Cards,Gift Shop > Holiday Cards,0.6800533492925801,2,"Walmart, Wayfair",2,1,0,1.0,0.4,0.8254716174360845,28.094996708360767,1.9378482627212454,15.483870967741936,40.7061224489796,0.0,3.875696525442491,2.0,0.0,0,Furniture > Decor > Beds & Bedding > Bedding,Wayfair::Holiday > Thanksgiving > Thanksgiving Decorations,0,,,,,OFF-BRAND,OFF-BRAND,VERTICAL EXTENSION,OFF-BRAND,0.5032550178538187,B,"Pass - real gap, wrong store for Staples",Home décor & furnishings,0.0,0.0,,43,Gift Shop > Holiday Cards,Holiday,Competitor dept: Holiday,Thanksgiving Decorations
E0173,ENTER,Racquetball,Walmart: Sports & Outdoors > Sports > Racquetball,Fitness,Fitness > Fitness Equipment,Furniture > Decor > Wall Art > Sports Art,0.6741357243544002,2,"Amazon, Walmart",1,1,0,0.6666666666666666,0.4,0.8789605851279967,20.027271095982883,1.623621751100589,2.6252789612497467,37.42926323071602,0.0,3.247243502201178,3.0,0.0,0,Furniture > Decor > Wall Art > Sports Art,Walmart::Sports & Outdoors > Sports > Racquetball,0,,,,,OFF-BRAND,OFF-BRAND,OFF-BRAND,OFF-BRAND,0.4994745979068991,B,"Pass - real gap, wrong store for Staples",Home décor & furnishings,0.0,0.0,,44,Furniture > Decor,Sports & Outdoors,Competitor dept: Sports & Outdoors,Racquetball
E0004,ENTER,Protein Shakes,Amazon: Health & Personal Care > Sports Nutrition > Protein | Walmart: Health and Medicine > Weight Loss > Protein Shakes | Walmart: Health and Medicine > Protein > Protein Shakes | Walmart: Health and Medicine > Protein > Core Power Protein Shakes | Walmart: Health and Medicine > Protein > Soy Protein | Walmart: Health and Medicine > Protein > Protein2o | Walmart: Health and Medicine > Protein > Protein on the Go | Walmart: Health and Medicine > Protein > Protein Bars | Walmart: Health and Medicine > Protein > Protein for Women,Healthcare Supplies,Healthcare Supplies > OTC Pharmaceuticals,Healthcare Supplies > OTC Pharmaceuticals > Medicine & Vitamins > Clinical Nutrition,0.6757754507497532,2,"Amazon, Walmart",9,2,0,0.8888888888888888,0.4,0.8441170255993499,21.245944514895957,0.0,9.915466287955637,32.576422741836275,0.0,0.0,9.0,0.0,0,Healthcare Supplies > OTC Pharmaceuticals > Medicine & Vitamins > Clinical Nutrition,Walmart::Health and Medicine > Protein > Protein Shakes,0,,,,,OFF-BRAND,OFF-BRAND,OFF-BRAND,OFF-BRAND,0.4991787925044603,B,"Pass - real gap, wrong store for Staples","Health, safety & facilities",0.0,0.0,,45,Healthcare Supplies > OTC Pharmaceuticals,Health and Medicine,Competitor dept: Health and Medicine,Protein Shakes
E0010,ENTER,Easter Eggs,Walmart: Seasonal > Easter > Easter Egg Hunt | Walmart: Seasonal > Easter > Easter Eggs | Walmart: Seasonal > Easter > Easter Baking | Walmart: Seasonal > Easter > Easter Character Shop | Walmart: Seasonal > Easter > Easter Pets Shop,Gift Shop,Gift Shop > Artificial Christmas Trees,Gift Shop > Artificial Christmas Trees,0.6652500109966402,2,"Walmart, Wayfair",5,1,0,0.8,0.4,0.8477930460075132,20.793122533313547,0.0,8.175289105295192,33.41095596133191,0.0,0.0,5.0,0.0,0,Gift Shop > Artificial Christmas Trees,Walmart::Seasonal > Easter > Easter Eggs,0,,,,,OFF-BRAND,OFF-BRAND,OFF-BRAND,OFF-BRAND,0.49910693370257014,B,"Pass - real gap, wrong store for Staples","Celebrations, gifting & creativity",0.0,0.0,,46,Gift Shop > Artificial Christmas Trees,Seasonal,Competitor dept: Seasonal,Easter Eggs
E0258,ENTER,Ratchets & Pawls,Amazon: Industrial & Scientific > Power Transmission Products > Ratchets & Pawls,Facilities,Facilities > Hand & Power Tools,Facilities > Hand & Power Tools > Power Tools > Pneumatic Tools,0.6569413651261022,1,Amazon,1,1,0,0.0,0.2,0.904,37.04959568733154,0.0,13.58490566037736,60.51428571428571,0.0,0.0,1.0,0.0,0,Facilities > Hand & Power Tools > Power Tools > Pneumatic Tools,Amazon::Industrial & Scientific > Power Transmission Products > Ratchets & Pawls,0,,,,,OFF-BRAND,OFF-BRAND,CURATE,OFF-BRAND,0.4975487870619946,C,"Pass - real gap, wrong store for Staples","Health, safety & facilities",0.0,0.0,,47,Facilities > Hand & Power Tools,Industrial & Scientific,Competitor dept: Industrial & Scientific,Ratchets & Pawls
E0287,ENTER,Draft Stoppers,Amazon: Home & Kitchen > Home Décor > Draft Stoppers,Furniture,Furniture > Decor,Party Supplies > Party Décor,0.7087079293508936,1,Amazon,1,1,0,0.0,0.2,0.904,36.91899484742716,0.0,9.129640900791236,64.70834879406308,0.0,0.0,1.0,0.0,0,Party Supplies > Party Décor,Amazon::Home & Kitchen > Home Décor > Draft Stoppers,1,,,,,OFF-BRAND,OFF-BRAND,CURATE,OFF-BRAND,0.4971569845422815,C,"Pass - real gap, wrong store for Staples","Celebrations, gifting & creativity",0.0,0.0,,48,Party Supplies > Party Décor,Home & Kitchen,Competitor dept: Home & Kitchen,Draft Stoppers
E0034,ENTER,L-Carnitine,Amazon: Health & Personal Care > Sports Nutrition > L-Carnitine | Walmart: Health and Medicine > Protein > L Carnitine,Healthcare Supplies,Healthcare Supplies > Personal Care,Healthcare Supplies > Personal Care > Skin Care > Supplements,0.7233857056413984,2,"Amazon, Walmart",2,2,0,0.0,0.4,0.8441170255993499,20.51393269660108,0.0,9.969567863664029,31.05829752953813,0.0,0.0,2.0,0.0,0,Healthcare Supplies > Personal Care > Skin Care > Supplements,Amazon::Health & Personal Care > Sports Nutrition > L-Carnitine,0,,,,,OFF-BRAND,OFF-BRAND,OFF-BRAND,OFF-BRAND,0.4969827570495757,B,"Pass - real gap, wrong store for Staples","Health, safety & facilities",0.0,0.0,,49,Healthcare Supplies > OTC Pharmaceuticals,Health & Personal Care,Competitor dept: Health & Personal Care,L-Carnitine
E0364,ENTER,Needlepoint,"Amazon: Arts, Crafts & Sewing > Needlework > Needlepoint",Retail Store Supplies,Retail Store Supplies > Sewing & Tailoring,Retail Store Supplies > Sewing & Tailoring > Knit & Crochet Supplies,0.6458908632071242,2,"Amazon, Walmart",1,1,0,1.0,0.4,0.8441170255993499,20.21957345324009,0.0,10.626902008520998,29.812244897959182,0.0,0.0,1.0,0.0,0,Retail Store Supplies > Sewing & Tailoring > Needle Arts,"Amazon::Arts, Crafts & Sewing > Needlework > Needlepoint",0,,,,,OFF-BRAND,OFF-BRAND,OFF-BRAND,OFF-BRAND,0.49609967931949267,B,"Pass - real gap, wrong store for Staples","Celebrations, gifting & creativity",0.0,0.0,,50,Retail Store Supplies > Sewing & Tailoring,Arts Crafts & Sewing,Competitor dept: Arts Crafts & Sewing,Needlepoint
E0341,ENTER,Trash Compactors,Amazon: Appliances > Garbage Disposals & Compactors > Trash Compactors,Cleaning Supplies,Cleaning Supplies > Waste & Recycling,Cleaning Supplies > Waste & Recycling > Trash Cans & Recycling Bins,0.6881385805838722,2,"Amazon, Walmart",1,1,0,0.0,0.4,0.8441170255993499,20.193928478268973,0.0,15.155203895313452,25.23265306122449,0.0,0.0,1.0,0.0,0,Cleaning Supplies > Waste & Recycling > Trash Bags,Amazon::Appliances > Garbage Disposals & Compactors > Trash Compactors,1,,,,,OFF-BRAND,OFF-BRAND,OFF-BRAND,OFF-BRAND,0.49602274439457933,B,"Pass - real gap, wrong store for Staples","Health, safety & facilities",0.0,0.0,,51,Cleaning Supplies > Waste & Recycling,Appliances,Competitor dept: Appliances,Trash Compactors
E0036,ENTER,Agricultural & Construction Machinery,"Amazon: Patio, Lawn & Garden > Farm & Ranch > Agricultural & Construction Machinery | Walmart: Industrial & Scientific > Farm & Ranch > Agricultural & Construction Machinery | Walmart: Industrial & Scientific > Farm & Ranch > Agricultural Structures & Hardware",Facilities,Facilities > Grounds Maintenance,Facilities > Grounds Maintenance > Outdoor Tools > Lawn & Garden Tools,0.6564900573595228,2,"Amazon, Walmart",3,2,0,1.0,0.4,0.8441170255993499,29.022218169622743,5.219805591339171,12.408196388719823,45.63623995052566,0.0,10.439611182678343,3.0,0.0,0,Restaurant & Foodservice Supplies > Commercial Restaurant Equipment > Equipment Parts & Accessories,Walmart::Industrial & Scientific > Farm & Ranch > Agricultural & Construction Machinery,0,,,,,OFF-BRAND,OFF-BRAND,VERTICAL EXTENSION,OFF-BRAND,0.4952337318456317,B,"Pass - real gap, wrong store for Staples",Outdoor living & grounds,0.0,0.0,,52,Facilities > Grounds Maintenance,Industrial & Scientific,Competitor dept: Industrial & Scientific,Agricultural & Construction Machinery
E0201,ENTER,Prefilled Easter Baskets,Walmart: Seasonal > Easter > Prefilled Easter Baskets,Gift Shop,Gift Shop > Artificial Christmas Trees,Gift Shop > Artificial Christmas Trees,0.6428754740501847,2,"Walmart, Wayfair",1,1,0,1.0,0.4,0.8254716174360845,21.654095720999745,0.0,10.213024954351797,33.095166487647695,0.0,0.0,1.0,0.0,0,"Furniture > Decor > Home & Office Decor > Decorative Baskets, Bowls and Boxes",Walmart::Seasonal > Easter > Prefilled Easter Baskets,0,,,,,OFF-BRAND,OFF-BRAND,OFF-BRAND,OFF-BRAND,0.49387735326562876,B,"Pass - real gap, wrong store for Staples","Celebrations, gifting & creativity",0.0,0.0,,53,Gift Shop > Artificial Christmas Trees,Seasonal,Competitor dept: Seasonal,Prefilled Easter Baskets
E0026,ENTER,Hanukkah Decorations,Walmart: Party & Occasions > Hanukkah > Hanukkah Toys | Wayfair: Holiday > Hanukkah > Hanukkah Menorahs | Wayfair: Holiday > Hanukkah > Hanukkah Decorations,Gift Shop,Gift Shop > Holiday Cards,Gift Shop > Holiday Cards,0.5141609064760492,2,"Walmart, Wayfair",3,2,0,0.6666666666666666,0.4,0.8254716174360845,21.20474078858567,0.0,1.8462162710488945,40.563265306122446,0.0,0.0,3.0,0.0,0,Gift Shop > Game Room & Toys,Wayfair::Holiday > Hanukkah > Hanukkah Decorations,1,,,,,OFF-BRAND,OFF-BRAND,VERTICAL EXTENSION,OFF-BRAND,0.49252928846838656,B,"Pass - real gap, wrong store for Staples",Home décor & furnishings,0.0,0.0,,54,Gift Shop > Holiday Cards,Holiday,Competitor dept: Holiday,Hanukkah Decorations
E0095,ENTER,St. Patrick's Day,Wayfair: Holiday > St. Patrick's Day,Gift Shop,Gift Shop > Holiday Cards,Gift Shop > Holiday Cards,0.7861582922035915,2,"Walmart, Wayfair",1,1,0,0.8,0.4,0.8426910051911867,21.202163618575753,1.2616933126187104,6.1911138161898975,36.21321342096161,0.0,2.523386625237421,5.0,0.0,0,Gift Shop > Holiday Cards,Wayfair::Holiday > St. Patrick's Day,0,,,,,OFF-BRAND,OFF-BRAND,OFF-BRAND,OFF-BRAND,0.49225819157297035,B,"Pass - real gap, wrong store for Staples","Celebrations, gifting & creativity",0.0,0.0,,55,Gift Shop > Holiday Cards,Holiday,Competitor dept: Holiday,St. Patrick's Day
E0050,ENTER,Special K Protein Bars,Walmart: Health and Medicine > Protein > Special K Protein Shakes | Walmart: Health and Medicine > Protein > Special K Protein Bars | Walmart: Health and Medicine > Protein > Special K,Healthcare Supplies,Healthcare Supplies > Personal Care,Healthcare Supplies > Personal Care > Skin Care > Supplements,0.6313828949980822,2,"Amazon, Walmart",3,1,0,1.0,0.4,0.8441170255993499,20.86727973311245,1.2682743030130317,7.754108338405357,33.98045112781955,0.0,2.5365486060260634,3.0,0.0,0,Healthcare Supplies > Patient Care > Diagnostic & Exam Instruments > Health & Body Weight Scales,Walmart::Health and Medicine > Protein > Special K Protein Bars,0,,,,,OFF-BRAND,OFF-BRAND,OFF-BRAND,OFF-BRAND,0.4917262493320508,B,"Pass - real gap, wrong store for Staples","Health, safety & facilities",0.0,0.0,,56,Healthcare Supplies > OTC Pharmaceuticals,Health and Medicine,Competitor dept: Health and Medicine,Special K Protein Bars
E0244,ENTER,Shafting,Amazon: Industrial & Scientific > Power Transmission Products > Shafting,Facilities,Facilities > Hand & Power Tools,Computers & Accessories > Computer Parts & Components > Power Supplies,0.6562098368588098,1,Amazon,1,1,0,0.0,0.2,0.904,35.101938961829404,0.0,9.6895922093731,60.51428571428571,0.0,0.0,1.0,0.0,0,Computers & Accessories > Computer Parts & Components > Power Supplies,Amazon::Industrial & Scientific > Power Transmission Products > Shafting,0,,,,,OFF-BRAND,OFF-BRAND,CURATE,OFF-BRAND,0.4917058168854882,C,"Pass - real gap, wrong store for Staples","Health, safety & facilities",0.0,0.0,,57,Facilities > Hand & Power Tools,Industrial & Scientific,Competitor dept: Industrial & Scientific,Shafting
E0185,ENTER,Catches,Amazon: Industrial & Scientific > Industrial Hardware > Catches,Facilities,Facilities > Hardware,"Tools, Parts & Supplies > Measuring & Leveling Tools > Industrial Tape",0.7213703435329829,1,Amazon,1,1,0,0.0,0.2,0.904,34.990989377547066,0.0,17.151552038953135,52.830426716141005,0.0,0.0,1.0,0.0,0,"Tools, Parts & Supplies > Measuring & Leveling Tools > Industrial Tape",Amazon::Industrial & Scientific > Industrial Hardware > Catches,0,,,,,OFF-BRAND,OFF-BRAND,VERTICAL EXTENSION,OFF-BRAND,0.4913729681326412,C,"Pass - real gap, wrong store for Staples","Health, safety & facilities",0.0,0.0,,58,"Tools, Parts & Supplies > Measuring & Leveling Tools",Industrial & Scientific,Competitor dept: Industrial & Scientific,Catches
E0127,ENTER,Completer Sets,Wayfair: Smallwares > Serveware > Completer Sets,Appliances & Kitchenware,Appliances & Kitchenware > Small Appliances,"Gift Shop > Gift Sets, Photo & Custom Gifts > Gift Sets",0.317083772920863,1,Wayfair,1,1,0,0.0,0.2,0.8667091836734694,38.70171662091496,0.0,0.1095556908094948,77.29387755102042,0.0,0.0,1.0,0.0,0,"Gift Shop > Gift Sets, Photo & Custom Gifts > Gift Sets",Wayfair::Smallwares > Serveware > Completer Sets,0,,,,,OFF-BRAND,OFF-BRAND,CURATE,OFF-BRAND,0.4894533641484592,C,"Pass - real gap, wrong store for Staples","Breakroom, kitchen & hospitality",0.0,0.0,,59,Appliances & Kitchenware > Small Appliances,Smallwares,Competitor dept: Smallwares,Completer Sets
E0075,ENTER,Swing Sets,Wayfair: Outdoor > Backyard Play > Swing Sets,Gift Shop,Gift Shop > Game Room & Toys,Furniture > Daycare & Nursery > Play & Rest Mats,0.7439562756924145,1,Wayfair,1,1,0,1.0,0.2,0.8667091836734694,37.981710907126086,0.0,29.62872793670116,46.33469387755102,0.0,0.0,1.0,0.0,0,School Supplies > Learning at Home > Building Sets,Wayfair::Outdoor > Backyard Play > Swing Sets,0,,,,,OFF-BRAND,OFF-BRAND,VERTICAL EXTENSION,OFF-BRAND,0.48729334700709254,C,"Pass - real gap, wrong store for Staples","Celebrations, gifting & creativity",0.0,0.0,,60,Gift Shop > Game Room & Toys,Outdoor,Competitor dept: Outdoor,Swing Sets
E0111,ENTER,Cal King,Wayfair: Bedding & Bath > Mattresses & Foundations > Cal King,Furniture,Furniture > Decor,Furniture > Decor > Beds & Bedding > Beds & Mattresses,0.7199715017124326,1,Wayfair,1,1,0,0.0,0.2,0.8667091836734694,37.04264411790279,0.0,14.899573950091296,59.18571428571428,0.0,0.0,1.0,0.0,0,Furniture > Decor > Beds & Bedding > Beds & Mattresses,Wayfair::Bedding & Bath > Mattresses & Foundations > Cal King,0,,,,,OFF-BRAND,OFF-BRAND,VERTICAL EXTENSION,OFF-BRAND,0.4844761466394226,C,"Pass - real gap, wrong store for Staples",Home décor & furnishings,0.0,0.0,,61,Furniture > Decor,Bedding & Bath,Competitor dept: Bedding & Bath,Cal King
E0153,ENTER,Turf,Wayfair: Outdoor > Outdoor Fencing & Flooring > Turf,Facilities,Facilities > Grounds Maintenance,Facilities > Grounds Maintenance > Outdoor Tools > Lawn & Garden Tools,0.7307903047330206,1,Wayfair,1,1,0,0.0,0.2,0.8667091836734694,36.38241462910622,0.0,20.86427267194157,51.90055658627087,0.0,0.0,1.0,0.0,0,Facilities > Grounds Maintenance > Outdoor Tools > Lawn & Garden Tools,Wayfair::Outdoor > Outdoor Fencing & Flooring > Turf,1,,,,,OFF-BRAND,OFF-BRAND,VERTICAL EXTENSION,OFF-BRAND,0.48249545817303297,C,"Pass - real gap, wrong store for Staples","Celebrations, gifting & creativity",0.0,0.0,,62,Gift Shop > Professional Gifts,Outdoor,Competitor dept: Outdoor,Turf
E0277,ENTER,Polishing & Buffing,"Amazon: Arts, Crafts & Sewing > Beading & Jewelry Making > Polishing & Buffing",Arts & Crafts,Arts & Crafts > Crafting,Retail Store Supplies > Sewing & Tailoring > Sewing Tools,0.6971780244062817,1,Amazon,1,1,0,0.0,0.2,0.904,31.411822574434524,0.0,23.590992087644555,39.23265306122449,0.0,0.0,1.0,0.0,0,Retail Store Supplies > Spa & Salon > Nails > Nail Polish,"Amazon::Arts, Crafts & Sewing > Beading & Jewelry Making > Polishing & Buffing",0,,,,,OFF-BRAND,OFF-BRAND,OFF-BRAND,OFF-BRAND,0.48063546772330357,B,"Pass - real gap, wrong store for Staples","Celebrations, gifting & creativity",0.0,0.0,,63,Arts & Crafts > Crafting,Arts Crafts & Sewing,Competitor dept: Arts Crafts & Sewing,Polishing & Buffing
E0092,ENTER,Sandboxes,Wayfair: Outdoor > Backyard Play > Sandboxes | Wayfair: School Spaces > Outdoor Playground & Recreation > Sandboxes,Furniture,Furniture > Daycare & Nursery,School Supplies > Teacher Supplies > Physical Education & Recreation > Playground Equipment,0.7021426300721725,1,Wayfair,2,1,0,0.5,0.2,0.8667091836734694,34.321068975368604,0.0,9.087035909920878,59.55510204081632,0.0,0.0,2.0,0.0,0,School Supplies > Teacher Supplies > Physical Education & Recreation > Outdoor Games,Wayfair::Outdoor > Backyard Play > Sandboxes,0,,,,,OFF-BRAND,OFF-BRAND,VERTICAL EXTENSION,OFF-BRAND,0.47631142121182013,C,"Pass - real gap, wrong store for Staples",Home décor & furnishings,0.0,0.0,,64,Furniture > Daycare & Nursery,Outdoor,Competitor dept: Outdoor,Sandboxes
E0052,ENTER,Seesaws & Teeter-Totters,Wayfair: Outdoor > Backyard Play > Seesaws & Teeter-Totters | Wayfair: School Spaces > Outdoor Playground & Recreation > Seesaws & Teeter-Totters,School Supplies,School Supplies > Teacher Supplies,School Supplies > Teacher Supplies > Physical Education & Recreation > Playground Equipment,0.6967842683099736,1,Wayfair,2,1,0,0.0,0.2,0.8667091836734694,34.162061063013155,0.0,6.269020085209982,62.05510204081632,0.0,0.0,2.0,0.0,0,School Supplies > Teacher Supplies > Physical Education & Recreation > Playground Equipment,Wayfair::Outdoor > Backyard Play > Seesaws & Teeter-Totters,0,,,,,OFF-BRAND,OFF-BRAND,CURATE,OFF-BRAND,0.47583439747475376,C,"Pass - real gap, wrong store for Staples","Celebrations, gifting & creativity",0.0,0.0,,65,School Supplies > Teacher Supplies,Outdoor,Competitor dept: Outdoor,Seesaws & Teeter-Totters
E0339,ENTER,Etching Supplies,"Amazon: Arts, Crafts & Sewing > Printmaking > Etching Supplies",Arts & Crafts,Arts & Crafts > Art & Drawing Pens,Arts & Crafts > Art & Drawing Pens,0.6791843523671601,2,"Amazon, Walmart",1,1,0,1.0,0.4,0.8441170255993499,32.28039549355957,10.610175682948187,21.107729762629337,43.4530612244898,0.0,21.220351365896374,1.0,0.0,0,Arts & Crafts > Drawing Tools & Supplies,"Amazon::Arts, Crafts & Sewing > Printmaking > Etching Supplies",0,,,,,OFF-BRAND,OFF-BRAND,VERTICAL EXTENSION,OFF-BRAND,0.4758060746802535,B,"Pass - real gap, wrong store for Staples","Celebrations, gifting & creativity",0.0,0.0,,66,Arts & Crafts > Art & Drawing Pens,Arts Crafts & Sewing,Competitor dept: Arts Crafts & Sewing,Etching Supplies
E0168,ENTER,Fourth of July,Wayfair: Holiday > Fourth of July,Gift Shop,Gift Shop > Holiday Cards,Gift Shop > Holiday Cards,0.7773035560814374,2,"Walmart, Wayfair",1,1,0,0.8333333333333334,0.4,0.8557649847830233,19.58390045193848,5.373272999005862,5.606469002695418,33.56133190118153,0.0,10.746545998011724,7.0,0.0,0,Gift Shop > Holiday Cards,Wayfair::Holiday > Fourth of July,0,,,,,OFF-BRAND,OFF-BRAND,OFF-BRAND,OFF-BRAND,0.4714960684240543,B,"Pass - real gap, wrong store for Staples","Celebrations, gifting & creativity",0.0,0.0,,67,Gift Shop > Holiday Cards,Holiday,Competitor dept: Holiday,Fourth of July
E0133,ENTER,Passover,Wayfair: Holiday > Passover,Gift Shop,Gift Shop > Holiday Cards,Gift Shop > Holiday Cards,0.7447655134804811,1,Wayfair,1,1,0,0.0,0.2,0.8667091836734694,31.532694879534287,0.0,3.6640292148508826,59.40136054421769,0.0,0.0,1.0,0.0,0,Gift Shop > Holiday Cards,Wayfair::Holiday > Passover,0,,,,,OFF-BRAND,OFF-BRAND,VERTICAL EXTENSION,OFF-BRAND,0.46794629892431716,C,"Pass - real gap, wrong store for Staples","Celebrations, gifting & creativity",0.0,0.0,,68,Gift Shop > Holiday Cards,Holiday,Competitor dept: Holiday,Passover
E0311,ENTER,Electrolyte Replacements,Amazon: Health & Personal Care > Sports Nutrition > Electrolyte Replacements,Healthcare Supplies,Healthcare Supplies > OTC Pharmaceuticals,Healthcare Supplies > OTC Pharmaceuticals > Medicine & Vitamins > Clinical Nutrition,0.7284562811426147,1,Amazon,1,1,0,1.0,0.2,0.904,26.340355497037525,0.0,27.741935483870968,24.93877551020408,0.0,0.0,1.0,0.0,0,Healthcare Supplies > Personal Care > Skin Care > Supplements,Amazon::Health & Personal Care > Sports Nutrition > Electrolyte Replacements,0,,,,,OFF-BRAND,OFF-BRAND,OFF-BRAND,OFF-BRAND,0.4654210664911126,B,"Pass - real gap, wrong store for Staples","Health, safety & facilities",0.0,0.0,,69,Healthcare Supplies > OTC Pharmaceuticals,Health & Personal Care,Competitor dept: Health & Personal Care,Electrolyte Replacements
E0033,ENTER,Built-In Wine Cellars,Amazon: Appliances > Wine Cellars > Built-In Wine Cellars | Amazon: Appliances > Wine Cellars > Freestanding Wine Cellars,Restaurant & Foodservice Supplies,Restaurant & Foodservice Supplies > Smallwares,Restaurant & Foodservice Supplies > Smallwares > Wine Stands & Chiller Buckets,0.7438714302522319,1,Amazon,2,1,0,1.0,0.2,0.904,24.18408709801632,0.0,10.894704808277542,37.4734693877551,0.0,0.0,2.0,0.0,0,Gift Shop > Professional Gifts > Wine Accessories,Amazon::Appliances > Wine Cellars > Built-In Wine Cellars,0,,,,,OFF-BRAND,OFF-BRAND,OFF-BRAND,OFF-BRAND,0.458952261294049,B,"Pass - real gap, wrong store for Staples","Celebrations, gifting & creativity",0.0,0.0,,70,Gift Shop > Professional Gifts,Appliances,Competitor dept: Appliances,Built-In Wine Cellars
E0053,ENTER,FSA/HSA Eligible Brands,Walmart: Health and Medicine > FSA and HSA Store > FSA/HSA Eligible Allergy & Sinus | Walmart: Health and Medicine > FSA and HSA Store > FSA/HSA Eligible Digestive Health | Walmart: Health and Medicine > FSA and HSA Store > FSA/HSA Eligible Feminine Care | Walmart: Health and Medicine > FSA and HSA Store > FSA/HSA Eligible Homeopathic Remedies | Walmart: Health and Medicine > FSA and HSA Store > FSA/HSA Eligible Brands | Walmart: Health and Medicine > FSA and HSA Store > FSA/HSA Eligible Smoking Cessation,Healthcare Supplies,Healthcare Supplies > OTC Pharmaceuticals,Healthcare Supplies > OTC Pharmaceuticals > Medicine & Vitamins,0.5949038754750796,1,Walmart,6,1,0,0.20444444444444443,0.2,0.9764323445753759,19.88312442310649,2.6485264933845487,6.545587340231285,33.2206615059817,1.09721730495571,4.199835681813387,25.0,0.0,0,Healthcare Supplies > OTC Pharmaceuticals,Walmart::Health and Medicine > FSA and HSA Store > FSA/HSA Eligible Brands,0,,,,,OFF-BRAND,OFF-BRAND,OFF-BRAND,OFF-BRAND,0.4589155216035369,B,"Pass - real gap, wrong store for Staples","Health, safety & facilities",0.0,0.0,,71,Healthcare Supplies > OTC Pharmaceuticals,Health and Medicine,Competitor dept: Health and Medicine,FSA/HSA Eligible Brands
E0392,ENTER,Fitbit,Walmart: Electronics > Electronics Accessories > Fitbit,"Phones, Cameras & Electronics","Phones, Cameras & Electronics","Phones, Cameras & Electronics",0.667084998379424,1,Walmart,1,1,0,0.5,0.2,0.8230394148720033,33.152376811954234,0.0,0.2312842361533779,66.0734693877551,0.0,0.0,2.0,0.0,0,"Phones, Cameras & Electronics",Walmart::Electronics > Electronics Accessories > Fitbit,0,,,,,OFF-BRAND,OFF-BRAND,CURATE,OFF-BRAND,0.45752092564106384,C,"Pass - real gap, wrong store for Staples",Technology & connected workspace,0.0,0.0,,72,"Phones, Cameras & Electronics",Electronics,Competitor dept: Electronics,Fitbit
E0192,ENTER,Wind Turbines,Walmart: Home Improvement > Renewable Energy > Wind Turbines,Batteries & Power,Batteries & Power > Power Management,Gift Shop > Professional Gifts > Compasses > Solar Panels,0.6589773976944763,1,Walmart,1,1,0,0.0,0.2,0.7842340511986997,35.72085905573429,0.0,8.81314668289714,62.62857142857143,0.0,0.0,1.0,0.0,0,Gift Shop > Professional Gifts > Compasses > Solar Panels,Walmart::Home Improvement > Renewable Energy > Wind Turbines,1,,,,,OFF-BRAND,OFF-BRAND,CURATE,OFF-BRAND,0.45164449508674775,C,"Pass - real gap, wrong store for Staples",Technology & connected workspace,0.0,0.0,,73,Batteries & Power > Power Management,Home Improvement,Competitor dept: Home Improvement,Wind Turbines
E0221,ENTER,Tatting & Lacemaking,"Amazon: Arts, Crafts & Sewing > Needlework > Tatting & Lacemaking",Retail Store Supplies,Retail Store Supplies > Sewing & Tailoring,Retail Store Supplies > Sewing & Tailoring > Knit & Crochet Supplies,0.6536392173244682,1,Amazon,1,1,0,0.0,0.2,0.904,21.370342951544586,0.0,8.642726719415704,34.09795918367347,0.0,0.0,1.0,0.0,0,Retail Store Supplies > Sewing & Tailoring > Knit & Crochet Supplies,"Amazon::Arts, Crafts & Sewing > Needlework > Tatting & Lacemaking",0,,,,,OFF-BRAND,OFF-BRAND,OFF-BRAND,OFF-BRAND,0.4505110288546338,B,"Pass - real gap, wrong store for Staples","Celebrations, gifting & creativity",0.0,0.0,,74,Retail Store Supplies > Sewing & Tailoring,Arts Crafts & Sewing,Competitor dept: Arts Crafts & Sewing,Tatting & Lacemaking
E0162,ENTER,Hallway Runners,Wayfair: Shop Contractor Spaces > Hallway & Mudroom > Hallway Runners,Furniture,Furniture > Storage Furniture,Retail Store Supplies > Store Fixtures & Retail Displays > Floor & Wall Mirrors,0.6390503638527143,1,Wayfair,1,1,0,1.0,0.2,0.8667091836734694,25.665480020370897,0.0,10.286062081558123,41.04489795918367,0.0,0.0,1.0,0.0,0,Retail Store Supplies > Store Fixtures & Retail Displays > Floor & Wall Mirrors,Wayfair::Shop Contractor Spaces > Hallway & Mudroom > Hallway Runners,0,,,,,OFF-BRAND,OFF-BRAND,VERTICAL EXTENSION,OFF-BRAND,0.45034465434682697,C,"Pass - real gap, wrong store for Staples",Home décor & furnishings,0.0,0.0,,75,Furniture > Storage Furniture,Shop Contractor Spaces,Competitor dept: Shop Contractor Spaces,Hallway Runners
E0064,ENTER,Cold Plunges,"Wayfair: Outdoor > Hot Tubs, Saunas & Pools > Cold Plunges",Facilities,Facilities > Plumbing,Facilities > Plumbing > Tubs and Showers,0.7218127582979119,1,Wayfair,1,1,0,1.0,0.2,0.8667091836734694,25.28069857279491,0.0,16.177723676202067,34.38367346938776,0.0,0.0,1.0,0.0,0,Healthcare Supplies > OTC Pharmaceuticals > Hot & Cold Therapy,"Wayfair::Outdoor > Hot Tubs, Saunas & Pools > Cold Plunges",0,,,,,OFF-BRAND,OFF-BRAND,OFF-BRAND,OFF-BRAND,0.44919031000409904,B,"Pass - real gap, wrong store for Staples","Health, safety & facilities",0.0,0.0,,76,Facilities > Plumbing,Outdoor,Competitor dept: Outdoor,Cold Plunges
E0140,ENTER,Monistat,Walmart: Personal Care > Feminine Care > Monistat,Healthcare Supplies,Healthcare Supplies > Personal Care,Healthcare Supplies > Personal Care > Skin Care,0.6589935471935183,1,Walmart,1,1,0,0.0,0.2,0.7842340511986997,34.67325946812079,0.0,9.726110772976265,59.62040816326531,0.0,0.0,1.0,0.0,0,Healthcare Supplies > Personal Care > Skin Care,Walmart::Personal Care > Feminine Care > Monistat,1,,,,,OFF-BRAND,OFF-BRAND,VERTICAL EXTENSION,OFF-BRAND,0.4485016963239073,C,"Pass - real gap, wrong store for Staples","Health, safety & facilities",0.0,0.0,,77,Healthcare Supplies > Personal Care,Personal Care,Competitor dept: Personal Care,Monistat
E0118,ENTER,Douches,Walmart: Personal Care > Feminine Care > Douches,Healthcare Supplies,Healthcare Supplies > Personal Care,Healthcare Supplies > Personal Care > Skin Care > Disposable Washcloths & Bathing Wipes,0.6324062755073407,1,Walmart,1,1,0,0.0,0.2,0.7842340511986997,34.22895027761561,0.0,8.837492391965917,59.62040816326531,0.0,0.0,1.0,0.0,0,Healthcare Supplies > Personal Care > Skin Care > Disposable Washcloths & Bathing Wipes,Walmart::Personal Care > Feminine Care > Douches,1,,,,,OFF-BRAND,OFF-BRAND,VERTICAL EXTENSION,OFF-BRAND,0.44716876875239175,C,"Pass - real gap, wrong store for Staples","Health, safety & facilities",0.0,0.0,,78,Healthcare Supplies > Personal Care,Personal Care,Competitor dept: Personal Care,Douches
E0257,ENTER,Testosterone Boosters,Amazon: Health & Personal Care > Sports Nutrition > Testosterone Boosters,Healthcare Supplies,Healthcare Supplies > Personal Care,Healthcare Supplies > Personal Care > Skin Care > Supplements,0.7726612287575507,1,Amazon,1,1,0,1.0,0.2,0.904,26.882047523817803,4.295462513869664,28.825319537431525,24.93877551020408,0.0,8.590925027739328,1.0,0.0,0,Cleaning Supplies > Laundry Care > Scent Boosters,Amazon::Health & Personal Care > Sports Nutrition > Testosterone Boosters,0,,,,,OFF-BRAND,OFF-BRAND,OFF-BRAND,OFF-BRAND,0.4469843505948224,B,"Pass - real gap, wrong store for Staples","Health, safety & facilities",0.0,0.0,,79,Healthcare Supplies > Personal Care,Health & Personal Care,Competitor dept: Health & Personal Care,Testosterone Boosters
E0000,ENTER,Straight Talk Prepaid Plans,Walmart: Cell Phones > Phone & Data Plans > Straight Talk Prepaid Plans | Walmart: Cell Phones > Phone & Data Plans > Family Plans,"Phones, Cameras & Electronics","Phones, Cameras & Electronics > Cell Phone Cases","Phones, Cameras & Electronics > Cell Phone Cases",0.7758233910516448,1,Walmart,2,1,0,0.0,0.2,0.7842340511986997,34.139043809855046,0.0,33.012781497261116,35.26530612244898,0.0,0.0,2.0,0.0,0,"Phones, Cameras & Electronics > Cell Phone Cases",Walmart::Cell Phones > Phone & Data Plans > Straight Talk Prepaid Plans,2,,,,,OFF-BRAND,OFF-BRAND,OFF-BRAND,OFF-BRAND,0.44689904934911007,B,"Pass - real gap, wrong store for Staples",Technology & connected workspace,0.0,0.0,,80,"Phones, Cameras & Electronics > Phones & Accessories",Cell Phones,Competitor dept: Cell Phones,Straight Talk Prepaid Plans
E0087,ENTER,X-Acto,Walmart: Arts Crafts & Sewing > Elmer's > X-Acto,Office Supplies,"Office Supplies > Tape, Fasteners & Adhesives","Tools, Parts & Supplies > Chalk Reels & Marking Tools > Pencils: Welders, Carpenters, Art",0.36456484160651415,1,Walmart,1,1,0,0.0,0.2,0.7842340511986997,33.780651216664396,0.0,0.0730371272063298,67.48826530612246,0.0,0.0,1.0,0.0,0,"Tools, Parts & Supplies > Chalk Reels & Marking Tools > Pencils: Welders, Carpenters, Art",Walmart::Arts Crafts & Sewing > Elmer's > X-Acto,0,,,,,OFF-BRAND,OFF-BRAND,CURATE,OFF-BRAND,0.44582387156953807,C,"Pass - real gap, wrong store for Staples",Core office & business supplies,0.0,0.0,,81,"Office Supplies > Tape, Fasteners & Adhesives",Arts Crafts & Sewing,Competitor dept: Arts Crafts & Sewing,X-Acto
E0122,ENTER,Costa Del Mar Sunglasses,Walmart: Health and Medicine > Vision Centers > Costa Del Mar Sunglasses,Healthcare Supplies,Healthcare Supplies > Personal Dental Care,Healthcare Supplies > Personal Dental Care,0.6570445998261482,1,Walmart,1,1,0,0.0,0.2,0.7842340511986997,33.33327047191366,0.0,11.39379184418746,55.27274909963986,0.0,0.0,1.0,0.0,0,Healthcare Supplies > Personal Dental Care,Walmart::Health and Medicine > Vision Centers > Costa Del Mar Sunglasses,1,,,,,OFF-BRAND,OFF-BRAND,VERTICAL EXTENSION,OFF-BRAND,0.44448172933528585,C,"Pass - real gap, wrong store for Staples","Health, safety & facilities",0.0,0.0,,82,Healthcare Supplies > Personal Dental Care,Health and Medicine,Competitor dept: Health and Medicine,Costa Del Mar Sunglasses
E0241,ENTER,LOLA,Walmart: Personal Care > Feminine Care > LOLA,Healthcare Supplies,Healthcare Supplies > Personal Care,Healthcare Supplies > Personal Care > Baby Care > Baby Skin Care,0.6632820987908932,1,Walmart,1,1,0,1.0,0.2,0.7842340511986997,33.23686263306297,0.0,6.853317102860622,59.62040816326531,0.0,0.0,1.0,0.0,0,Healthcare Supplies > Personal Care > Baby Care > Baby Skin Care,Walmart::Personal Care > Feminine Care > LOLA,0,,,,,OFF-BRAND,OFF-BRAND,VERTICAL EXTENSION,OFF-BRAND,0.4441925058187338,C,"Pass - real gap, wrong store for Staples","Health, safety & facilities",0.0,0.0,,83,Healthcare Supplies > Personal Care,Personal Care,Competitor dept: Personal Care,LOLA
E0224,ENTER,Cora,Walmart: Personal Care > Feminine Care > Cora,Healthcare Supplies,Healthcare Supplies > Personal Care,Healthcare Supplies > Personal Care > Baby Care,0.6275826007541645,1,Walmart,1,1,0,1.0,0.2,0.7842340511986997,32.5734420609388,0.0,5.526475958612295,59.62040816326531,0.0,0.0,1.0,0.0,0,Healthcare Supplies > Personal Care > Baby Care,Walmart::Personal Care > Feminine Care > Cora,0,,,,,OFF-BRAND,OFF-BRAND,VERTICAL EXTENSION,OFF-BRAND,0.4422022441023613,C,"Pass - real gap, wrong store for Staples","Health, safety & facilities",0.0,0.0,,84,Healthcare Supplies > Personal Care,Personal Care,Competitor dept: Personal Care,Cora
E0128,ENTER,Tucks,Walmart: Health and Medicine > Pain management > Tucks,Healthcare Supplies,Healthcare Supplies > OTC Pharmaceuticals,Healthcare Supplies > OTC Pharmaceuticals > Medicine & Vitamins > Topical Pain Relief,0.6754256334621165,1,Walmart,1,1,0,0.0,0.2,0.7842340511986997,32.42795036456457,0.0,17.9184418746196,46.93745885450954,0.0,0.0,1.0,0.0,0,Healthcare Supplies > OTC Pharmaceuticals > Medicine & Vitamins > Topical Pain Relief,Walmart::Health and Medicine > Pain management > Tucks,1,,,,,OFF-BRAND,OFF-BRAND,VERTICAL EXTENSION,OFF-BRAND,0.4417657690132386,C,"Pass - real gap, wrong store for Staples","Health, safety & facilities",0.0,0.0,,85,Healthcare Supplies > OTC Pharmaceuticals,Health and Medicine,Competitor dept: Health and Medicine,Tucks
E0022,ENTER,Apple iPod,Walmart: Electronics > Apple Brand Shop > Apple iPod | Walmart: Electronics > Apple Brand Shop > Apple AirTags,Tablets & iPads,"Tablets & iPads > Tablet & iPad Cases, Covers & Keyboards","Tablets & iPads > Tablet & iPad Cases, Covers & Keyboards",0.6592909489610534,1,Walmart,2,1,0,0.5,0.2,0.7842340511986997,32.37844659470605,0.0,7.973219720024346,56.78367346938775,0.0,0.0,2.0,0.0,0,"Tablets & iPads > Tablet & iPad Cases, Covers & Keyboards",Walmart::Electronics > Apple Brand Shop > Apple iPod,0,,,,,OFF-BRAND,OFF-BRAND,VERTICAL EXTENSION,OFF-BRAND,0.44161725770366306,C,"Pass - real gap, wrong store for Staples",Technology & connected workspace,0.0,0.0,,86,"Phones, Cameras & Electronics > Stylus & Smart Pens",Electronics,Competitor dept: Electronics,Apple iPod
E0302,ENTER,Vagisil,Walmart: Personal Care > Feminine Care > Vagisil,Healthcare Supplies,Healthcare Supplies > Personal Care,Healthcare Supplies > Personal Care > Maternity > Perineal Spray & Wash,0.5949674844706345,1,Walmart,1,1,0,1.0,0.2,0.7842340511986997,32.062182170494495,0.0,4.503956177723676,59.62040816326531,0.0,0.0,1.0,0.0,0,Healthcare Supplies > Personal Care > Maternity > Perineal Spray & Wash,Walmart::Personal Care > Feminine Care > Vagisil,0,,,,,OFF-BRAND,OFF-BRAND,VERTICAL EXTENSION,OFF-BRAND,0.4406684644310284,C,"Pass - real gap, wrong store for Staples","Health, safety & facilities",0.0,0.0,,87,Healthcare Supplies > Personal Care,Personal Care,Competitor dept: Personal Care,Vagisil
E0001,ENTER,Elmer's Slime Supplies,Walmart: Arts Crafts & Sewing > Elmer's > Elmer's Slime Supplies | Walmart: Arts Crafts & Sewing > Elmer's > Elmer's Gue Premade Slime | Walmart: Arts Crafts & Sewing > Elmer's > Elmer's Wood Filler,Office Supplies,"Office Supplies > Tape, Fasteners & Adhesives","Office Supplies > Tape, Fasteners & Adhesives > Glue & Glue Sticks",0.4594391424700843,1,Walmart,3,1,0,0.6666666666666666,0.2,0.7842340511986997,31.57160096844581,0.18160938452451658,1.119902617163725,62.0232993197279,0.0,0.36321876904903316,3.0,0.0,0,Arts & Crafts > Crafting > Craft Supplies,Walmart::Arts Crafts & Sewing > Elmer's > Elmer's Slime Supplies,0,,,,,OFF-BRAND,OFF-BRAND,CURATE,OFF-BRAND,0.43839909836334046,C,"Pass - real gap, wrong store for Staples","Celebrations, gifting & creativity",0.0,0.0,,88,Arts & Crafts > Art Paper & Rolls,Arts Crafts & Sewing,Competitor dept: Arts Crafts & Sewing,Elmer's Slime Supplies
E0035,ENTER,Beats By Dre,Walmart: Electronics > Apple Brand Shop > Beats By Dre | Walmart: Electronics > Apple Brand Shop > Refurbished Beats by Dr Dre,Audio,Audio > Headphones,Computers & Accessories > Computer Accessories & Peripherals > Laptop Accessories,0.6103144856553738,1,Walmart,2,1,0,0.5,0.2,0.7842340511986997,30.884120014408687,0.0,6.055995130858188,55.71224489795918,0.0,0.0,2.0,0.0,0,Audio > Headphones > Headphones,Walmart::Electronics > Apple Brand Shop > Beats By Dre,0,,,,,OFF-BRAND,OFF-BRAND,VERTICAL EXTENSION,OFF-BRAND,0.437134277962771,C,"Pass - real gap, wrong store for Staples",Technology & connected workspace,0.0,0.0,,89,"Phones, Cameras & Electronics > Stylus & Smart Pens",Electronics,Competitor dept: Electronics,Beats By Dre
E0315,ENTER,Wart,Walmart: Health and Medicine > Foot Care > Wart,Healthcare Supplies,Healthcare Supplies > Personal Care,Healthcare Supplies > Personal Care > Skin Care > Skin Care Treatment,0.7361227667051028,1,Walmart,1,1,0,0.0,0.2,0.7842340511986997,30.66348019426883,0.0,21.99634814363969,39.33061224489797,0.0,0.0,1.0,0.0,0,Healthcare Supplies > Personal Care > Skin Care > Skin Care Treatment,Walmart::Health and Medicine > Foot Care > Wart,1,,,,,OFF-BRAND,OFF-BRAND,OFF-BRAND,OFF-BRAND,0.4364723585023514,B,"Pass - real gap, wrong store for Staples","Health, safety & facilities",0.0,0.0,,90,Healthcare Supplies > Personal Care,Health and Medicine,Competitor dept: Health and Medicine,Wart
E0333,ENTER,Casino Pinatas,Walmart: Party & Occasions > Casino Party Supplies > Casino Pinatas,Party Supplies,Party Supplies > Party Favors & Costumes,Gift Shop > Game Room & Toys > Game Room > Gaming Tables & Accessories,0.6661305191077844,1,Walmart,1,1,0,1.0,0.2,0.7842340511986997,30.41494031574894,0.0,9.433962264150944,51.39591836734694,0.0,0.0,1.0,0.0,0,Gift Shop > Game Room & Toys > Game Room > Gaming Tables & Accessories,Walmart::Party & Occasions > Casino Party Supplies > Casino Pinatas,0,,,,,OFF-BRAND,OFF-BRAND,VERTICAL EXTENSION,OFF-BRAND,0.4357267388667917,C,"Pass - real gap, wrong store for Staples","Celebrations, gifting & creativity",0.0,0.0,,91,Party Supplies,Party & Occasions,Competitor dept: Party & Occasions,Casino Pinatas
E0109,ENTER,Cleats,Walmart: Sports & Outdoors > Sports > Cleats,Safety Supplies,Safety Supplies > Personal Protective Equipment (PPE),Furniture > Decor > Wall Art > Sports Art,0.6451291845314369,1,Walmart,1,1,0,1.0,0.2,0.7842340511986997,30.365250809586424,0.0,7.011564211807669,53.71893740736518,0.0,0.0,1.0,0.0,0,Furniture > Decor > Wall Art > Sports Art,Walmart::Sports & Outdoors > Sports > Cleats,0,,,,,OFF-BRAND,OFF-BRAND,VERTICAL EXTENSION,OFF-BRAND,0.4355776703483042,C,"Pass - real gap, wrong store for Staples",Home décor & furnishings,0.0,0.0,,92,Furniture > Decor,Sports & Outdoors,Competitor dept: Sports & Outdoors,Cleats
E0167,ENTER,Clogging,Walmart: Sports & Outdoors > Sports > Clogging,Gift Shop,Gift Shop > Game Room & Toys,Furniture > Decor > Wall Art > Sports Art,0.6740724133654087,1,Walmart,1,1,0,1.0,0.2,0.7842340511986997,30.19483084610499,0.0,6.6707242848447965,53.71893740736518,0.0,0.0,1.0,0.0,0,Furniture > Decor > Wall Art > Sports Art,Walmart::Sports & Outdoors > Sports > Clogging,0,,,,,OFF-BRAND,OFF-BRAND,VERTICAL EXTENSION,OFF-BRAND,0.4350664104578599,C,"Pass - real gap, wrong store for Staples",Home décor & furnishings,0.0,0.0,,93,Furniture > Decor,Sports & Outdoors,Competitor dept: Sports & Outdoors,Clogging
E0202,ENTER,Equate Protein,Walmart: Health and Medicine > Equate > Equate Protein,Healthcare Supplies,Healthcare Supplies > OTC Pharmaceuticals,Healthcare Supplies > OTC Pharmaceuticals > Medicine & Vitamins,0.5779374582376023,1,Walmart,1,1,0,1.0,0.2,0.7842340511986997,30.009084446550755,0.0,3.7735849056603774,56.24458398744113,0.0,0.0,1.0,0.0,0,Healthcare Supplies > OTC Pharmaceuticals > Medicine & Vitamins,Walmart::Health and Medicine > Equate > Equate Protein,0,,,,,OFF-BRAND,OFF-BRAND,VERTICAL EXTENSION,OFF-BRAND,0.4345091712591972,C,"Pass - real gap, wrong store for Staples","Health, safety & facilities",0.0,0.0,,94,Healthcare Supplies > OTC Pharmaceuticals,Health and Medicine,Competitor dept: Health and Medicine,Equate Protein
E0170,ENTER,Trojan,Walmart: Health and Medicine > Sexual Wellness Top Brands > Trojan,Healthcare Supplies,Healthcare Supplies > Professional Dental Supplies,Healthcare Supplies > Professional Dental Supplies > Infection Prevention,0.6532701626149212,1,Walmart,1,1,0,0.5,0.2,0.9254368143031289,18.82531874877882,3.532372102743853,1.5042170246065558,36.146420472951085,1.9596229116871675,5.105121293800539,7.0,0.0,0,Healthcare Supplies > Professional Dental Supplies > Infection Prevention,Walmart::Health and Medicine > Sexual Wellness Top Brands > Trojan,0,,,,,OFF-BRAND,OFF-BRAND,OFF-BRAND,OFF-BRAND,0.43446978470736963,B,"Pass - real gap, wrong store for Staples","Health, safety & facilities",0.0,0.0,,95,Healthcare Supplies > OTC Pharmaceuticals,Health and Medicine,Competitor dept: Health and Medicine,Trojan
E0209,ENTER,Crosman Favorites,Walmart: Sports & Outdoors > @ Manual Shelves - Sports & Outdoors > Crosman Favorites,Gift Shop,Gift Shop > Professional Gifts,Expanded Assortment > Outdoors & Recreation,0.6694160747121536,1,Walmart,1,1,0,1.0,0.2,0.7842340511986997,29.946764877588283,0.0,9.713937918441877,50.17959183673469,0.0,0.0,1.0,0.0,0,Expanded Assortment > Outdoors & Recreation,Walmart::Sports & Outdoors > @ Manual Shelves - Sports & Outdoors > Crosman Favorites,0,,,,,OFF-BRAND,OFF-BRAND,VERTICAL EXTENSION,OFF-BRAND,0.43432221255230974,C,"Pass - real gap, wrong store for Staples","Celebrations, gifting & creativity",0.0,0.0,,96,Gift Shop > Professional Gifts,Sports & Outdoors,Competitor dept: Sports & Outdoors,Crosman Favorites
E0200,ENTER,Equate Assurance,Walmart: Health and Medicine > Equate > Equate Assurance,Healthcare Supplies,Healthcare Supplies > Personal Care,Healthcare Supplies > Personal Care,0.5701292068174151,1,Walmart,1,1,0,0.0,0.2,0.7842340511986997,29.883668930843093,0.0,2.9458307973219724,56.82150706436421,0.0,0.0,1.0,0.0,0,Healthcare Supplies > Personal Care,Walmart::Health and Medicine > Equate > Equate Assurance,0,,,,,OFF-BRAND,OFF-BRAND,VERTICAL EXTENSION,OFF-BRAND,0.4341329247120742,C,"Pass - real gap, wrong store for Staples","Health, safety & facilities",0.0,0.0,,97,Healthcare Supplies > OTC Pharmaceuticals,Health and Medicine,Competitor dept: Health and Medicine,Equate Assurance
E0293,ENTER,Pineapple Pinatas,Walmart: Party & Occasions > Pineapple Party Supplies > Pineapple Pinatas,"Coffee, Water & Snacks","Coffee, Water & Snacks > Snacks & Food","Coffee, Water & Snacks > Snacks & Food > Fruit Snacks",0.6580638153560431,1,Walmart,1,1,0,1.0,0.2,0.7842340511986997,29.730545169985223,0.0,11.746804625684724,47.71428571428572,0.0,0.0,1.0,0.0,0,"Coffee, Water & Snacks > Snacks & Food > Fruit Snacks",Walmart::Party & Occasions > Pineapple Party Supplies > Pineapple Pinatas,0,,,,,OFF-BRAND,OFF-BRAND,VERTICAL EXTENSION,OFF-BRAND,0.4336735534295006,C,"Pass - real gap, wrong store for Staples","Celebrations, gifting & creativity",0.0,0.0,,98,Party Supplies,Party & Occasions,Competitor dept: Party & Occasions,Pineapple Pinatas
E0149,ENTER,Sunbeam,Walmart: Health and Medicine > Pain management > Sunbeam,Healthcare Supplies,Healthcare Supplies > OTC Pharmaceuticals,Healthcare Supplies > OTC Pharmaceuticals > Hot & Cold Therapy,0.6686015359943408,1,Walmart,1,1,0,1.0,0.2,0.7842340511986997,29.6890580943272,0.0,12.44065733414486,46.93745885450954,0.0,0.0,1.0,0.0,0,Healthcare Supplies > OTC Pharmaceuticals > Hot & Cold Therapy,Walmart::Health and Medicine > Pain management > Sunbeam,0,,,,,OFF-BRAND,OFF-BRAND,VERTICAL EXTENSION,OFF-BRAND,0.4335490922025265,C,"Pass - real gap, wrong store for Staples","Health, safety & facilities",0.0,0.0,,99,Healthcare Supplies > OTC Pharmaceuticals,Health and Medicine,Competitor dept: Health and Medicine,Sunbeam
E0169,ENTER,Hotspots,Walmart: Cell Phones > Mobile Hotspots & Signal Boosters > Hotspots,"Phones, Cameras & Electronics","Phones, Cameras & Electronics > Cell Phones","Phones, Cameras & Electronics > Cell Phones",0.6702653942153833,1,Walmart,1,1,0,0.0,0.2,0.7842340511986997,29.62262163538575,0.0,12.35544735240414,46.88979591836736,0.0,0.0,1.0,0.0,0,"Phones, Cameras & Electronics > Cell Phones",Walmart::Cell Phones > Mobile Hotspots & Signal Boosters > Hotspots,0,,,,,OFF-BRAND,OFF-BRAND,VERTICAL EXTENSION,OFF-BRAND,0.43334978282570213,C,"Pass - real gap, wrong store for Staples",Technology & connected workspace,0.0,0.0,,100,"Phones, Cameras & Electronics > Cell Phones",Cell Phones,Competitor dept: Cell Phones,Hotspots
E0040,ENTER,BMX Bikes,Walmart: Sports & Outdoors > Bikes > Fixie Bikes | Walmart: Sports & Outdoors > Bikes > BMX Bikes | Walmart: Sports & Outdoors > Bikes > Commuter Bikes | Walmart: Sports & Outdoors > Bikes > Cruiser Bikes | Walmart: Sports & Outdoors > Bikes > Road Bikes,School Supplies,School Supplies > Teacher Supplies,"School Supplies > Teacher Supplies > Physical Education & Recreation > Bicycles, Tricycles & Accessories",0.7744568480561649,1,Walmart,5,1,0,1.0,0.2,0.7842340511986997,29.585020796089395,0.0,6.122945830797323,53.04709576138147,0.0,0.0,5.0,0.0,0,"School Supplies > Teacher Supplies > Physical Education & Recreation > Bicycles, Tricycles & Accessories",Walmart::Sports & Outdoors > Bikes > BMX Bikes,0,,,,,OFF-BRAND,OFF-BRAND,VERTICAL EXTENSION,OFF-BRAND,0.4332369803078131,C,"Pass - real gap, wrong store for Staples",Outdoor living & grounds,0.0,0.0,,101,Facilities > Grounds Maintenance,Sports & Outdoors,Competitor dept: Sports & Outdoors,BMX Bikes
E0003,ENTER,Equate Beauty,Walmart: Health and Medicine > Equate > Equate Beauty | Walmart: Health and Medicine > Equate > Equate Shave,Healthcare Supplies,Healthcare Supplies > Patient Care,Healthcare Supplies > Patient Care > Diagnostic & Exam Instruments > Health & Body Weight Scales,0.5521862614614879,1,Walmart,2,1,0,0.5,0.2,0.7842340511986997,29.562931770863692,0.0,2.592818015824711,56.53304552590267,0.0,0.0,2.0,0.0,0,Healthcare Supplies > Patient Care > Diagnostic & Exam Instruments > Health & Body Weight Scales,Walmart::Health and Medicine > Equate > Equate Beauty,0,,,,,OFF-BRAND,OFF-BRAND,VERTICAL EXTENSION,OFF-BRAND,0.43317071323213596,C,"Pass - real gap, wrong store for Staples","Health, safety & facilities",0.0,0.0,,102,Healthcare Supplies > OTC Pharmaceuticals,Health and Medicine,Competitor dept: Health and Medicine,Equate Beauty
E0137,ENTER,Brother Sergers,Walmart: Arts Crafts & Sewing > Brother > Brother Sergers,School Supplies,School Supplies > Preschool Supplies,Furniture > Decor > Wall Art > Still Life,0.5131107604005889,1,Walmart,1,1,0,0.0,0.2,0.7842340511986997,29.29249630466916,0.0,1.15642118076689,57.42857142857143,0.0,0.0,1.0,0.0,0,Furniture > Decor > Wall Art > Still Life,Walmart::Arts Crafts & Sewing > Brother > Brother Sergers,0,,,,,OFF-BRAND,OFF-BRAND,VERTICAL EXTENSION,OFF-BRAND,0.4323594068335524,C,"Pass - real gap, wrong store for Staples","Celebrations, gifting & creativity",0.0,0.0,,103,School Supplies > Preschool Supplies,Arts Crafts & Sewing,Competitor dept: Arts Crafts & Sewing,Brother Sergers
E0348,ENTER,Dodgeball,Walmart: Sports & Outdoors > Sports > Dodgeball,School Supplies,School Supplies > Teacher Supplies,Furniture > Decor > Wall Art > Sports Art,0.6529826943880561,1,Walmart,1,1,0,1.0,0.2,0.7842340511986997,29.2453481924227,0.0,4.77175897748022,53.71893740736518,0.0,0.0,1.0,0.0,0,Furniture > Decor > Wall Art > Sports Art,Walmart::Sports & Outdoors > Sports > Dodgeball,0,,,,,OFF-BRAND,OFF-BRAND,VERTICAL EXTENSION,OFF-BRAND,0.432217962496813,C,"Pass - real gap, wrong store for Staples",Home décor & furnishings,0.0,0.0,,104,Furniture > Decor,Sports & Outdoors,Competitor dept: Sports & Outdoors,Dodgeball
E0260,ENTER,Referee & Scorekeeping,Walmart: Sports & Outdoors > Sports > Referee & Scorekeeping,Gift Shop,Gift Shop > Game Room & Toys,Furniture > Decor > Wall Art > Sports Art,0.6486218554536484,1,Walmart,1,1,0,1.0,0.2,0.7842340511986997,29.166224637949178,0.0,4.613511868533172,53.71893740736518,0.0,0.0,1.0,0.0,0,Furniture > Decor > Wall Art > Sports Art,Walmart::Sports & Outdoors > Sports > Referee & Scorekeeping,0,,,,,OFF-BRAND,OFF-BRAND,VERTICAL EXTENSION,OFF-BRAND,0.43198059183339244,C,"Pass - real gap, wrong store for Staples",Home décor & furnishings,0.0,0.0,,105,Furniture > Decor,Sports & Outdoors,Competitor dept: Sports & Outdoors,Referee & Scorekeeping
E0174,ENTER,Jasmine Pinatas,Walmart: Party & Occasions > Jasmine Party Supplies > Jasmine Pinatas,Party Supplies,Party Supplies > Party Favors & Costumes,Party Supplies > Party Favors & Costumes,0.6452474999844573,1,Walmart,1,1,0,1.0,0.2,0.7842340511986997,29.15312954153055,0.0,6.1838101034692645,52.12244897959184,0.0,0.0,1.0,0.0,0,Party Supplies > Party Favors & Costumes,Walmart::Party & Occasions > Jasmine Party Supplies > Jasmine Pinatas,0,,,,,OFF-BRAND,OFF-BRAND,VERTICAL EXTENSION,OFF-BRAND,0.43194130654413654,C,"Pass - real gap, wrong store for Staples","Celebrations, gifting & creativity",0.0,0.0,,106,Party Supplies,Party & Occasions,Competitor dept: Party & Occasions,Jasmine Pinatas
E0121,ENTER,Ghostbusters Decorative Baking,Walmart: Party & Occasions > Ghostbusters Party Supplies > Ghostbusters Decorative Baking,Party Supplies,Party Supplies > Party Favors & Costumes,Party Supplies > Party Favors & Costumes,0.6653993288646928,1,Walmart,1,1,0,1.0,0.2,0.7842340511986997,28.960798439887213,0.0,9.799147900182591,48.12244897959184,0.0,0.0,1.0,0.0,0,Party Supplies > Wedding Supplies > Wedding Decorations & Supplies,Walmart::Party & Occasions > Ghostbusters Party Supplies > Ghostbusters Decorative Baking,0,,,,,OFF-BRAND,OFF-BRAND,VERTICAL EXTENSION,OFF-BRAND,0.43136431323920654,C,"Pass - real gap, wrong store for Staples","Celebrations, gifting & creativity",0.0,0.0,,107,Party Supplies,Party & Occasions,Competitor dept: Party & Occasions,Ghostbusters Decorative Baking
E0042,ENTER,Boys Birthday,Walmart: Party & Occasions > Birthday Shop > Girls Birthday | Walmart: Party & Occasions > Birthday Shop > Boys Birthday | Walmart: Party & Occasions > Birthday Shop > Milestone Birthdays,Party Supplies,Party Supplies > Anniversary Supplies,Party Supplies > Anniversary Supplies,0.730056495378312,1,Walmart,3,1,0,0.6666666666666666,0.2,0.7842340511986997,28.908856786780444,0.0,17.92655711097586,39.89115646258503,0.0,0.0,3.0,0.0,0,Gift Shop > Wedding Invitations & Kits,Walmart::Party & Occasions > Birthday Shop > Boys Birthday,0,,,,,OFF-BRAND,OFF-BRAND,OFF-BRAND,OFF-BRAND,0.4312084882798862,B,"Pass - real gap, wrong store for Staples","Celebrations, gifting & creativity",0.0,0.0,,108,Gift Shop > Holiday Cards,Party & Occasions,Competitor dept: Party & Occasions,Boys Birthday
E0362,ENTER,Onyx,Walmart: Health and Medicine > Foot Care > Onyx Professional,Healthcare Supplies,Healthcare Supplies > Personal Care,Healthcare Supplies > Personal Care > Skin Care,0.6706967759694842,1,Walmart,1,1,0,0.0,0.2,0.7842340511986997,28.70365061423231,0.0,18.076688983566648,39.33061224489797,0.0,0.0,1.0,0.0,0,Healthcare Supplies > Personal Care > Skin Care,Walmart::Health and Medicine > Foot Care > Onyx Professional,0,,,,,OFF-BRAND,OFF-BRAND,OFF-BRAND,OFF-BRAND,0.4305928697622418,B,"Pass - real gap, wrong store for Staples","Health, safety & facilities",0.0,0.0,,109,Healthcare Supplies > Personal Care,Health and Medicine,Competitor dept: Health and Medicine,Onyx
E0399,ENTER,Daniel Tiger Decorative Baking,Walmart: Party & Occasions > Daniel Tiger Party Supplies > Daniel Tiger Decorative Baking,Party Supplies,Party Supplies > Wedding Supplies,Expanded Assortment > Pet Supplies & Accessories > Bird Supplies,0.6322686004997806,1,Walmart,1,1,0,1.0,0.2,0.7842340511986997,28.664531034568427,0.0,11.296409007912356,46.032653061224494,0.0,0.0,1.0,0.0,0,Party Supplies > Wedding Supplies > Wedding Decorations & Supplies,Walmart::Party & Occasions > Daniel Tiger Party Supplies > Daniel Tiger Decorative Baking,0,,,,,OFF-BRAND,OFF-BRAND,VERTICAL EXTENSION,OFF-BRAND,0.4304755110232502,C,"Pass - real gap, wrong store for Staples","Celebrations, gifting & creativity",0.0,0.0,,110,Party Supplies,Party & Occasions,Competitor dept: Party & Occasions,Daniel Tiger Decorative Baking
E0367,ENTER,Descendants Decorative Baking,Walmart: Party & Occasions > Descendants Party Supplies > Descendants Decorative Baking,Party Supplies,Party Supplies > Party Favors & Costumes,Party Supplies > Party Favors & Costumes,0.6272934405421211,1,Walmart,1,1,0,1.0,0.2,0.7842340511986997,28.507304954848646,0.1362333395664797,9.945222154595251,47.06938775510204,0.0,0.2724666791329594,1.0,0.0,0,Furniture > Decor > Home & Office Decor > Decorative Plates,Walmart::Party & Occasions > Descendants Party Supplies > Descendants Decorative Baking,0,,,,,OFF-BRAND,OFF-BRAND,VERTICAL EXTENSION,OFF-BRAND,0.4294180242024252,C,"Pass - real gap, wrong store for Staples","Celebrations, gifting & creativity",0.0,0.0,,111,Party Supplies,Party & Occasions,Competitor dept: Party & Occasions,Descendants Decorative Baking
E0291,ENTER,Unisom,Walmart: Health and Medicine > Sleep Better > Unisom,Healthcare Supplies,Healthcare Supplies > OTC Pharmaceuticals,Healthcare Supplies > OTC Pharmaceuticals > Medicine & Vitamins > Sleep Aids,0.8013129910689034,1,Walmart,1,1,0,1.0,0.2,0.7842340511986997,29.54473524041388,0.8885316469390458,11.089470480827751,48.00000000000001,1.7770632938780917,0.0,1.0,0.0,0,Healthcare Supplies > OTC Pharmaceuticals > Medicine & Vitamins > Sleep Aids,Walmart::Health and Medicine > Sleep Better > Unisom,0,,,,,OFF-BRAND,OFF-BRAND,VERTICAL EXTENSION,OFF-BRAND,0.4292677498142425,C,"Pass - real gap, wrong store for Staples","Health, safety & facilities",0.0,0.0,,112,Healthcare Supplies > OTC Pharmaceuticals,Health and Medicine,Competitor dept: Health and Medicine,Unisom
E0322,ENTER,Hearos,Walmart: Health and Medicine > Ear Care > Hearos,Healthcare Supplies,Healthcare Supplies > Wound Care,Healthcare Supplies > Wound Care,0.6366177503515886,1,Walmart,1,1,0,1.0,0.2,0.7842340511986997,28.0607343352806,0.0,9.640900791235548,46.48056787932565,0.0,0.0,1.0,0.0,0,Safety Supplies > Personal Protective Equipment (PPE) > Ear Protection,Walmart::Health and Medicine > Ear Care > Hearos,0,,,,,OFF-BRAND,OFF-BRAND,VERTICAL EXTENSION,OFF-BRAND,0.4286641209253867,C,"Pass - real gap, wrong store for Staples","Health, safety & facilities",0.0,0.0,,113,Healthcare Supplies > Wound Care,Health and Medicine,Competitor dept: Health and Medicine,Hearos
E0408,ENTER,Tablets - Certified Refurbished,Walmart: Electronics > Certified Refurbished Electronics > Tablets - Certified Refurbished,Computers & Accessories,Computers & Accessories,Furniture > Storage Furniture > Electronics & Computer Storage Units,0.666135394385007,1,Walmart,1,1,0,1.0,0.2,0.7842340511986997,29.929345274323975,1.4797903559146783,10.77297626293366,49.08571428571429,0.0,2.9595807118293567,1.0,0.0,0,Furniture > Storage Furniture > Electronics & Computer Storage Units,Walmart::Electronics > Certified Refurbished Electronics > Tablets - Certified Refurbished,0,,,,,OFF-BRAND,OFF-BRAND,VERTICAL EXTENSION,OFF-BRAND,0.42784366884839997,C,"Pass - real gap, wrong store for Staples",Technology & connected workspace,0.0,0.0,,114,"Phones, Cameras & Electronics",Electronics,Competitor dept: Electronics,Tablets - Certified Refurbished
E0309,ENTER,Moana Decorative Baking,Walmart: Party & Occasions > Moana Party Supplies > Moana Decorative Baking,Party Supplies,Party Supplies > Wedding Supplies,Party Supplies > Wedding Supplies > Wedding Decorations & Supplies,0.5589093364986074,1,Walmart,1,1,0,1.0,0.2,0.7842340511986997,28.309192989429487,0.37988568842411036,4.4796104686549,52.13877551020408,0.0,0.7597713768482207,1.0,0.0,0,Furniture > Decor > Home & Office Decor > Decorative Plates,Walmart::Party & Occasions > Moana Party Supplies > Moana Decorative Baking,0,,,,,OFF-BRAND,OFF-BRAND,VERTICAL EXTENSION,OFF-BRAND,0.4277782316644225,C,"Pass - real gap, wrong store for Staples","Celebrations, gifting & creativity",0.0,0.0,,115,Party Supplies,Party & Occasions,Competitor dept: Party & Occasions,Moana Decorative Baking
E0283,ENTER,Muscletech,Walmart: Health and Medicine > Protein > Muscletech,Healthcare Supplies,Healthcare Supplies > OTC Pharmaceuticals,Healthcare Supplies > OTC Pharmaceuticals > Medicine & Vitamins > Vitamins & Supplements,0.5989300453903433,1,Walmart,1,1,0,0.20000000000000004,0.2,0.9154815115806583,18.08782093482554,3.8792048929663614,0.3225806451612903,35.85306122448979,0.0,7.758409785932723,6.0,0.0,0,Healthcare Supplies > OTC Pharmaceuticals > Medicine & Vitamins > Vitamins & Supplements,Walmart::Health and Medicine > Protein > Muscletech,0,,,,,OFF-BRAND,OFF-BRAND,OFF-BRAND,OFF-BRAND,0.4274318662714226,B,"Pass - real gap, wrong store for Staples","Health, safety & facilities",0.0,0.0,,116,Healthcare Supplies > OTC Pharmaceuticals,Health and Medicine,Competitor dept: Health and Medicine,Muscletech
E0172,ENTER,Super Greens,Walmart: Health and Medicine > Cleanses > Super Greens,Healthcare Supplies,Healthcare Supplies > Personal Care,Healthcare Supplies > Personal Care > Skin Care > Cleanser,0.6721486733816702,1,Walmart,1,1,0,0.0,0.2,0.9254368143031289,12.883362872009169,1.2318271358508426,3.921398139292236,21.8453276047261,0.4847674910003517,1.9788867807013333,7.0,0.0,0,Healthcare Supplies > Personal Care > Skin Care > Cleanser,Walmart::Health and Medicine > Cleanses > Super Greens,0,,,,,OFF-BRAND,OFF-BRAND,OFF-BRAND,OFF-BRAND,0.42722466871611564,B,"Pass - real gap, wrong store for Staples","Health, safety & facilities",0.0,0.0,,117,Healthcare Supplies > Personal Care,Health and Medicine,Competitor dept: Health and Medicine,Super Greens
E0091,ENTER,Weatherstripping,Walmart: Home Improvement > Weatherproofing > Weatherstripping,Facilities,"Facilities > Adhesives, Sealants and Patching","Facilities > Adhesives, Sealants and Patching > Adhesives > Sealants & Caulking",0.654642678232971,1,Walmart,1,1,0,1.0,0.2,0.7842340511986997,27.277958438396663,0.0,1.241631162507608,53.31428571428572,0.0,0.0,1.0,0.0,0,"Facilities > Adhesives, Sealants and Patching > Adhesives > Sealants & Caulking",Walmart::Home Improvement > Weatherproofing > Weatherstripping,0,,,,,OFF-BRAND,OFF-BRAND,VERTICAL EXTENSION,OFF-BRAND,0.4263157932347349,C,"Pass - real gap, wrong store for Staples","Health, safety & facilities",0.0,0.0,,118,"Facilities > Adhesives, Sealants and Patching",Home Improvement,Competitor dept: Home Improvement,Weatherstripping
E0196,ENTER,PlusOne,Walmart: Health and Medicine > Sexual Wellness Top Brands > PlusOne | Walmart: Health and Medicine > Sexual Wellness Top Brands > plusOne,Healthcare Supplies,Healthcare Supplies > Personal Care,Healthcare Supplies > Personal Care,0.7338518196133237,1,Walmart,2,1,0,1.0,0.2,0.7842340511986997,27.242285763970838,0.0,31.917224589166164,22.56734693877551,0.0,0.0,2.0,0.0,0,Healthcare Supplies > Personal Care,Walmart::Health and Medicine > Sexual Wellness Top Brands > PlusOne,0,,,,,OFF-BRAND,OFF-BRAND,OFF-BRAND,OFF-BRAND,0.4262087752114574,B,"Pass - real gap, wrong store for Staples","Health, safety & facilities",0.0,0.0,,119,Healthcare Supplies > OTC Pharmaceuticals,Health and Medicine,Competitor dept: Health and Medicine,PlusOne
E0155,ENTER,Duck Weatherproofing,Walmart: Home Improvement > Weatherproofing > Duck Weatherproofing,Facilities,"Facilities > Adhesives, Sealants and Patching","Facilities > Adhesives, Sealants and Patching > Adhesives > Sealants & Caulking",0.5404850037472846,1,Walmart,1,1,0,1.0,0.2,0.7842340511986997,27.077106338579256,0.0,0.8399269628727937,53.31428571428572,0.0,0.0,1.0,0.0,0,"Facilities > Adhesives, Sealants and Patching > Adhesives > Sealants & Caulking",Walmart::Home Improvement > Weatherproofing > Duck Weatherproofing,0,,,,,OFF-BRAND,OFF-BRAND,VERTICAL EXTENSION,OFF-BRAND,0.4257132369352827,C,"Pass - real gap, wrong store for Staples","Health, safety & facilities",0.0,0.0,,120,"Facilities > Adhesives, Sealants and Patching",Home Improvement,Competitor dept: Home Improvement,Duck Weatherproofing
E0394,ENTER,Vibratex,Walmart: Health and Medicine > Sexual Wellness Top Brands > Vibratex,Healthcare Supplies,Healthcare Supplies > Personal Care,Healthcare Supplies > Personal Care,0.7338518196133237,1,Walmart,1,1,0,1.0,0.2,0.7842340511986997,26.931877973343937,0.0,31.29640900791236,22.56734693877551,0.0,0.0,1.0,0.0,0,Healthcare Supplies > Personal Care,Walmart::Health and Medicine > Sexual Wellness Top Brands > Vibratex,0,,,,,OFF-BRAND,OFF-BRAND,OFF-BRAND,OFF-BRAND,0.4252775518395767,B,"Pass - real gap, wrong store for Staples","Health, safety & facilities",0.0,0.0,,121,Healthcare Supplies > OTC Pharmaceuticals,Health and Medicine,Competitor dept: Health and Medicine,Vibratex
E0194,ENTER,Satisfyer,Walmart: Health and Medicine > Sexual Wellness Top Brands > Satisfyer,Healthcare Supplies,Healthcare Supplies > Personal Care,Healthcare Supplies > Personal Care,0.7338518196133237,1,Walmart,1,1,0,1.0,0.2,0.7842340511986997,26.85275441887041,0.0,31.13816189896531,22.56734693877551,0.0,0.0,1.0,0.0,0,Healthcare Supplies > Personal Care,Walmart::Health and Medicine > Sexual Wellness Top Brands > Satisfyer,0,,,,,OFF-BRAND,OFF-BRAND,OFF-BRAND,OFF-BRAND,0.42504018117615616,B,"Pass - real gap, wrong store for Staples","Health, safety & facilities",0.0,0.0,,122,Healthcare Supplies > OTC Pharmaceuticals,Health and Medicine,Competitor dept: Health and Medicine,Satisfyer
E0103,ENTER,Cellucor,Walmart: Health and Medicine > Protein > Cellucor,Healthcare Supplies,Healthcare Supplies > OTC Pharmaceuticals,Healthcare Supplies > OTC Pharmaceuticals > Medicine & Vitamins > Vitamins & Supplements,0.5831850565258493,1,Walmart,1,1,0,0.6,0.2,0.9154815115806583,18.135027595944035,4.495109008949831,0.6918238993710691,35.578231292517,1.2318082319669403,7.758409785932723,6.0,0.0,0,Healthcare Supplies > OTC Pharmaceuticals > Medicine & Vitamins > Vitamins & Supplements,Walmart::Health and Medicine > Protein > Cellucor,0,,,,,OFF-BRAND,OFF-BRAND,OFF-BRAND,OFF-BRAND,0.42482830559125884,B,"Pass - real gap, wrong store for Staples","Health, safety & facilities",0.0,0.0,,123,Healthcare Supplies > OTC Pharmaceuticals,Health and Medicine,Competitor dept: Health and Medicine,Cellucor
E0321,ENTER,Dymatize,Walmart: Health and Medicine > Protein > Dymatize,Healthcare Supplies,Healthcare Supplies > OTC Pharmaceuticals,Healthcare Supplies > OTC Pharmaceuticals > Medicine & Vitamins > Vitamins & Supplements,0.591133942497549,1,Walmart,1,1,0,0.25,0.2,0.8827712312068265,15.056528737381875,0.0,0.1369446135118685,29.97611286125188,0.0,0.0,4.0,0.0,0,Healthcare Supplies > OTC Pharmaceuticals > Medicine & Vitamins > Vitamins & Supplements,Walmart::Health and Medicine > Protein > Dymatize,0,,,,,OFF-BRAND,OFF-BRAND,OFF-BRAND,OFF-BRAND,0.4241395171345349,B,"Pass - real gap, wrong store for Staples","Health, safety & facilities",0.0,0.0,,124,Healthcare Supplies > OTC Pharmaceuticals,Health and Medicine,Competitor dept: Health and Medicine,Dymatize
E0157,ENTER,Macks,Walmart: Health and Medicine > Ear Care > Macks,Healthcare Supplies,Healthcare Supplies > Wound Care,Safety Supplies > Personal Protective Equipment (PPE) > Ear Protection,0.6224207107929762,1,Walmart,1,1,0,1.0,0.2,0.7842340511986997,26.551300373016446,0.0,6.622032866707244,46.48056787932565,0.0,0.0,1.0,0.0,0,Safety Supplies > Personal Protective Equipment (PPE) > Ear Protection,Walmart::Health and Medicine > Ear Care > Macks,0,,,,,OFF-BRAND,OFF-BRAND,VERTICAL EXTENSION,OFF-BRAND,0.42413581903859426,C,"Pass - real gap, wrong store for Staples","Health, safety & facilities",0.0,0.0,,125,Healthcare Supplies > Wound Care,Health and Medicine,Competitor dept: Health and Medicine,Macks
E0377,ENTER,Minecraft Pinatas,Walmart: Party & Occasions > Minecraft Party Supplies > Minecraft Pinatas,Party Supplies,Party Supplies > Party Favors & Costumes,Party Supplies > Party Favors & Costumes,0.5733037624777719,1,Walmart,1,1,0,1.0,0.2,0.7842340511986997,26.547105220664044,0.0,2.702373706634206,50.39183673469388,0.0,0.0,1.0,0.0,0,Party Supplies > Party Favors & Costumes,Walmart::Party & Occasions > Minecraft Party Supplies > Minecraft Pinatas,0,,,,,OFF-BRAND,OFF-BRAND,VERTICAL EXTENSION,OFF-BRAND,0.42412323358153703,C,"Pass - real gap, wrong store for Staples","Celebrations, gifting & creativity",0.0,0.0,,126,Party Supplies,Party & Occasions,Competitor dept: Party & Occasions,Minecraft Pinatas
E0129,ENTER,RALLI,Walmart: Health and Medicine > Pain management > RALLI,Healthcare Supplies,Healthcare Supplies > Physical Therapy and Rehabilitation Equipment,Healthcare Supplies > Physical Therapy and Rehabilitation Equipment,0.6196683603343319,1,Walmart,1,1,0,1.0,0.2,0.7842340511986997,26.54237519718782,0.0,6.1472915398660986,46.93745885450954,0.0,0.0,1.0,0.0,0,Healthcare Supplies > Physical Therapy and Rehabilitation Equipment,Walmart::Health and Medicine > Pain management > RALLI,0,,,,,OFF-BRAND,OFF-BRAND,VERTICAL EXTENSION,OFF-BRAND,0.42410904351110834,C,"Pass - real gap, wrong store for Staples","Health, safety & facilities",0.0,0.0,,127,Healthcare Supplies > Physical Therapy and Rehabilitation Equipment,Health and Medicine,Competitor dept: Health and Medicine,RALLI
E0300,ENTER,Now,Walmart: Health and Medicine > Sexual Wellness Top Brands > Now,Healthcare Supplies,Healthcare Supplies > Patient Care,Healthcare Supplies > Patient Care > Practice Front Desk Supplies > Medical Take Home Bags,0.7477667706685033,1,Walmart,1,1,0,1.0,0.2,0.7842340511986997,26.384099519296463,0.0,30.20085209981741,22.56734693877551,0.0,0.0,1.0,0.0,0,Healthcare Supplies > Patient Care > Practice Front Desk Supplies > Medical Take Home Bags,Walmart::Health and Medicine > Sexual Wellness Top Brands > Now,0,,,,,OFF-BRAND,OFF-BRAND,OFF-BRAND,OFF-BRAND,0.42363421647743427,B,"Pass - real gap, wrong store for Staples","Health, safety & facilities",0.0,0.0,,128,Healthcare Supplies > OTC Pharmaceuticals,Health and Medicine,Competitor dept: Health and Medicine,Now
E0249,ENTER,Llama Pinatas,Walmart: Party & Occasions > Llama Party Supplies > Llama Pinatas,Party Supplies,Party Supplies > Party Favors & Costumes,Party Supplies > Party Favors & Costumes,0.6251527835115516,1,Walmart,1,1,0,1.0,0.2,0.7842340511986997,26.261641844808526,0.0,4.686548995739501,47.83673469387755,0.0,0.0,1.0,0.0,0,Party Supplies > Party Favors & Costumes,Walmart::Party & Occasions > Llama Party Supplies > Llama Pinatas,0,,,,,OFF-BRAND,OFF-BRAND,VERTICAL EXTENSION,OFF-BRAND,0.4232668434539705,C,"Pass - real gap, wrong store for Staples","Celebrations, gifting & creativity",0.0,0.0,,129,Party Supplies,Party & Occasions,Competitor dept: Party & Occasions,Llama Pinatas
E0229,ENTER,Ppis,Walmart: Health and Medicine > Digestive Health > Ppis,Healthcare Supplies,Healthcare Supplies > OTC Pharmaceuticals,Healthcare Supplies > OTC Pharmaceuticals > Medicine & Vitamins > Anti-Nausea & Digestive Aids,0.7355198231369435,1,Walmart,1,1,0,1.0,0.2,0.7842340511986997,26.03491467651346,0.0,14.217894096165551,37.85193525686137,0.0,0.0,1.0,0.0,0,Healthcare Supplies > OTC Pharmaceuticals > Medicine & Vitamins > Anti-Nausea & Digestive Aids,Walmart::Health and Medicine > Digestive Health > Ppis,0,,,,,OFF-BRAND,OFF-BRAND,OFF-BRAND,OFF-BRAND,0.4225866619490853,B,"Pass - real gap, wrong store for Staples","Health, safety & facilities",0.0,0.0,,130,Healthcare Supplies > OTC Pharmaceuticals,Health and Medicine,Competitor dept: Health and Medicine,Ppis
E0114,ENTER,Kaopectate,Walmart: Health and Medicine > Digestive Health > Kaopectate,Healthcare Supplies,Healthcare Supplies > OTC Pharmaceuticals,Healthcare Supplies > OTC Pharmaceuticals > Medicine & Vitamins > Anti-Nausea & Digestive Aids,0.7584054580206274,1,Walmart,1,1,0,1.0,0.2,0.7842340511986997,25.80363044036008,0.0,13.755325623858797,37.85193525686137,0.0,0.0,1.0,0.0,0,Healthcare Supplies > OTC Pharmaceuticals > Medicine & Vitamins > Anti-Nausea & Digestive Aids,Walmart::Health and Medicine > Digestive Health > Kaopectate,0,,,,,OFF-BRAND,OFF-BRAND,OFF-BRAND,OFF-BRAND,0.42189280924062517,B,"Pass - real gap, wrong store for Staples","Health, safety & facilities",0.0,0.0,,131,Healthcare Supplies > OTC Pharmaceuticals,Health and Medicine,Competitor dept: Health and Medicine,Kaopectate
E0031,ENTER,The Incredibles Toys,Walmart: Seasonal > Incredibles 2 > The Incredibles Toys | Walmart: Seasonal > Incredibles 2 > The Incredibles Books | Walmart: Seasonal > Incredibles 2 > The Incredibles Costumes | Walmart: Seasonal > Incredibles 2 > The Incredibles Movies,School Supplies,School Supplies > Teacher Supplies,"School Supplies > Teacher Supplies > Games, Puzzles & Toys",0.4775239498606522,1,Walmart,4,1,0,0.75,0.2,0.7842340511986997,25.428333871588805,0.0,0.7699330493000609,50.08673469387755,0.0,0.0,4.0,0.0,0,"School Supplies > Teacher Supplies > Games, Puzzles & Toys",Walmart::Seasonal > Incredibles 2 > The Incredibles Toys,0,,,,,OFF-BRAND,OFF-BRAND,VERTICAL EXTENSION,OFF-BRAND,0.42076691953431133,C,"Pass - real gap, wrong store for Staples",Home décor & furnishings,0.0,0.0,,132,Furniture > Decor,Seasonal,Competitor dept: Seasonal,The Incredibles Toys
E0071,ENTER,Religious Items,Walmart: Seasonal > Easter > Religious Items,Gift Shop,Gift Shop > Holiday Cards,Gift Shop > Holiday Cards,0.6987540237551255,1,Walmart,1,1,0,1.0,0.2,0.7842340511986997,25.377227347997852,0.0,16.08034083992696,34.67411385606874,0.0,0.0,1.0,0.0,0,Gift Shop > Holiday Cards,Walmart::Seasonal > Easter > Religious Items,0,,,,,OFF-BRAND,OFF-BRAND,OFF-BRAND,OFF-BRAND,0.4206135999635385,B,"Pass - real gap, wrong store for Staples","Celebrations, gifting & creativity",0.0,0.0,,133,Gift Shop > Holiday Cards,Seasonal,Competitor dept: Seasonal,Religious Items
E0269,ENTER,Spenco,Walmart: Health and Medicine > Foot Care > Spenco,Healthcare Supplies,Healthcare Supplies > Durable Medical Equipment,Healthcare Supplies > Durable Medical Equipment > Orthopedics > Ankle & Foot Supports,0.7040184469571981,1,Walmart,1,1,0,1.0,0.2,0.7842340511986997,25.325683480939553,0.0,11.320754716981131,39.33061224489797,0.0,0.0,1.0,0.0,0,Healthcare Supplies > Durable Medical Equipment > Orthopedics > Ankle & Foot Supports,Walmart::Health and Medicine > Foot Care > Spenco,0,,,,,OFF-BRAND,OFF-BRAND,OFF-BRAND,OFF-BRAND,0.42045896836236357,B,"Pass - real gap, wrong store for Staples","Health, safety & facilities",0.0,0.0,,134,Healthcare Supplies > Durable Medical Equipment,Health and Medicine,Competitor dept: Health and Medicine,Spenco
E0183,ENTER,De'Longhi,Walmart: Home > Featured Shops > De'Longhi,Restaurant & Foodservice Supplies,Restaurant & Foodservice Supplies > Commercial Restaurant Equipment,Retail Store Supplies > Spa & Salon,0.5681128971153999,1,Walmart,1,1,0,0.0,0.2,0.7842340511986997,25.22369655385915,0.0,3.079732197200244,47.367660910518055,0.0,0.0,1.0,0.0,0,Retail Store Supplies > Spa & Salon,Walmart::Home > Featured Shops > De'Longhi,0,,,,,OFF-BRAND,OFF-BRAND,VERTICAL EXTENSION,OFF-BRAND,0.42015300758112234,C,"Pass - real gap, wrong store for Staples","Breakroom, kitchen & hospitality",0.0,0.0,,135,Restaurant & Foodservice Supplies > Commercial Restaurant Equipment,Home,Competitor dept: Home,De'Longhi
E0240,ENTER,Libby Langdon,Walmart: Home > Featured Shops > Libby Langdon,Furniture,Furniture > Decor,Furniture > Decor > Home & Office Decor > Home & Office Bars,0.5542593102953778,1,Walmart,1,1,0,0.0,0.2,0.7842340511986997,25.0654494449121,0.0,2.7632379793061475,47.367660910518055,0.0,0.0,1.0,0.0,0,Furniture > Decor > Home & Office Decor > Home & Office Bars,Walmart::Home > Featured Shops > Libby Langdon,0,,,,,OFF-BRAND,OFF-BRAND,VERTICAL EXTENSION,OFF-BRAND,0.4196782662542812,C,"Pass - real gap, wrong store for Staples",Home décor & furnishings,0.0,0.0,,136,Furniture > Decor,Home,Competitor dept: Home,Libby Langdon
E0275,ENTER,SlimFast,Walmart: Health and Medicine > Weight Loss > SlimFast,Healthcare Supplies,Healthcare Supplies > Patient Care,Healthcare Supplies > Patient Care > Diagnostic & Exam Instruments > Health & Body Weight Scales,0.5976065876505131,1,Walmart,1,1,0,0.5,0.2,0.903088175538399,14.271630305235652,2.173611870588933,1.5508216676810715,26.992438942790237,0.0,4.347223741177866,5.0,0.0,0,Healthcare Supplies > Patient Care > Diagnostic & Exam Instruments > Health & Body Weight Scales,Walmart::Health and Medicine > Weight Loss > SlimFast,0,,,,,OFF-BRAND,OFF-BRAND,OFF-BRAND,OFF-BRAND,0.4195732233685252,B,"Pass - real gap, wrong store for Staples","Health, safety & facilities",0.0,0.0,,137,Healthcare Supplies > Patient Care,Health and Medicine,Competitor dept: Health and Medicine,SlimFast
E0307,ENTER,The Mossy Oak,Walmart: Sports & Outdoors > Outdoor Sports > The Mossy Oak Shop,Gift Shop,Gift Shop > Professional Gifts,Expanded Assortment > Outdoors & Recreation,0.7447769195259784,1,Walmart,1,1,0,1.0,0.2,0.8539211702559935,20.79601131992663,2.7960024550784977,5.141002231689998,36.45102040816327,0.0,5.592004910156995,3.0,0.0,0,Expanded Assortment > Outdoors & Recreation,Walmart::Sports & Outdoors > Outdoor Sports > The Mossy Oak Shop,0,,,,,OFF-BRAND,OFF-BRAND,OFF-BRAND,OFF-BRAND,0.4192023909599546,B,"Pass - real gap, wrong store for Staples","Celebrations, gifting & creativity",0.0,0.0,,138,Gift Shop > Professional Gifts,Sports & Outdoors,Competitor dept: Sports & Outdoors,The Mossy Oak
E0234,ENTER,Amazing Grass,Walmart: Health and Medicine > Cleanses > Amazing Grass,Healthcare Supplies,Healthcare Supplies > Personal Care,Healthcare Supplies > Personal Care > Skin Care > Cleanser,0.648402456486858,1,Walmart,1,1,0,0.3333333333333333,0.2,0.8539211702559935,16.657664964951287,0.0,10.168391154392372,23.146938775510204,0.0,0.0,3.0,0.0,0,Healthcare Supplies > Personal Care > Skin Care > Cleanser,Walmart::Health and Medicine > Cleanses > Amazing Grass,0,,,,,OFF-BRAND,OFF-BRAND,OFF-BRAND,OFF-BRAND,0.41884540448445157,B,"Pass - real gap, wrong store for Staples","Health, safety & facilities",0.0,0.0,,139,Healthcare Supplies > Personal Care,Health and Medicine,Competitor dept: Health and Medicine,Amazing Grass
E0342,ENTER,Cremation Urns,Walmart: Home > Funeral > Cremation Urns,Party Supplies,Party Supplies > Wedding Supplies,Party Supplies > Wedding Supplies > Wedding Decorations & Supplies,0.5095592261739144,1,Walmart,1,1,0,0.0,0.2,0.7842340511986997,24.48382873538947,0.0,1.3268411442483263,47.64081632653061,0.0,0.0,1.0,0.0,0,Party Supplies > Wedding Supplies > Wedding Decorations & Supplies,Walmart::Home > Funeral > Cremation Urns,0,,,,,OFF-BRAND,OFF-BRAND,VERTICAL EXTENSION,OFF-BRAND,0.41793340412571334,C,"Pass - real gap, wrong store for Staples","Celebrations, gifting & creativity",0.0,0.0,,140,Party Supplies > Wedding Supplies,Home,Competitor dept: Home,Cremation Urns
E0211,ENTER,Visine,Walmart: Health and Medicine > Eye Care > Visine,Healthcare Supplies,Healthcare Supplies > Personal Care,Healthcare Supplies > Personal Care > Skin Care > Eye Cream,0.7052479293799832,1,Walmart,1,1,0,1.0,0.2,0.7842340511986997,24.482121119902615,0.0,16.214242239805234,32.75,0.0,0.0,1.0,0.0,0,Healthcare Supplies > Personal Care > Skin Care > Eye Cream,Walmart::Health and Medicine > Eye Care > Visine,0,,,,,OFF-BRAND,OFF-BRAND,OFF-BRAND,OFF-BRAND,0.41792828127925274,B,"Pass - real gap, wrong store for Staples","Health, safety & facilities",0.0,0.0,,141,Healthcare Supplies > Personal Care,Health and Medicine,Competitor dept: Health and Medicine,Visine
E0332,ENTER,Gender Reveal Baking,Walmart: Party & Occasions > Gender Reveal Party Supplies > Gender Reveal Baking,School Supplies,School Supplies > Preschool Supplies,School Supplies > Preschool Supplies > Pretend Play & Dress Up,0.6624040801637727,1,Walmart,1,1,0,1.0,0.2,0.7842340511986997,24.350762045536413,0.0,10.432136335970783,38.269387755102045,0.0,0.0,1.0,0.0,0,School Supplies > Preschool Supplies > Pretend Play & Dress Up,Walmart::Party & Occasions > Gender Reveal Party Supplies > Gender Reveal Baking,0,,,,,OFF-BRAND,OFF-BRAND,OFF-BRAND,OFF-BRAND,0.41753420405615416,B,"Pass - real gap, wrong store for Staples","Celebrations, gifting & creativity",0.0,0.0,,142,Party Supplies,Party & Occasions,Competitor dept: Party & Occasions,Gender Reveal Baking
E0320,ENTER,Appetite Suppressants,Walmart: Health and Medicine > Weight Loss > Appetite Suppressants,Healthcare Supplies,Healthcare Supplies > OTC Pharmaceuticals,Healthcare Supplies > OTC Pharmaceuticals > Medicine & Vitamins > Anti-Nausea & Digestive Aids,0.7336242192248796,1,Walmart,1,1,0,1.0,0.2,0.7842340511986997,24.332010498848163,0.0,21.27814972611077,27.38587127158556,0.0,0.0,1.0,0.0,0,Healthcare Supplies > OTC Pharmaceuticals > Medicine & Vitamins > Anti-Nausea & Digestive Aids,Walmart::Health and Medicine > Weight Loss > Appetite Suppressants,0,,,,,OFF-BRAND,OFF-BRAND,OFF-BRAND,OFF-BRAND,0.4174779494160894,B,"Pass - real gap, wrong store for Staples","Health, safety & facilities",0.0,0.0,,143,Healthcare Supplies > Patient Care,Health and Medicine,Competitor dept: Health and Medicine,Appetite Suppressants
E0301,ENTER,True Metrix,Walmart: Health and Medicine > Diabetes Care Brands > True Metrix,Healthcare Supplies,Healthcare Supplies > OTC Pharmaceuticals,Healthcare Supplies > OTC Pharmaceuticals > Medicine & Vitamins > Clinical Nutrition,0.6762340575552592,1,Walmart,1,1,0,1.0,0.2,0.7842340511986997,24.081956434430133,0.0,13.913572732805846,34.25034013605442,0.0,0.0,1.0,0.0,0,Healthcare Supplies > OTC Pharmaceuticals > Medicine & Vitamins > Clinical Nutrition,Walmart::Health and Medicine > Diabetes Care Brands > True Metrix,0,,,,,OFF-BRAND,OFF-BRAND,OFF-BRAND,OFF-BRAND,0.4167277872228353,B,"Pass - real gap, wrong store for Staples","Health, safety & facilities",0.0,0.0,,144,Healthcare Supplies > OTC Pharmaceuticals,Health and Medicine,Competitor dept: Health and Medicine,True Metrix
E0366,ENTER,Ocean,Walmart: Health and Medicine > Allergy Medicine > Ocean,Healthcare Supplies,Healthcare Supplies > OTC Pharmaceuticals,"Healthcare Supplies > OTC Pharmaceuticals > Medicine & Vitamins > Cough, Cold, Flu & Allergy",0.7610200137852753,1,Walmart,1,1,0,1.0,0.2,0.7842340511986997,23.924953109667484,0.0,28.11929397443701,19.73061224489796,0.0,0.0,1.0,0.0,0,"Healthcare Supplies > OTC Pharmaceuticals > Medicine & Vitamins > Cough, Cold, Flu & Allergy",Walmart::Health and Medicine > Allergy Medicine > Ocean,0,,,,,OFF-BRAND,OFF-BRAND,OFF-BRAND,OFF-BRAND,0.41625677724854737,B,"Pass - real gap, wrong store for Staples","Health, safety & facilities",0.0,0.0,,145,Healthcare Supplies > OTC Pharmaceuticals,Health and Medicine,Competitor dept: Health and Medicine,Ocean
E0405,ENTER,Superfeet,Walmart: Health and Medicine > Foot Care > Superfeet,Healthcare Supplies,Healthcare Supplies > Durable Medical Equipment,Healthcare Supplies > Durable Medical Equipment > Orthopedics > Ankle & Foot Supports,0.7129931798124702,1,Walmart,1,1,0,1.0,0.2,0.7842340511986997,23.889286645881732,0.0,8.44796104686549,39.33061224489797,0.0,0.0,1.0,0.0,0,Healthcare Supplies > Durable Medical Equipment > Orthopedics > Ankle & Foot Supports,Walmart::Health and Medicine > Foot Care > Superfeet,0,,,,,OFF-BRAND,OFF-BRAND,OFF-BRAND,OFF-BRAND,0.4161497778571901,B,"Pass - real gap, wrong store for Staples","Health, safety & facilities",0.0,0.0,,146,Healthcare Supplies > Durable Medical Equipment,Health and Medicine,Competitor dept: Health and Medicine,Superfeet
E0254,ENTER,MyONE Perfect Fit Condoms,Walmart: Health and Medicine > Sexual Wellness Top Brands > MyONE Perfect Fit Condoms,Healthcare Supplies,Healthcare Supplies > Patient Care,Healthcare Supplies > Patient Care > Practice Front Desk Supplies > Personal Care Kits,0.7304593884435934,1,Walmart,1,1,0,0.0,0.2,0.8539211702559935,15.622151768340558,0.0,8.94704808277541,22.297255453905706,0.0,0.0,3.0,0.0,0,Healthcare Supplies > Patient Care > Practice Front Desk Supplies > Personal Care Kits,Walmart::Health and Medicine > Sexual Wellness Top Brands > MyONE Perfect Fit Condoms,0,,,,,OFF-BRAND,OFF-BRAND,OFF-BRAND,OFF-BRAND,0.41573886489461936,B,"Pass - real gap, wrong store for Staples","Health, safety & facilities",0.0,0.0,,147,Healthcare Supplies > OTC Pharmaceuticals,Health and Medicine,Competitor dept: Health and Medicine,MyONE Perfect Fit Condoms
E0135,ENTER,ZEISS,Walmart: Health and Medicine > Eye Care > ZEISS,Healthcare Supplies,Healthcare Supplies > Personal Care,Healthcare Supplies > Personal Care > Skin Care,0.6742110171558433,1,Walmart,1,1,0,0.0,0.2,0.7842340511986997,23.684799147900183,0.0,14.619598295800367,32.75,0.0,0.0,1.0,0.0,0,Healthcare Supplies > Personal Care > Skin Care,Walmart::Health and Medicine > Eye Care > ZEISS,0,,,,,OFF-BRAND,OFF-BRAND,OFF-BRAND,OFF-BRAND,0.4155363153632455,B,"Pass - real gap, wrong store for Staples","Health, safety & facilities",0.0,0.0,,148,Healthcare Supplies > Personal Care,Health and Medicine,Competitor dept: Health and Medicine,ZEISS
E0119,ENTER,Alcon,Walmart: Health and Medicine > Eye Care > Alcon,Healthcare Supplies,Healthcare Supplies > OTC Pharmaceuticals,Healthcare Supplies > OTC Pharmaceuticals > Medicine & Vitamins > Ear Drops & Eye Drops,0.6750050149339348,1,Walmart,1,1,0,1.0,0.2,0.7842340511986997,23.652274802191116,0.0,15.179549604382228,32.125,0.0,0.0,1.0,0.0,0,Healthcare Supplies > OTC Pharmaceuticals > Medicine & Vitamins > Ear Drops & Eye Drops,Walmart::Health and Medicine > Eye Care > Alcon,0,,,,,OFF-BRAND,OFF-BRAND,OFF-BRAND,OFF-BRAND,0.41543874232611827,B,"Pass - real gap, wrong store for Staples","Health, safety & facilities",0.0,0.0,,149,Healthcare Supplies > OTC Pharmaceuticals,Health and Medicine,Competitor dept: Health and Medicine,Alcon
E0290,ENTER,Viagra,Walmart: Health and Medicine > Sexual Wellness Top Brands > Viagra,Healthcare Supplies,Healthcare Supplies > OTC Pharmaceuticals,Healthcare Supplies > OTC Pharmaceuticals > Medicine & Vitamins,0.7400186712168759,1,Walmart,1,1,0,1.0,0.2,0.7842340511986997,23.34088588569938,0.0,24.11442483262325,22.56734693877551,0.0,0.0,1.0,0.0,0,Healthcare Supplies > OTC Pharmaceuticals > Medicine & Vitamins,Walmart::Health and Medicine > Sexual Wellness Top Brands > Viagra,0,,,,,OFF-BRAND,OFF-BRAND,OFF-BRAND,OFF-BRAND,0.41450457557664305,B,"Pass - real gap, wrong store for Staples","Health, safety & facilities",0.0,0.0,,150,Healthcare Supplies > OTC Pharmaceuticals,Health and Medicine,Competitor dept: Health and Medicine,Viagra
E0005,ENTER,Fly Swatter,Walmart: Household Essentials > Pest Control > Fly Swatter | Walmart: Household Essentials > Pest Control > Bug Zappers Swatters,Cleaning Supplies,Cleaning Supplies > Pest Control,Cleaning Supplies > Pest Control,0.8460808888179767,1,Walmart,2,1,0,1.0,0.2,0.7842340511986997,32.47927757834722,6.281359236618616,3.554473524041388,61.40408163265306,12.562718473237233,0.0,2.0,0.0,0,Cleaning Supplies > Pest Control,Walmart::Household Essentials > Pest Control > Fly Swatter,0,,,,,OFF-BRAND,OFF-BRAND,CURATE,OFF-BRAND,0.41416118357840276,C,"Pass - real gap, wrong store for Staples","Health, safety & facilities",0.0,0.0,,151,Cleaning Supplies > Pest Control,Household Essentials,Competitor dept: Household Essentials,Fly Swatter
E0163,ENTER,FreeStyle,Walmart: Health and Medicine > Diabetes Care Brands > FreeStyle,Healthcare Supplies,Healthcare Supplies > OTC Pharmaceuticals,Healthcare Supplies > OTC Pharmaceuticals > Medicine & Vitamins > Clinical Nutrition,0.6632525831192111,1,Walmart,1,1,0,0.0,0.2,0.7842340511986997,23.047263799007126,0.0,11.84418746195983,34.25034013605442,0.0,0.0,1.0,0.0,0,Healthcare Supplies > OTC Pharmaceuticals > Medicine & Vitamins > Clinical Nutrition,Walmart::Health and Medicine > Diabetes Care Brands > FreeStyle,0,,,,,OFF-BRAND,OFF-BRAND,OFF-BRAND,OFF-BRAND,0.4136237093165663,B,"Pass - real gap, wrong store for Staples","Health, safety & facilities",0.0,0.0,,152,Healthcare Supplies > OTC Pharmaceuticals,Health and Medicine,Competitor dept: Health and Medicine,FreeStyle
E0088,ENTER,Jurassic World Camp Cretaceous,Walmart: Seasonal > Jurassic World > Jurassic World Camp Cretaceous | Walmart: Seasonal > Jurassic World > Jurassic World Merchandise,Furniture,Furniture > Decor,Furniture > Decor > Wall Art > Nature Landscape Art,0.5245556820025398,1,Walmart,2,1,0,0.5,0.2,0.7842340511986997,23.53554887566713,0.4663584177153852,2.23980523432745,44.8312925170068,0.0,0.9327168354307704,2.0,0.0,0,Restaurant & Foodservice Supplies > Commercial Restaurant Equipment > Food Display & Merchandising,Walmart::Seasonal > Jurassic World > Jurassic World Camp Cretaceous,0,,,,,OFF-BRAND,OFF-BRAND,VERTICAL EXTENSION,OFF-BRAND,0.4131527640848095,C,"Pass - real gap, wrong store for Staples",Home décor & furnishings,0.0,0.0,,153,Furniture > Decor,Seasonal,Competitor dept: Seasonal,Jurassic World Camp Cretaceous
E0046,ENTER,Trolls Party,Walmart: Seasonal > Dreamworks Trolls > Trolls Books | Walmart: Seasonal > Dreamworks Trolls > Trolls Movies | Walmart: Seasonal > Dreamworks Trolls > Trolls Party,School Supplies,School Supplies > Learning at Home,School Supplies > Learning at Home > Pretend Play > Stuffed Animals & Puppets,0.4882567984360565,1,Walmart,3,1,0,1.0,0.2,0.7842340511986997,23.45056371909689,0.4423255274149885,0.8439845810509231,46.05714285714286,0.0,0.884651054829977,3.0,0.0,0,Party Supplies > Party Favors & Costumes > Party Hats,Walmart::Seasonal > Dreamworks Trolls > Trolls Party,0,,,,,OFF-BRAND,OFF-BRAND,VERTICAL EXTENSION,OFF-BRAND,0.4129986941275918,C,"Pass - real gap, wrong store for Staples","Celebrations, gifting & creativity",0.0,0.0,,154,Furniture > Decor,Seasonal,Competitor dept: Seasonal,Trolls Party
E0238,ENTER,Festival Outfits,Walmart: Party & Occasions > Halloween Costumes > Festival Outfits,Party Supplies,Party Supplies > Party Favors & Costumes,Party Supplies > Party Favors & Costumes > Costumes & Accessories,0.8417242052582198,1,Walmart,1,1,0,1.0,0.2,0.7842340511986997,30.66855254102488,5.401561446459788,26.828971393791846,34.508133688257914,10.803122892919577,0.0,1.0,0.0,0,Party Supplies > Party Favors & Costumes > Costumes & Accessories,Walmart::Party & Occasions > Halloween Costumes > Festival Outfits,0,,,,,OFF-BRAND,OFF-BRAND,OFF-BRAND,OFF-BRAND,0.4129104309435223,B,"Pass - real gap, wrong store for Staples","Celebrations, gifting & creativity",0.0,0.0,,155,Party Supplies > Party Favors & Costumes,Party & Occasions,Competitor dept: Party & Occasions,Festival Outfits
E0096,ENTER,Diatomaceous Earth,Walmart: Household Essentials > Pest Control > Diatomaceous Earth,Cleaning Supplies,Cleaning Supplies > Pest Control,Cleaning Supplies > Pest Control,0.835845818108921,1,Walmart,1,1,0,0.0,0.2,0.7842340511986997,37.45797508291204,9.659410049622794,13.511868533171029,61.40408163265306,19.31882009924559,0.0,1.0,0.0,0,Cleaning Supplies > Pest Control,Walmart::Household Essentials > Pest Control > Diatomaceous Earth,1,,,,,OFF-BRAND,OFF-BRAND,CURATE,OFF-BRAND,0.41272626394099515,C,"Pass - real gap, wrong store for Staples","Health, safety & facilities",0.0,0.0,,156,Cleaning Supplies > Pest Control,Household Essentials,Competitor dept: Household Essentials,Diatomaceous Earth
E0047,ENTER,Cetirizine,Walmart: Health and Medicine > Allergy Medicine > Cetirizine | Walmart: Health and Medicine > Allergy Medicine > Equate Cetirizine,Healthcare Supplies,Healthcare Supplies > OTC Pharmaceuticals,"Healthcare Supplies > OTC Pharmaceuticals > Medicine & Vitamins > Cough, Cold, Flu & Allergy",0.7829347597685609,1,Walmart,2,1,0,1.0,0.2,0.7842340511986997,22.70766765622865,0.0,25.684723067559347,19.73061224489796,0.0,0.0,2.0,0.0,0,"Healthcare Supplies > OTC Pharmaceuticals > Medicine & Vitamins > Cough, Cold, Flu & Allergy",Walmart::Health and Medicine > Allergy Medicine > Cetirizine,0,,,,,OFF-BRAND,OFF-BRAND,OFF-BRAND,OFF-BRAND,0.41260492088823086,B,"Pass - real gap, wrong store for Staples","Health, safety & facilities",0.0,0.0,,157,Healthcare Supplies > OTC Pharmaceuticals,Health and Medicine,Competitor dept: Health and Medicine,Cetirizine
E0228,ENTER,Vega,Walmart: Health and Medicine > Protein > Vega,Healthcare Supplies,Healthcare Supplies > OTC Pharmaceuticals,Healthcare Supplies > OTC Pharmaceuticals > Medicine & Vitamins > Vitamins & Supplements,0.6171961008937988,1,Walmart,1,1,0,1.0,0.2,0.8539211702559935,15.605581295208282,0.748212205780391,1.562182998579834,29.64897959183673,0.0,1.496424411560782,3.0,0.0,0,Healthcare Supplies > OTC Pharmaceuticals > Medicine & Vitamins > Vitamins & Supplements,Walmart::Health and Medicine > Protein > Vega,0,,,,,OFF-BRAND,OFF-BRAND,OFF-BRAND,OFF-BRAND,0.41257891649081574,B,"Pass - real gap, wrong store for Staples","Health, safety & facilities",0.0,0.0,,158,Healthcare Supplies > OTC Pharmaceuticals,Health and Medicine,Competitor dept: Health and Medicine,Vega
E0023,ENTER,Zyrtec,Walmart: Health and Medicine > Allergy Medicine > Zyrtec | Walmart: Health and Medicine > Allergy Medicine > Zyrtec Children,Healthcare Supplies,Healthcare Supplies > OTC Pharmaceuticals,"Healthcare Supplies > OTC Pharmaceuticals > Medicine & Vitamins > Cough, Cold, Flu & Allergy",0.825392003633649,1,Walmart,2,1,0,1.0,0.2,0.7842340511986997,27.68027873352628,3.5016501105706626,35.629945222154596,19.73061224489796,7.003300221141325,0.0,2.0,0.0,0,"Healthcare Supplies > OTC Pharmaceuticals > Medicine & Vitamins > Cough, Cold, Flu & Allergy",Walmart::Health and Medicine > Allergy Medicine > Zyrtec,0,,,,,OFF-BRAND,OFF-BRAND,OFF-BRAND,OFF-BRAND,0.4125524031277617,B,"Pass - real gap, wrong store for Staples","Health, safety & facilities",0.0,0.0,,159,Healthcare Supplies > OTC Pharmaceuticals,Health and Medicine,Competitor dept: Health and Medicine,Zyrtec
E0236,ENTER,Lotrimin,Walmart: Health and Medicine > Foot Care > Lotrimin,Healthcare Supplies,Healthcare Supplies > Personal Care,Healthcare Supplies > Personal Care > Skin Care > Skin Care Treatment,0.6408048370187376,1,Walmart,1,1,0,1.0,0.2,0.8230394148720033,18.15586230079372,0.0,0.9068776628119296,35.40484693877551,0.0,0.0,2.0,0.0,0,Healthcare Supplies > Personal Care > Skin Care > Skin Care Treatment,Walmart::Health and Medicine > Foot Care > Lotrimin,0,,,,,OFF-BRAND,OFF-BRAND,OFF-BRAND,OFF-BRAND,0.41253138210758233,B,"Pass - real gap, wrong store for Staples","Health, safety & facilities",0.0,0.0,,160,Healthcare Supplies > Personal Care,Health and Medicine,Competitor dept: Health and Medicine,Lotrimin
E0357,ENTER,South Beach Diet,Walmart: Health and Medicine > Weight Loss > South Beach Diet,Healthcare Supplies,Healthcare Supplies > Patient Care,Healthcare Supplies > Patient Care > Diagnostic & Exam Instruments > Health & Body Weight Scales,0.7600056704790823,1,Walmart,1,1,0,1.0,0.2,0.7842340511986997,22.676502282171356,0.0,17.967133292757154,27.38587127158556,0.0,0.0,1.0,0.0,0,Healthcare Supplies > Patient Care > Diagnostic & Exam Instruments > Health & Body Weight Scales,Walmart::Health and Medicine > Weight Loss > South Beach Diet,0,,,,,OFF-BRAND,OFF-BRAND,OFF-BRAND,OFF-BRAND,0.41251142476605895,B,"Pass - real gap, wrong store for Staples","Health, safety & facilities",0.0,0.0,,161,Healthcare Supplies > Patient Care,Health and Medicine,Competitor dept: Health and Medicine,South Beach Diet
E0190,ENTER,Doc Johnson Lube,Walmart: Health and Medicine > Sexual Wellness Top Brands > Doc Johnson Lube | Walmart: Health and Medicine > Sexual Wellness Top Brands > Doc Johnson,Healthcare Supplies,Healthcare Supplies > Personal Dental Care,Healthcare Supplies > Personal Dental Care,0.6946684110974406,1,Walmart,2,1,0,1.0,0.2,0.7842340511986997,22.500958922826587,0.0,22.434570906877664,22.56734693877551,0.0,0.0,2.0,0.0,0,Healthcare Supplies > OTC Pharmaceuticals > Hot & Cold Therapy,Walmart::Health and Medicine > Sexual Wellness Top Brands > Doc Johnson Lube,0,,,,,OFF-BRAND,OFF-BRAND,OFF-BRAND,OFF-BRAND,0.4119847946880247,B,"Pass - real gap, wrong store for Staples","Health, safety & facilities",0.0,0.0,,162,Healthcare Supplies > OTC Pharmaceuticals,Health and Medicine,Competitor dept: Health and Medicine,Doc Johnson Lube
E0038,ENTER,Harry Potter Books,Walmart: Seasonal > Harry Potter > Harry Potter Children & Adult Costumes | Walmart: Seasonal > Harry Potter > Harry Potter Home & Bedding | Walmart: Seasonal > Harry Potter > Harry Potter Dolls | Walmart: Seasonal > Harry Potter > Harry Potter Books | Walmart: Seasonal > Harry Potter > Harry Potter Movies,School Supplies,School Supplies > Teacher Supplies,Arts & Crafts > Coloring Books,0.542837923950543,1,Walmart,5,1,0,1.0,0.2,0.7842340511986997,24.99115853279839,1.7939083992122509,1.8843578819233109,48.097959183673474,0.0,3.5878167984245017,5.0,0.0,0,School Supplies > Learning at Home > Pretend Play > Dolls & Dollhouses,Walmart::Seasonal > Harry Potter > Harry Potter Books,0,,,,,OFF-BRAND,OFF-BRAND,VERTICAL EXTENSION,OFF-BRAND,0.411930747982673,C,"Pass - real gap, wrong store for Staples",Home décor & furnishings,0.0,0.0,,163,Furniture > Decor,Seasonal,Competitor dept: Seasonal,Harry Potter Books
E0076,ENTER,Loratadine,Walmart: Health and Medicine > Allergy Medicine > Loratadine | Walmart: Health and Medicine > Allergy Medicine > Equate Loratadine,Healthcare Supplies,Healthcare Supplies > OTC Pharmaceuticals,"Healthcare Supplies > OTC Pharmaceuticals > Medicine & Vitamins > Cough, Cold, Flu & Allergy",0.7920401233785073,1,Walmart,2,1,0,1.0,0.2,0.7842340511986997,23.389347510154398,0.6589454845086021,27.048082775410833,19.73061224489796,1.3178909690172043,0.0,2.0,0.0,0,Healthcare Supplies > OTC Pharmaceuticals > Medicine & Vitamins,Walmart::Health and Medicine > Allergy Medicine > Loratadine,0,,,,,OFF-BRAND,OFF-BRAND,OFF-BRAND,OFF-BRAND,0.4119176432591061,B,"Pass - real gap, wrong store for Staples","Health, safety & facilities",0.0,0.0,,164,Healthcare Supplies > OTC Pharmaceuticals,Health and Medicine,Competitor dept: Health and Medicine,Loratadine
E0059,ENTER,Sloth Cards,Walmart: Party & Occasions > Sloth Party Supplies > Sloth Cards | Walmart: Party & Occasions > Sloth Party Supplies > Sloth Decorative Baking,Party Supplies,Party Supplies > Party Favors & Costumes,Party Supplies > Party Favors & Costumes,0.6190593108472968,1,Walmart,2,1,0,1.0,0.2,0.7842340511986997,31.221814252176827,6.044298814546928,7.455873402312843,54.987755102040815,0.0,12.088597629093856,2.0,0.0,0,Gift Shop > Greeting Cards,Walmart::Party & Occasions > Sloth Party Supplies > Sloth Cards,0,,,,,OFF-BRAND,OFF-BRAND,VERTICAL EXTENSION,OFF-BRAND,0.4116644249487627,C,"Pass - real gap, wrong store for Staples","Celebrations, gifting & creativity",0.0,0.0,,165,Party Supplies,Party & Occasions,Competitor dept: Party & Occasions,Sloth Cards
E0014,ENTER,Fuel Your Workout,Walmart: Health and Medicine > Protein > Fuel Your Workout | Walmart: Health and Medicine > Protein > G Fuel,Healthcare Supplies,Healthcare Supplies > Patient Care,Healthcare Supplies > Patient Care > Feeding Tubes & Nutrients,0.664722435337386,1,Walmart,2,1,0,0.5,0.2,0.7842340511986997,22.2836754469863,0.0,10.389531345100426,34.17781954887218,0.0,0.0,2.0,0.0,0,Healthcare Supplies > Patient Care > Diagnostic & Exam Instruments > Health & Body Weight Scales,Walmart::Health and Medicine > Protein > Fuel Your Workout,0,,,,,OFF-BRAND,OFF-BRAND,OFF-BRAND,OFF-BRAND,0.4113329442605038,B,"Pass - real gap, wrong store for Staples","Health, safety & facilities",0.0,0.0,,166,Healthcare Supplies > OTC Pharmaceuticals,Health and Medicine,Competitor dept: Health and Medicine,Fuel Your Workout
E0077,ENTER,Carports,Wayfair: Outdoor > Outdoor Shades > Carports | Wayfair: Organization > Garage & Outdoor Storage & Organization > Carports,Gift Shop,Gift Shop > Professional Gifts,Gift Shop > Professional Gifts > Compasses > Patio Furniture,0.6978455980265542,2,"Walmart, Wayfair",2,1,0,0.5,0.4,0.4346751932182869,39.50565954927315,0.0,27.85757760194766,51.15374149659864,0.0,0.0,2.0,0.0,0,Furniture > Lamps & Lighting > Outdoor Lighting,Wayfair::Outdoor > Outdoor Shades > Carports,1,,,,,OFF-BRAND,OFF-BRAND,VERTICAL EXTENSION,OFF-BRAND,0.41065329627421976,B,"Pass - real gap, wrong store for Staples","Celebrations, gifting & creativity",0.0,0.0,,167,Gift Shop > Professional Gifts,Outdoor,Competitor dept: Outdoor,Carports
E0159,ENTER,Winnie the Pooh Decorative Baking,Walmart: Party & Occasions > Winnie the Pooh Party Supplies > Winnie the Pooh Decorative Baking | Walmart: Party & Occasions > Winnie the Pooh Party Supplies > Winnie the Pooh Cards,Party Supplies,Party Supplies > Party Favors & Costumes,Party Supplies > Party Favors & Costumes,0.6134759795967548,1,Walmart,2,1,0,1.0,0.2,0.7842340511986997,24.855175326369135,2.1147943658061266,7.90626902008521,41.804081632653066,0.0,4.229588731612253,2.0,0.0,0,Gift Shop > Greeting Cards,Walmart::Party & Occasions > Winnie the Pooh Party Supplies > Winnie the Pooh Decorative Baking,0,,,,,OFF-BRAND,OFF-BRAND,VERTICAL EXTENSION,OFF-BRAND,0.41018545216502905,C,"Pass - real gap, wrong store for Staples","Celebrations, gifting & creativity",0.0,0.0,,168,Party Supplies,Party & Occasions,Competitor dept: Party & Occasions,Winnie the Pooh Decorative Baking
E0090,ENTER,Lumberjack Cards,Walmart: Party & Occasions > Lumberjack Party Supplies > Lumberjack Cards | Walmart: Party & Occasions > Lumberjack Party Supplies > Lumberjack Pinatas,Party Supplies,Party Supplies > Party Favors & Costumes,Party Supplies > Party Favors & Costumes > Party Hats,0.6328983179426645,1,Walmart,2,1,0,1.0,0.2,0.7842340511986997,26.216167538226493,3.195327086939346,4.881314668289715,47.55102040816327,0.0,6.390654173878692,2.0,0.0,0,Gift Shop > Greeting Cards,Walmart::Party & Occasions > Lumberjack Party Supplies > Lumberjack Cards,0,,,,,OFF-BRAND,OFF-BRAND,VERTICAL EXTENSION,OFF-BRAND,0.40961001959381393,C,"Pass - real gap, wrong store for Staples","Celebrations, gifting & creativity",0.0,0.0,,169,Party Supplies,Party & Occasions,Competitor dept: Party & Occasions,Lumberjack Cards
E0161,ENTER,Flonase Sensimist,Walmart: Health and Medicine > Allergy Medicine > Flonase Sensimist | Walmart: Health and Medicine > Allergy Medicine > Flonase,Healthcare Supplies,Healthcare Supplies > OTC Pharmaceuticals,"Healthcare Supplies > OTC Pharmaceuticals > Medicine & Vitamins > Cough, Cold, Flu & Allergy",0.7863296114973647,1,Walmart,2,1,0,1.0,0.2,0.7842340511986997,21.523857552759388,0.0,23.31710286062082,19.73061224489796,0.0,0.0,2.0,0.0,0,"Healthcare Supplies > OTC Pharmaceuticals > Medicine & Vitamins > Cough, Cold, Flu & Allergy",Walmart::Health and Medicine > Allergy Medicine > Flonase Sensimist,0,,,,,OFF-BRAND,OFF-BRAND,OFF-BRAND,OFF-BRAND,0.4090534905778231,B,"Pass - real gap, wrong store for Staples","Health, safety & facilities",0.0,0.0,,170,Healthcare Supplies > OTC Pharmaceuticals,Health and Medicine,Competitor dept: Health and Medicine,Flonase Sensimist
E0317,ENTER,Nitric Oxide,Walmart: Health and Medicine > Protein > Nitric Oxide,Healthcare Supplies,Healthcare Supplies > OTC Pharmaceuticals,Healthcare Supplies > OTC Pharmaceuticals > Medicine & Vitamins > Vitamins & Supplements,0.643850230078717,1,Walmart,1,1,0,1.0,0.2,0.7842340511986997,21.488095314366255,0.0,8.995739500912963,33.98045112781955,0.0,0.0,1.0,0.0,0,Healthcare Supplies > Wound Care > Antiseptics & Antibiotics > Hydrogen Peroxide,Walmart::Health and Medicine > Protein > Nitric Oxide,0,,,,,OFF-BRAND,OFF-BRAND,OFF-BRAND,OFF-BRAND,0.4089462038626437,B,"Pass - real gap, wrong store for Staples","Health, safety & facilities",0.0,0.0,,171,Healthcare Supplies > OTC Pharmaceuticals,Health and Medicine,Competitor dept: Health and Medicine,Nitric Oxide
E0318,ENTER,Pink B.O.B,Walmart: Health and Medicine > Sexual Wellness Top Brands > Pink B.O.B,Healthcare Supplies,Healthcare Supplies > Patient Care,Healthcare Supplies > Patient Care > Diagnostic & Exam Instruments > Health & Body Weight Scales,0.6865046220631252,1,Walmart,1,1,0,1.0,0.2,0.7842340511986997,21.326278460258116,0.0,20.08520998174072,22.56734693877551,0.0,0.0,1.0,0.0,0,Healthcare Supplies > Patient Care > Diagnostic & Exam Instruments > Health & Body Weight Scales,Walmart::Health and Medicine > Sexual Wellness Top Brands > Pink B.O.B,0,,,,,OFF-BRAND,OFF-BRAND,OFF-BRAND,OFF-BRAND,0.4084607533003193,B,"Pass - real gap, wrong store for Staples","Health, safety & facilities",0.0,0.0,,172,Healthcare Supplies > OTC Pharmaceuticals,Health and Medicine,Competitor dept: Health and Medicine,Pink B.O.B
E0078,ENTER,Arginine Capsules,Walmart: Health and Medicine > Protein > Arginine Capsules | Walmart: Health and Medicine > Protein > Arginine,Healthcare Supplies,Healthcare Supplies > OTC Pharmaceuticals,Healthcare Supplies > OTC Pharmaceuticals > Medicine & Vitamins > Vitamins & Supplements,0.7065622371959888,1,Walmart,2,1,0,1.0,0.2,0.7842340511986997,21.14790607452899,0.0,8.216676810712112,34.079135338345864,0.0,0.0,2.0,0.0,0,Healthcare Supplies > OTC Pharmaceuticals > Medicine & Vitamins > Vitamins & Supplements,Walmart::Health and Medicine > Protein > Arginine Capsules,0,,,,,OFF-BRAND,OFF-BRAND,OFF-BRAND,OFF-BRAND,0.4079256361431319,B,"Pass - real gap, wrong store for Staples","Health, safety & facilities",0.0,0.0,,173,Healthcare Supplies > OTC Pharmaceuticals,Health and Medicine,Competitor dept: Health and Medicine,Arginine Capsules
E0039,ENTER,Rabbit Vibe,Walmart: Health and Medicine > Sexual Wellness Top Brands > Rabbit Vibe | Walmart: Health and Medicine > Sexual Wellness Top Brands > We-Vibe,Healthcare Supplies,Healthcare Supplies > Patient Care,Healthcare Supplies > Patient Care > Practice Front Desk Supplies > Medical Take Home Bags,0.6973379968921994,1,Walmart,2,1,0,1.0,0.2,0.7842340511986997,21.04021637869999,0.0,19.51308581862447,22.56734693877551,0.0,0.0,2.0,0.0,0,"Expanded Assortment > Pet Supplies & Accessories > Bird Supplies > Bird Food, Treats and Healthcare",Walmart::Health and Medicine > Sexual Wellness Top Brands > Rabbit Vibe,0,,,,,OFF-BRAND,OFF-BRAND,OFF-BRAND,OFF-BRAND,0.4076025670556449,B,"Pass - real gap, wrong store for Staples","Health, safety & facilities",0.0,0.0,,174,Healthcare Supplies > OTC Pharmaceuticals,Health and Medicine,Competitor dept: Health and Medicine,Rabbit Vibe
E0188,ENTER,Pseudoephedrine,Walmart: Health and Medicine > Allergy Medicine > Pseudoephedrine | Walmart: Health and Medicine > Allergy Medicine > Equate Pseudoephedrine,Healthcare Supplies,Healthcare Supplies > OTC Pharmaceuticals,"Healthcare Supplies > OTC Pharmaceuticals > Medicine & Vitamins > Cough, Cold, Flu & Allergy",0.819672940667596,1,Walmart,2,1,0,1.0,0.2,0.7842340511986997,25.568288471809904,3.231410753289494,31.405964698721853,19.73061224489796,6.462821506578988,0.0,2.0,0.0,0,"Healthcare Supplies > OTC Pharmaceuticals > Medicine & Vitamins > Cough, Cold, Flu & Allergy",Walmart::Health and Medicine > Allergy Medicine > Pseudoephedrine,0,,,,,OFF-BRAND,OFF-BRAND,OFF-BRAND,OFF-BRAND,0.4075765083268541,B,"Pass - real gap, wrong store for Staples","Health, safety & facilities",0.0,0.0,,175,Healthcare Supplies > OTC Pharmaceuticals,Health and Medicine,Competitor dept: Health and Medicine,Pseudoephedrine
E0404,ENTER,Fexofenadine,Walmart: Health and Medicine > Allergy Medicine > Fexofenadine,Healthcare Supplies,Healthcare Supplies > OTC Pharmaceuticals,Healthcare Supplies > OTC Pharmaceuticals > Medicine & Vitamins,0.7632476107205427,1,Walmart,1,1,0,1.0,0.2,0.7842340511986997,21.02172730321587,0.0,22.312842361533782,19.73061224489796,0.0,0.0,1.0,0.0,0,Healthcare Supplies > OTC Pharmaceuticals > Medicine & Vitamins,Walmart::Health and Medicine > Allergy Medicine > Fexofenadine,0,,,,,OFF-BRAND,OFF-BRAND,OFF-BRAND,OFF-BRAND,0.4075470998291925,B,"Pass - real gap, wrong store for Staples","Health, safety & facilities",0.0,0.0,,176,Healthcare Supplies > OTC Pharmaceuticals,Health and Medicine,Competitor dept: Health and Medicine,Fexofenadine
E0217,ENTER,Bausch and Lomb,Walmart: Health and Medicine > Eye Care > Bausch and Lomb,Healthcare Supplies,Healthcare Supplies > Personal Care,Healthcare Supplies > Personal Care > Skin Care > Eye Cream,0.6990007883843543,1,Walmart,1,1,0,0.0,0.2,0.8230394148720033,16.36855555576111,0.0,0.2738892270237371,32.46322188449848,0.0,0.0,2.0,0.0,0,Healthcare Supplies > Personal Care > Skin Care > Eye Cream,Walmart::Health and Medicine > Eye Care > Bausch and Lomb,0,,,,,OFF-BRAND,OFF-BRAND,OFF-BRAND,OFF-BRAND,0.4071694618724845,B,"Pass - real gap, wrong store for Staples","Health, safety & facilities",0.0,0.0,,177,Healthcare Supplies > Personal Care,Health and Medicine,Competitor dept: Health and Medicine,Bausch and Lomb
E0400,ENTER,Sunwarrior,Walmart: Health and Medicine > Protein > Sunwarrior,Healthcare Supplies,Healthcare Supplies > OTC Pharmaceuticals,Healthcare Supplies > OTC Pharmaceuticals > Medicine & Vitamins > Clinical Nutrition,0.6665888810052274,1,Walmart,1,1,0,0.0,0.2,0.7842340511986997,20.77728469835575,0.0,7.376749847839319,34.17781954887218,0.0,0.0,1.0,0.0,0,Healthcare Supplies > OTC Pharmaceuticals > Medicine & Vitamins > Clinical Nutrition,Walmart::Health and Medicine > Protein > Sunwarrior,0,,,,,OFF-BRAND,OFF-BRAND,OFF-BRAND,OFF-BRAND,0.40681377201461216,B,"Pass - real gap, wrong store for Staples","Health, safety & facilities",0.0,0.0,,178,Healthcare Supplies > OTC Pharmaceuticals,Health and Medicine,Competitor dept: Health and Medicine,Sunwarrior
E0235,ENTER,Truvani,Walmart: Health and Medicine > Protein > Truvani,Healthcare Supplies,Healthcare Supplies > OTC Pharmaceuticals,Healthcare Supplies > OTC Pharmaceuticals > Medicine & Vitamins > Clinical Nutrition,0.6665888810052274,1,Walmart,1,1,0,0.0,0.2,0.7842340511986997,20.740766134752583,0.0,7.303712720632989,34.17781954887218,0.0,0.0,1.0,0.0,0,Healthcare Supplies > OTC Pharmaceuticals > Medicine & Vitamins > Clinical Nutrition,Walmart::Health and Medicine > Protein > Truvani,0,,,,,OFF-BRAND,OFF-BRAND,OFF-BRAND,OFF-BRAND,0.40670421632380266,B,"Pass - real gap, wrong store for Staples","Health, safety & facilities",0.0,0.0,,179,Healthcare Supplies > OTC Pharmaceuticals,Health and Medicine,Competitor dept: Health and Medicine,Truvani
E0398,ENTER,Zoneperfect,Walmart: Health and Medicine > Protein > Zoneperfect,Healthcare Supplies,Healthcare Supplies > OTC Pharmaceuticals,Healthcare Supplies > OTC Pharmaceuticals > Medicine & Vitamins > Clinical Nutrition,0.6665888810052274,1,Walmart,1,1,0,0.0,0.2,0.7842340511986997,20.740766134752583,0.0,7.303712720632989,34.17781954887218,0.0,0.0,1.0,0.0,0,Healthcare Supplies > OTC Pharmaceuticals > Medicine & Vitamins > Clinical Nutrition,Walmart::Health and Medicine > Protein > Zoneperfect,0,,,,,OFF-BRAND,OFF-BRAND,OFF-BRAND,OFF-BRAND,0.40670421632380266,B,"Pass - real gap, wrong store for Staples","Health, safety & facilities",0.0,0.0,,180,Healthcare Supplies > OTC Pharmaceuticals,Health and Medicine,Competitor dept: Health and Medicine,Zoneperfect
E0304,ENTER,Kiss My Keto,Walmart: Health and Medicine > Weight Loss > Kiss My Keto,Healthcare Supplies,Healthcare Supplies > Patient Care,Healthcare Supplies > Patient Care > Diagnostic & Exam Instruments > Health & Body Weight Scales,0.7312092892194494,1,Walmart,1,1,0,1.0,0.2,0.7842340511986997,20.114116402682615,0.0,12.842361533779671,27.38587127158556,0.0,0.0,1.0,0.0,0,Healthcare Supplies > Patient Care > Diagnostic & Exam Instruments > Health & Body Weight Scales,Walmart::Health and Medicine > Weight Loss > Kiss My Keto,0,,,,,OFF-BRAND,OFF-BRAND,OFF-BRAND,OFF-BRAND,0.40482426712759273,B,"Pass - real gap, wrong store for Staples","Health, safety & facilities",0.0,0.0,,181,Healthcare Supplies > Patient Care,Health and Medicine,Competitor dept: Health and Medicine,Kiss My Keto
E0233,ENTER,Bsn,Walmart: Health and Medicine > Protein > Bsn,Healthcare Supplies,Healthcare Supplies > OTC Pharmaceuticals,Healthcare Supplies > OTC Pharmaceuticals > Medicine & Vitamins > Clinical Nutrition,0.6443329501859603,1,Walmart,1,1,0,0.5,0.2,0.8230394148720033,15.56330451130201,0.0,0.578210590383445,30.548398432220573,0.0,0.0,2.0,0.0,0,Healthcare Supplies > OTC Pharmaceuticals > Medicine & Vitamins > Clinical Nutrition,Walmart::Health and Medicine > Protein > Bsn,0,,,,,OFF-BRAND,OFF-BRAND,OFF-BRAND,OFF-BRAND,0.40475370873910715,B,"Pass - real gap, wrong store for Staples","Health, safety & facilities",0.0,0.0,,182,Healthcare Supplies > OTC Pharmaceuticals,Health and Medicine,Competitor dept: Health and Medicine,Bsn
E0305,ENTER,Nutrisystem,Walmart: Health and Medicine > Weight Loss > Nutrisystem,Healthcare Supplies,Healthcare Supplies > Patient Care,Healthcare Supplies > Patient Care > Diagnostic & Exam Instruments > Health & Body Weight Scales,0.6421139488631937,1,Walmart,1,1,0,1.0,0.2,0.8827712312068265,13.648030606034258,3.694695072327185,0.6877662811929398,26.608294930875577,0.0,7.38939014465437,4.0,0.0,0,Healthcare Supplies > Patient Care > Diagnostic & Exam Instruments > Health & Body Weight Scales,Walmart::Health and Medicine > Weight Loss > Nutrisystem,0,,,,,OFF-BRAND,OFF-BRAND,OFF-BRAND,OFF-BRAND,0.4043994800342883,B,"Pass - real gap, wrong store for Staples","Health, safety & facilities",0.0,0.0,,183,Healthcare Supplies > Patient Care,Health and Medicine,Competitor dept: Health and Medicine,Nutrisystem
E0272,ENTER,Mass Gainers,Walmart: Health and Medicine > Protein > Mass Gainers,Healthcare Supplies,Healthcare Supplies > OTC Pharmaceuticals,Healthcare Supplies > OTC Pharmaceuticals > Medicine & Vitamins > Vitamins & Supplements,0.6150099197055964,1,Walmart,1,1,0,1.0,0.2,0.7842340511986997,19.78998210681909,0.0,5.599513085818626,33.98045112781955,0.0,0.0,1.0,0.0,0,Healthcare Supplies > OTC Pharmaceuticals > Medicine & Vitamins > Vitamins & Supplements,Walmart::Health and Medicine > Protein > Mass Gainers,0,,,,,OFF-BRAND,OFF-BRAND,OFF-BRAND,OFF-BRAND,0.4038518642400022,B,"Pass - real gap, wrong store for Staples","Health, safety & facilities",0.0,0.0,,184,Healthcare Supplies > OTC Pharmaceuticals,Health and Medicine,Competitor dept: Health and Medicine,Mass Gainers
E0115,ENTER,Exogenous Ketones,Walmart: Health and Medicine > Weight Loss > Exogenous Ketones,Healthcare Supplies,Healthcare Supplies > Patient Care,Healthcare Supplies > Patient Care > Diagnostic & Exam Instruments > Health & Body Weight Scales,0.7025917275754394,1,Walmart,1,1,0,1.0,0.2,0.7842340511986997,19.76719004845255,0.0,12.14850882531954,27.38587127158556,0.0,0.0,1.0,0.0,0,Healthcare Supplies > Patient Care > Diagnostic & Exam Instruments > Health & Body Weight Scales,Walmart::Health and Medicine > Weight Loss > Exogenous Ketones,0,,,,,OFF-BRAND,OFF-BRAND,OFF-BRAND,OFF-BRAND,0.40378348806490255,B,"Pass - real gap, wrong store for Staples","Health, safety & facilities",0.0,0.0,,185,Healthcare Supplies > Patient Care,Health and Medicine,Competitor dept: Health and Medicine,Exogenous Ketones
E0406,ENTER,Kimono Luxury Condoms,Walmart: Health and Medicine > Sexual Wellness Top Brands > Kimono Luxury Condoms,Healthcare Supplies,Healthcare Supplies > Patient Care,Expanded Assortment > Personal Care & Eyewear,0.6774516342714718,1,Walmart,1,1,0,0.0,0.2,0.7842340511986997,19.640338107245334,0.0,16.713329275715154,22.56734693877551,0.0,0.0,1.0,0.0,0,Expanded Assortment > Personal Care & Eyewear,Walmart::Health and Medicine > Sexual Wellness Top Brands > Kimono Luxury Condoms,0,,,,,OFF-BRAND,OFF-BRAND,OFF-BRAND,OFF-BRAND,0.40340293224128093,B,"Pass - real gap, wrong store for Staples","Health, safety & facilities",0.0,0.0,,186,Healthcare Supplies > OTC Pharmaceuticals,Health and Medicine,Competitor dept: Health and Medicine,Kimono Luxury Condoms
E0360,ENTER,Sudafed,Walmart: Health and Medicine > Allergy Medicine > Sudafed,Healthcare Supplies,Healthcare Supplies > OTC Pharmaceuticals,"Healthcare Supplies > OTC Pharmaceuticals > Medicine & Vitamins > Cough, Cold, Flu & Allergy",0.8007126178916275,1,Walmart,1,1,0,1.0,0.2,0.7842340511986997,21.058245866819036,1.0512148180139174,22.38587948874011,19.73061224489796,2.1024296360278347,0.0,1.0,0.0,0,"Healthcare Supplies > OTC Pharmaceuticals > Medicine & Vitamins > Cough, Cold, Flu & Allergy",Walmart::Health and Medicine > Allergy Medicine > Sudafed,0,,,,,OFF-BRAND,OFF-BRAND,OFF-BRAND,OFF-BRAND,0.40337130835055585,B,"Pass - real gap, wrong store for Staples","Health, safety & facilities",0.0,0.0,,187,Healthcare Supplies > OTC Pharmaceuticals,Health and Medicine,Competitor dept: Health and Medicine,Sudafed
E0164,ENTER,Almased,Walmart: Health and Medicine > Weight Loss > Almased,Healthcare Supplies,Healthcare Supplies > Patient Care,Healthcare Supplies > Patient Care > Diagnostic & Exam Instruments > Health & Body Weight Scales,0.8060959554879024,1,Walmart,1,1,0,1.0,0.2,0.7842340511986997,21.994822428245612,1.7928597740487222,16.603773584905664,27.38587127158556,3.5857195480974444,0.0,1.0,0.0,0,Healthcare Supplies > Patient Care > Diagnostic & Exam Instruments > Health & Body Weight Scales,Walmart::Health and Medicine > Weight Loss > Almased,0,,,,,OFF-BRAND,OFF-BRAND,OFF-BRAND,OFF-BRAND,0.4031072984979623,B,"Pass - real gap, wrong store for Staples","Health, safety & facilities",0.0,0.0,,188,Healthcare Supplies > Patient Care,Health and Medicine,Competitor dept: Health and Medicine,Almased
E0396,ENTER,Labrada,Walmart: Health and Medicine > Weight Loss > Labrada,Healthcare Supplies,Healthcare Supplies > Patient Care,Healthcare Supplies > Patient Care > Diagnostic & Exam Instruments > Health & Body Weight Scales,0.8060959554879024,1,Walmart,1,1,0,1.0,0.2,0.7842340511986997,21.994822428245612,1.7928597740487222,16.603773584905664,27.38587127158556,3.5857195480974444,0.0,1.0,0.0,0,Healthcare Supplies > Patient Care > Diagnostic & Exam Instruments > Health & Body Weight Scales,Walmart::Health and Medicine > Weight Loss > Labrada,0,,,,,OFF-BRAND,OFF-BRAND,OFF-BRAND,OFF-BRAND,0.4031072984979623,B,"Pass - real gap, wrong store for Staples","Health, safety & facilities",0.0,0.0,,189,Healthcare Supplies > Patient Care,Health and Medicine,Competitor dept: Health and Medicine,Labrada
E0130,ENTER,Magic Wand,Walmart: Health and Medicine > Sexual Wellness Top Brands > Magic Wand,Healthcare Supplies,Healthcare Supplies > Patient Care,Healthcare Supplies > Patient Care > Practice Front Desk Supplies > Personal Care Kits,0.6772379443210929,1,Walmart,1,1,0,0.0,0.2,0.7842340511986997,19.305584607549655,0.0,16.043822276323798,22.56734693877551,0.0,0.0,1.0,0.0,0,Healthcare Supplies > Patient Care > Practice Front Desk Supplies > Personal Care Kits,Walmart::Health and Medicine > Sexual Wellness Top Brands > Magic Wand,0,,,,,OFF-BRAND,OFF-BRAND,OFF-BRAND,OFF-BRAND,0.40239867174219385,B,"Pass - real gap, wrong store for Staples","Health, safety & facilities",0.0,0.0,,190,Healthcare Supplies > OTC Pharmaceuticals,Health and Medicine,Competitor dept: Health and Medicine,Magic Wand
E0013,ENTER,Cricut,Walmart: Arts Crafts & Sewing > Cricut > Cricut Maker | Walmart: Arts Crafts & Sewing > Cricut > Cricut Explore | Walmart: Arts Crafts & Sewing > Cricut > Cricut Mug Press | Walmart: Arts Crafts & Sewing > Cricut > Cricut Joy | Walmart: Arts Crafts & Sewing > Cricut > Cricut Materials | Walmart: Arts Crafts & Sewing > Cricut > Cricut EasyPress,Arts & Crafts,Arts & Crafts > Scrapbooking,Arts & Crafts > Scrapbooking,0.7028178752679041,1,Walmart,6,1,0,0.5,0.2,0.8539211702559935,21.4016665864459,7.218364562505151,9.716981132075471,33.08635204081633,0.7962462604045869,13.640482864605715,8.0,0.0,0,Arts & Crafts > Scrapbooking,Walmart::Arts Crafts & Sewing > Cricut > Cricut Explore,0,,,,,OFF-BRAND,OFF-BRAND,OFF-BRAND,OFF-BRAND,0.40181630310427646,B,"Pass - real gap, wrong store for Staples","Celebrations, gifting & creativity",0.0,0.0,,191,Arts & Crafts > Crayons,Arts Crafts & Sewing,Competitor dept: Arts Crafts & Sewing,Cricut
E0382,ENTER,Nasacort,Walmart: Health and Medicine > Allergy Medicine > Nasacort,Healthcare Supplies,Healthcare Supplies > OTC Pharmaceuticals,"Healthcare Supplies > OTC Pharmaceuticals > Medicine & Vitamins > Cough, Cold, Flu & Allergy",0.7568403878482722,1,Walmart,1,1,0,1.0,0.2,0.7842340511986997,19.110589141316904,0.0,18.49056603773585,19.73061224489796,0.0,0.0,1.0,0.0,0,"Healthcare Supplies > OTC Pharmaceuticals > Medicine & Vitamins > Cough, Cold, Flu & Allergy",Walmart::Health and Medicine > Allergy Medicine > Nasacort,0,,,,,OFF-BRAND,OFF-BRAND,OFF-BRAND,OFF-BRAND,0.4018136853434956,B,"Pass - real gap, wrong store for Staples","Health, safety & facilities",0.0,0.0,,192,Healthcare Supplies > OTC Pharmaceuticals,Health and Medicine,Competitor dept: Health and Medicine,Nasacort
E0336,ENTER,Emoji Party Decorations,Walmart: Party & Occasions > Emoji Party Supplies > Emoji Party Decorations,Party Supplies,Party Supplies > Party Favors & Costumes,Party Supplies > Party Favors & Costumes,0.5988075700184572,1,Walmart,1,1,0,1.0,0.2,0.7842340511986997,29.959263169662265,7.517581917365182,7.559342665855143,52.35918367346939,0.0,15.035163834730364,1.0,0.0,0,Party Supplies > Party Favors & Costumes,Walmart::Party & Occasions > Emoji Party Supplies > Emoji Party Decorations,0,,,,,OFF-BRAND,OFF-BRAND,VERTICAL EXTENSION,OFF-BRAND,0.4017063606065641,C,"Pass - real gap, wrong store for Staples","Celebrations, gifting & creativity",0.0,0.0,,193,Party Supplies,Party & Occasions,Competitor dept: Party & Occasions,Emoji Party Decorations
E0012,ENTER,Nicotine Lozenges 2 Mg,Walmart: Health and Medicine > Quit Smoking > Nicorette | Walmart: Health and Medicine > Quit Smoking > Nicotine Lozenges 4 Mg | Walmart: Health and Medicine > Quit Smoking > Nicorette Lozenges | Walmart: Health and Medicine > Quit Smoking > Nicotine Lozenges 2 Mg | Walmart: Health and Medicine > Quit Smoking > Equate Nicotine Lozenges 4 Mg | Walmart: Health and Medicine > Quit Smoking > Nicotine Lozenges | Walmart: Health and Medicine > Quit Smoking > Equate Nicotine Lozenges 2 Mg | Walmart: Health and Medicine > Quit Smoking > Nicorette Lozenges 2 Mg | Walmart: Health and Medicine > Quit Smo,Healthcare Supplies,Healthcare Supplies > OTC Pharmaceuticals,Healthcare Supplies > OTC Pharmaceuticals > Medicine & Vitamins > Stop Smoking Aids,0.8208154043556,1,Walmart,10,1,0,1.0,0.2,0.7842340511986997,21.052603517102256,1.4781023277623424,12.27023737066342,29.83496966354109,2.956204655524685,0.0,10.0,0.0,0,Healthcare Supplies > OTC Pharmaceuticals > Medicine & Vitamins > Stop Smoking Aids,Walmart::Health and Medicine > Quit Smoking > Nicotine Lozenges 2 Mg,0,,,,,OFF-BRAND,OFF-BRAND,OFF-BRAND,OFF-BRAND,0.4016143961554399,B,"Pass - real gap, wrong store for Staples","Health, safety & facilities",0.0,0.0,,194,Healthcare Supplies > OTC Pharmaceuticals,Health and Medicine,Competitor dept: Health and Medicine,Nicotine Lozenges 2 Mg
E0020,ENTER,Minions - Toys,Walmart: Seasonal > Minions > Minions - Toys | Walmart: Seasonal > Minions > Minions - Movies | Walmart: Seasonal > Minions > Minions Only at Walmart | Walmart: Seasonal > Minions > Minions Costumes,School Supplies,School Supplies > Learning at Home,School Supplies > Learning at Home > Pretend Play > Stuffed Animals & Puppets,0.5441935933597143,1,Walmart,4,1,0,0.75,0.2,0.7842340511986997,19.5233787124101,0.4374646321782526,1.0651247717589776,37.981632653061226,0.0,0.8749292643565052,4.0,0.0,0,Party Supplies > Party Favors & Costumes,Walmart::Seasonal > Minions > Minions - Toys,0,,,,,OFF-BRAND,OFF-BRAND,OFF-BRAND,OFF-BRAND,0.4012888438710088,B,"Pass - real gap, wrong store for Staples",Home décor & furnishings,0.0,0.0,,195,Furniture > Decor,Seasonal,Competitor dept: Seasonal,Minions - Toys
E0032,ENTER,Singer Accessories,Walmart: Arts Crafts & Sewing > Singer > Singer Accessories | Walmart: Arts Crafts & Sewing > Singer > Singer Presser Feet | Walmart: Arts Crafts & Sewing > Singer > Singer Sergers,TV & Streaming Media,TV & Streaming Media > DJ Equipment & Musical Instruments,Furniture > Decor > Wall Art > Music Art,0.5535217924286484,1,Walmart,3,1,0,0.6666666666666666,0.2,0.7842340511986997,28.877081496018977,6.964883021819285,2.2276323797930613,55.5265306122449,0.0,13.92976604363857,3.0,0.0,0,Party Supplies > Party Favors & Costumes > Costumes & Accessories,Walmart::Arts Crafts & Sewing > Singer > Singer Accessories,0,,,,,OFF-BRAND,OFF-BRAND,VERTICAL EXTENSION,OFF-BRAND,0.4010866349542466,C,"Pass - real gap, wrong store for Staples","Celebrations, gifting & creativity",0.0,0.0,,196,Arts & Crafts > Art Paper & Rolls,Arts Crafts & Sewing,Competitor dept: Arts Crafts & Sewing,Singer Accessories
E0136,ENTER,Georgia Pacific,Walmart: Industrial & Scientific > Featured Brands > Georgia Pacific Professional,"Tools, Parts & Supplies","Tools, Parts & Supplies > Automotive",Restaurant & Foodservice Supplies > Commercial Restaurant Equipment > Equipment Parts & Accessories,0.6563002165204683,1,Walmart,1,1,0,0.0,0.2,0.7842340511986997,18.763589191002026,0.0,10.407790626902008,27.119387755102046,0.0,0.0,1.0,0.0,0,Restaurant & Foodservice Supplies > Commercial Restaurant Equipment > Equipment Parts & Accessories,Walmart::Industrial & Scientific > Featured Brands > Georgia Pacific Professional,0,,,,,OFF-BRAND,OFF-BRAND,OFF-BRAND,OFF-BRAND,0.40077268549255096,B,"Pass - real gap, wrong store for Staples","Health, safety & facilities",0.0,0.0,,197,"Tools, Parts & Supplies > Automotive",Industrial & Scientific,Competitor dept: Industrial & Scientific,Georgia Pacific
E0079,ENTER,Benadryl Children Syrup,Walmart: Health and Medicine > Allergy Medicine > Benadryl Children Syrup | Walmart: Health and Medicine > Allergy Medicine > Benadryl | Walmart: Health and Medicine > Allergy Medicine > Benadryl Children | Walmart: Health and Medicine > Allergy Medicine > Benadryl Syrups,Healthcare Supplies,Healthcare Supplies > OTC Pharmaceuticals,"Healthcare Supplies > OTC Pharmaceuticals > Medicine & Vitamins > Cough, Cold, Flu & Allergy",0.8595330936417329,1,Walmart,4,1,0,1.0,0.2,0.7842340511986997,28.52477051684947,6.842367608065999,37.318928788800974,19.73061224489796,13.684735216131998,0.0,4.0,0.0,0,"Healthcare Supplies > OTC Pharmaceuticals > Medicine & Vitamins > Cough, Cold, Flu & Allergy",Walmart::Health and Medicine > Allergy Medicine > Benadryl Children Syrup,0,,,,,OFF-BRAND,OFF-BRAND,OFF-BRAND,OFF-BRAND,0.40063020132836163,B,"Pass - real gap, wrong store for Staples","Health, safety & facilities",0.0,0.0,,198,Healthcare Supplies > OTC Pharmaceuticals,Health and Medicine,Competitor dept: Health and Medicine,Benadryl Children Syrup
E0323,ENTER,Alli,Walmart: Health and Medicine > Weight Loss > Alli,Healthcare Supplies,Healthcare Supplies > Patient Care,Healthcare Supplies > Patient Care > Diagnostic & Exam Instruments > Health & Body Weight Scales,0.6743483865126492,1,Walmart,1,1,0,0.0,0.2,0.7842340511986997,18.69597884942638,0.0,10.006086427267194,27.38587127158556,0.0,0.0,1.0,0.0,0,Healthcare Supplies > Patient Care > Diagnostic & Exam Instruments > Health & Body Weight Scales,Walmart::Health and Medicine > Weight Loss > Alli,0,,,,,OFF-BRAND,OFF-BRAND,OFF-BRAND,OFF-BRAND,0.40056985446782406,B,"Pass - real gap, wrong store for Staples","Health, safety & facilities",0.0,0.0,,199,Healthcare Supplies > Patient Care,Health and Medicine,Competitor dept: Health and Medicine,Alli
E0048,ENTER,Teenage Mutant Ninja Turtles Costumes,Walmart: Seasonal > Teenage Mutant Ninja Turtles > Teenage Mutant Ninja Turtles Books | Walmart: Seasonal > Teenage Mutant Ninja Turtles > Teenage Mutant Ninja Turtles Movies | Walmart: Seasonal > Teenage Mutant Ninja Turtles > Teenage Mutant Ninja Turtle Toys | Walmart: Seasonal > Teenage Mutant Ninja Turtles > Teenage Mutant Ninja Turtles Bikes & Rideons | Walmart: Seasonal > Teenage Mutant Ninja Turtles > Teenage Mutant Ninja Turtles Backpacks | Walmart: Seasonal > Teenage Mutant Ninja Turtles > Teenage Mutant Ninja Turtles Costumes,School Supplies,School Supplies > Learning at Home,School Supplies > Learning at Home > Pretend Play > Stuffed Animals & Puppets,0.5802096026311028,1,Walmart,6,1,0,0.7142857142857143,0.2,0.8230394148720033,18.722759274999458,3.3490347328211745,2.0954699591339887,35.35004859086492,0.0,6.698069465642349,7.0,0.0,0,School Supplies > Learning at Home > Pretend Play > Stuffed Animals & Puppets,Walmart::Seasonal > Teenage Mutant Ninja Turtles > Teenage Mutant Ninja Turtles Costumes,0,,,,,OFF-BRAND,OFF-BRAND,OFF-BRAND,OFF-BRAND,0.400359297029933,B,"Pass - real gap, wrong store for Staples",Home décor & furnishings,0.0,0.0,,200,Furniture > Decor,Seasonal,Competitor dept: Seasonal,Teenage Mutant Ninja Turtles Costumes
E0186,ENTER,Lysine,Walmart: Health and Medicine > Protein > Lysine,Healthcare Supplies,Healthcare Supplies > OTC Pharmaceuticals,Healthcare Supplies > OTC Pharmaceuticals > Medicine & Vitamins > Vitamins & Supplements,0.6174977038758956,1,Walmart,1,1,0,0.0,0.2,0.7842340511986997,18.616603018501824,0.0,3.055386488131467,34.17781954887218,0.0,0.0,1.0,0.0,0,Healthcare Supplies > OTC Pharmaceuticals > Medicine & Vitamins > Vitamins & Supplements,Walmart::Health and Medicine > Protein > Lysine,0,,,,,OFF-BRAND,OFF-BRAND,OFF-BRAND,OFF-BRAND,0.4003317269750504,B,"Pass - real gap, wrong store for Staples","Health, safety & facilities",0.0,0.0,,201,Healthcare Supplies > OTC Pharmaceuticals,Health and Medicine,Competitor dept: Health and Medicine,Lysine
E0279,ENTER,BCAA,Walmart: Health and Medicine > Protein > BCAA,Healthcare Supplies,Healthcare Supplies > OTC Pharmaceuticals,Healthcare Supplies > OTC Pharmaceuticals > Medicine & Vitamins > Vitamins & Supplements,0.6481040313985219,1,Walmart,1,1,0,0.0,0.2,0.7842340511986997,18.573998027631465,0.0,2.9701765063907484,34.17781954887218,0.0,0.0,1.0,0.0,0,Healthcare Supplies > OTC Pharmaceuticals > Medicine & Vitamins > Vitamins & Supplements,Walmart::Health and Medicine > Protein > BCAA,0,,,,,OFF-BRAND,OFF-BRAND,OFF-BRAND,OFF-BRAND,0.4002039120024393,B,"Pass - real gap, wrong store for Staples","Health, safety & facilities",0.0,0.0,,202,Healthcare Supplies > OTC Pharmaceuticals,Health and Medicine,Competitor dept: Health and Medicine,BCAA
E0102,ENTER,Genuine Joe,Walmart: Industrial & Scientific > Featured Brands > Genuine Joe,Furniture,Furniture > Decor,Retail Store Supplies > Promotional Products,0.638909222027755,1,Walmart,1,1,0,0.0,0.2,0.7842340511986997,18.507959245779873,0.0,9.8965307364577,27.119387755102046,0.0,0.0,1.0,0.0,0,Retail Store Supplies > Promotional Products,Walmart::Industrial & Scientific > Featured Brands > Genuine Joe,0,,,,,OFF-BRAND,OFF-BRAND,OFF-BRAND,OFF-BRAND,0.40000579565688454,B,"Pass - real gap, wrong store for Staples",Home décor & furnishings,0.0,0.0,,203,Furniture > Decor,Industrial & Scientific,Competitor dept: Industrial & Scientific,Genuine Joe
E0402,ENTER,Jocko Fuel,Walmart: Health and Medicine > Protein > Jocko Fuel,Healthcare Supplies,Healthcare Supplies > OTC Pharmaceuticals,Healthcare Supplies > OTC Pharmaceuticals > Medicine & Vitamins > Vitamins & Supplements,0.553987719482862,1,Walmart,1,1,0,0.0,0.2,0.7842340511986997,18.48270161862355,0.0,2.7875836883749243,34.17781954887218,0.0,0.0,1.0,0.0,0,Healthcare Supplies > OTC Pharmaceuticals > Medicine & Vitamins > Vitamins & Supplements,Walmart::Health and Medicine > Protein > Jocko Fuel,0,,,,,OFF-BRAND,OFF-BRAND,OFF-BRAND,OFF-BRAND,0.39993002277541556,B,"Pass - real gap, wrong store for Staples","Health, safety & facilities",0.0,0.0,,204,Healthcare Supplies > OTC Pharmaceuticals,Health and Medicine,Competitor dept: Health and Medicine,Jocko Fuel
E0104,ENTER,Atlas,Walmart: Health and Medicine > Sexual Wellness Top Brands > Atlas,Healthcare Supplies,Healthcare Supplies > Patient Care,Healthcare Supplies > Patient Care > Diagnostic & Exam Instruments > Health & Body Weight Scales,0.6826534181121848,1,Walmart,1,1,0,1.0,0.2,0.7842340511986997,18.40479337200492,0.0,14.24223980523433,22.56734693877551,0.0,0.0,1.0,0.0,0,Healthcare Supplies > Patient Care > Diagnostic & Exam Instruments > Health & Body Weight Scales,Walmart::Health and Medicine > Sexual Wellness Top Brands > Atlas,0,,,,,OFF-BRAND,OFF-BRAND,OFF-BRAND,OFF-BRAND,0.39969629803555967,B,"Pass - real gap, wrong store for Staples","Health, safety & facilities",0.0,0.0,,205,Healthcare Supplies > OTC Pharmaceuticals,Health and Medicine,Competitor dept: Health and Medicine,Atlas
E0361,ENTER,Citrulline,Walmart: Health and Medicine > Protein > Citrulline,Healthcare Supplies,Healthcare Supplies > OTC Pharmaceuticals,Healthcare Supplies > OTC Pharmaceuticals > Medicine & Vitamins > Vitamins & Supplements,0.6234909704387026,1,Walmart,1,1,0,0.0,0.2,0.7842340511986997,18.40357806415003,0.0,2.629336579427876,34.17781954887218,0.0,0.0,1.0,0.0,0,Healthcare Supplies > OTC Pharmaceuticals > Medicine & Vitamins > Vitamins & Supplements,Walmart::Health and Medicine > Protein > Citrulline,0,,,,,OFF-BRAND,OFF-BRAND,OFF-BRAND,OFF-BRAND,0.399692652111995,B,"Pass - real gap, wrong store for Staples","Health, safety & facilities",0.0,0.0,,206,Healthcare Supplies > OTC Pharmaceuticals,Health and Medicine,Competitor dept: Health and Medicine,Citrulline
E0385,ENTER,Nasonex,Walmart: Health and Medicine > Allergy Medicine > Nasonex,Healthcare Supplies,Healthcare Supplies > OTC Pharmaceuticals,"Healthcare Supplies > OTC Pharmaceuticals > Medicine & Vitamins > Cough, Cold, Flu & Allergy",0.7578314406405924,1,Walmart,1,1,0,1.0,0.2,0.7842340511986997,18.1793657694362,0.0,16.62811929397444,19.73061224489796,0.0,0.0,1.0,0.0,0,"Healthcare Supplies > OTC Pharmaceuticals > Medicine & Vitamins > Cough, Cold, Flu & Allergy",Walmart::Health and Medicine > Allergy Medicine > Nasonex,0,,,,,OFF-BRAND,OFF-BRAND,OFF-BRAND,OFF-BRAND,0.3990200152278535,B,"Pass - real gap, wrong store for Staples","Health, safety & facilities",0.0,0.0,,207,Healthcare Supplies > OTC Pharmaceuticals,Health and Medicine,Competitor dept: Health and Medicine,Nasonex
E0252,ENTER,Swiss Navy,Walmart: Health and Medicine > Sexual Wellness Top Brands > Swiss Navy,Healthcare Supplies,Healthcare Supplies > Patient Care,Workwear > Occupational Workwear > Healthcare Apparel > Scrubs & Medical Staff Apparel,0.6628148182813688,1,Walmart,1,1,0,0.0,0.2,0.7842340511986997,18.15524985404996,0.0,13.743152769324409,22.56734693877551,0.0,0.0,1.0,0.0,0,Workwear > Occupational Workwear > Healthcare Apparel > Scrubs & Medical Staff Apparel,Walmart::Health and Medicine > Sexual Wellness Top Brands > Swiss Navy,0,,,,,OFF-BRAND,OFF-BRAND,OFF-BRAND,OFF-BRAND,0.3989476674816948,B,"Pass - real gap, wrong store for Staples","Health, safety & facilities",0.0,0.0,,208,Healthcare Supplies > OTC Pharmaceuticals,Health and Medicine,Competitor dept: Health and Medicine,Swiss Navy
E0223,ENTER,Eas,Walmart: Health and Medicine > Protein > Eas,Healthcare Supplies,Healthcare Supplies > OTC Pharmaceuticals,Healthcare Supplies > OTC Pharmaceuticals > Medicine & Vitamins > Vitamins & Supplements,0.5947680025364324,1,Walmart,1,1,0,1.0,0.2,0.7842340511986997,18.1101281810735,0.0,2.23980523432745,33.98045112781955,0.0,0.0,1.0,0.0,0,Healthcare Supplies > OTC Pharmaceuticals > Medicine & Vitamins > Vitamins & Supplements,Walmart::Health and Medicine > Protein > Eas,0,,,,,OFF-BRAND,OFF-BRAND,OFF-BRAND,OFF-BRAND,0.3988123024627654,B,"Pass - real gap, wrong store for Staples","Health, safety & facilities",0.0,0.0,,209,Healthcare Supplies > OTC Pharmaceuticals,Health and Medicine,Competitor dept: Health and Medicine,Eas
E0285,ENTER,Six Star Pro,Walmart: Health and Medicine > Protein > Six Star Pro,Healthcare Supplies,Healthcare Supplies > Patient Care,Healthcare Supplies > Patient Care > Diagnostic & Exam Instruments > Health & Body Weight Scales,0.6308717756613184,1,Walmart,1,1,0,0.0,0.2,0.7842340511986997,18.106145542754373,0.0,5.209981740718199,31.002309344790547,0.0,0.0,1.0,0.0,0,Healthcare Supplies > Patient Care > Diagnostic & Exam Instruments > Health & Body Weight Scales,Walmart::Health and Medicine > Protein > Six Star Pro,0,,,,,OFF-BRAND,OFF-BRAND,OFF-BRAND,OFF-BRAND,0.39880035454780804,B,"Pass - real gap, wrong store for Staples","Health, safety & facilities",0.0,0.0,,210,Healthcare Supplies > OTC Pharmaceuticals,Health and Medicine,Competitor dept: Health and Medicine,Six Star Pro
D0013,DEEPEN,Energy & Sports Drinks,"Coffee, Water & Snacks > Water & Beverages > Energy & Sports Drinks","Coffee, Water & Snacks","Coffee, Water & Snacks > Water & Beverages","Coffee, Water & Snacks > Water & Beverages > Energy & Sports Drinks",1.0,2,"OfficeDepot, Walmart",3,2,0,0.0,0.4,0.5924856985846678,30.622636040053,9.340887456738724,,,,,,,1,"Coffee, Water & Snacks > Water & Beverages > Energy & Sports Drinks","Staples::Coffee, Water & Snacks > Water & Beverages > Energy & Sports Drinks",0,"Energy & Nutrition Drinks, Energy Star, Diet Foods Drinks",103.0,0.9209311114306571,3.0,OFF-BRAND,,,OFF-BRAND,0.3982091844732712,B,"Pass - real gap, wrong store for Staples","Breakroom, kitchen & hospitality",0.0,0.0,,211,"Coffee, Water & Snacks > Water & Beverages",,"Coffee, Water & Snacks > Water & Beverages",Energy & Sports Drinks
E0117,ENTER,Blistex,Walmart: Health and Medicine > Lip Care > Blistex,Healthcare Supplies,Healthcare Supplies > Personal Care,Healthcare Supplies > Personal Care > Skin Care > Lip Balm,0.8415658394732106,1,Walmart,1,1,0,1.0,0.2,0.7842340511986997,25.948604883219268,5.716708710434239,10.931223371880709,40.965986394557824,11.433417420868478,0.0,1.0,0.0,0,Healthcare Supplies > Personal Care > Skin Care > Lip Balm,Walmart::Health and Medicine > Lip Care > Blistex,0,,,,,OFF-BRAND,OFF-BRAND,VERTICAL EXTENSION,OFF-BRAND,0.39818448629483966,C,"Pass - real gap, wrong store for Staples","Health, safety & facilities",0.0,0.0,,212,Healthcare Supplies > Personal Care,Health and Medicine,Competitor dept: Health and Medicine,Blistex
E0206,ENTER,Lenny and Larrys,Walmart: Health and Medicine > Protein > Lenny and Larrys,Healthcare Supplies,Healthcare Supplies > OTC Pharmaceuticals,Healthcare Supplies > OTC Pharmaceuticals > Medicine & Vitamins > Vitamins & Supplements,0.5278207102503368,1,Walmart,1,1,0,0.0,0.2,0.7842340511986997,17.788848910163416,0.0,1.3998782714546565,34.17781954887218,0.0,0.0,1.0,0.0,0,Healthcare Supplies > OTC Pharmaceuticals > Medicine & Vitamins > Vitamins & Supplements,Walmart::Health and Medicine > Protein > Lenny and Larrys,0,,,,,OFF-BRAND,OFF-BRAND,OFF-BRAND,OFF-BRAND,0.39784846465003515,B,"Pass - real gap, wrong store for Staples","Health, safety & facilities",0.0,0.0,,213,Healthcare Supplies > OTC Pharmaceuticals,Health and Medicine,Competitor dept: Health and Medicine,Lenny and Larrys
E0086,ENTER,Nutiva,Walmart: Health and Medicine > Protein > Nutiva,Healthcare Supplies,Healthcare Supplies > OTC Pharmaceuticals,Healthcare Supplies > OTC Pharmaceuticals > Medicine & Vitamins > Vitamins & Supplements,0.5280958429579266,1,Walmart,1,1,0,0.0,0.2,0.7842340511986997,17.697552501155506,0.0,1.2172854534388315,34.17781954887218,0.0,0.0,1.0,0.0,0,Healthcare Supplies > OTC Pharmaceuticals > Medicine & Vitamins > Vitamins & Supplements,Walmart::Health and Medicine > Protein > Nutiva,0,,,,,OFF-BRAND,OFF-BRAND,OFF-BRAND,OFF-BRAND,0.39757457542301144,B,"Pass - real gap, wrong store for Staples","Health, safety & facilities",0.0,0.0,,214,Healthcare Supplies > OTC Pharmaceuticals,Health and Medicine,Competitor dept: Health and Medicine,Nutiva
E0292,ENTER,Kleenex,Walmart: Industrial & Scientific > Featured Brands > Kleenex,Retail Store Supplies,Retail Store Supplies > Retail Packaging,"Coffee, Water & Snacks > Paper Products",0.6520443468197197,1,Walmart,1,1,0,0.0,0.2,0.7842340511986997,17.601081582967943,0.0,8.082775410833841,27.119387755102046,0.0,0.0,1.0,0.0,0,"Coffee, Water & Snacks > Paper Products",Walmart::Industrial & Scientific > Featured Brands > Kleenex,0,,,,,OFF-BRAND,OFF-BRAND,OFF-BRAND,OFF-BRAND,0.3972851626684487,B,"Pass - real gap, wrong store for Staples",Core office & business supplies,0.0,0.0,,215,Retail Store Supplies > Retail Packaging,Industrial & Scientific,Competitor dept: Industrial & Scientific,Kleenex
E0328,ENTER,Passion Lubes,Walmart: Health and Medicine > Sexual Wellness Top Brands > Passion Lubes,Healthcare Supplies,Healthcare Supplies > Personal Care,Healthcare Supplies > Personal Care,0.6578123784216527,1,Walmart,1,1,0,0.0,0.2,0.7842340511986997,17.18142149129889,0.0,11.795496043822276,22.56734693877551,0.0,0.0,1.0,0.0,0,Healthcare Supplies > Personal Care,Walmart::Health and Medicine > Sexual Wellness Top Brands > Passion Lubes,0,,,,,OFF-BRAND,OFF-BRAND,OFF-BRAND,OFF-BRAND,0.39602618239344156,B,"Pass - real gap, wrong store for Staples","Health, safety & facilities",0.0,0.0,,216,Healthcare Supplies > OTC Pharmaceuticals,Health and Medicine,Competitor dept: Health and Medicine,Passion Lubes
E0124,ENTER,Queen V,Walmart: Health and Medicine > Sexual Wellness Top Brands > Queen V,Healthcare Supplies,Healthcare Supplies > Patient Care,Healthcare Supplies > Patient Care > Practice Front Desk Supplies > Medical Take Home Bags,0.6580240931052772,1,Walmart,1,1,0,0.0,0.2,0.7842340511986997,17.16316220949731,0.0,11.758977480219112,22.56734693877551,0.0,0.0,1.0,0.0,0,Healthcare Supplies > Patient Care > Practice Front Desk Supplies > Medical Take Home Bags,Walmart::Health and Medicine > Sexual Wellness Top Brands > Queen V,0,,,,,OFF-BRAND,OFF-BRAND,OFF-BRAND,OFF-BRAND,0.39597140454803686,B,"Pass - real gap, wrong store for Staples","Health, safety & facilities",0.0,0.0,,217,Healthcare Supplies > OTC Pharmaceuticals,Health and Medicine,Competitor dept: Health and Medicine,Queen V
E0308,ENTER,Nla for Her,Walmart: Health and Medicine > Weight Loss > Nla for Her,Healthcare Supplies,Healthcare Supplies > Patient Care,Healthcare Supplies > Patient Care > Diagnostic & Exam Instruments > Health & Body Weight Scales,0.6964181543282099,1,Walmart,1,1,0,1.0,0.2,0.7842340511986997,17.10133490542151,0.0,6.816798539257457,27.38587127158556,0.0,0.0,1.0,0.0,0,Healthcare Supplies > Patient Care > Diagnostic & Exam Instruments > Health & Body Weight Scales,Walmart::Health and Medicine > Weight Loss > Nla for Her,0,,,,,OFF-BRAND,OFF-BRAND,OFF-BRAND,OFF-BRAND,0.3957859226358094,B,"Pass - real gap, wrong store for Staples","Health, safety & facilities",0.0,0.0,,218,Healthcare Supplies > Patient Care,Health and Medicine,Competitor dept: Health and Medicine,Nla for Her
E0262,ENTER,Cla,Walmart: Health and Medicine > Weight Loss > Cla,Healthcare Supplies,Healthcare Supplies > Patient Care,Healthcare Supplies > Patient Care > Diagnostic & Exam Instruments > Health & Body Weight Scales,0.6751152752654528,1,Walmart,1,1,0,0.0,0.2,0.7842340511986997,17.052643487283955,0.0,6.719415702982349,27.38587127158556,0.0,0.0,1.0,0.0,0,Healthcare Supplies > Patient Care > Diagnostic & Exam Instruments > Health & Body Weight Scales,Walmart::Health and Medicine > Weight Loss > Cla,0,,,,,OFF-BRAND,OFF-BRAND,OFF-BRAND,OFF-BRAND,0.39563984838139676,B,"Pass - real gap, wrong store for Staples","Health, safety & facilities",0.0,0.0,,219,Healthcare Supplies > Patient Care,Health and Medicine,Competitor dept: Health and Medicine,Cla
E0299,ENTER,Sesame Street Cards,Walmart: Party & Occasions > Sesame Street Party Supplies > Sesame Street Cards,Party Supplies,Party Supplies > Party Favors & Costumes,Retail Store Supplies > Backroom Retail Supplies > Dressing Room Supplies & Try-On Accessories,0.6736129115475715,1,Walmart,1,1,0,1.0,0.2,0.7842340511986997,25.93537207944651,6.389573341309238,10.11564211807669,41.755102040816325,0.0,12.779146682618476,1.0,0.0,0,Retail Store Supplies > Backroom Retail Supplies > Dressing Room Supplies & Try-On Accessories,Walmart::Party & Occasions > Sesame Street Party Supplies > Sesame Street Cards,0,,,,,OFF-BRAND,OFF-BRAND,VERTICAL EXTENSION,OFF-BRAND,0.39530563050379336,C,"Pass - real gap, wrong store for Staples","Celebrations, gifting & creativity",0.0,0.0,,220,Party Supplies,Party & Occasions,Competitor dept: Party & Occasions,Sesame Street Cards
E0180,ENTER,Carmex,Walmart: Health and Medicine > Lip Care > Carmex,Healthcare Supplies,Healthcare Supplies > Personal Care,Healthcare Supplies > Personal Care > Skin Care > Lip Balm,0.8495368306156851,1,Walmart,1,1,0,1.0,0.2,0.7842340511986997,26.155543410303867,6.653281423476858,11.345100426049909,40.965986394557824,13.306562846953716,0.0,1.0,0.0,0,Healthcare Supplies > Personal Care > Skin Care > Lip Balm,Walmart::Health and Medicine > Lip Care > Carmex,0,,,,,OFF-BRAND,OFF-BRAND,VERTICAL EXTENSION,OFF-BRAND,0.39480859096549714,C,"Pass - real gap, wrong store for Staples","Health, safety & facilities",0.0,0.0,,221,Healthcare Supplies > Personal Care,Health and Medicine,Competitor dept: Health and Medicine,Carmex
E0054,ENTER,Irwin Naturals,Walmart: Health and Medicine > Sexual Wellness Top Brands > Irwin Naturals,Healthcare Supplies,Healthcare Supplies > OTC Pharmaceuticals,Healthcare Supplies > OTC Pharmaceuticals > Medicine & Vitamins,0.6776526463008662,1,Walmart,1,1,0,1.0,0.2,0.7842340511986997,16.621013700671995,0.0,11.174680462568476,22.06734693877551,0.0,0.0,1.0,0.0,0,Healthcare Supplies > OTC Pharmaceuticals > Medicine & Vitamins,Walmart::Health and Medicine > Sexual Wellness Top Brands > Irwin Naturals,0,,,,,OFF-BRAND,OFF-BRAND,OFF-BRAND,OFF-BRAND,0.3943449590215609,B,"Pass - real gap, wrong store for Staples","Health, safety & facilities",0.0,0.0,,222,Healthcare Supplies > OTC Pharmaceuticals,Health and Medicine,Competitor dept: Health and Medicine,Irwin Naturals
E0276,ENTER,Squash,Walmart: Sports & Outdoors > Sports > Squash,Gift Shop,Gift Shop > Game Room & Toys,Furniture > Decor > Wall Art > Sports Art,0.6706681930487007,1,Walmart,1,1,0,1.0,0.2,0.8230394148720033,20.990853360088867,6.381691342745072,2.6841144248326234,39.29759229534511,0.0,12.763382685490145,2.0,0.0,0,Furniture > Decor > Wall Art > Sports Art,Walmart::Sports & Outdoors > Sports > Squash,0,,,,,OFF-BRAND,OFF-BRAND,OFF-BRAND,OFF-BRAND,0.39416711465040566,B,"Pass - real gap, wrong store for Staples",Home décor & furnishings,0.0,0.0,,223,Furniture > Decor,Sports & Outdoors,Competitor dept: Sports & Outdoors,Squash
E0171,ENTER,Jojo Siwa Party Decorations,Walmart: Party & Occasions > JoJo Siwa Party Supplies > Jojo Siwa Party Decorations | Walmart: Party & Occasions > JoJo Siwa Party Supplies > Jojo Siwa Party Wear Toys | Walmart: Party & Occasions > JoJo Siwa Party Supplies > Jojo Siwa Party Tableware,Party Supplies,Party Supplies > Wedding Supplies,Party Supplies > Wedding Supplies > Wedding Decorations & Supplies,0.48240494769201275,1,Walmart,3,1,0,1.0,0.2,0.7842340511986997,24.29649347261729,5.581490583357657,1.8746195982958005,46.71836734693878,0.0,11.162981166715314,3.0,0.0,0,Appliances & Kitchenware > Kitchenware > Dining & Tableware > Tableware,Walmart::Party & Occasions > JoJo Siwa Party Supplies > Jojo Siwa Party Decorations,0,,,,,OFF-BRAND,OFF-BRAND,VERTICAL EXTENSION,OFF-BRAND,0.3940758530415668,C,"Pass - real gap, wrong store for Staples","Celebrations, gifting & creativity",0.0,0.0,,224,Party Supplies,Party & Occasions,Competitor dept: Party & Occasions,Jojo Siwa Party Decorations
E0294,ENTER,Hydroxycut,Walmart: Health and Medicine > Weight Loss > Hydroxycut,Healthcare Supplies,Healthcare Supplies > Personal Care,Healthcare Supplies > Personal Care > Skin Care > Supplements,0.6394090463393554,1,Walmart,1,1,0,1.0,0.2,0.7842340511986997,16.51146646588782,0.0,6.098600121728546,26.924332810047098,0.0,0.0,1.0,0.0,0,Healthcare Supplies > Personal Care > Skin Care > Supplements,Walmart::Health and Medicine > Weight Loss > Hydroxycut,0,,,,,OFF-BRAND,OFF-BRAND,OFF-BRAND,OFF-BRAND,0.3940163173172084,B,"Pass - real gap, wrong store for Staples","Health, safety & facilities",0.0,0.0,,225,Healthcare Supplies > Patient Care,Health and Medicine,Competitor dept: Health and Medicine,Hydroxycut
E0150,ENTER,AcuRite,Walmart: Industrial & Scientific > Featured Brands > AcuRite,Restaurant & Foodservice Supplies,Restaurant & Foodservice Supplies > Commercial Restaurant Equipment,Retail Store Supplies > Promotional Products,0.6691271991144332,1,Walmart,1,1,0,1.0,0.2,0.7842340511986997,16.45645285503124,0.0,9.54351795496044,23.369387755102043,0.0,0.0,1.0,0.0,0,Retail Store Supplies > Promotional Products,Walmart::Industrial & Scientific > Featured Brands > AcuRite,0,,,,,OFF-BRAND,OFF-BRAND,OFF-BRAND,OFF-BRAND,0.39385127648463863,B,"Pass - real gap, wrong store for Staples","Breakroom, kitchen & hospitality",0.0,0.0,,226,Restaurant & Foodservice Supplies > Commercial Restaurant Equipment,Industrial & Scientific,Competitor dept: Industrial & Scientific,AcuRite
E0108,ENTER,Disney Princess Characters,Walmart: Seasonal > Disney Princess > Disney Princess Characters,Party Supplies,Party Supplies > Party Favors & Costumes,Party Supplies > Party Favors & Costumes > Costumes & Accessories,0.6089170351886544,1,Walmart,1,1,0,0.0,0.2,0.7842340511986997,16.39750083843641,0.0,3.6031649421789407,29.19183673469388,0.0,0.0,1.0,0.0,0,Party Supplies > Party Favors & Costumes > Costumes & Accessories,Walmart::Seasonal > Disney Princess > Disney Princess Characters,0,,,,,OFF-BRAND,OFF-BRAND,OFF-BRAND,OFF-BRAND,0.3936744204348541,B,"Pass - real gap, wrong store for Staples",Home décor & furnishings,0.0,0.0,,227,Furniture > Decor,Seasonal,Competitor dept: Seasonal,Disney Princess Characters
E0056,ENTER,Dixie,Walmart: Industrial & Scientific > Featured Brands > Dixie Professional,Restaurant & Foodservice Supplies,Restaurant & Foodservice Supplies > Commercial Restaurant Equipment,Restaurant & Foodservice Supplies > Commercial Restaurant Equipment > Equipment Parts & Accessories,0.5910576287594482,1,Walmart,1,1,0,0.0,0.2,0.7842340511986997,16.067301911635017,0.0,5.015216068167986,27.119387755102046,0.0,0.0,1.0,0.0,0,Restaurant & Foodservice Supplies > Commercial Restaurant Equipment > Equipment Parts & Accessories,Walmart::Industrial & Scientific > Featured Brands > Dixie Professional,0,,,,,OFF-BRAND,OFF-BRAND,OFF-BRAND,OFF-BRAND,0.39268382365445,B,"Pass - real gap, wrong store for Staples","Breakroom, kitchen & hospitality",0.0,0.0,,228,Restaurant & Foodservice Supplies > Commercial Restaurant Equipment,Industrial & Scientific,Competitor dept: Industrial & Scientific,Dixie
E0043,ENTER,Habitrol,Walmart: Health and Medicine > Quit Smoking > Habitrol Patch | Walmart: Health and Medicine > Quit Smoking > Habitrol | Walmart: Health and Medicine > Quit Smoking > Habitrol Lozenge,Healthcare Supplies,Healthcare Supplies > OTC Pharmaceuticals,Healthcare Supplies > OTC Pharmaceuticals > Medicine & Vitamins > Stop Smoking Aids,0.8252251959148,1,Walmart,3,1,0,1.0,0.2,0.7842340511986997,18.498332873969776,1.8285271566395365,7.161696084398458,29.83496966354109,3.657054313279073,0.0,3.0,0.0,0,Healthcare Supplies > OTC Pharmaceuticals > Medicine & Vitamins > Stop Smoking Aids,Walmart::Health and Medicine > Quit Smoking > Habitrol,0,,,,,OFF-BRAND,OFF-BRAND,OFF-BRAND,OFF-BRAND,0.39266323000220427,B,"Pass - real gap, wrong store for Staples","Health, safety & facilities",0.0,0.0,,229,Healthcare Supplies > OTC Pharmaceuticals,Health and Medicine,Competitor dept: Health and Medicine,Habitrol
E0123,ENTER,Garcinia Cambogia,Walmart: Health and Medicine > Weight Loss > Garcinia Cambogia,Healthcare Supplies,Healthcare Supplies > Personal Care,Healthcare Supplies > Personal Care > Skin Care > Supplements,0.6369582297410349,1,Walmart,1,1,0,0.0,0.2,0.7842340511986997,15.847530888379513,0.0,4.309190505173464,27.38587127158556,0.0,0.0,1.0,0.0,0,Healthcare Supplies > Personal Care > Skin Care > Supplements,Walmart::Health and Medicine > Weight Loss > Garcinia Cambogia,0,,,,,OFF-BRAND,OFF-BRAND,OFF-BRAND,OFF-BRAND,0.39202451058468346,B,"Pass - real gap, wrong store for Staples","Health, safety & facilities",0.0,0.0,,230,Healthcare Supplies > Patient Care,Health and Medicine,Competitor dept: Health and Medicine,Garcinia Cambogia
E0355,ENTER,Soylent,Walmart: Health and Medicine > Weight Loss > Soylent,Healthcare Supplies,Healthcare Supplies > Patient Care,Healthcare Supplies > Patient Care > Diagnostic & Exam Instruments > Health & Body Weight Scales,0.6078388348212214,1,Walmart,1,1,0,0.0,0.2,0.7842340511986997,15.573641661355776,0.0,3.7614120511259888,27.38587127158556,0.0,0.0,1.0,0.0,0,Healthcare Supplies > Patient Care > Diagnostic & Exam Instruments > Health & Body Weight Scales,Walmart::Health and Medicine > Weight Loss > Soylent,0,,,,,OFF-BRAND,OFF-BRAND,OFF-BRAND,OFF-BRAND,0.39120284290361224,B,"Pass - real gap, wrong store for Staples","Health, safety & facilities",0.0,0.0,,231,Healthcare Supplies > Patient Care,Health and Medicine,Competitor dept: Health and Medicine,Soylent
E0409,ENTER,Scivation,Walmart: Health and Medicine > Protein > Scivation,Healthcare Supplies,Healthcare Supplies > OTC Pharmaceuticals,Healthcare Supplies > OTC Pharmaceuticals > Medicine & Vitamins > Vitamins & Supplements,0.5449254481756424,1,Walmart,1,1,0,0.0,0.2,0.7842340511986997,15.52550038146405,0.0,0.0486914181375532,31.002309344790547,0.0,0.0,1.0,0.0,0,Healthcare Supplies > OTC Pharmaceuticals > Medicine & Vitamins > Vitamins & Supplements,Walmart::Health and Medicine > Protein > Scivation,0,,,,,OFF-BRAND,OFF-BRAND,OFF-BRAND,OFF-BRAND,0.39105841906393707,B,"Pass - real gap, wrong store for Staples","Health, safety & facilities",0.0,0.0,,232,Healthcare Supplies > OTC Pharmaceuticals,Health and Medicine,Competitor dept: Health and Medicine,Scivation
E0139,ENTER,Nicoderm Cq,Walmart: Health and Medicine > Quit Smoking > Nicoderm Cq,Healthcare Supplies,Healthcare Supplies > OTC Pharmaceuticals,Healthcare Supplies > OTC Pharmaceuticals > Medicine & Vitamins > Stop Smoking Aids,0.6885627518923315,1,Walmart,1,1,0,1.0,0.2,0.7842340511986997,15.489608994886797,0.0,1.1442483262325018,29.83496966354109,0.0,0.0,1.0,0.0,0,Healthcare Supplies > OTC Pharmaceuticals > Medicine & Vitamins > Stop Smoking Aids,Walmart::Health and Medicine > Quit Smoking > Nicoderm Cq,0,,,,,OFF-BRAND,OFF-BRAND,OFF-BRAND,OFF-BRAND,0.3909507449042053,B,"Pass - real gap, wrong store for Staples","Health, safety & facilities",0.0,0.0,,233,Healthcare Supplies > OTC Pharmaceuticals,Health and Medicine,Competitor dept: Health and Medicine,Nicoderm Cq
E0178,ENTER,Hobart,Walmart: Industrial & Scientific > Featured Brands > Hobart,Restaurant & Foodservice Supplies,Restaurant & Foodservice Supplies > Commercial Restaurant Equipment,Restaurant & Foodservice Supplies > Commercial Restaurant Equipment > Equipment Parts & Accessories,0.5939607019554172,1,Walmart,1,1,0,0.0,0.2,0.7842340511986997,15.434313475846825,0.0,3.7492391965916014,27.119387755102046,0.0,0.0,1.0,0.0,0,Restaurant & Foodservice Supplies > Commercial Restaurant Equipment > Equipment Parts & Accessories,Walmart::Industrial & Scientific > Featured Brands > Hobart,0,,,,,OFF-BRAND,OFF-BRAND,OFF-BRAND,OFF-BRAND,0.3907848583470854,B,"Pass - real gap, wrong store for Staples","Breakroom, kitchen & hospitality",0.0,0.0,,234,Restaurant & Foodservice Supplies > Commercial Restaurant Equipment,Industrial & Scientific,Competitor dept: Industrial & Scientific,Hobart
E0146,ENTER,Lalaloopsy,Walmart: Seasonal > Character Corner > Lalaloopsy,Furniture,Furniture > Decor,Furniture > Decor > Seasonal Decor > Window & Wall Decor & Signs,0.6305310093010941,1,Walmart,1,1,0,0.0,0.2,0.7842340511986997,15.37520251122795,0.0,6.902008520998174,23.848396501457728,0.0,0.0,1.0,0.0,0,Furniture > Decor > Seasonal Decor > Window & Wall Decor & Signs,Walmart::Seasonal > Character Corner > Lalaloopsy,0,,,,,OFF-BRAND,OFF-BRAND,OFF-BRAND,OFF-BRAND,0.39060752545322874,B,"Pass - real gap, wrong store for Staples",Home décor & furnishings,0.0,0.0,,235,Furniture > Decor,Seasonal,Competitor dept: Seasonal,Lalaloopsy
E0203,ENTER,Ayr,Walmart: Health and Medicine > Allergy Medicine > Ayr,Healthcare Supplies,Healthcare Supplies > OTC Pharmaceuticals,"Healthcare Supplies > OTC Pharmaceuticals > Medicine & Vitamins > Cough, Cold, Flu & Allergy",0.6985342599571571,1,Walmart,1,1,0,1.0,0.2,0.7842340511986997,15.373522799259693,0.0,11.016433353621425,19.73061224489796,0.0,0.0,1.0,0.0,0,"Healthcare Supplies > OTC Pharmaceuticals > Medicine & Vitamins > Cough, Cold, Flu & Allergy",Walmart::Health and Medicine > Allergy Medicine > Ayr,0,,,,,OFF-BRAND,OFF-BRAND,OFF-BRAND,OFF-BRAND,0.39060248631732397,B,"Pass - real gap, wrong store for Staples","Health, safety & facilities",0.0,0.0,,236,Healthcare Supplies > OTC Pharmaceuticals,Health and Medicine,Competitor dept: Health and Medicine,Ayr
E0198,ENTER,Hitachi,Walmart: Health and Medicine > Sexual Wellness Top Brands > Hitachi,Healthcare Supplies,Healthcare Supplies > Patient Care,Healthcare Supplies > Patient Care > Diagnostic & Exam Instruments > Health & Body Weight Scales,0.6185619568382839,1,Walmart,1,1,0,0.0,0.2,0.7842340511986997,15.245937620331151,0.0,7.924528301886792,22.56734693877551,0.0,0.0,1.0,0.0,0,Healthcare Supplies > Patient Care > Diagnostic & Exam Instruments > Health & Body Weight Scales,Walmart::Health and Medicine > Sexual Wellness Top Brands > Hitachi,0,,,,,OFF-BRAND,OFF-BRAND,OFF-BRAND,OFF-BRAND,0.39021973078053834,B,"Pass - real gap, wrong store for Staples","Health, safety & facilities",0.0,0.0,,237,Healthcare Supplies > OTC Pharmaceuticals,Health and Medicine,Competitor dept: Health and Medicine,Hitachi
E0383,ENTER,Bpi Sports,Walmart: Health and Medicine > Protein > Bpi Sports,Healthcare Supplies,Healthcare Supplies > OTC Pharmaceuticals,Healthcare Supplies > OTC Pharmaceuticals > Medicine & Vitamins > Clinical Nutrition,0.6071449926973493,1,Walmart,1,1,0,1.0,0.2,0.8230394148720033,15.53396067653037,3.6108309361912783,0.7181984175289107,30.34972293553183,0.0,7.2216618723825565,2.0,0.0,0,"Coffee, Water & Snacks > Water & Beverages > Energy & Sports Drinks",Walmart::Health and Medicine > Protein > Bpi Sports,0,,,,,OFF-BRAND,OFF-BRAND,OFF-BRAND,OFF-BRAND,0.3900538837730504,B,"Pass - real gap, wrong store for Staples","Health, safety & facilities",0.0,0.0,,238,Healthcare Supplies > OTC Pharmaceuticals,Health and Medicine,Competitor dept: Health and Medicine,Bpi Sports
E0177,ENTER,Scooby-Doo Cards,Walmart: Party & Occasions > Scooby-Doo Party Supplies > Scooby-Doo Pinatas | Walmart: Party & Occasions > Scooby-Doo Party Supplies > Scooby-Doo Gift Wrap | Walmart: Party & Occasions > Scooby-Doo Party Supplies > Scooby-Doo Cards | Walmart: Party & Occasions > Scooby-Doo Party Supplies > Scooby-Doo Decorative Baking | Walmart: Party & Occasions > Scooby-Doo Party Supplies > Scooby-Doo Party Tableware,Party Supplies,Party Supplies > Party Favors & Costumes,Party Supplies > Party Favors & Costumes,0.6035021971244763,1,Walmart,5,1,0,1.0,0.2,0.7842340511986997,23.679200566410373,6.342149648647184,3.856360316494219,43.50204081632653,0.0,12.684299297294368,5.0,0.0,0,Party Supplies > Party Favors & Costumes,Walmart::Party & Occasions > Scooby-Doo Party Supplies > Scooby-Doo Cards,0,,,,,OFF-BRAND,OFF-BRAND,VERTICAL EXTENSION,OFF-BRAND,0.3891666498652133,C,"Pass - real gap, wrong store for Staples","Celebrations, gifting & creativity",0.0,0.0,,239,Party Supplies,Party & Occasions,Competitor dept: Party & Occasions,Scooby-Doo Cards
E0067,ENTER,Manitoba Harvest Hemp Protein,Walmart: Health and Medicine > Cleanses > Manitoba Harvest Hemp Protein | Walmart: Health and Medicine > Cleanses > Manitoba Harvest Hemp Seed Oil | Walmart: Health and Medicine > Cleanses > Manitoba Harvest Hemp Bites | Walmart: Health and Medicine > Cleanses > Manitoba Harvest,Healthcare Supplies,Healthcare Supplies > Personal Care,Healthcare Supplies > Personal Care > Skin Care > Cleanser,0.6422898407269585,1,Walmart,4,1,0,0.25,0.2,0.7842340511986997,14.716118008371947,0.0,7.398052343274498,22.034183673469393,0.0,0.0,4.0,0.0,0,Healthcare Supplies > Personal Care > Skin Care > Cleanser,Walmart::Health and Medicine > Cleanses > Manitoba Harvest Hemp Protein,0,,,,,OFF-BRAND,OFF-BRAND,OFF-BRAND,OFF-BRAND,0.38863027194466077,B,"Pass - real gap, wrong store for Staples","Health, safety & facilities",0.0,0.0,,240,Healthcare Supplies > Personal Care,Health and Medicine,Competitor dept: Health and Medicine,Manitoba Harvest Hemp Protein
E0270,ENTER,Cambro,Walmart: Industrial & Scientific > Featured Brands > Cambro,Restaurant & Foodservice Supplies,Restaurant & Foodservice Supplies > Commercial Restaurant Equipment,Restaurant & Foodservice Supplies > Commercial Restaurant Equipment > Food Display & Merchandising,0.5435398040627655,1,Walmart,1,1,0,0.0,0.2,0.7842340511986997,14.703942203783525,0.0,2.288496652465004,27.119387755102046,0.0,0.0,1.0,0.0,0,Restaurant & Foodservice Supplies > Commercial Restaurant Equipment > Food Display & Merchandising,Walmart::Industrial & Scientific > Featured Brands > Cambro,0,,,,,OFF-BRAND,OFF-BRAND,OFF-BRAND,OFF-BRAND,0.38859374453089546,B,"Pass - real gap, wrong store for Staples","Breakroom, kitchen & hospitality",0.0,0.0,,241,Restaurant & Foodservice Supplies > Commercial Restaurant Equipment,Industrial & Scientific,Competitor dept: Industrial & Scientific,Cambro
E0345,ENTER,Playboy,Walmart: Health and Medicine > Sexual Wellness Top Brands > Playboy,Healthcare Supplies,Healthcare Supplies > OTC Pharmaceuticals,Healthcare Supplies > OTC Pharmaceuticals > Hot & Cold Therapy,0.6139005091243561,1,Walmart,1,1,0,0.0,0.2,0.7842340511986997,14.631208466344543,0.0,6.695069993913573,22.56734693877551,0.0,0.0,1.0,0.0,0,Healthcare Supplies > OTC Pharmaceuticals > Hot & Cold Therapy,Walmart::Health and Medicine > Sexual Wellness Top Brands > Playboy,0,,,,,OFF-BRAND,OFF-BRAND,OFF-BRAND,OFF-BRAND,0.38837554331857854,B,"Pass - real gap, wrong store for Staples","Health, safety & facilities",0.0,0.0,,242,Healthcare Supplies > OTC Pharmaceuticals,Health and Medicine,Competitor dept: Health and Medicine,Playboy
E0002,ENTER,Keto,Walmart: Health and Medicine > Keto Diet > Keto | Walmart: Health and Medicine > Keto Diet > Working Out Keto | Walmart: Health and Medicine > Keto Diet > Keto Science | Walmart: Health and Medicine > Keto Diet > Keto Basics | Walmart: Health and Medicine > Keto Diet > Keto Friendly Proteins,Healthcare Supplies,Healthcare Supplies > OTC Pharmaceuticals,Healthcare Supplies > OTC Pharmaceuticals > Medicine & Vitamins > Vitamins & Supplements,0.6406465568210951,1,Walmart,5,1,0,0.6,0.2,0.7842340511986997,26.95398263505037,8.764277897912782,4.930006086427268,48.97795918367346,0.0,17.528555795825564,5.0,0.0,0,Healthcare Supplies > OTC Pharmaceuticals > Medicine & Vitamins > Vitamins & Supplements,Walmart::Health and Medicine > Keto Diet > Keto,1,,,,,OFF-BRAND,OFF-BRAND,VERTICAL EXTENSION,OFF-BRAND,0.38806554740209437,C,"Pass - real gap, wrong store for Staples","Health, safety & facilities",0.0,0.0,,243,Healthcare Supplies > OTC Pharmaceuticals,Health and Medicine,Competitor dept: Health and Medicine,Keto
E0204,ENTER,US Coast Guard,Walmart: Seasonal > US Military > US Coast Guard,Healthcare Supplies,Healthcare Supplies > Patient Care,Healthcare Supplies > Patient Care > Practice Front Desk Supplies > Medical Take Home Bags,0.6873414778852505,1,Walmart,1,1,0,1.0,0.2,0.7842340511986997,14.265418535034222,0.0,12.72063298843579,15.810204081632651,0.0,0.0,1.0,0.0,0,Healthcare Supplies > Patient Care > Practice Front Desk Supplies > Medical Take Home Bags,Walmart::Seasonal > US Military > US Coast Guard,0,,,,,OFF-BRAND,OFF-BRAND,OFF-BRAND,OFF-BRAND,0.38727817352464755,B,"Pass - real gap, wrong store for Staples",Home décor & furnishings,0.0,0.0,,244,Furniture > Decor,Seasonal,Competitor dept: Seasonal,US Coast Guard
E0191,ENTER,Boardwalk,Walmart: Industrial & Scientific > Featured Brands > Boardwalk,Restaurant & Foodservice Supplies,Restaurant & Foodservice Supplies > Commercial Restaurant Equipment,Restaurant & Foodservice Supplies > Commercial Restaurant Equipment > Equipment Parts & Accessories,0.6077827722767594,1,Walmart,1,1,0,1.0,0.2,0.7842340511986997,14.21664762070379,0.0,5.063907486305539,23.369387755102043,0.0,0.0,1.0,0.0,0,Restaurant & Foodservice Supplies > Commercial Restaurant Equipment > Equipment Parts & Accessories,Walmart::Industrial & Scientific > Featured Brands > Boardwalk,0,,,,,OFF-BRAND,OFF-BRAND,OFF-BRAND,OFF-BRAND,0.3871318607816563,B,"Pass - real gap, wrong store for Staples","Breakroom, kitchen & hospitality",0.0,0.0,,245,Restaurant & Foodservice Supplies > Commercial Restaurant Equipment,Industrial & Scientific,Competitor dept: Industrial & Scientific,Boardwalk
E0101,ENTER,Justice League Pinatas,Walmart: Party & Occasions > Justice League Party Supplies > Justice League Pinatas | Walmart: Party & Occasions > Justice League Party Supplies > Justice League Balloons,School Supplies,School Supplies > Preschool Supplies,Party Supplies > Party Favors & Costumes,0.6575066549053521,1,Walmart,2,1,0,1.0,0.2,0.7842340511986997,25.298234936092513,7.974559577156164,10.596469872185029,40.0,0.0,15.949119154312328,2.0,0.0,0,School Supplies > Preschool Supplies > Pretend Play & Dress Up,Walmart::Party & Occasions > Justice League Party Supplies > Justice League Pinatas,0,,,,,OFF-BRAND,OFF-BRAND,VERTICAL EXTENSION,OFF-BRAND,0.38685343849995524,C,"Pass - real gap, wrong store for Staples","Celebrations, gifting & creativity",0.0,0.0,,246,Party Supplies,Party & Occasions,Competitor dept: Party & Occasions,Justice League Pinatas
E0143,ENTER,Skyn,Walmart: Health and Medicine > Sexual Wellness Top Brands > Skyn,Healthcare Supplies,Healthcare Supplies > OTC Pharmaceuticals,Healthcare Supplies > OTC Pharmaceuticals > Medicine & Vitamins,0.6191216353866204,1,Walmart,1,1,0,0.0,0.2,0.7842340511986997,14.052997875961097,0.0,5.538648813146684,22.56734693877551,0.0,0.0,1.0,0.0,0,Healthcare Supplies > OTC Pharmaceuticals > Medicine & Vitamins,Walmart::Health and Medicine > Sexual Wellness Top Brands > Skyn,0,,,,,OFF-BRAND,OFF-BRAND,OFF-BRAND,OFF-BRAND,0.3866409115474282,B,"Pass - real gap, wrong store for Staples","Health, safety & facilities",0.0,0.0,,247,Healthcare Supplies > OTC Pharmaceuticals,Health and Medicine,Competitor dept: Health and Medicine,Skyn
E0199,ENTER,Romp,Walmart: Health and Medicine > Sexual Wellness Top Brands > Romp,Healthcare Supplies,Healthcare Supplies > Patient Care,Healthcare Supplies > Patient Care > Practice Front Desk Supplies > Medical Take Home Bags,0.6006645968339591,1,Walmart,1,1,0,0.0,0.2,0.7842340511986997,13.973874321487573,0.0,5.380401704199635,22.56734693877551,0.0,0.0,1.0,0.0,0,Healthcare Supplies > Patient Care > Practice Front Desk Supplies > Medical Take Home Bags,Walmart::Health and Medicine > Sexual Wellness Top Brands > Romp,0,,,,,OFF-BRAND,OFF-BRAND,OFF-BRAND,OFF-BRAND,0.38640354088400763,B,"Pass - real gap, wrong store for Staples","Health, safety & facilities",0.0,0.0,,248,Healthcare Supplies > OTC Pharmaceuticals,Health and Medicine,Competitor dept: Health and Medicine,Romp
E0120,ENTER,Country Farms,Walmart: Health and Medicine > Cleanses > Country Farms | Walmart: Health and Medicine > Cleanses > Country Farms Beets | Walmart: Health and Medicine > Cleanses > Country Farms Superfoods,Healthcare Supplies,Healthcare Supplies > Personal Care,Healthcare Supplies > Personal Care > Skin Care > Cleanser,0.6082473797021326,1,Walmart,3,1,0,0.3333333333333333,0.2,0.7842340511986997,13.973060915839808,0.0,5.968756340028404,21.97736549165121,0.0,0.0,3.0,0.0,0,Healthcare Supplies > Personal Care > Skin Care,Walmart::Health and Medicine > Cleanses > Country Farms,0,,,,,OFF-BRAND,OFF-BRAND,OFF-BRAND,OFF-BRAND,0.38640110066706435,B,"Pass - real gap, wrong store for Staples","Health, safety & facilities",0.0,0.0,,249,Healthcare Supplies > Personal Care,Health and Medicine,Competitor dept: Health and Medicine,Country Farms
E0112,ENTER,Navitas Organics,Walmart: Health and Medicine > Cleanses > Navitas Organics,Healthcare Supplies,Healthcare Supplies > Personal Care,Healthcare Supplies > Personal Care > Skin Care > Cleanser,0.6710425329607781,1,Walmart,1,1,0,1.0,0.2,0.7842340511986997,13.615944406866937,0.0,5.709068776628119,21.522820037105756,0.0,0.0,1.0,0.0,0,Healthcare Supplies > Personal Care > Skin Care > Cleanser,Walmart::Health and Medicine > Cleanses > Navitas Organics,0,,,,,OFF-BRAND,OFF-BRAND,OFF-BRAND,OFF-BRAND,0.3853297511401457,B,"Pass - real gap, wrong store for Staples","Health, safety & facilities",0.0,0.0,,250,Healthcare Supplies > Personal Care,Health and Medicine,Competitor dept: Health and Medicine,Navitas Organics
E0165,ENTER,VCF,Walmart: Health and Medicine > Sexual Wellness Top Brands > VCF,Healthcare Supplies,Healthcare Supplies > OTC Pharmaceuticals,Healthcare Supplies > OTC Pharmaceuticals > Medicine & Vitamins,0.5926695378219633,1,Walmart,1,1,0,0.0,0.2,0.7842340511986997,13.51739227644801,0.0,4.467437614120511,22.56734693877551,0.0,0.0,1.0,0.0,0,Healthcare Supplies > OTC Pharmaceuticals > Medicine & Vitamins,Walmart::Health and Medicine > Sexual Wellness Top Brands > VCF,0,,,,,OFF-BRAND,OFF-BRAND,OFF-BRAND,OFF-BRAND,0.38503409474888894,B,"Pass - real gap, wrong store for Staples","Health, safety & facilities",0.0,0.0,,251,Healthcare Supplies > OTC Pharmaceuticals,Health and Medicine,Competitor dept: Health and Medicine,VCF
E0073,ENTER,Sunfood Superfoods,Walmart: Health and Medicine > Cleanses > Sunfood Superfoods,Healthcare Supplies,Healthcare Supplies > OTC Pharmaceuticals,Healthcare Supplies > OTC Pharmaceuticals > Medicine & Vitamins > Vitamins & Supplements,0.6420355766670234,1,Walmart,1,1,0,1.0,0.2,0.7842340511986997,13.463783725187085,0.0,5.404747413268412,21.522820037105756,0.0,0.0,1.0,0.0,0,Healthcare Supplies > OTC Pharmaceuticals > Medicine & Vitamins > Vitamins & Supplements,Walmart::Health and Medicine > Cleanses > Sunfood Superfoods,0,,,,,OFF-BRAND,OFF-BRAND,OFF-BRAND,OFF-BRAND,0.38487326909510616,B,"Pass - real gap, wrong store for Staples","Health, safety & facilities",0.0,0.0,,252,Healthcare Supplies > Personal Care,Health and Medicine,Competitor dept: Health and Medicine,Sunfood Superfoods
E0384,ENTER,Equate Wart Removers,Walmart: Health and Medicine > Equate > Equate Wart Removers,Healthcare Supplies,Healthcare Supplies > Wound Care,Healthcare Supplies > Wound Care > Antiseptics & Antibiotics > Anti-Itch,0.6062266439537832,1,Walmart,1,1,0,1.0,0.2,0.7842340511986997,30.502085055193483,11.725203355528272,4.759586122945831,56.24458398744113,0.0,23.450406711056544,1.0,0.0,0,Retail Store Supplies > Spa & Salon > Nails > Nail Treatment & Remover,Walmart::Health and Medicine > Equate > Equate Wart Removers,0,,,,,OFF-BRAND,OFF-BRAND,VERTICAL EXTENSION,OFF-BRAND,0.3848676731848419,C,"Pass - real gap, wrong store for Staples","Health, safety & facilities",0.0,0.0,,253,Healthcare Supplies > OTC Pharmaceuticals,Health and Medicine,Competitor dept: Health and Medicine,Equate Wart Removers
E0051,ENTER,Cinco De Mayo Party Decorations,Walmart: Party & Occasions > Cinco de Mayo Party Supplies > Cinco De Mayo Party Decorations | Walmart: Party & Occasions > Cinco de Mayo Party Supplies > Cinco De Mayo Tableware | Walmart: Party & Occasions > Cinco de Mayo Party Supplies > Cinco de Mayo Banners & Garlands | Walmart: Party & Occasions > Cinco de Mayo Party Supplies > Cinco de Mayo Balloons | Walmart: Party & Occasions > Cinco de Mayo Party Supplies > Cinco De Mayo Party Wear and Accessories | Walmart: Party & Occasions > Cinco de Mayo Party Supplies > Cinco de Mayo Pinatas,Party Supplies,Party Supplies > Party Favors & Costumes,Party Supplies > Party Favors & Costumes,0.5190761781987631,1,Walmart,6,1,0,1.0,0.2,0.7842340511986997,20.718095734946445,5.516786079041085,2.505579224994928,38.930612244897965,0.0,11.03357215808217,6.0,0.0,0,Party Supplies > Balloons & Accessories > Balloons,Walmart::Party & Occasions > Cinco de Mayo Party Supplies > Cinco De Mayo Party Decorations,0,,,,,OFF-BRAND,OFF-BRAND,OFF-BRAND,OFF-BRAND,0.3842029555677413,B,"Pass - real gap, wrong store for Staples","Celebrations, gifting & creativity",0.0,0.0,,254,Party Supplies,Party & Occasions,Competitor dept: Party & Occasions,Cinco De Mayo Party Decorations
E0289,ENTER,onn,Walmart: Electronics > Walmart Exclusive Electronics > onn,"Phones, Cameras & Electronics","Phones, Cameras & Electronics","Phones, Cameras & Electronics",0.5790014995766501,1,Walmart,1,1,0,1.0,0.2,0.7842340511986997,23.768966673705393,7.619340127669042,1.5216068167985397,46.01632653061225,0.0,15.238680255338084,1.0,0.0,0,"Phones, Cameras & Electronics",Walmart::Electronics > Walmart Exclusive Electronics > onn,0,,,,,OFF-BRAND,OFF-BRAND,VERTICAL EXTENSION,OFF-BRAND,0.3841084536889475,C,"Pass - real gap, wrong store for Staples",Technology & connected workspace,0.0,0.0,,255,"Phones, Cameras & Electronics",Electronics,Competitor dept: Electronics,onn
E0158,ENTER,Pjur,Walmart: Health and Medicine > Sexual Wellness Top Brands > Pjur,Healthcare Supplies,Healthcare Supplies > OTC Pharmaceuticals,Healthcare Supplies > OTC Pharmaceuticals > Medicine & Vitamins,0.5833940205933348,1,Walmart,1,1,0,0.0,0.2,0.7842340511986997,13.024391667805284,0.0,3.481436396835058,22.56734693877551,0.0,0.0,1.0,0.0,0,Healthcare Supplies > OTC Pharmaceuticals > Medicine & Vitamins,Walmart::Health and Medicine > Sexual Wellness Top Brands > Pjur,0,,,,,OFF-BRAND,OFF-BRAND,OFF-BRAND,OFF-BRAND,0.38355509292296075,B,"Pass - real gap, wrong store for Staples","Health, safety & facilities",0.0,0.0,,256,Healthcare Supplies > OTC Pharmaceuticals,Health and Medicine,Competitor dept: Health and Medicine,Pjur
E0181,ENTER,Lelo Hex,Walmart: Health and Medicine > Sexual Wellness Top Brands > Lelo Hex | Walmart: Health and Medicine > Sexual Wellness Top Brands > Lelo,Healthcare Supplies,Healthcare Supplies > OTC Pharmaceuticals,Healthcare Supplies > OTC Pharmaceuticals > Medicine & Vitamins,0.5804180270036687,1,Walmart,2,1,0,0.0,0.2,0.7842340511986997,12.951354540598954,0.0,3.3353621424223983,22.56734693877551,0.0,0.0,2.0,0.0,0,Healthcare Supplies > OTC Pharmaceuticals > Medicine & Vitamins,Walmart::Health and Medicine > Sexual Wellness Top Brands > Lelo Hex,0,,,,,OFF-BRAND,OFF-BRAND,OFF-BRAND,OFF-BRAND,0.38333598154134174,B,"Pass - real gap, wrong store for Staples","Health, safety & facilities",0.0,0.0,,257,Healthcare Supplies > OTC Pharmaceuticals,Health and Medicine,Competitor dept: Health and Medicine,Lelo Hex
E0284,ENTER,Womanizer,Walmart: Health and Medicine > Sexual Wellness Top Brands > Womanizer,Healthcare Supplies,Healthcare Supplies > OTC Pharmaceuticals,Healthcare Supplies > OTC Pharmaceuticals > Medicine & Vitamins > Stop Smoking Aids,0.5877333009989782,1,Walmart,1,1,0,1.0,0.2,0.7842340511986997,12.944811631286722,0.0,3.822276323797931,22.06734693877551,0.0,0.0,1.0,0.0,0,Healthcare Supplies > OTC Pharmaceuticals > Medicine & Vitamins > Stop Smoking Aids,Walmart::Health and Medicine > Sexual Wellness Top Brands > Womanizer,0,,,,,OFF-BRAND,OFF-BRAND,OFF-BRAND,OFF-BRAND,0.3833163528134051,B,"Pass - real gap, wrong store for Staples","Health, safety & facilities",0.0,0.0,,258,Healthcare Supplies > OTC Pharmaceuticals,Health and Medicine,Competitor dept: Health and Medicine,Womanizer
E0049,ENTER,Shimmer and Shine Cards,Walmart: Party & Occasions > Shimmer and Shine Party Supplies > Shimmer and Shine Cards | Walmart: Party & Occasions > Shimmer and Shine Party Supplies > Shimmer and Shine Party Tableware,Party Supplies,Party Supplies > Wedding Supplies,Retail Store Supplies > Spa & Salon > Hair > Hair Color & Supplies,0.6221315495830747,1,Walmart,2,1,0,1.0,0.2,0.7842340511986997,25.26228775137566,8.824752956911233,8.606208155812539,41.91836734693878,0.0,17.649505913822466,2.0,0.0,0,Party Supplies > Party Favors & Costumes,Walmart::Party & Occasions > Shimmer and Shine Party Supplies > Shimmer and Shine Cards,0,,,,,OFF-BRAND,OFF-BRAND,VERTICAL EXTENSION,OFF-BRAND,0.3831810994800735,C,"Pass - real gap, wrong store for Staples","Celebrations, gifting & creativity",0.0,0.0,,259,Party Supplies,Party & Occasions,Competitor dept: Party & Occasions,Shimmer and Shine Cards
E0338,ENTER,Lifestyles,Walmart: Health and Medicine > Sexual Wellness Top Brands > Lifestyles,Healthcare Supplies,Healthcare Supplies > Personal Care,Healthcare Supplies > Personal Care,0.6923231606235626,1,Walmart,1,1,0,0.0,0.2,0.7842340511986997,12.773924006608121,0.0,2.6049908703591,22.942857142857143,0.0,0.0,1.0,0.0,0,Healthcare Supplies > Personal Care,Walmart::Health and Medicine > Sexual Wellness Top Brands > Lifestyles,0,,,,,OFF-BRAND,OFF-BRAND,OFF-BRAND,OFF-BRAND,0.38280368993936925,B,"Pass - real gap, wrong store for Staples","Health, safety & facilities",0.0,0.0,,260,Healthcare Supplies > OTC Pharmaceuticals,Health and Medicine,Competitor dept: Health and Medicine,Lifestyles
E0359,ENTER,Mardi Gras Masks,Walmart: Party & Occasions > Mardi Gras Party Supplies > Mardi Gras Masks,Party Supplies,Party Supplies > Party Favors & Costumes,Party Supplies > Party Favors & Costumes,0.6512161488143056,1,Walmart,1,1,0,1.0,0.2,0.7842340511986997,24.183357968872276,8.270711429988811,5.6238587948874015,42.74285714285715,0.0,16.541422859977622,1.0,0.0,0,Party Supplies > Party Favors & Costumes,Walmart::Party & Occasions > Mardi Gras Party Supplies > Mardi Gras Masks,0,,,,,OFF-BRAND,OFF-BRAND,VERTICAL EXTENSION,OFF-BRAND,0.3825404792114854,C,"Pass - real gap, wrong store for Staples","Celebrations, gifting & creativity",0.0,0.0,,261,Party Supplies,Party & Occasions,Competitor dept: Party & Occasions,Mardi Gras Masks
E0324,ENTER,Okamoto,Walmart: Health and Medicine > Sexual Wellness Top Brands > Okamoto,Healthcare Supplies,Healthcare Supplies > OTC Pharmaceuticals,Healthcare Supplies > OTC Pharmaceuticals > Medicine & Vitamins > Stop Smoking Aids,0.5502016902230307,1,Walmart,1,1,0,0.0,0.2,0.7842340511986997,12.4887860682922,0.0,2.4102251978088867,22.56734693877551,0.0,0.0,1.0,0.0,0,Healthcare Supplies > OTC Pharmaceuticals > Medicine & Vitamins > Stop Smoking Aids,Walmart::Health and Medicine > Sexual Wellness Top Brands > Okamoto,0,,,,,OFF-BRAND,OFF-BRAND,OFF-BRAND,OFF-BRAND,0.3819482761244215,B,"Pass - real gap, wrong store for Staples","Health, safety & facilities",0.0,0.0,,262,Healthcare Supplies > OTC Pharmaceuticals,Health and Medicine,Competitor dept: Health and Medicine,Okamoto
E0008,ENTER,US Army,Walmart: Seasonal > US Military > US Navy | Walmart: Seasonal > US Military > US Army | Walmart: Seasonal > US Military > US Marines,Healthcare Supplies,Healthcare Supplies > Patient Care,Healthcare Supplies > Patient Care > Practice Front Desk Supplies > Medical Take Home Bags,0.6569966597544656,1,Walmart,3,1,0,0.0,0.2,0.7842340511986997,11.694917419189222,0.0,7.57963075674579,15.810204081632653,0.0,0.0,3.0,0.0,0,Healthcare Supplies > Patient Care > Practice Front Desk Supplies > Medical Take Home Bags,Walmart::Seasonal > US Military > US Army,0,,,,,OFF-BRAND,OFF-BRAND,OFF-BRAND,OFF-BRAND,0.3795666701771126,B,"Pass - real gap, wrong store for Staples",Home décor & furnishings,0.0,0.0,,263,Furniture > Decor,Seasonal,Competitor dept: Seasonal,US Army
E0250,ENTER,Durex,Walmart: Health and Medicine > Sexual Wellness Top Brands > Durex,Healthcare Supplies,Healthcare Supplies > Personal Dental Care,Healthcare Supplies > Personal Dental Care > Oral Care,0.5912258992675581,1,Walmart,1,1,0,0.0,0.2,0.7842340511986997,11.580984262238067,0.0,0.2191113816189896,22.942857142857143,0.0,0.0,1.0,0.0,0,Healthcare Supplies > Personal Dental Care > Oral Care,Walmart::Health and Medicine > Sexual Wellness Top Brands > Durex,0,,,,,OFF-BRAND,OFF-BRAND,OFF-BRAND,OFF-BRAND,0.3792248707062591,B,"Pass - real gap, wrong store for Staples","Health, safety & facilities",0.0,0.0,,264,Healthcare Supplies > OTC Pharmaceuticals,Health and Medicine,Competitor dept: Health and Medicine,Durex
E0069,ENTER,WWE Toys,Walmart: Seasonal > WWE > WWE Toys,Gift Shop,Gift Shop > Game Room & Toys,Gift Shop > Game Room & Toys,0.479521289688579,1,Walmart,1,1,0,1.0,0.2,0.7842340511986997,12.758038786334463,2.3577952740374846,1.6676810712111991,23.848396501457728,0.0,4.715590548074969,1.0,0.0,0,Gift Shop > Game Room & Toys,Walmart::Seasonal > WWE > WWE Toys,0,,,,,OFF-BRAND,OFF-BRAND,OFF-BRAND,OFF-BRAND,0.37373143059123537,B,"Pass - real gap, wrong store for Staples",Home décor & furnishings,0.0,0.0,,265,Furniture > Decor,Seasonal,Competitor dept: Seasonal,WWE Toys
E0212,ENTER,Super Mario Bros Tableware,Walmart: Party & Occasions > Super Mario Bros Party Supplies > Super Mario Bros Tableware,Party Supplies,Party Supplies > Party Favors & Costumes,Party Supplies > Party Favors & Costumes,0.6067041380312013,1,Walmart,1,1,0,1.0,0.2,0.7842340511986997,26.27724794117282,11.82423310684708,4.930006086427268,47.62448979591837,0.0,23.64846621369416,1.0,0.0,0,Party Supplies > Party Favors & Costumes,Walmart::Party & Occasions > Super Mario Bros Party Supplies > Super Mario Bros Tableware,0,,,,,OFF-BRAND,OFF-BRAND,VERTICAL EXTENSION,OFF-BRAND,0.3732600676054334,C,"Pass - real gap, wrong store for Staples","Celebrations, gifting & creativity",0.0,0.0,,266,Party Supplies,Party & Occasions,Competitor dept: Party & Occasions,Super Mario Bros Tableware
E0184,ENTER,Caskets,Walmart: Home > Funeral > Caskets,Party Supplies,Party Supplies > Wedding Supplies,Party Supplies > Wedding Supplies > Wedding Decorations & Supplies,0.486084147372052,1,Walmart,1,1,0,1.0,0.2,0.7842340511986997,9.471655880855078,0.0,1.3024954351795497,17.640816326530608,0.0,0.0,1.0,0.0,0,Office Supplies > Storage & Organization > Storage Baskets,Walmart::Home > Funeral > Caskets,0,,,,,OFF-BRAND,OFF-BRAND,OFF-BRAND,OFF-BRAND,0.37289688556211015,B,"Pass - real gap, wrong store for Staples","Celebrations, gifting & creativity",0.0,0.0,,267,Party Supplies > Wedding Supplies,Home,Competitor dept: Home,Caskets
D0012,DEEPEN,Nuts & Seeds,"Coffee, Water & Snacks > Snacks & Food > Nuts & Seeds","Coffee, Water & Snacks","Coffee, Water & Snacks > Snacks & Food","Coffee, Water & Snacks > Snacks & Food > Nuts & Seeds",1.0,2,"OfficeDepot, Walmart",2,2,0,0.0,0.4,0.6582458949981151,36.229549630006545,22.33778934012888,,,,,,,1,"Coffee, Water & Snacks > Snacks & Food > Nuts & Seeds","Staples::Coffee, Water & Snacks > Snacks & Food > Nuts & Seeds",0,"Nuts & Bars, Grow Media Seeds Supplies, Pre-Seed",65.0,1.684848364990807,3.0,OFF-BRAND,,,OFF-BRAND,0.37206001215984086,B,"Pass - real gap, wrong store for Staples","Breakroom, kitchen & hospitality",0.0,0.0,,268,"Coffee, Water & Snacks > Snacks & Food",,"Coffee, Water & Snacks > Snacks & Food",Nuts & Seeds
E0237,ENTER,Monster Jam Tableware,Walmart: Party & Occasions > Monster Jam Party Supplies > Monster Jam Tableware,Party Supplies,Party Supplies > Party Favors & Costumes,Party Supplies > Party Favors & Costumes,0.6585643837326043,1,Walmart,1,1,0,1.0,0.2,0.7842340511986997,28.87716099221186,17.024225025002014,9.786975045648203,47.96734693877551,0.0,34.04845005000403,1.0,0.0,0,Party Supplies > Party Favors & Costumes,Walmart::Party & Occasions > Monster Jam Party Supplies > Monster Jam Tableware,0,,,,,OFF-BRAND,OFF-BRAND,VERTICAL EXTENSION,OFF-BRAND,0.3577196854146757,C,"Pass - real gap, wrong store for Staples","Celebrations, gifting & creativity",0.0,0.0,,269,Party Supplies,Party & Occasions,Competitor dept: Party & Occasions,Monster Jam Tableware
E0387,ENTER,Sobriety Coins & Chips,Amazon: Health & Personal Care > Wellness & Relaxation > Sobriety Coins & Chips,Healthcare Supplies,Healthcare Supplies > Physical Therapy and Rehabilitation Equipment,Retail Store Supplies > Spa & Salon > Spa & Massage > Massage & Recovery Tools,0.6783270421412553,1,Amazon,1,1,0,1.0,0.2,0.904,25.457507421714883,26.814927939648896,12.63542300669507,38.279591836734696,0.0,53.62985587929779,1.0,0.0,0,Retail Store Supplies > Spa & Salon > Spa & Massage > Massage & Recovery Tools,Amazon::Health & Personal Care > Wellness & Relaxation > Sobriety Coins & Chips,0,,,,,OFF-BRAND,OFF-BRAND,REVIEW,OFF-BRAND,0.33868040389525045,C,"Pass - real gap, wrong store for Staples","Health, safety & facilities",0.0,0.0,,270,Healthcare Supplies > Physical Therapy and Rehabilitation Equipment,Health & Personal Care,Competitor dept: Health & Personal Care,Sobriety Coins & Chips
E0029,ENTER,Bathroom Tiles & Flooring,Wayfair: Shop Contractor Spaces > Bathroom Renovation > Bathroom Tiles & Flooring | WestElm: Bath > Bathroom Renovation > Bathroom Hardware,Facilities,Facilities > Plumbing,Facilities > Plumbing > Bathroom Hardware,0.8886193664375762,5,"Amazon, OfficeDepot, Walmart, Wayfair, WestElm",2,2,3,0.0,1.0,0.7337932305270929,83.65306122448979,46.64311926605504,100.0,67.3061224489796,63.08990825688073,30.196330275229354,2.0,64.0,0,Facilities > Plumbing > Bathroom Hardware > Bathroom Safety Hardware,Wayfair::Shop Contractor Spaces > Bathroom Renovation > Bathroom Tiles & Flooring,2,,,,,REVIEW,1P-CORE GAP,CURATE,REVIEW,0.4576882874884782,B,Merchant decision - sits next to a 1P line,"Health, safety & facilities",0.11,0.008,,1,Facilities > Plumbing,Shop Contractor Spaces,Facilities > Plumbing,Bathroom Tiles & Flooring
E0205,ENTER,Fountain Accessories,"Amazon: Patio, Lawn & Garden > Outdoor Décor > Fountain Accessories",Furniture,Furniture > Lamps & Lighting,Gift Shop > Professional Gifts > Compasses > Outdoor Decor,0.7671704749520792,3,"Amazon, Walmart, Wayfair",1,1,2,0.0,0.6,0.8912657864039563,87.24241370315626,43.72077636718749,78.7705416920268,95.71428571428572,33.34343952682782,54.09811320754716,1.0,0.0,0,Facilities > Plumbing > Drinking Fountain Repair & Accessories,"Amazon::Patio, Lawn & Garden > Outdoor Décor > Fountain Accessories",1,,,,,REVIEW,CURATE,REVIEW,REVIEW,0.4410435417434542,B,Merchant decision - sits next to a 1P line,"Celebrations, gifting & creativity",0.246,0.002,,2,Party Supplies > Party Décor,"Patio, Lawn & Garden",Party Supplies > Party Décor,Fountain Accessories
D0031,DEEPEN,Bath Mats & Towels,Furniture > Decor > Bath Mats & Towels,Furniture,Furniture > Decor,Furniture > Decor > Bath Mats & Towels,1.0,4,"OfficeDepot, Walmart, Wayfair, WestElm",5,4,0,0.0,0.8,0.7927910189805393,74.44203808605157,44.813263359235656,,,,,,,1,Furniture > Decor > Bath Mats & Towels,Staples::Furniture > Decor > Bath Mats & Towels,0,"Beach Towels, Towel Storage, Towels",3.0,1.4350845252893225,3.0,REVIEW,,,REVIEW,0.4308996792345882,A,Merchant decision - sits next to a 1P line,Home décor & furnishings,0.176,0.0,,3,Furniture > Decor,,Furniture > Decor,Bath Mats & Towels
D0041,DEEPEN,Outdoor Lighting,Furniture > Lamps & Lighting > Outdoor Lighting,Furniture,Furniture > Lamps & Lighting,Furniture > Lamps & Lighting > Outdoor Lighting,1.0,2,"Amazon, Wayfair",3,2,0,0.0,0.4,0.9342295918367347,85.91342021523218,43.15200394953751,,,,,,,1,Furniture > Lamps & Lighting > Outdoor Lighting,Staples::Furniture > Lamps & Lighting > Outdoor Lighting,0,"Outdoor Lighting, Office Lighting, Lighting",18.0,0.8954694040605696,3.0,REVIEW,,,REVIEW,0.41198914817732435,B,Merchant decision - sits next to a 1P line,Outdoor living & grounds,0.282,0.0,,4,Furniture > Lamps & Lighting,,Furniture > Lamps & Lighting,Outdoor Lighting
D0022,DEEPEN,Bookcases & Bookshelves,Furniture > Bookcases & Bookshelves,Furniture,Furniture > Bookcases & Bookshelves,Furniture > Bookcases & Bookshelves,1.0,3,"OfficeDepot, Walmart, Wayfair",4,3,0,0.0,0.6,0.840784010351049,88.34534068071439,48.38318647638268,,,,,,,1,Furniture > Bookcases & Bookshelves,Staples::Furniture > Bookcases & Bookshelves,0,"Bookcases, Baby & Kids Bookcases, Metal Bookcases",384.0,0.7813200851371748,2.0,REVIEW,,,REVIEW,0.3970935278332549,A,Merchant decision - sits next to a 1P line,Home décor & furnishings,0.05,0.0,,5,Furniture > Bookcases & Bookshelves,,Furniture > Bookcases & Bookshelves,Bookcases & Bookshelves
D0063,DEEPEN,Dinnerware,Restaurant & Foodservice Supplies > Tabletop > Dinnerware,Restaurant & Foodservice Supplies,Restaurant & Foodservice Supplies > Tabletop,Restaurant & Foodservice Supplies > Tabletop > Dinnerware,1.0,2,"Wayfair, WestElm",4,2,0,0.0,0.4,0.7918829169598873,84.1166272084001,42.615830487400885,,,,,,,1,Restaurant & Foodservice Supplies > Tabletop > Dinnerware,Staples::Restaurant & Foodservice Supplies > Tabletop > Dinnerware,0,"Dinnerware, Dinnerware Sets, Dinnerware & Stemware Storage",23.0,0.7061730941957276,3.0,REVIEW,,,REVIEW,0.3841921235476386,B,Merchant decision - sits next to a 1P line,"Breakroom, kitchen & hospitality",0.32,0.0,,6,Restaurant & Foodservice Supplies > Tabletop,,Restaurant & Foodservice Supplies > Tabletop,Dinnerware
D0040,DEEPEN,Ceiling Lighting,Furniture > Lamps & Lighting > Ceiling Lighting,Furniture,Furniture > Lamps & Lighting,Furniture > Lamps & Lighting > Ceiling Lighting,1.0,2,"Wayfair, WestElm",4,2,0,0.0,0.4,0.895935960591133,91.23802212687617,47.21810447409165,,,,,,,1,Furniture > Lamps & Lighting > Ceiling Lighting,Staples::Furniture > Lamps & Lighting > Ceiling Lighting,0,"Chandeliers, Pendant Lighting, Flush Mount Lighting",56.0,0.9809773950992211,3.0,REVIEW,,,REVIEW,0.38387832023739976,B,Merchant decision - sits next to a 1P line,Home décor & furnishings,0.09,0.0,,7,Furniture > Lamps & Lighting,,Furniture > Lamps & Lighting,Ceiling Lighting
D0020,DEEPEN,Bathroom Hardware,Facilities > Plumbing > Bathroom Hardware,Facilities,Facilities > Plumbing,Facilities > Plumbing > Bathroom Hardware,1.0,2,"Amazon, Wayfair",4,2,0,0.0,0.4,0.9164760204081632,83.85979720167322,46.488551717368686,,,,,,,3,Facilities > Plumbing > Bathroom Hardware,Staples::Facilities > Plumbing > Bathroom Hardware,0,"Bathroom Hardware, Window Treatment Hardware, Compressed Air Treatment",60.0,0.6720400661887371,3.0,REVIEW,,,REVIEW,0.38118666071336355,B,Merchant decision - sits next to a 1P line,"Health, safety & facilities",0.114,0.0,,8,Facilities > Plumbing,,Facilities > Plumbing,Bathroom Hardware
D0074,DEEPEN,Garage Storage Equipment,"Tools, Parts & Supplies > Tool & Garage Organization > Garage Storage Equipment","Tools, Parts & Supplies","Tools, Parts & Supplies > Tool & Garage Organization","Tools, Parts & Supplies > Tool & Garage Organization > Garage Storage Equipment",1.0,2,"Walmart, Wayfair",3,2,0,0.0,0.4,0.9228413505792403,79.52200163606005,47.872150789661255,,,,,,,1,"Tools, Parts & Supplies > Tool & Garage Organization > Garage Storage Equipment","Staples::Tools, Parts & Supplies > Tool & Garage Organization > Garage Storage Equipment",0,"Garage Storage Systems, Garage Shelving Accessories, Bike Storage",84.0,1.0635209688568394,3.0,REVIEW,,,REVIEW,0.3657083878883497,B,Merchant decision - sits next to a 1P line,"Health, safety & facilities",0.062,0.0,,9,"Tools, Parts & Supplies > Tool & Garage Organization",,"Tools, Parts & Supplies > Tool & Garage Organization",Garage Storage Equipment
D0003,DEEPEN,Microwaves,Appliances & Kitchenware > Small Appliances > Microwaves,Appliances & Kitchenware,Appliances & Kitchenware > Small Appliances,Appliances & Kitchenware > Small Appliances > Microwaves,1.0,2,"OfficeDepot, Wayfair",3,2,0,0.0,0.4,0.5635104192279321,92.4875863686639,43.32086738463801,,,,,,,1,Appliances & Kitchenware > Small Appliances > Microwaves,Staples::Appliances & Kitchenware > Small Appliances > Microwaves,0,Microwaves,105.0,0.7906579718136546,3.0,REVIEW,,,REVIEW,0.34840175708888793,B,Merchant decision - sits next to a 1P line,"Breakroom, kitchen & hospitality",0.266,0.0,,10,Appliances & Kitchenware > Small Appliances,,Appliances & Kitchenware > Small Appliances,Microwaves
D0014,DEEPEN,"Electrical (competitors: Plugs, Push-In Plugs, Optoelectronic Products)",Facilities > Electrical and Wiring > Electrical,Facilities,Facilities > Electrical and Wiring,Facilities > Electrical and Wiring > Electrical,1.0,2,"Amazon, OfficeDepot",4,2,0,0.0,0.4,0.6238246987951808,82.25680403207372,43.19601062124004,,,,,,,6,Facilities > Electrical and Wiring > Electrical,Staples::Facilities > Electrical and Wiring > Electrical,0,"Plugs, Push-In Plugs, Optoelectronic Products",18.0,0.596544524138131,3.0,REVIEW,,,REVIEW,0.343726084283317,B,Merchant decision - sits next to a 1P line,"Health, safety & facilities",0.278,0.0,,11,Facilities > Electrical and Wiring,,Facilities > Electrical and Wiring,Electrical (e.g. Plugs)
D0064,DEEPEN,Flatware,Restaurant & Foodservice Supplies > Tabletop > Flatware,Restaurant & Foodservice Supplies,Restaurant & Foodservice Supplies > Tabletop,Restaurant & Foodservice Supplies > Tabletop > Flatware,1.0,2,"Walmart, Wayfair",2,2,0,0.0,0.4,0.6424504883298128,93.24933235619264,46.764162155113056,,,,,,,1,Restaurant & Foodservice Supplies > Tabletop > Flatware,Staples::Restaurant & Foodservice Supplies > Tabletop > Flatware,0,"Flatware & Silverware, Flatware, Outdoor Flatware",10.0,2.422944939780027,3.0,REVIEW,,,REVIEW,0.34316122814691913,B,Merchant decision - sits next to a 1P line,"Breakroom, kitchen & hospitality",0.106,0.0,,12,Restaurant & Foodservice Supplies > Tabletop,,Restaurant & Foodservice Supplies > Tabletop,Flatware
D0073,DEEPEN,Industrial Tape,"Tools, Parts & Supplies > Measuring & Leveling Tools > Industrial Tape","Tools, Parts & Supplies","Tools, Parts & Supplies > Measuring & Leveling Tools","Tools, Parts & Supplies > Measuring & Leveling Tools > Industrial Tape",1.0,2,"Amazon, OfficeDepot",2,2,0,0.0,0.4,0.6655240963855421,86.23872581031699,46.92182767582013,,,,,,,1,"Tools, Parts & Supplies > Measuring & Leveling Tools > Industrial Tape","Staples::Tools, Parts & Supplies > Measuring & Leveling Tools > Industrial Tape",0,"Industrial Drill Bits, Industrial Casters, Industrial Light Towers",2.0,3.1963976230937883,3.0,REVIEW,,,REVIEW,0.3352680690996435,B,Merchant decision - sits next to a 1P line,"Health, safety & facilities",0.1,0.0,,13,"Tools, Parts & Supplies > Measuring & Leveling Tools",,"Tools, Parts & Supplies > Measuring & Leveling Tools",Industrial Tape
D0023,DEEPEN,TV Stands,Furniture > Carts & Stands > TV Stands,Furniture,Furniture > Carts & Stands,Furniture > Carts & Stands > TV Stands,1.0,3,"OfficeDepot, Walmart, WestElm",5,3,0,0.0,0.6,0.5912939016431289,88.617835824437,53.03297491822034,,,,,,,1,Furniture > Carts & Stands > TV Stands,Staples::Furniture > Carts & Stands > TV Stands,0,"TV Stands, Printer Stands, Stands",62.0,0.8903943875705758,3.0,REVIEW,,,REVIEW,0.32069384048963484,A,Merchant decision - sits next to a 1P line,Home décor & furnishings,0.006,0.0,,14,Furniture > Carts & Stands,,Furniture > Carts & Stands,TV Stands
D0018,DEEPEN,Air Conditioners,Facilities > Heating & Cooling > Air Conditioners,Facilities,Facilities > Heating & Cooling,Facilities > Heating & Cooling > Air Conditioners,1.0,2,"Amazon, OfficeDepot",3,2,0,0.0,0.4,0.774927422263906,87.78059875087091,52.679700724693355,,,,,,,1,Facilities > Heating & Cooling > Air Conditioners,Staples::Facilities > Heating & Cooling > Air Conditioners,0,"Air Conditioners & Accessories, Air Conditioners, Evaporative Coolers",224.0,0.8954694040605696,3.0,REVIEW,,,REVIEW,0.3192068364727287,B,Merchant decision - sits next to a 1P line,"Health, safety & facilities",0.006,0.0,,15,Facilities > Heating & Cooling,,Facilities > Heating & Cooling,Air Conditioners
D0019,DEEPEN,Heaters,Facilities > Heating & Cooling > Heaters,Facilities,Facilities > Heating & Cooling,Facilities > Heating & Cooling > Heaters,1.0,3,"Amazon, OfficeDepot, Walmart",4,3,0,0.0,0.6,0.7223616624972055,80.04178141322777,55.860535725569136,,,,,,,1,Facilities > Heating & Cooling > Heaters,Staples::Facilities > Heating & Cooling > Heaters,0,"Space Heaters, Propane Patio Heaters, Water Heaters",137.0,1.1593101552581497,3.0,REVIEW,,,REVIEW,0.3102792142933825,A,Merchant decision - sits next to a 1P line,"Health, safety & facilities",0.004,0.0,,16,Facilities > Heating & Cooling,,Facilities > Heating & Cooling,Heaters
D0070,DEEPEN,Locker Accessories,School Supplies > Teacher Supplies > Locker Accessories,School Supplies,School Supplies > Teacher Supplies,School Supplies > Teacher Supplies > Locker Accessories,1.0,2,"OfficeDepot, Walmart",3,2,0,0.0,0.4,0.5338780457057812,59.80527515842706,40.44905037627744,,,,,,,1,School Supplies > Teacher Supplies > Locker Accessories,Staples::School Supplies > Teacher Supplies > Locker Accessories,0,"Locker Accessories, Baseball Accessories, Basketball Accessories",31.0,0.9093702890295814,3.0,REVIEW,,,REVIEW,0.3014904634366097,B,Merchant decision - sits next to a 1P line,"Celebrations, gifting & creativity",0.236,0.0,,17,School Supplies > Teacher Supplies,,School Supplies > Teacher Supplies,Locker Accessories
D0052,DEEPEN,Glue & Glue Sticks,"Office Supplies > Tape, Fasteners & Adhesives > Glue & Glue Sticks",Office Supplies,"Office Supplies > Tape, Fasteners & Adhesives","Office Supplies > Tape, Fasteners & Adhesives > Glue & Glue Sticks",1.0,2,"OfficeDepot, Walmart",2,2,0,0.0,0.4,0.6081917062806284,59.79304060516476,47.41295691432398,,,,,,,1,"Office Supplies > Tape, Fasteners & Adhesives > Glue & Glue Sticks","Staples::Office Supplies > Tape, Fasteners & Adhesives > Glue & Glue Sticks",0,"Glue, Glues Glue Removers, Glue Sticks",185.0,0.9730395520990626,3.0,REVIEW,,,REVIEW,0.2798925485146234,B,Merchant decision - sits next to a 1P line,Core office & business supplies,0.042,0.0,,18,"Office Supplies > Tape, Fasteners & Adhesives",,"Office Supplies > Tape, Fasteners & Adhesives",Glue & Glue Sticks
V0128,ENTER,Kid's Bedroom,Wayfair: Shop Contractor Spaces > Bedroom > Kid's Bedroom,Furniture,Furniture > Decor,Furniture > Decor > Beds & Bedding,0.7394284550261703,5,"Amazon, OfficeDepot, Walmart, Wayfair, WestElm",1,1,2,1.0,1.0,0.8341614849295995,45.39092998124387,0.0,30.65124771758978,60.13061224489796,0.0,0.0,1.0,0.0,0,Furniture > Decor > Home & Office Decor > Living Room Accents,Wayfair::Shop Contractor Spaces > Bedroom > Kid's Bedroom,0,,,,,VERIFY,OFF-BRAND,CURATE,VERTICAL EXTENSION,0.7781293096690914,B,"Already sold - fix naming / navigation so customers find it (findability, not assortment)",Home décor & furnishings,,,already carried: Furniture > Decor > Beds & Bedding,1,Furniture > Decor,Shop Contractor Spaces,Furniture > Decor,Kid's Bedroom
V0194,ENTER,Candlelight & Home Fragrance,WestElm: Pillows & Decor > Room Decor > Candlelight & Home Fragrance,Furniture,Furniture > Decor,Furniture > Decor > Candles,0.8323674336349878,3,"Amazon, Walmart, WestElm",1,1,1,1.0,0.6,0.8971169251822687,67.68855213418294,0.0,85.47778454047474,49.899319727891154,0.0,0.0,1.0,215.0,0,Furniture > Decor > Home & Office Decor,WestElm::Pillows & Decor > Room Decor > Candlelight & Home Fragrance,0,,,,,VERIFY,CURATE,VERTICAL EXTENSION,CURATE,0.7270565802163428,B,"Already sold - fix naming / navigation so customers find it (findability, not assortment)",Home décor & furnishings,,,already carried: Furniture > Decor > Candles,2,Furniture > Decor,Pillows & Decor,Furniture > Decor,Candlelight & Home Fragrance
V0443,ENTER,Evaporative Coolers,"Amazon: Home & Kitchen > Heating, Cooling & Air Quality > Evaporative Coolers",Facilities,Facilities > Heating & Cooling,Facilities > Heating & Cooling > Air Conditioners,0.8514837974057954,3,"Amazon, Walmart, Wayfair",1,1,1,1.0,0.6,0.8516477449573897,71.53136994298633,1.620104198041802,57.67498478393184,85.38775510204081,3.240208396083604,0.0,1.0,0.0,0,Facilities > Heating & Cooling,"Amazon::Home & Kitchen > Heating, Cooling & Air Quality > Evaporative Coolers",0,,,,,VERIFY,VERTICAL EXTENSION,CURATE,CURATE,0.7109628002620642,B,"Already sold - fix naming / navigation so customers find it (findability, not assortment)","Health, safety & facilities",,,already carried: Facilities > Heating & Cooling > Air Conditioners,3,Facilities > Heating & Cooling,Home & Kitchen,Facilities > Heating & Cooling,Evaporative Coolers
V0337,ENTER,HVAC,Amazon: Tools & Home Improvement > Building Supplies > HVAC,"Tools, Parts & Supplies","Tools, Parts & Supplies > Tool & Garage Organization",Facilities > Heating & Cooling,0.7467800870649384,3,"Amazon, Walmart, Wayfair",1,1,0,0.0,0.6,0.8987062625944323,61.91831269330618,0.0,31.05295191722459,92.78367346938776,0.0,0.0,1.0,0.0,0,Office Supplies > Office Basics > Office Supply Kits,Amazon::Tools & Home Improvement > Building Supplies > HVAC,0,,,,,VERIFY,OFF-BRAND,CURATE,CURATE,0.7103021299879698,B,"Already sold - fix naming / navigation so customers find it (findability, not assortment)","Health, safety & facilities",,,already carried: Facilities > Heating & Cooling,4,Facilities > Heating & Cooling,Tools & Home Improvement,Facilities > Heating & Cooling,HVAC
V0012,ENTER,"Quilts, Coverlets, & Sets","Amazon: Home & Kitchen > Bedding > Bedspreads, Coverlets & Sets | Wayfair: Bedding & Bath > Bedding & Bedding Sets > Quilts, Coverlets, & Sets | WestElm: Bedding > All Bedding > Quilts",Furniture,Furniture > Decor,Furniture > Decor > Beds & Bedding > Bedding,0.9375126631394926,4,"Amazon, Walmart, Wayfair, WestElm",3,3,0,1.0,0.8,0.7092670809993619,50.31723043447446,1.7525584538868806,67.429498884155,33.20496198479392,3.505116907773761,0.0,3.0,68.0,0,Furniture > Decor > Beds & Bedding > Bedding,"Wayfair::Bedding & Bath > Bedding & Bedding Sets > Quilts, Coverlets, & Sets",0,,,,,VERIFY,CURATE,OFF-BRAND,VERTICAL EXTENSION,0.6672918772890515,B,"Already sold - fix naming / navigation so customers find it (findability, not assortment)","Celebrations, gifting & creativity",,,already carried: Furniture > Decor > Beds & Bedding > Bedding,5,Furniture > Decor,Home & Kitchen,Furniture > Decor,"Quilts, Coverlets, & Sets"
V0279,ENTER,Boomboxes,Amazon: Electronics > Portable Audio & Video > Boomboxes,Audio,Audio > Portable Audio,Audio > Portable Audio > Portable Speakers & Radios,0.8336191394616281,3,"Amazon, OfficeDepot, Walmart",1,1,1,1.0,0.6,0.7172083467682749,65.61876358577516,0.0,39.86609860012173,91.37142857142857,0.0,0.0,1.0,0.0,0,Audio > Portable Audio > Portable Speakers & Radios,Amazon::Electronics > Portable Audio & Video > Boomboxes,0,,,,,VERIFY,OFF-BRAND,CURATE,CURATE,0.6578792121262217,B,"Already sold - fix naming / navigation so customers find it (findability, not assortment)",Technology & connected workspace,,,already carried: Audio > Portable Audio > Portable Speakers & Radios,6,Audio > Portable Audio,Electronics,Audio > Portable Audio,Boomboxes
V0076,ENTER,Sneeze Guards,Wayfair: Facilities & Maintenance > Safety & Emergency Supplies > Sneeze Guards,Safety Supplies,Safety Supplies,Furniture > Cubicle & Panel Systems > Desktop Privacy Panels,0.7982769452813117,3,"OfficeDepot, Walmart, Wayfair",1,1,0,1.0,0.6,0.6676294802819213,69.78893760790987,0.0,49.94522215459526,89.6326530612245,0.0,0.0,1.0,0.0,0,Safety Supplies,Wayfair::Facilities & Maintenance > Safety & Emergency Supplies > Sneeze Guards,0,,,,,VERIFY,VERTICAL EXTENSION,CURATE,CURATE,0.653037130922402,B,"Already sold - fix naming / navigation so customers find it (findability, not assortment)",Home décor & furnishings,,,already carried: Furniture > Cubicle & Panel Systems > Desktop Privacy Panels,7,Furniture > Cubicle & Panel Systems,Facilities & Maintenance,Furniture > Cubicle & Panel Systems,Sneeze Guards
V0063,ENTER,Ironing & Steaming,Wayfair: Organization > Cleaning & Laundry Organization > Ironing & Steaming | Wayfair: Shop Contractor Spaces > Laundry & Utility Room > Ironing & Steaming,Cleaning Supplies,Cleaning Supplies > Laundry Care,Cleaning Supplies > Laundry Care > Laundry Room Organization > Laundry Accessories,0.8790676837878595,2,"Walmart, Wayfair",2,1,0,1.0,0.4,0.8254716174360845,71.90141726806365,0.0,58.83140596469873,84.97142857142858,0.0,0.0,2.0,0.0,0,Cleaning Supplies > Laundry Care > Laundry Room Organization,Wayfair::Organization > Cleaning & Laundry Organization > Ironing & Steaming,0,,,,,VERIFY,VERTICAL EXTENSION,CURATE,CURATE,0.6446193179068205,B,"Already sold - fix naming / navigation so customers find it (findability, not assortment)","Health, safety & facilities",,,already carried: Cleaning Supplies > Laundry Care > Laundry Room Organization > Laundry Accessories,8,Cleaning Supplies > Laundry Care,Organization,Cleaning Supplies > Laundry Care,Ironing & Steaming
V0447,ENTER,Lenses,Amazon: Electronics > Camera & Photo > Lenses,"Phones, Cameras & Electronics","Phones, Cameras & Electronics > Cameras, Camcorders & Accessories","Phones, Cameras & Electronics > Cameras, Camcorders & Accessories > Camera & Camcorder Accessories",0.8496912246060596,3,"Amazon, OfficeDepot, Walmart",1,1,2,1.0,0.6,0.6848288286959857,62.888844448308845,0.0,45.149117468046256,80.62857142857143,0.0,0.0,1.0,0.0,0,Wearable Technology > Camera Glasses,Amazon::Electronics > Camera & Photo > Lenses,0,,,,,VERIFY,VERTICAL EXTENSION,CURATE,CURATE,0.6383566233885215,B,"Already sold - fix naming / navigation so customers find it (findability, not assortment)",Technology & connected workspace,,,"already carried: Phones, Cameras & Electronics > Cameras, Camcorders & Accessories > Camera & Camcorder Accessories",9,"Phones, Cameras & Electronics > Cameras, Camcorders & Accessories",Electronics,"Phones, Cameras & Electronics > Cameras, Camcorders & Accessories",Lenses
V0045,ENTER,Pull Out Pantries,Wayfair: Restaurant Storage > Cabinet & Pantry Organization > Pull Out Pantries,Furniture,Furniture > Storage Furniture,Appliances & Kitchenware > Kitchenware > Kitchen Accessories > Kitchen Storage & Organization,0.8177007792634636,2,"Walmart, Wayfair",1,1,0,1.0,0.4,0.8254716174360845,68.2301712894531,0.0,54.63177115033477,81.82857142857144,0.0,0.0,1.0,0.0,0,Appliances & Kitchenware > Kitchenware > Kitchen Accessories > Kitchen Storage & Organization,Wayfair::Restaurant Storage > Cabinet & Pantry Organization > Pull Out Pantries,0,,,,,VERIFY,VERTICAL EXTENSION,CURATE,CURATE,0.6336055799709888,B,"Already sold - fix naming / navigation so customers find it (findability, not assortment)","Breakroom, kitchen & hospitality",,,already carried: Appliances & Kitchenware > Kitchenware > Kitchen Accessories > Kitchen Storage & Organization,10,Appliances & Kitchenware > Kitchenware,Restaurant Storage,Appliances & Kitchenware > Kitchenware,Pull Out Pantries
V0285,ENTER,Substance Analysis Instrumentation,"Amazon: Industrial & Scientific > Test, Measure & Inspect > Substance Analysis Instrumentation",Laboratory & Scientific Supplies,Laboratory & Scientific Supplies > Lab Instruments & Equipment,Laboratory & Scientific Supplies > PH & Electrochemistry,0.7710878445089904,2,"Amazon, Walmart",1,1,1,1.0,0.4,0.8635197074360017,62.4230613487026,0.0,59.79306147291541,65.0530612244898,0.0,0.0,1.0,0.0,0,"Safety Supplies > Test Instruments, Meters & Precision Tools","Amazon::Industrial & Scientific > Test, Measure & Inspect > Substance Analysis Instrumentation",0,,,,,VERIFY,VERTICAL EXTENSION,CURATE,CURATE,0.6295010816487083,B,"Already sold - fix naming / navigation so customers find it (findability, not assortment)","Health, safety & facilities",,,already carried: Laboratory & Scientific Supplies > PH & Electrochemistry,11,Laboratory & Scientific Supplies > PH & Electrochemistry,Industrial & Scientific,Laboratory & Scientific Supplies > PH & Electrochemistry,Substance Analysis Instrumentation
V0371,ENTER,Workholding,Amazon: Industrial & Scientific > Power & Hand Tools > Workholding,Facilities,Facilities > Hand & Power Tools,Facilities > Hand & Power Tools > Hand Tools > Clamps,0.9434376990442513,1,Amazon,1,1,0,1.0,0.2,0.904,100.0,11.690470913626585,100.0,100.0,23.38094182725317,0.0,1.0,0.0,0,Facilities > Hand & Power Tools,Amazon::Industrial & Scientific > Power & Hand Tools > Workholding,0,,,,,VERIFY,CURATE,CURATE,CURATE,0.6061566076488671,B,"Already sold - fix naming / navigation so customers find it (findability, not assortment)","Health, safety & facilities",,,already carried: Facilities > Hand & Power Tools > Hand Tools > Clamps,12,Facilities > Hand & Power Tools,Industrial & Scientific,Facilities > Hand & Power Tools,Workholding
V0399,ENTER,Sweepers,Amazon: Appliances > Vacuums & Floor Care > Sweepers,Cleaning Supplies,Cleaning Supplies > Floor & Carpet Cleaning Equipment,Cleaning Supplies > Floor & Carpet Cleaning Equipment > Vacuums,0.8582174931076465,2,"Amazon, Walmart",1,1,0,1.0,0.4,0.8441170255993499,55.63875439402785,0.0,35.17954960438223,76.09795918367347,0.0,0.0,1.0,0.0,0,Cleaning Supplies > Floor & Carpet Cleaning Equipment > Vacuums,Amazon::Appliances > Vacuums & Floor Care > Sweepers,0,,,,,VERIFY,OFF-BRAND,CURATE,VERTICAL EXTENSION,0.6023572221418559,B,"Already sold - fix naming / navigation so customers find it (findability, not assortment)","Health, safety & facilities",,,already carried: Cleaning Supplies > Floor & Carpet Cleaning Equipment > Vacuums,13,Cleaning Supplies > Floor & Carpet Cleaning Equipment,Appliances,Cleaning Supplies > Floor & Carpet Cleaning Equipment,Sweepers
V0325,ENTER,Contact Cements,"Amazon: Industrial & Scientific > Adhesives, Sealants & Lubricants > Contact Cements","Tools, Parts & Supplies","Tools, Parts & Supplies > Industrial Adhesives, Sealants & Tapes","Facilities > Adhesives, Sealants and Patching > Adhesives > Commercial Adhesives",0.8205299286969272,1,Amazon,1,1,0,1.0,0.2,0.904,70.64717119958148,0.0,52.78149726110774,88.51284513805521,0.0,0.0,1.0,0.0,0,"Facilities > Adhesives, Sealants and Patching > Adhesives","Amazon::Industrial & Scientific > Adhesives, Sealants & Lubricants > Contact Cements",0,,,,,VERIFY,VERTICAL EXTENSION,CURATE,CURATE,0.5983415135987444,C,"Already sold - fix naming / navigation so customers find it (findability, not assortment)","Health, safety & facilities",,,"already carried: Facilities > Adhesives, Sealants and Patching > Adhesives > Commercial Adhesives",14,"Facilities > Adhesives, Sealants and Patching",Industrial & Scientific,"Facilities > Adhesives, Sealants and Patching",Contact Cements
V0392,ENTER,Recorders & Data Acquisition,"Amazon: Industrial & Scientific > Test, Measure & Inspect > Recorders & Data Acquisition",Laboratory & Scientific Supplies,Laboratory & Scientific Supplies > Lab Instruments & Equipment,"Safety Supplies > Test Instruments, Meters & Precision Tools",0.7843448771320432,2,"Amazon, Walmart",1,1,0,1.0,0.4,0.8441170255993499,54.26542288248227,0.0,45.47778454047474,63.0530612244898,0.0,0.0,1.0,0.0,0,"Laboratory & Scientific Supplies > Lab Instruments & Equipment > Lab Notebooks, Recorders & Dataloggers","Amazon::Industrial & Scientific > Test, Measure & Inspect > Recorders & Data Acquisition",0,,,,,VERIFY,VERTICAL EXTENSION,CURATE,VERTICAL EXTENSION,0.5982372276072192,B,"Already sold - fix naming / navigation so customers find it (findability, not assortment)","Health, safety & facilities",,,"already carried: Safety Supplies > Test Instruments, Meters & Precision Tools",15,"Safety Supplies > Test Instruments, Meters & Precision Tools",Industrial & Scientific,"Safety Supplies > Test Instruments, Meters & Precision Tools",Recorders & Data Acquisition
V0489,ENTER,Counterbores,Amazon: Industrial & Scientific > Cutting Tools > Counterbores,"Tools, Parts & Supplies","Tools, Parts & Supplies > Hand Tools","Tools, Parts & Supplies > Hand Tools > Reamers & Deburring Tools",0.8225763359905366,1,Amazon,1,1,0,1.0,0.2,0.904,70.51863516884819,0.0,72.27023737066341,68.76703296703297,0.0,0.0,1.0,0.0,0,Appliances & Kitchenware > Kitchenware > Kitchen Tools > Cutting Boards,Amazon::Industrial & Scientific > Cutting Tools > Counterbores,0,,,,,VERIFY,CURATE,CURATE,CURATE,0.5979559055065445,B,"Already sold - fix naming / navigation so customers find it (findability, not assortment)","Health, safety & facilities",,,"already carried: Tools, Parts & Supplies > Hand Tools > Reamers & Deburring Tools",16,"Tools, Parts & Supplies > Hand Tools",Industrial & Scientific,"Tools, Parts & Supplies > Hand Tools",Counterbores
V0167,ENTER,Household,Walmart: Seasonal > Christmas Last Minute Deals > Household,Gift Shop,"Gift Shop > Home, Personal & Travel",Cleaning Supplies,0.7154259825315322,2,"Amazon, Walmart",1,1,1,1.0,0.4,0.8441170255993499,53.65225632553691,0.0,20.96165550821668,86.34285714285714,0.0,0.0,1.0,0.0,0,"Gift Shop > Home, Personal & Travel",Walmart::Seasonal > Christmas Last Minute Deals > Household,0,,,,,VERIFY,OFF-BRAND,CURATE,VERTICAL EXTENSION,0.5963977279363831,B,"Already sold - fix naming / navigation so customers find it (findability, not assortment)","Health, safety & facilities",,,already carried: Cleaning Supplies,17,Cleaning Supplies,Seasonal,Cleaning Supplies,Household
V0242,ENTER,Coasters,Wayfair: Smallwares > Barware > Coasters,Restaurant & Foodservice Supplies,Restaurant & Foodservice Supplies > Tabletop,Appliances & Kitchenware > Kitchenware > Dining & Tableware > Tableware,0.7507879723571451,3,"Walmart, Wayfair, WestElm",1,1,1,0.0,0.6,0.7370960208194587,42.155092103792214,0.0,16.55508216676811,67.75510204081633,0.0,0.0,1.0,0.0,0,Appliances & Kitchenware > Kitchenware > Dining & Tableware > Drinkware & Glassware,Wayfair::Smallwares > Barware > Coasters,0,,,,,VERIFY,OFF-BRAND,CURATE,VERTICAL EXTENSION,0.5944488835981871,B,"Already sold - fix naming / navigation so customers find it (findability, not assortment)","Breakroom, kitchen & hospitality",,,already carried: Appliances & Kitchenware > Kitchenware > Dining & Tableware > Tableware,18,Appliances & Kitchenware > Kitchenware,Smallwares,Appliances & Kitchenware > Kitchenware,Coasters
V0199,ENTER,Photobooth Props,Amazon: Home & Kitchen > Event & Party Supplies > Photobooth Props,Party Supplies,Party Supplies > Wedding Supplies,Party Supplies > Party Décor,0.7642789282161271,2,"Amazon, Walmart",1,1,0,0.0,0.4,0.8441170255993499,52.19970437353274,0.0,32.513694461351186,71.88571428571429,0.0,0.0,1.0,0.0,0,Party Supplies > Wedding Supplies,Amazon::Home & Kitchen > Event & Party Supplies > Photobooth Props,0,,,,,VERIFY,OFF-BRAND,CURATE,VERTICAL EXTENSION,0.5920400720803707,B,"Already sold - fix naming / navigation so customers find it (findability, not assortment)","Celebrations, gifting & creativity",,,already carried: Party Supplies > Party Décor,19,Party Supplies > Party Décor,Home & Kitchen,Party Supplies > Party Décor,Photobooth Props
V0234,ENTER,Climbing Toys & Slides,Wayfair: Outdoor > Backyard Play > Climbing Toys & Slides,School Supplies,School Supplies > Teacher Supplies,School Supplies > Teacher Supplies > Physical Education & Recreation > Playground Equipment,0.7685784640694436,2,"Amazon, Wayfair",1,1,0,1.0,0.4,0.8853545918367347,46.58205000807383,0.0,44.6865489957395,48.47755102040816,0.0,0.0,1.0,0.0,0,Gift Shop > Game Room & Toys,Wayfair::Outdoor > Backyard Play > Climbing Toys & Slides,0,,,,,VERIFY,VERTICAL EXTENSION,VERTICAL EXTENSION,VERTICAL EXTENSION,0.5896202571670786,B,"Already sold - fix naming / navigation so customers find it (findability, not assortment)","Celebrations, gifting & creativity",,,already carried: School Supplies > Teacher Supplies > Physical Education & Recreation > Playground Equipment,20,School Supplies > Teacher Supplies,Outdoor,School Supplies > Teacher Supplies,Climbing Toys & Slides
V0448,ENTER,Backyard Birding & Wildlife,"Amazon: Patio, Lawn & Garden > Outdoor Décor > Backyard Birding & Wildlife",Gift Shop,Gift Shop > Professional Gifts,"Expanded Assortment > Pet Supplies & Accessories > Bird Supplies > Bird Food, Treats and Healthcare",0.7258332507827042,2,"Amazon, Wayfair",1,1,0,0.0,0.4,0.8853545918367347,45.74215844584944,0.0,24.029214850882536,67.45510204081634,0.0,0.0,1.0,0.0,0,Gift Shop > Professional Gifts > Compasses > Outdoor Decor,"Amazon::Patio, Lawn & Garden > Outdoor Décor > Backyard Birding & Wildlife",0,,,,,VERIFY,OFF-BRAND,CURATE,VERTICAL EXTENSION,0.5871005824804054,B,"Already sold - fix naming / navigation so customers find it (findability, not assortment)",Outdoor living & grounds,,,"already carried: Expanded Assortment > Pet Supplies & Accessories > Bird Supplies > Bird Food, Treats and Healthcare",21,Expanded Assortment > Pet Supplies & Accessories,"Patio, Lawn & Garden",Expanded Assortment > Pet Supplies & Accessories,Backyard Birding & Wildlife
V0311,ENTER,Minerals,Amazon: Health & Personal Care > Vitamins & Dietary Supplements > Minerals,Healthcare Supplies,Healthcare Supplies > OTC Pharmaceuticals,Healthcare Supplies > OTC Pharmaceuticals > Medicine & Vitamins > Vitamins & Supplements,0.9121771356487582,2,"Amazon, Walmart",1,1,0,1.0,0.4,0.9035440877691996,50.892916143937796,4.221899505055279,41.704199634814366,60.08163265306123,8.443799010110558,0.0,1.0,0.0,0,Healthcare Supplies > OTC Pharmaceuticals > Medicine & Vitamins > Vitamins & Supplements,Amazon::Health & Personal Care > Vitamins & Dietary Supplements > Minerals,0,,,,,VERIFY,VERTICAL EXTENSION,CURATE,VERTICAL EXTENSION,0.5832112233402691,B,"Already sold - fix naming / navigation so customers find it (findability, not assortment)","Health, safety & facilities",,,already carried: Healthcare Supplies > OTC Pharmaceuticals > Medicine & Vitamins > Vitamins & Supplements,22,Healthcare Supplies > OTC Pharmaceuticals,Health & Personal Care,Healthcare Supplies > OTC Pharmaceuticals,Minerals
V0409,ENTER,Computer Blue Light Blocking Glasses,Amazon: Health & Personal Care > Vision Care > Computer Blue Light Blocking Glasses,Healthcare Supplies,Healthcare Supplies > Patient Care,Expanded Assortment > Personal Care & Eyewear,0.7643966851231558,2,"Amazon, Walmart",1,1,0,1.0,0.4,0.8441170255993499,48.16975169861006,0.0,53.67011564211808,42.66938775510204,0.0,0.0,1.0,0.0,0,Wearable Technology > Camera Glasses,Amazon::Health & Personal Care > Vision Care > Computer Blue Light Blocking Glasses,0,,,,,VERIFY,VERTICAL EXTENSION,VERTICAL EXTENSION,VERTICAL EXTENSION,0.5799502140556025,B,"Already sold - fix naming / navigation so customers find it (findability, not assortment)",Expanded assortment,,,already carried: Expanded Assortment > Personal Care & Eyewear,23,Expanded Assortment > Personal Care & Eyewear,Health & Personal Care,Expanded Assortment > Personal Care & Eyewear,Computer Blue Light Blocking Glasses
V0352,ENTER,Threading Taps,Amazon: Industrial & Scientific > Cutting Tools > Threading Taps,"Tools, Parts & Supplies","Tools, Parts & Supplies > Hand Tools","Tools, Parts & Supplies > Hand Tools > Tap Wrenches & Dies",0.7926397913290111,1,Amazon,1,1,0,1.0,0.2,0.904,63.95875408827327,0.0,60.30432136335971,67.61318681318681,0.0,0.0,1.0,0.0,0,"Tools, Parts & Supplies > Hand Tools > Tap Wrenches & Dies",Amazon::Industrial & Scientific > Cutting Tools > Threading Taps,0,,,,,VERIFY,CURATE,CURATE,CURATE,0.5782762622648198,B,"Already sold - fix naming / navigation so customers find it (findability, not assortment)","Health, safety & facilities",,,"already carried: Tools, Parts & Supplies > Hand Tools > Tap Wrenches & Dies",24,"Tools, Parts & Supplies > Hand Tools",Industrial & Scientific,"Tools, Parts & Supplies > Hand Tools",Threading Taps
V0433,ENTER,Bundles,Amazon: Electronics > eBook Readers & Accessories > Bundles,Computers & Accessories,Computers & Accessories > Computer Deals,Tablets & iPads > E-Readers,0.6453868157721823,2,"Amazon, Walmart",1,1,0,0.0,0.4,0.7926082758328503,52.825709565627825,0.0,7.863664029214851,97.7877551020408,0.0,0.0,1.0,0.0,0,Tablets & iPads > Digital Notebooks & Accessories,Amazon::Electronics > eBook Readers & Accessories > Bundles,0,,,,,VERIFY,OFF-BRAND,CURATE,VERTICAL EXTENSION,0.5758900252383811,B,"Already sold - fix naming / navigation so customers find it (findability, not assortment)",Technology & connected workspace,,,already carried: Tablets & iPads > E-Readers,25,Tablets & iPads > E-Readers,Electronics,Tablets & iPads > E-Readers,Bundles
V0147,ENTER,Reading & Magnifying Glasses,Walmart: Health and Medicine > Caregiver > Reading & Magnifying Glasses,Healthcare Supplies,Healthcare Supplies > Patient Care,Expanded Assortment > Personal Care & Eyewear,0.6749522943938833,2,"Amazon, Walmart",1,1,0,1.0,0.4,0.8441170255993499,46.73763738218134,0.0,14.30310407790627,79.17217068645641,0.0,0.0,1.0,0.0,0,Healthcare Supplies > Patient Care,Walmart::Health and Medicine > Caregiver > Reading & Magnifying Glasses,0,,,,,VERIFY,OFF-BRAND,CURATE,VERTICAL EXTENSION,0.5756538711063164,B,"Already sold - fix naming / navigation so customers find it (findability, not assortment)",Expanded assortment,,,already carried: Expanded Assortment > Personal Care & Eyewear,26,Expanded Assortment > Personal Care & Eyewear,Health and Medicine,Expanded Assortment > Personal Care & Eyewear,Reading & Magnifying Glasses
V0273,ENTER,Flagpole Hardware,"Amazon: Patio, Lawn & Garden > Outdoor Décor > Flagpole Hardware",Furniture,Furniture > Lamps & Lighting,School Supplies > Teacher Supplies > Classroom Decorations > Flags,0.6989227091843027,2,"Amazon, Walmart",1,1,0,1.0,0.4,0.8789605851279967,48.1705342392587,3.2892512706653125,29.957395009129645,66.38367346938776,0.0,6.578502541330625,1.0,0.0,0,Facilities > Hardware > Door Hardware,"Amazon::Patio, Lawn & Garden > Outdoor Décor > Flagpole Hardware",0,,,,,VERIFY,OFF-BRAND,CURATE,VERTICAL EXTENSION,0.5726705782297508,B,"Already sold - fix naming / navigation so customers find it (findability, not assortment)","Celebrations, gifting & creativity",,,already carried: School Supplies > Teacher Supplies > Classroom Decorations > Flags,27,School Supplies > Teacher Supplies,"Patio, Lawn & Garden",School Supplies > Teacher Supplies,Flagpole Hardware
V0089,ENTER,Coolers,Wayfair: Outdoor > Camping & Hiking > Coolers,Gift Shop,Gift Shop > Professional Gifts,Gift Shop > Professional Gifts > Compasses > Camping,0.8121875659111356,2,"Walmart, Wayfair",1,1,0,1.0,0.4,0.8254716174360845,46.75232961108972,0.0,18.867924528301888,74.63673469387756,0.0,0.0,1.0,0.0,0,Gift Shop > Professional Gifts > Compasses > Camping,Wayfair::Outdoor > Camping & Hiking > Coolers,0,,,,,VERIFY,OFF-BRAND,CURATE,VERTICAL EXTENSION,0.5691720549358987,B,"Already sold - fix naming / navigation so customers find it (findability, not assortment)","Celebrations, gifting & creativity",,,already carried: Gift Shop > Professional Gifts > Compasses > Camping,28,Gift Shop > Professional Gifts,Outdoor,Gift Shop > Professional Gifts,Coolers
V0385,ENTER,Cork,Amazon: Industrial & Scientific > Raw Materials > Cork,"Tools, Parts & Supplies","Tools, Parts & Supplies > Steel Wool",Furniture > Boards & Easels > Bulletin Boards,0.7011389042029523,2,"Amazon, Walmart",1,1,0,0.0,0.4,0.8441170255993499,44.539184170320596,0.0,19.1722458916616,69.90612244897959,0.0,0.0,1.0,0.0,0,Laboratory & Scientific Supplies > Lab Furniture & Fixtures > Hazardous Material Lab Storage,Amazon::Industrial & Scientific > Raw Materials > Cork,0,,,,,VERIFY,OFF-BRAND,CURATE,VERTICAL EXTENSION,0.5690585114707343,B,"Already sold - fix naming / navigation so customers find it (findability, not assortment)",Home décor & furnishings,,,already carried: Furniture > Boards & Easels > Bulletin Boards,29,Furniture > Boards & Easels,Industrial & Scientific,Furniture > Boards & Easels,Cork
V0146,ENTER,Mugs & Teacups,Wayfair: Tabletop > Drinkware > Mugs & Teacups,Restaurant & Foodservice Supplies,Restaurant & Foodservice Supplies > Tabletop,Appliances & Kitchenware > Kitchenware > Dining & Tableware > Drinkware & Glassware,0.9032872619404837,2,"Wayfair, WestElm",1,1,1,1.0,0.4,0.7404666608022519,66.77623809109768,5.362327728631362,47.34023128423616,86.2122448979592,10.724655457262724,0.0,1.0,0.0,0,Restaurant & Foodservice Supplies > Tabletop > Drinkware,Wayfair::Tabletop > Drinkware > Mugs & Teacups,0,,,,,VERIFY,VERTICAL EXTENSION,CURATE,CURATE,0.5673453173643953,B,"Already sold - fix naming / navigation so customers find it (findability, not assortment)","Breakroom, kitchen & hospitality",,,already carried: Appliances & Kitchenware > Kitchenware > Dining & Tableware > Drinkware & Glassware,30,Appliances & Kitchenware > Kitchenware,Tabletop,Appliances & Kitchenware > Kitchenware,Mugs & Teacups
V0488,ENTER,Insects & Insect Kits,Amazon: Industrial & Scientific > Science Education > Insects & Insect Kits,Laboratory & Scientific Supplies,Laboratory & Scientific Supplies,School Supplies > Learning at Home > Educational & STEM Toys,0.7652019987185238,1,Amazon,1,1,0,0.0,0.2,0.904,58.226918777249196,0.0,33.31710286062082,83.13673469387757,0.0,0.0,1.0,0.0,0,Laboratory & Scientific Supplies,Amazon::Industrial & Scientific > Science Education > Insects & Insect Kits,0,,,,,VERIFY,OFF-BRAND,CURATE,VERTICAL EXTENSION,0.5610807563317476,C,"Already sold - fix naming / navigation so customers find it (findability, not assortment)","Celebrations, gifting & creativity",,,already carried: School Supplies > Learning at Home > Educational & STEM Toys,31,School Supplies > Learning at Home,Industrial & Scientific,School Supplies > Learning at Home,Insects & Insect Kits
V0126,ENTER,Peel & Stick Wallpaper,Wayfair: Decor & Pillows > Wall Décor > Peel & Stick Wallpaper,Furniture,Furniture > Decor,Furniture > Decor > Wall Art > Wall Decals,0.7495496569742748,1,Wayfair,1,1,0,1.0,0.2,0.8667091836734694,62.046067140406755,0.0,33.9622641509434,90.12987012987011,0.0,0.0,1.0,0.0,0,Furniture > Decor > Wall Art > Wall Decals,Wayfair::Decor & Pillows > Wall Décor > Peel & Stick Wallpaper,0,,,,,VERIFY,OFF-BRAND,CURATE,CURATE,0.5594864157069346,C,"Already sold - fix naming / navigation so customers find it (findability, not assortment)",Home décor & furnishings,,,already carried: Furniture > Decor > Wall Art > Wall Decals,32,Furniture > Decor,Decor & Pillows,Furniture > Decor,Peel & Stick Wallpaper
V0381,ENTER,Cord & Wire Management,OfficeDepot: Furniture > Furniture Accessories > Cord & Wire Management,Furniture,Furniture > Storage Furniture,Computers & Accessories > Computer Accessories & Peripherals > Cables & Cable Accessories > Cable Management,0.8487912229250336,2,"Amazon, OfficeDepot",1,1,1,1.0,0.4,0.7544786270831831,76.74279752071249,11.794195587263195,79.33049300060864,74.15510204081633,0.0,23.58839117452639,1.0,58.0,0,Furniture > Storage Furniture,OfficeDepot::Furniture > Furniture Accessories > Cord & Wire Management,0,,,,,VERIFY,CURATE,CURATE,CURATE,0.5594858115730913,B,"Already sold - fix naming / navigation so customers find it (findability, not assortment)",Technology & connected workspace,,,already carried: Computers & Accessories > Computer Accessories & Peripherals > Cables & Cable Accessories > Cable Management,33,Computers & Accessories > Computer Accessories & Peripherals,Furniture,Computers & Accessories > Computer Accessories & Peripherals,Cord & Wire Management
V0107,ENTER,Muffin & Cupcake Pans,Wayfair: Smallwares > Baking Sheets & Pans > Muffin & Cupcake Pans,Appliances & Kitchenware,Appliances & Kitchenware > Kitchenware,Appliances & Kitchenware > Kitchenware > Kitchen Tools > Bakeware,0.8072106457868187,2,"Walmart, Wayfair",1,1,0,1.0,0.4,0.8254716174360845,42.25633878627531,0.0,32.915398660986,51.59727891156462,0.0,0.0,1.0,0.0,0,Appliances & Kitchenware > Kitchenware > Kitchen Tools > Pots & Pans,Wayfair::Smallwares > Baking Sheets & Pans > Muffin & Cupcake Pans,0,,,,,VERIFY,OFF-BRAND,VERTICAL EXTENSION,VERTICAL EXTENSION,0.5556840824614555,B,"Already sold - fix naming / navigation so customers find it (findability, not assortment)","Breakroom, kitchen & hospitality",,,already carried: Appliances & Kitchenware > Kitchenware > Kitchen Tools > Bakeware,34,Appliances & Kitchenware > Kitchenware,Smallwares,Appliances & Kitchenware > Kitchenware,Muffin & Cupcake Pans
V0231,ENTER,Diabetes Doctor,Walmart: Health and Medicine > Diabetes Care Brands > Diabetes Doctor,Healthcare Supplies,Healthcare Supplies > OTC Pharmaceuticals,Healthcare Supplies > OTC Pharmaceuticals > Medicine & Vitamins > Clinical Nutrition,0.8070304684895231,2,"Amazon, Walmart",1,1,0,1.0,0.4,0.8441170255993499,40.825717846481254,1.6274416547849637,47.401095556908096,34.25034013605442,3.2548833095699274,0.0,1.0,0.0,0,Healthcare Supplies > OTC Pharmaceuticals > Medicine & Vitamins > Clinical Nutrition,Walmart::Health and Medicine > Diabetes Care Brands > Diabetes Doctor,0,,,,,VERIFY,VERTICAL EXTENSION,OFF-BRAND,VERTICAL EXTENSION,0.5488383207368139,B,"Already sold - fix naming / navigation so customers find it (findability, not assortment)","Health, safety & facilities",,,already carried: Healthcare Supplies > OTC Pharmaceuticals > Medicine & Vitamins > Clinical Nutrition,35,Healthcare Supplies > OTC Pharmaceuticals,Health and Medicine,Healthcare Supplies > OTC Pharmaceuticals,Diabetes Doctor
E0239,ENTER,Insect & Pest Repellents,Amazon: Health & Personal Care > Health Care > Insect & Pest Repellents,Healthcare Supplies,Healthcare Supplies > Personal Care,Healthcare Supplies > Personal Care,0.7903360922454907,1,Amazon,1,1,0,1.0,0.2,0.904,54.070398847305206,0.0,55.5203895313451,52.62040816326531,0.0,0.0,1.0,0.0,0,Cleaning Supplies > Pest Control,Amazon::Health & Personal Care > Health Care > Insect & Pest Repellents,0,,,,,VERIFY,VERTICAL EXTENSION,VERTICAL EXTENSION,VERTICAL EXTENSION,0.5486111965419156,B,Check first - Staples may already carry it under another name (findability),"Health, safety & facilities",0.0,0.0,to check,36,Healthcare Supplies > Personal Care,Health & Personal Care,Healthcare Supplies > Personal Care,Insect & Pest Repellents
V0345,ENTER,Stockings & Holders,Amazon: Home & Kitchen > Seasonal Décor > Stockings & Holders,Furniture,Furniture > Decor,Furniture > Decor > Seasonal Decor > Window & Wall Decor & Signs,0.7195720553794474,1,Amazon,1,1,0,1.0,0.2,0.904,52.58735394869795,0.0,23.10407790626902,82.07062999112688,0.0,0.0,1.0,0.0,0,Furniture > Decor > Seasonal Decor,Amazon::Home & Kitchen > Seasonal Décor > Stockings & Holders,0,,,,,VERIFY,OFF-BRAND,CURATE,VERTICAL EXTENSION,0.5441620618460938,C,"Already sold - fix naming / navigation so customers find it (findability, not assortment)",Home décor & furnishings,,,already carried: Furniture > Decor > Seasonal Decor > Window & Wall Decor & Signs,37,Furniture > Decor,Home & Kitchen,Furniture > Decor,Stockings & Holders
V0162,ENTER,Moldex,Walmart: Industrial & Scientific > Occupational Health & Safety Products > Moldex,Healthcare Supplies,Healthcare Supplies > Environmental Services,Safety Supplies > Personal Protective Equipment (PPE) > Face Masks & Respirators,0.8180765422834758,1,Walmart,1,1,0,1.0,0.2,0.7842340511986997,71.51869030022235,3.9205485731756466,61.95982958003652,81.07755102040817,7.841097146351293,0.0,1.0,0.0,0,Healthcare Supplies > Environmental Services,Walmart::Industrial & Scientific > Occupational Health & Safety Products > Moldex,0,,,,,VERIFY,CURATE,CURATE,CURATE,0.5371206329260113,B,"Already sold - fix naming / navigation so customers find it (findability, not assortment)","Health, safety & facilities",,,already carried: Safety Supplies > Personal Protective Equipment (PPE) > Face Masks & Respirators,38,Safety Supplies > Personal Protective Equipment (PPE),Industrial & Scientific,Safety Supplies > Personal Protective Equipment (PPE),Moldex
V0083,ENTER,Meeting Space Tables,Wayfair: Shop Office Spaces > Meeting & Collaborative Spaces > Meeting Space Tables,Furniture,Furniture > Home & Office Tables,Furniture > Home & Office Tables > Conference Room Tables,0.7886885620091503,1,Wayfair,1,1,0,1.0,0.2,0.8667091836734694,54.48372936514837,0.0,46.8776628119294,62.089795918367344,0.0,0.0,1.0,0.0,0,Furniture > Home & Office Tables > Conference Room Tables,Wayfair::Shop Office Spaces > Meeting & Collaborative Spaces > Meeting Space Tables,0,,,,,VERIFY,VERTICAL EXTENSION,CURATE,VERTICAL EXTENSION,0.5367994023811594,C,"Already sold - fix naming / navigation so customers find it (findability, not assortment)",Home décor & furnishings,,,already carried: Furniture > Home & Office Tables > Conference Room Tables,39,Furniture > Home & Office Tables,Shop Office Spaces,Furniture > Home & Office Tables,Meeting Space Tables
V0404,ENTER,Kids Cars & Ride-On Toys,Wayfair: Outdoor > Backyard Play > Kids Cars & Ride-On Toys,School Supplies,School Supplies > Teacher Supplies,School Supplies > Teacher Supplies > Physical Education & Recreation > Riding Toys & Wagons,0.7851934409180257,1,Wayfair,1,1,0,1.0,0.2,0.8667091836734694,54.25703479200566,0.0,60.03651856360317,48.47755102040816,0.0,0.0,1.0,0.0,0,Gift Shop > Game Room & Toys,Wayfair::Outdoor > Backyard Play > Kids Cars & Ride-On Toys,0,,,,,VERIFY,CURATE,VERTICAL EXTENSION,VERTICAL EXTENSION,0.5361193186617312,C,"Already sold - fix naming / navigation so customers find it (findability, not assortment)","Celebrations, gifting & creativity",,,already carried: School Supplies > Teacher Supplies > Physical Education & Recreation > Riding Toys & Wagons,40,School Supplies > Teacher Supplies,Outdoor,School Supplies > Teacher Supplies,Kids Cars & Ride-On Toys
E0371,ENTER,Sony PSP,Amazon: Electronics > Video Game Consoles & Accessories > Sony PSP,Gaming,Gaming > Video Games,Computer Software > PC Games & Accessories,0.8412905638050543,1,Amazon,1,1,0,1.0,0.2,0.904,48.675893344113504,0.0,58.05234327449787,39.29944341372913,0.0,0.0,1.0,0.0,0,Computer Software > PC Games & Accessories,Amazon::Electronics > Video Game Consoles & Accessories > Sony PSP,0,,,,,VERIFY,VERTICAL EXTENSION,OFF-BRAND,VERTICAL EXTENSION,0.5324276800323405,C,Check first - Staples may already carry it under another name (findability),Technology & connected workspace,0.0,0.0,to check,41,Gaming > Video Games,Electronics,Gaming > Video Games,Sony PSP
E0340,ENTER,Metals & Alloys,Amazon: Industrial & Scientific > Raw Materials > Metals & Alloys,"Tools, Parts & Supplies","Tools, Parts & Supplies > Chemicals, Lubricants & Paints",Laboratory & Scientific Supplies > Lab Furniture & Fixtures > Hazardous Material Lab Storage,0.7220758029559617,1,Amazon,1,1,0,1.0,0.2,0.904,47.563921149713686,0.0,27.364576993304933,67.76326530612243,0.0,0.0,1.0,0.0,0,"Tools, Parts & Supplies > Power Tools > Metal Detectors",Amazon::Industrial & Scientific > Raw Materials > Metals & Alloys,0,,,,,VERIFY,OFF-BRAND,CURATE,VERTICAL EXTENSION,0.5290917634491411,C,Check first - Staples may already carry it under another name (findability),"Health, safety & facilities",0.0,0.0,to check,42,Laboratory & Scientific Supplies > Educational Materials & Accessories,Industrial & Scientific,Laboratory & Scientific Supplies > Educational Materials & Accessories,Metals & Alloys
E0225,ENTER,Security & Surveillance Robots,Amazon: Industrial & Scientific > Robotics > Security & Surveillance Robots,Laboratory & Scientific Supplies,Laboratory & Scientific Supplies > Lab Instruments & Equipment,Smart Home & Security > Security Cameras & Systems,0.6536221724618847,1,Amazon,1,1,0,1.0,0.2,0.904,47.49092625485983,0.0,16.859403530127814,78.12244897959185,0.0,0.0,1.0,0.0,0,Smart Home & Security > Security Cameras & Systems,Amazon::Industrial & Scientific > Robotics > Security & Surveillance Robots,0,,,,,VERIFY,OFF-BRAND,CURATE,VERTICAL EXTENSION,0.5288727787645795,C,Check first - Staples may already carry it under another name (findability),"Health, safety & facilities",0.0,0.0,to check,43,Laboratory & Scientific Supplies > Lab Instruments & Equipment,Industrial & Scientific,Laboratory & Scientific Supplies > Lab Instruments & Equipment,Security & Surveillance Robots
E0353,ENTER,Laminates & Composites,Amazon: Industrial & Scientific > Raw Materials > Laminates & Composites,"Tools, Parts & Supplies","Tools, Parts & Supplies > Industrial Adhesives, Sealants & Tapes","Tools, Parts & Supplies > Industrial Adhesives, Sealants & Tapes",0.7050947322561296,1,Amazon,1,1,0,1.0,0.2,0.904,47.375241904430666,0.0,26.98721850273889,67.76326530612243,0.0,0.0,1.0,0.0,0,Healthcare Supplies > Wound Care > Advanced Wound Care > Composite & Island Dressings,Amazon::Industrial & Scientific > Raw Materials > Laminates & Composites,0,,,,,VERIFY,OFF-BRAND,CURATE,VERTICAL EXTENSION,0.528525725713292,C,Check first - Staples may already carry it under another name (findability),"Health, safety & facilities",0.0,0.0,to check,44,Laboratory & Scientific Supplies > Educational Materials & Accessories,Industrial & Scientific,Laboratory & Scientific Supplies > Educational Materials & Accessories,Laminates & Composites
E0401,ENTER,Athletic Padding Supplies,Amazon: Sports & Outdoors > Sports Medicine > Athletic Padding Supplies,School Supplies,School Supplies > Teacher Supplies,Furniture > Decor > Wall Art > Sports Art,0.7341986992977366,1,Amazon,1,1,0,1.0,0.2,0.904,46.26359447004609,0.0,31.612903225806456,60.91428571428571,0.0,0.0,1.0,0.0,0,Healthcare Supplies > Durable Medical Equipment > Orthopedics > Undercast Padding,Amazon::Sports & Outdoors > Sports Medicine > Athletic Padding Supplies,0,,,,,VERIFY,OFF-BRAND,CURATE,VERTICAL EXTENSION,0.5251907834101383,C,Check first - Staples may already carry it under another name (findability),Home décor & furnishings,0.0,0.0,to check,45,Furniture > Decor,Sports & Outdoors,Furniture > Decor,Athletic Padding Supplies
E0226,ENTER,Biscuits & Plugs,Amazon: Industrial & Scientific > Industrial Hardware > Biscuits & Plugs,"Tools, Parts & Supplies","Tools, Parts & Supplies > Measuring & Leveling Tools","Tools, Parts & Supplies > Measuring & Leveling Tools > Industrial Tape",0.7655868674440829,1,Amazon,1,1,0,1.0,0.2,0.904,45.05157699443414,0.0,40.0,50.10315398886828,0.0,0.0,1.0,0.0,0,Facilities > Electrical and Wiring > Electrical > Plugs and Connectors,Amazon::Industrial & Scientific > Industrial Hardware > Biscuits & Plugs,0,,,,,VERIFY,VERTICAL EXTENSION,VERTICAL EXTENSION,VERTICAL EXTENSION,0.5215547309833024,B,Check first - Staples may already carry it under another name (findability),"Health, safety & facilities",0.0,0.0,to check,46,"Tools, Parts & Supplies > Measuring & Leveling Tools",Industrial & Scientific,"Tools, Parts & Supplies > Measuring & Leveling Tools",Biscuits & Plugs
E0093,ENTER,Wii,Amazon: Electronics > Video Game Consoles & Accessories > Wii | Amazon: Electronics > Video Game Consoles & Accessories > Wii U,Gaming,Gaming > Video Games,Computer Software > PC Games & Accessories,0.8137654517074153,1,Amazon,2,1,0,0.5,0.2,0.904,44.38800533437522,0.0,49.47656725502131,39.29944341372913,0.0,0.0,2.0,0.0,0,Computer Software > PC Games & Accessories,Amazon::Electronics > Video Game Consoles & Accessories > Wii,0,,,,,VERIFY,VERTICAL EXTENSION,OFF-BRAND,VERTICAL EXTENSION,0.5195640160031256,C,Check first - Staples may already carry it under another name (findability),Technology & connected workspace,0.0,0.0,to check,47,Gaming > Video Games,Electronics,Gaming > Video Games,Wii
E0356,ENTER,Sous Vide,Wayfair: Restaurant Appliances & Equipment > Food Preparation Tools > Sous Vide,Restaurant & Foodservice Supplies,Restaurant & Foodservice Supplies > Smallwares,Appliances & Kitchenware > Kitchenware > Kitchen Tools > Meat Preparation Equipment,0.8146353148888003,1,Wayfair,1,1,0,1.0,0.2,0.8667091836734694,48.56370253518328,0.0,31.57638466220329,65.55102040816327,0.0,0.0,1.0,0.0,0,Appliances & Kitchenware > Kitchenware > Kitchen Tools > Meat Preparation Equipment,Wayfair::Restaurant Appliances & Equipment > Food Preparation Tools > Sous Vide,0,,,,,VERIFY,OFF-BRAND,CURATE,VERTICAL EXTENSION,0.5190393218912641,C,Check first - Staples may already carry it under another name (findability),"Breakroom, kitchen & hospitality",0.0,0.0,to check,48,Appliances & Kitchenware > Kitchenware,Restaurant Appliances & Equipment,Appliances & Kitchenware > Kitchenware,Sous Vide
E0062,ENTER,Nintendo 3DS,Amazon: Electronics > Video Game Consoles & Accessories > Nintendo 3DS | Amazon: Electronics > Video Game Consoles & Accessories > Nintendo DS,Gaming,Gaming > Handheld Consoles,Computer Software > PC Games & Accessories,0.812063827419312,1,Amazon,2,1,0,0.5,0.2,0.904,43.545035157868824,0.0,47.790626902008526,39.29944341372913,0.0,0.0,2.0,0.0,0,Computer Software > PC Games & Accessories,Amazon::Electronics > Video Game Consoles & Accessories > Nintendo 3DS,0,,,,,VERIFY,VERTICAL EXTENSION,OFF-BRAND,VERTICAL EXTENSION,0.5170351054736064,C,Check first - Staples may already carry it under another name (findability),Technology & connected workspace,0.0,0.0,to check,49,Gaming > Video Games,Electronics,Gaming > Video Games,Nintendo 3DS
E0370,ENTER,Vase Fillers,Amazon: Home & Kitchen > Home Décor > Vase Fillers,Furniture,Furniture > Decor,Furniture > Decor > Home & Office Decor,0.7096690643968682,1,Amazon,1,1,0,1.0,0.2,0.904,43.169617322943125,0.0,22.99452221545953,63.34471243042672,0.0,0.0,1.0,0.0,0,Furniture > Decor > Home & Office Decor,Amazon::Home & Kitchen > Home Décor > Vase Fillers,0,,,,,VERIFY,OFF-BRAND,CURATE,VERTICAL EXTENSION,0.5159088519688294,C,Check first - Staples may already carry it under another name (findability),"Celebrations, gifting & creativity",0.0,0.0,to check,50,Party Supplies > Party Décor,Home & Kitchen,Party Supplies > Party Décor,Vase Fillers
V0451,ENTER,Stir Sticks,OfficeDepot: Breakroom > Coffee & Coffee Supplies > Stir Sticks,"Coffee, Water & Snacks","Coffee, Water & Snacks > Coffee, Coffee Makers & Supplies",Party Supplies > Stirrers & Straws,0.8656043539891565,1,OfficeDepot,1,1,0,1.0,0.2,0.4784512300699805,92.19720024345709,0.0,84.39440048691418,100.0,0.0,0.0,1.0,13.0,0,"Coffee, Water & Snacks > Snacks & Food > Jerky & Meat Sticks",OfficeDepot::Breakroom > Coffee & Coffee Supplies > Stir Sticks,0,,,,,VERIFY,CURATE,CURATE,CURATE,0.5140495312548644,B,"Already sold - fix naming / navigation so customers find it (findability, not assortment)","Celebrations, gifting & creativity",,,already carried: Party Supplies > Stirrers & Straws,51,Party Supplies > Stirrers & Straws,Breakroom,Party Supplies > Stirrers & Straws,Stir Sticks
E0231,ENTER,Trouser Pressers,Amazon: Home & Kitchen > Irons & Steamers > Trouser Pressers,Appliances & Kitchenware,Appliances & Kitchenware > Small Appliances,Retail Store Supplies > Sewing & Tailoring > Garment Steamers & Irons,0.8043328029337969,1,Amazon,1,1,0,1.0,0.2,0.904,42.219789583514476,0.0,10.553864881314668,73.88571428571429,0.0,0.0,1.0,0.0,0,Retail Store Supplies > Sewing & Tailoring > Garment Steamers & Irons,Amazon::Home & Kitchen > Irons & Steamers > Trouser Pressers,0,,,,,VERIFY,OFF-BRAND,CURATE,VERTICAL EXTENSION,0.5130593687505435,C,Check first - Staples may already carry it under another name (findability),"Celebrations, gifting & creativity",0.0,0.0,to check,52,Retail Store Supplies > Sewing & Tailoring,Home & Kitchen,Retail Store Supplies > Sewing & Tailoring,Trouser Pressers
V0163,ENTER,Marpac,Walmart: Health and Medicine > Home Health Care > Marpac,Healthcare Supplies,Healthcare Supplies > Personal Care,Audio > Portable Audio > Portable Speakers & Radios,0.8790153380605037,1,Walmart,1,1,0,1.0,0.2,0.7842340511986997,81.05105394561963,13.37811100530121,84.12659768715764,77.97551020408163,26.75622201060242,0.0,1.0,0.0,0,Healthcare Supplies > Personal Care,Walmart::Health and Medicine > Home Health Care > Marpac,0,,,,,VERIFY,CURATE,CURATE,CURATE,0.5090206064805018,B,"Already sold - fix naming / navigation so customers find it (findability, not assortment)",Technology & connected workspace,,,already carried: Audio > Portable Audio > Portable Speakers & Radios,53,Audio > Portable Audio,Health and Medicine,Audio > Portable Audio,Marpac
V0160,ENTER,Debrox,Walmart: Health and Medicine > Ear Care > Debrox,Healthcare Supplies,Healthcare Supplies > Personal Care,Healthcare Supplies > OTC Pharmaceuticals > Medicine & Vitamins > Ear Drops & Eye Drops,0.8061833523809936,1,Walmart,1,1,0,1.0,0.2,0.7842340511986997,56.4974487230654,1.852362867749337,65.2099817407182,47.7849157054126,3.704725735498674,0.0,1.0,0.0,0,Healthcare Supplies > Personal Care > Skin Care,Walmart::Health and Medicine > Ear Care > Debrox,0,,,,,VERIFY,CURATE,VERTICAL EXTENSION,VERTICAL EXTENSION,0.5044535956709734,C,"Already sold - fix naming / navigation so customers find it (findability, not assortment)","Health, safety & facilities",,,already carried: Healthcare Supplies > OTC Pharmaceuticals > Medicine & Vitamins > Ear Drops & Eye Drops,54,Healthcare Supplies > OTC Pharmaceuticals,Health and Medicine,Healthcare Supplies > OTC Pharmaceuticals,Debrox
V0102,ENTER,PlayStation 4,Amazon: Electronics > Video Game Consoles & Accessories > PlayStation 4 | Amazon: Electronics > Video Game Consoles & Accessories > PlayStation Vita,Gaming,Gaming > Video Games,Gaming,0.8254961238380788,2,"Amazon, OfficeDepot",2,1,0,0.5,0.4,0.6351262174446288,46.633896995969856,0.0,53.96835057821059,39.29944341372913,0.0,0.0,2.0,0.0,0,Computer Software > PC Games & Accessories,Amazon::Electronics > Video Game Consoles & Accessories > PlayStation 4,0,,,,,VERIFY,VERTICAL EXTENSION,OFF-BRAND,VERTICAL EXTENSION,0.5021958670935296,B,"Already sold - fix naming / navigation so customers find it (findability, not assortment)",Technology & connected workspace,,,already carried: Gaming,55,Gaming,Electronics,Gaming,PlayStation 4
E0187,ENTER,Cake & Tiered Stands,Wayfair: Smallwares > Serveware > Cake & Tiered Stands,Furniture,Furniture > Home & Office Tables,"Appliances & Kitchenware > Kitchenware > Kitchen Tools > Cake, Cookie & Pastry Decorations",0.6767607661616175,1,Wayfair,1,1,0,1.0,0.2,0.8667091836734694,42.265624107220496,0.0,10.237370663420574,74.29387755102042,0.0,0.0,1.0,0.0,0,"Appliances & Kitchenware > Kitchenware > Kitchen Tools > Cake, Cookie & Pastry Decorations",Wayfair::Smallwares > Serveware > Cake & Tiered Stands,0,,,,,VERIFY,OFF-BRAND,CURATE,VERTICAL EXTENSION,0.5001450866073758,C,Check first - Staples may already carry it under another name (findability),Home décor & furnishings,0.0,0.0,to check,56,Furniture > Home & Office Tables,Smallwares,Furniture > Home & Office Tables,Cake & Tiered Stands
E0105,ENTER,Ramekins & Souffle Dishes,Wayfair: Smallwares > Baking Sheets & Pans > Ramekins & Souffle Dishes,Appliances & Kitchenware,Appliances & Kitchenware > Kitchenware,Appliances & Kitchenware > Kitchenware > Kitchen Tools > Pots & Pans,0.7633463766078716,1,Wayfair,1,1,0,1.0,0.2,0.8667091836734694,40.113916388222975,0.0,28.63055386488132,51.59727891156462,0.0,0.0,1.0,0.0,0,Appliances & Kitchenware > Kitchenware > Kitchen Tools > Pots & Pans,Wayfair::Smallwares > Baking Sheets & Pans > Ramekins & Souffle Dishes,0,,,,,VERIFY,OFF-BRAND,VERTICAL EXTENSION,VERTICAL EXTENSION,0.4936899634503832,C,Check first - Staples may already carry it under another name (findability),"Breakroom, kitchen & hospitality",0.0,0.0,to check,57,Appliances & Kitchenware > Kitchenware,Smallwares,Appliances & Kitchenware > Kitchenware,Ramekins & Souffle Dishes
V0486,ENTER,Pedifix,Walmart: Health and Medicine > Foot Care > Pedifix,Healthcare Supplies,Healthcare Supplies > Wound Care,Healthcare Supplies > Durable Medical Equipment > Orthopedics > Ankle & Foot Supports,0.7957333943346259,1,Walmart,1,1,0,1.0,0.2,0.7842340511986997,49.26968835008137,0.4396293353594073,59.20876445526476,39.33061224489797,0.8792586707188146,0.0,1.0,0.0,0,Healthcare Supplies > Wound Care,Walmart::Health and Medicine > Foot Care > Pedifix,0,,,,,VERIFY,VERTICAL EXTENSION,OFF-BRAND,VERTICAL EXTENSION,0.49012672739332463,C,"Already sold - fix naming / navigation so customers find it (findability, not assortment)","Health, safety & facilities",,,already carried: Healthcare Supplies > Durable Medical Equipment > Orthopedics > Ankle & Foot Supports,58,Healthcare Supplies > Durable Medical Equipment,Health and Medicine,Healthcare Supplies > Durable Medical Equipment,Pedifix
V0405,ENTER,Sinus,Walmart: Health and Medicine > Caregiver > Sinus,Healthcare Supplies,Healthcare Supplies > Patient Care,"Healthcare Supplies > OTC Pharmaceuticals > Medicine & Vitamins > Cough, Cold, Flu & Allergy",0.7482224731349882,1,Walmart,1,1,0,1.0,0.2,0.7842340511986997,48.42603997167949,0.0,17.407181984175292,79.44489795918368,0.0,0.0,1.0,0.0,0,Healthcare Supplies > Patient Care > Respiratory Therapy,Walmart::Health and Medicine > Caregiver > Sinus,0,,,,,VERIFY,OFF-BRAND,CURATE,VERTICAL EXTENSION,0.4897600378345834,C,"Already sold - fix naming / navigation so customers find it (findability, not assortment)","Health, safety & facilities",,,"already carried: Healthcare Supplies > OTC Pharmaceuticals > Medicine & Vitamins > Cough, Cold, Flu & Allergy",59,Healthcare Supplies > OTC Pharmaceuticals,Health and Medicine,Healthcare Supplies > OTC Pharmaceuticals,Sinus
V0426,ENTER,Kerasal,Walmart: Health and Medicine > Foot Care > Kerasal,Healthcare Supplies,Healthcare Supplies > Wound Care,Healthcare Supplies > Wound Care > Antiseptics & Antibiotics > Antifungals,0.7957333943346259,1,Walmart,1,1,0,1.0,0.2,0.7842340511986997,49.12361409566871,0.4396293353594073,58.91661594643944,39.33061224489797,0.8792586707188146,0.0,1.0,0.0,0,Healthcare Supplies > Wound Care,Walmart::Health and Medicine > Foot Care > Kerasal,0,,,,,VERIFY,VERTICAL EXTENSION,OFF-BRAND,VERTICAL EXTENSION,0.48969043118590805,C,"Already sold - fix naming / navigation so customers find it (findability, not assortment)","Health, safety & facilities",,,already carried: Healthcare Supplies > Wound Care > Antiseptics & Antibiotics > Antifungals,60,Healthcare Supplies > Wound Care,Health and Medicine,Healthcare Supplies > Wound Care,Kerasal
V0307,ENTER,ZenToes,Walmart: Health and Medicine > Foot Care > ZenToes,Healthcare Supplies,Healthcare Supplies > Wound Care,Healthcare Supplies > Durable Medical Equipment > Orthopedics > Ankle & Foot Supports,0.7957333943346259,1,Walmart,1,1,0,1.0,0.2,0.7842340511986997,49.020144832126405,0.4396293353594073,58.70967741935485,39.33061224489797,0.8792586707188146,0.0,1.0,0.0,0,Healthcare Supplies > Wound Care,Walmart::Health and Medicine > Foot Care > ZenToes,0,,,,,VERIFY,VERTICAL EXTENSION,OFF-BRAND,VERTICAL EXTENSION,0.48938138803898806,C,"Already sold - fix naming / navigation so customers find it (findability, not assortment)","Health, safety & facilities",,,already carried: Healthcare Supplies > Durable Medical Equipment > Orthopedics > Ankle & Foot Supports,61,Healthcare Supplies > Durable Medical Equipment,Health and Medicine,Healthcare Supplies > Durable Medical Equipment,ZenToes
E0319,ENTER,Shot Glasses,Wayfair: Smallwares > Barware > Shot Glasses,Restaurant & Foodservice Supplies,Restaurant & Foodservice Supplies > Tabletop,Appliances & Kitchenware > Kitchenware > Dining & Tableware > Drinkware & Glassware,0.6688578882286575,1,Wayfair,1,1,0,1.0,0.2,0.8667091836734694,40.24496834643779,0.959614324597224,16.068167985392577,64.421768707483,0.0,1.919228649194448,1.0,0.0,0,Wearable Technology > Camera Glasses,Wayfair::Smallwares > Barware > Shot Glasses,0,,,,,VERIFY,OFF-BRAND,CURATE,VERTICAL EXTENSION,0.48934182693656786,C,Check first - Staples may already carry it under another name (findability),"Breakroom, kitchen & hospitality",0.0,0.0,to check,62,Restaurant & Foodservice Supplies > Tabletop,Smallwares,Restaurant & Foodservice Supplies > Tabletop,Shot Glasses
V0121,ENTER,Desenex,Walmart: Health and Medicine > Foot Care > Desenex,Healthcare Supplies,Healthcare Supplies > Wound Care,Healthcare Supplies > Wound Care > Antiseptics & Antibiotics > Antifungals,0.7957333943346259,1,Walmart,1,1,0,1.0,0.2,0.7842340511986997,48.86798415044656,0.4396293353594073,58.40535605599514,39.33061224489797,0.8792586707188146,0.0,1.0,0.0,0,Healthcare Supplies > Wound Care,Walmart::Health and Medicine > Foot Care > Desenex,0,,,,,VERIFY,VERTICAL EXTENSION,OFF-BRAND,VERTICAL EXTENSION,0.4889269128229291,C,"Already sold - fix naming / navigation so customers find it (findability, not assortment)","Health, safety & facilities",,,already carried: Healthcare Supplies > Wound Care > Antiseptics & Antibiotics > Antifungals,63,Healthcare Supplies > Wound Care,Health and Medicine,Healthcare Supplies > Wound Care,Desenex
V0500,ENTER,Okeefes,Walmart: Health and Medicine > Foot Care > Okeefes,Healthcare Supplies,Healthcare Supplies > Wound Care,Healthcare Supplies > Personal Care > Skin Care > Lotion & Moisturizer,0.7957333943346259,1,Walmart,1,1,0,1.0,0.2,0.7842340511986997,48.77060131417145,0.4396293353594073,58.21059038344493,39.33061224489797,0.8792586707188146,0.0,1.0,0.0,0,Healthcare Supplies > Wound Care,Walmart::Health and Medicine > Foot Care > Okeefes,0,,,,,VERIFY,VERTICAL EXTENSION,OFF-BRAND,VERTICAL EXTENSION,0.48863604868465144,C,"Already sold - fix naming / navigation so customers find it (findability, not assortment)","Health, safety & facilities",,,already carried: Healthcare Supplies > Personal Care > Skin Care > Lotion & Moisturizer,64,Healthcare Supplies > Personal Care,Health and Medicine,Healthcare Supplies > Personal Care,Okeefes
V0389,ENTER,MSA,Walmart: Industrial & Scientific > Occupational Health & Safety Products > MSA,Safety Supplies,Safety Supplies > Personal Protective Equipment (PPE),Safety Supplies > Personal Protective Equipment (PPE) > Head & Face Protection > Hard Hats & Safety Helmets,0.693075557643031,1,Walmart,1,1,0,1.0,0.2,0.7842340511986997,47.71467325822599,0.0,14.351795496043824,81.07755102040817,0.0,0.0,1.0,0.0,0,Workwear > Occupational Workwear > Safety,Walmart::Industrial & Scientific > Occupational Health & Safety Products > MSA,0,,,,,VERIFY,OFF-BRAND,CURATE,VERTICAL EXTENSION,0.4876259376942229,C,"Already sold - fix naming / navigation so customers find it (findability, not assortment)","Health, safety & facilities",,,already carried: Safety Supplies > Personal Protective Equipment (PPE) > Head & Face Protection > Hard Hats & Safety Helmets,65,Safety Supplies > Personal Protective Equipment (PPE),Industrial & Scientific,Safety Supplies > Personal Protective Equipment (PPE),MSA
V0092,ENTER,Viking Revolution,Walmart: Personal Care > Men's Essentials > Viking Revolution,Healthcare Supplies,Healthcare Supplies > Patient Care,Retail Store Supplies > Spa & Salon > Shaving > Hair Removal & Shaving Products,0.6432139414094651,1,Walmart,1,1,0,1.0,0.2,0.7842340511986997,46.50263455351709,0.0,10.8338405356056,82.17142857142858,0.0,0.0,1.0,0.0,0,Healthcare Supplies > Patient Care > Practice Front Desk Supplies > Personal Care Kits,Walmart::Personal Care > Men's Essentials > Viking Revolution,0,,,,,VERIFY,OFF-BRAND,CURATE,VERTICAL EXTENSION,0.4839898215800962,C,"Already sold - fix naming / navigation so customers find it (findability, not assortment)",Core office & business supplies,,,already carried: Retail Store Supplies > Spa & Salon > Shaving > Hair Removal & Shaving Products,66,Retail Store Supplies > Spa & Salon,Personal Care,Retail Store Supplies > Spa & Salon,Viking Revolution
E0227,ENTER,Discbound Note Taking Systems,OfficeDepot: Paper > Notebooks & Pads > Discbound Note Taking Systems,Office Supplies,Office Supplies > Desk Organizers & Accessories,Paper > Notebooks,0.791997258552229,1,OfficeDepot,1,1,0,1.0,0.2,0.6832705071784142,61.957293154632524,2.4700764566659927,49.60438222763239,74.31020408163265,0.0,4.9401529133319855,1.0,110.0,0,Paper > Notebooks,OfficeDepot::Paper > Notebooks & Pads > Discbound Note Taking Systems,0,,,,,VERIFY,VERTICAL EXTENSION,CURATE,CURATE,0.48278926954587126,C,Check first - Staples may already carry it under another name (findability),Core office & business supplies,0.0,0.0,to check,67,Office Supplies > Desk Organizers & Accessories,Paper,Office Supplies > Desk Organizers & Accessories,Discbound Note Taking Systems
V0260,ENTER,Sharper Image,Walmart: Health and Medicine > Caregiver > Sharper Image,Healthcare Supplies,Healthcare Supplies > Patient Care,Retail Store Supplies > Spa & Salon > Spa & Massage > Massage & Recovery Tools,0.6603206747585393,1,Walmart,1,1,0,1.0,0.2,0.7842340511986997,43.931794412004834,0.0,8.691418137553256,79.17217068645641,0.0,0.0,1.0,0.0,0,Healthcare Supplies > Patient Care,Walmart::Health and Medicine > Caregiver > Sharper Image,0,,,,,VERIFY,OFF-BRAND,CURATE,VERTICAL EXTENSION,0.47627730115555944,C,"Already sold - fix naming / navigation so customers find it (findability, not assortment)",Core office & business supplies,,,already carried: Retail Store Supplies > Spa & Salon > Spa & Massage > Massage & Recovery Tools,68,Retail Store Supplies > Spa & Salon,Health and Medicine,Retail Store Supplies > Spa & Salon,Sharper Image
V0305,ENTER,Caraway,Walmart: Home > Kitchen & Dining > Caraway,Appliances & Kitchenware,Appliances & Kitchenware > Kitchenware,Appliances & Kitchenware > Kitchenware > Kitchen Tools > Pots & Pans,0.6705433997775755,1,Walmart,1,1,0,1.0,0.2,0.7842340511986997,40.986691786455516,0.0,16.70115642118077,65.27222715173026,0.0,0.0,1.0,0.0,0,Appliances & Kitchenware > Kitchenware > Kitchen Tools > Kitchen Pizza Tools,Walmart::Home > Kitchen & Dining > Caraway,0,,,,,VERIFY,OFF-BRAND,CURATE,VERTICAL EXTENSION,0.46744199327891145,C,"Already sold - fix naming / navigation so customers find it (findability, not assortment)","Breakroom, kitchen & hospitality",,,already carried: Appliances & Kitchenware > Kitchenware > Kitchen Tools > Pots & Pans,69,Appliances & Kitchenware > Kitchenware,Home,Appliances & Kitchenware > Kitchenware,Caraway
V0240,ENTER,Genteal,Walmart: Health and Medicine > Eye Care > Genteal,Healthcare Supplies,Healthcare Supplies > Personal Care,Healthcare Supplies > OTC Pharmaceuticals > Medicine & Vitamins > Ear Drops & Eye Drops,0.8683951749684284,1,Walmart,1,1,0,1.0,0.2,0.7842340511986997,56.94103773584906,10.535323228288744,81.13207547169812,32.75,21.07064645657749,0.0,1.0,0.0,0,Healthcare Supplies > Personal Care > Skin Care,Walmart::Health and Medicine > Eye Care > Genteal,0,,,,,VERIFY,CURATE,OFF-BRAND,VERTICAL EXTENSION,0.46101598048621906,C,"Already sold - fix naming / navigation so customers find it (findability, not assortment)","Health, safety & facilities",,,already carried: Healthcare Supplies > OTC Pharmaceuticals > Medicine & Vitamins > Ear Drops & Eye Drops,70,Healthcare Supplies > OTC Pharmaceuticals,Health and Medicine,Healthcare Supplies > OTC Pharmaceuticals,Genteal
V0251,ENTER,Pataday,Walmart: Health and Medicine > Eye Care > Pataday,Healthcare Supplies,Healthcare Supplies > Personal Care,Healthcare Supplies > OTC Pharmaceuticals > Medicine & Vitamins > Ear Drops & Eye Drops,0.8683951749684284,1,Walmart,1,1,0,1.0,0.2,0.7842340511986997,56.7949634814364,10.535323228288744,80.8399269628728,32.75,21.07064645657749,0.0,1.0,0.0,0,Healthcare Supplies > Personal Care > Skin Care,Walmart::Health and Medicine > Eye Care > Pataday,0,,,,,VERIFY,CURATE,OFF-BRAND,VERTICAL EXTENSION,0.46062392590754814,C,"Already sold - fix naming / navigation so customers find it (findability, not assortment)","Health, safety & facilities",,,already carried: Healthcare Supplies > OTC Pharmaceuticals > Medicine & Vitamins > Ear Drops & Eye Drops,71,Healthcare Supplies > OTC Pharmaceuticals,Health and Medicine,Healthcare Supplies > OTC Pharmaceuticals,Pataday
V0119,ENTER,Similasan,Walmart: Health and Medicine > Eye Care > Similasan,Healthcare Supplies,Healthcare Supplies > Personal Care,Healthcare Supplies > OTC Pharmaceuticals > Medicine & Vitamins > Ear Drops & Eye Drops,0.8683951749684284,1,Walmart,1,1,0,1.0,0.2,0.7842340511986997,56.35065429093123,10.535323228288744,79.95130858186246,32.75,21.07064645657749,0.0,1.0,0.0,0,Healthcare Supplies > Personal Care > Skin Care,Walmart::Health and Medicine > Eye Care > Similasan,0,,,,,VERIFY,CURATE,OFF-BRAND,VERTICAL EXTENSION,0.45943142656409075,C,"Already sold - fix naming / navigation so customers find it (findability, not assortment)","Health, safety & facilities",,,already carried: Healthcare Supplies > OTC Pharmaceuticals > Medicine & Vitamins > Ear Drops & Eye Drops,72,Healthcare Supplies > OTC Pharmaceuticals,Health and Medicine,Healthcare Supplies > OTC Pharmaceuticals,Similasan
V0133,ENTER,Naphcon A,Walmart: Health and Medicine > Eye Care > Naphcon A,Healthcare Supplies,Healthcare Supplies > Personal Care,Healthcare Supplies > OTC Pharmaceuticals > Medicine & Vitamins > Ear Drops & Eye Drops,0.8683951749684284,1,Walmart,1,1,0,1.0,0.2,0.7842340511986997,56.35065429093123,10.535323228288744,79.95130858186246,32.75,21.07064645657749,0.0,1.0,0.0,0,Healthcare Supplies > Personal Care > Skin Care,Walmart::Health and Medicine > Eye Care > Naphcon A,0,,,,,VERIFY,CURATE,OFF-BRAND,VERTICAL EXTENSION,0.45943142656409075,C,"Already sold - fix naming / navigation so customers find it (findability, not assortment)","Health, safety & facilities",,,already carried: Healthcare Supplies > OTC Pharmaceuticals > Medicine & Vitamins > Ear Drops & Eye Drops,73,Healthcare Supplies > OTC Pharmaceuticals,Health and Medicine,Healthcare Supplies > OTC Pharmaceuticals,Naphcon A
V0238,ENTER,Zaditor,Walmart: Health and Medicine > Eye Care > Zaditor,Healthcare Supplies,Healthcare Supplies > Personal Care,Healthcare Supplies > OTC Pharmaceuticals > Medicine & Vitamins > Ear Drops & Eye Drops,0.8683951749684284,1,Walmart,1,1,0,1.0,0.2,0.7842340511986997,56.35065429093123,10.535323228288744,79.95130858186246,32.75,21.07064645657749,0.0,1.0,0.0,0,Healthcare Supplies > Personal Care > Skin Care,Walmart::Health and Medicine > Eye Care > Zaditor,0,,,,,VERIFY,CURATE,OFF-BRAND,VERTICAL EXTENSION,0.45943142656409075,C,"Already sold - fix naming / navigation so customers find it (findability, not assortment)","Health, safety & facilities",,,already carried: Healthcare Supplies > OTC Pharmaceuticals > Medicine & Vitamins > Ear Drops & Eye Drops,74,Healthcare Supplies > OTC Pharmaceuticals,Health and Medicine,Healthcare Supplies > OTC Pharmaceuticals,Zaditor
V0239,ENTER,iVIZIA,Walmart: Health and Medicine > Eye Care > iVIZIA,Healthcare Supplies,Healthcare Supplies > Personal Care,Healthcare Supplies > OTC Pharmaceuticals > Medicine & Vitamins > Ear Drops & Eye Drops,0.8683951749684284,1,Walmart,1,1,0,1.0,0.2,0.7842340511986997,56.35065429093123,10.535323228288744,79.95130858186246,32.75,21.07064645657749,0.0,1.0,0.0,0,Healthcare Supplies > Personal Care > Skin Care,Walmart::Health and Medicine > Eye Care > iVIZIA,0,,,,,VERIFY,CURATE,OFF-BRAND,VERTICAL EXTENSION,0.45943142656409075,C,"Already sold - fix naming / navigation so customers find it (findability, not assortment)","Health, safety & facilities",,,already carried: Healthcare Supplies > OTC Pharmaceuticals > Medicine & Vitamins > Ear Drops & Eye Drops,75,Healthcare Supplies > OTC Pharmaceuticals,Health and Medicine,Healthcare Supplies > OTC Pharmaceuticals,iVIZIA
V0396,ENTER,Alaway,Walmart: Health and Medicine > Eye Care > Alaway,Healthcare Supplies,Healthcare Supplies > Personal Care,Healthcare Supplies > OTC Pharmaceuticals > Medicine & Vitamins > Ear Drops & Eye Drops,0.8683951749684284,1,Walmart,1,1,0,1.0,0.2,0.7842340511986997,56.35065429093123,10.535323228288744,79.95130858186246,32.75,21.07064645657749,0.0,1.0,0.0,0,Healthcare Supplies > Personal Care > Skin Care,Walmart::Health and Medicine > Eye Care > Alaway,0,,,,,VERIFY,CURATE,OFF-BRAND,VERTICAL EXTENSION,0.45943142656409075,C,"Already sold - fix naming / navigation so customers find it (findability, not assortment)","Health, safety & facilities",,,already carried: Healthcare Supplies > OTC Pharmaceuticals > Medicine & Vitamins > Ear Drops & Eye Drops,76,Healthcare Supplies > OTC Pharmaceuticals,Health and Medicine,Healthcare Supplies > OTC Pharmaceuticals,Alaway
V0474,ENTER,Rohto,Walmart: Health and Medicine > Eye Care > Rohto,Healthcare Supplies,Healthcare Supplies > Personal Care,Healthcare Supplies > OTC Pharmaceuticals > Medicine & Vitamins > Ear Drops & Eye Drops,0.8683951749684284,1,Walmart,1,1,0,1.0,0.2,0.7842340511986997,56.35065429093123,10.535323228288744,79.95130858186246,32.75,21.07064645657749,0.0,1.0,0.0,0,Healthcare Supplies > Personal Care > Skin Care,Walmart::Health and Medicine > Eye Care > Rohto,0,,,,,VERIFY,CURATE,OFF-BRAND,VERTICAL EXTENSION,0.45943142656409075,C,"Already sold - fix naming / navigation so customers find it (findability, not assortment)","Health, safety & facilities",,,already carried: Healthcare Supplies > OTC Pharmaceuticals > Medicine & Vitamins > Ear Drops & Eye Drops,77,Healthcare Supplies > OTC Pharmaceuticals,Health and Medicine,Healthcare Supplies > OTC Pharmaceuticals,Rohto
V0478,ENTER,Systane,Walmart: Health and Medicine > Eye Care > Systane,Healthcare Supplies,Healthcare Supplies > Personal Care,Healthcare Supplies > OTC Pharmaceuticals > Medicine & Vitamins > Ear Drops & Eye Drops,0.8683951749684284,1,Walmart,1,1,0,1.0,0.2,0.7842340511986997,56.35065429093123,10.535323228288744,79.95130858186246,32.75,21.07064645657749,0.0,1.0,0.0,0,Healthcare Supplies > Personal Care > Skin Care,Walmart::Health and Medicine > Eye Care > Systane,0,,,,,VERIFY,CURATE,OFF-BRAND,VERTICAL EXTENSION,0.45943142656409075,C,"Already sold - fix naming / navigation so customers find it (findability, not assortment)","Health, safety & facilities",,,already carried: Healthcare Supplies > OTC Pharmaceuticals > Medicine & Vitamins > Ear Drops & Eye Drops,78,Healthcare Supplies > OTC Pharmaceuticals,Health and Medicine,Healthcare Supplies > OTC Pharmaceuticals,Systane
V0482,ENTER,Lumify,Walmart: Health and Medicine > Eye Care > Lumify,Healthcare Supplies,Healthcare Supplies > Personal Care,Healthcare Supplies > OTC Pharmaceuticals > Medicine & Vitamins > Ear Drops & Eye Drops,0.8683951749684284,1,Walmart,1,1,0,1.0,0.2,0.7842340511986997,56.35065429093123,10.535323228288744,79.95130858186246,32.75,21.07064645657749,0.0,1.0,0.0,0,Healthcare Supplies > Personal Care > Skin Care,Walmart::Health and Medicine > Eye Care > Lumify,0,,,,,VERIFY,CURATE,OFF-BRAND,VERTICAL EXTENSION,0.45943142656409075,C,"Already sold - fix naming / navigation so customers find it (findability, not assortment)","Health, safety & facilities",,,already carried: Healthcare Supplies > OTC Pharmaceuticals > Medicine & Vitamins > Ear Drops & Eye Drops,79,Healthcare Supplies > OTC Pharmaceuticals,Health and Medicine,Healthcare Supplies > OTC Pharmaceuticals,Lumify
V0245,ENTER,Replenza,Walmart: Health and Medicine > Digestive Health > Replenza,Healthcare Supplies,Healthcare Supplies > OTC Pharmaceuticals,Healthcare Supplies > OTC Pharmaceuticals > Medicine & Vitamins > Vitamins & Supplements,0.8194534744763831,1,Walmart,1,1,0,1.0,0.2,0.7842340511986997,41.90223056208863,2.807050279247651,45.95252586731589,37.85193525686137,5.614100558495302,0.0,1.0,0.0,0,Healthcare Supplies > OTC Pharmaceuticals > Medicine & Vitamins > Anti-Nausea & Digestive Aids,Walmart::Health and Medicine > Digestive Health > Replenza,0,,,,,VERIFY,VERTICAL EXTENSION,OFF-BRAND,VERTICAL EXTENSION,0.4569901789268802,C,"Already sold - fix naming / navigation so customers find it (findability, not assortment)","Health, safety & facilities",,,already carried: Healthcare Supplies > OTC Pharmaceuticals > Medicine & Vitamins > Vitamins & Supplements,80,Healthcare Supplies > OTC Pharmaceuticals,Health and Medicine,Healthcare Supplies > OTC Pharmaceuticals,Replenza
V0244,ENTER,Hilma,Walmart: Health and Medicine > Digestive Health > Hilma,Healthcare Supplies,Healthcare Supplies > OTC Pharmaceuticals,Healthcare Supplies > OTC Pharmaceuticals > Medicine & Vitamins > Anti-Nausea & Digestive Aids,0.8194534744763831,1,Walmart,1,1,0,1.0,0.2,0.7842340511986997,41.54313135332417,2.807050279247651,45.23432744978698,37.85193525686137,5.614100558495302,0.0,1.0,0.0,0,Healthcare Supplies > OTC Pharmaceuticals > Medicine & Vitamins > Anti-Nausea & Digestive Aids,Walmart::Health and Medicine > Digestive Health > Hilma,0,,,,,VERIFY,VERTICAL EXTENSION,OFF-BRAND,VERTICAL EXTENSION,0.45594312158661404,C,"Already sold - fix naming / navigation so customers find it (findability, not assortment)","Health, safety & facilities",,,already carried: Healthcare Supplies > OTC Pharmaceuticals > Medicine & Vitamins > Anti-Nausea & Digestive Aids,81,Healthcare Supplies > OTC Pharmaceuticals,Health and Medicine,Healthcare Supplies > OTC Pharmaceuticals,Hilma
V0303,ENTER,BIOHM,Walmart: Health and Medicine > Digestive Health > BIOHM,Healthcare Supplies,Healthcare Supplies > OTC Pharmaceuticals,Healthcare Supplies > OTC Pharmaceuticals > Medicine & Vitamins > Probiotics,0.8194534744763831,1,Walmart,1,1,0,1.0,0.2,0.7842340511986997,41.54313135332417,2.807050279247651,45.23432744978698,37.85193525686137,5.614100558495302,0.0,1.0,0.0,0,Healthcare Supplies > OTC Pharmaceuticals > Medicine & Vitamins > Anti-Nausea & Digestive Aids,Walmart::Health and Medicine > Digestive Health > BIOHM,0,,,,,VERIFY,VERTICAL EXTENSION,OFF-BRAND,VERTICAL EXTENSION,0.45594312158661404,C,"Already sold - fix naming / navigation so customers find it (findability, not assortment)","Health, safety & facilities",,,already carried: Healthcare Supplies > OTC Pharmaceuticals > Medicine & Vitamins > Probiotics,82,Healthcare Supplies > OTC Pharmaceuticals,Health and Medicine,Healthcare Supplies > OTC Pharmaceuticals,BIOHM
V0476,ENTER,Iberogast,Walmart: Health and Medicine > Digestive Health > Iberogast,Healthcare Supplies,Healthcare Supplies > OTC Pharmaceuticals,Healthcare Supplies > OTC Pharmaceuticals > Medicine & Vitamins > Anti-Nausea & Digestive Aids,0.8194534744763831,1,Walmart,1,1,0,1.0,0.2,0.7842340511986997,41.54313135332417,2.807050279247651,45.23432744978698,37.85193525686137,5.614100558495302,0.0,1.0,0.0,0,Healthcare Supplies > OTC Pharmaceuticals > Medicine & Vitamins > Anti-Nausea & Digestive Aids,Walmart::Health and Medicine > Digestive Health > Iberogast,0,,,,,VERIFY,VERTICAL EXTENSION,OFF-BRAND,VERTICAL EXTENSION,0.45594312158661404,C,"Already sold - fix naming / navigation so customers find it (findability, not assortment)","Health, safety & facilities",,,already carried: Healthcare Supplies > OTC Pharmaceuticals > Medicine & Vitamins > Anti-Nausea & Digestive Aids,83,Healthcare Supplies > OTC Pharmaceuticals,Health and Medicine,Healthcare Supplies > OTC Pharmaceuticals,Iberogast
V0512,ENTER,IBgard,Walmart: Health and Medicine > Digestive Health > IBgard,Healthcare Supplies,Healthcare Supplies > OTC Pharmaceuticals,Healthcare Supplies > OTC Pharmaceuticals > Medicine & Vitamins > Anti-Nausea & Digestive Aids,0.8194534744763831,1,Walmart,1,1,0,1.0,0.2,0.7842340511986997,41.54313135332417,2.807050279247651,45.23432744978698,37.85193525686137,5.614100558495302,0.0,1.0,0.0,0,Healthcare Supplies > OTC Pharmaceuticals > Medicine & Vitamins > Anti-Nausea & Digestive Aids,Walmart::Health and Medicine > Digestive Health > IBgard,0,,,,,VERIFY,VERTICAL EXTENSION,OFF-BRAND,VERTICAL EXTENSION,0.45594312158661404,C,"Already sold - fix naming / navigation so customers find it (findability, not assortment)","Health, safety & facilities",,,already carried: Healthcare Supplies > OTC Pharmaceuticals > Medicine & Vitamins > Anti-Nausea & Digestive Aids,84,Healthcare Supplies > OTC Pharmaceuticals,Health and Medicine,Healthcare Supplies > OTC Pharmaceuticals,IBgard
V0255,ENTER,ZzzQuil,Walmart: Health and Medicine > Sleep Better > ZzzQuil,Healthcare Supplies,Healthcare Supplies > OTC Pharmaceuticals,Healthcare Supplies > OTC Pharmaceuticals > Medicine & Vitamins > Sleep Aids,0.8483012891197779,1,Walmart,1,1,0,1.0,0.2,0.7842340511986997,42.45404747413269,5.85794727463241,36.90809494826537,48.00000000000001,11.71589454926482,0.0,1.0,0.0,0,Healthcare Supplies > OTC Pharmaceuticals > Medicine & Vitamins > Sleep Aids,Walmart::Health and Medicine > Sleep Better > ZzzQuil,0,,,,,VERIFY,OFF-BRAND,VERTICAL EXTENSION,VERTICAL EXTENSION,0.4442036840686272,C,"Already sold - fix naming / navigation so customers find it (findability, not assortment)","Health, safety & facilities",,,already carried: Healthcare Supplies > OTC Pharmaceuticals > Medicine & Vitamins > Sleep Aids,85,Healthcare Supplies > OTC Pharmaceuticals,Health and Medicine,Healthcare Supplies > OTC Pharmaceuticals,ZzzQuil
V0358,ENTER,Lypsyl,Walmart: Health and Medicine > Lip Care > Lypsyl,Healthcare Supplies,Healthcare Supplies > Personal Care,Healthcare Supplies > Personal Care > Skin Care > Lip Balm,0.8810117879852302,1,Walmart,1,1,0,1.0,0.2,0.7842340511986997,49.2474484620385,10.35147686945189,57.52891052951917,40.965986394557824,20.70295373890378,0.0,1.0,0.0,0,Healthcare Supplies > Personal Care > Skin Care > Lip Balm,Walmart::Health and Medicine > Lip Care > Lypsyl,0,,,,,VERIFY,VERTICAL EXTENSION,VERTICAL EXTENSION,VERTICAL EXTENSION,0.441271782543745,B,"Already sold - fix naming / navigation so customers find it (findability, not assortment)","Health, safety & facilities",,,already carried: Healthcare Supplies > Personal Care > Skin Care > Lip Balm,86,Healthcare Supplies > Personal Care,Health and Medicine,Healthcare Supplies > Personal Care,Lypsyl
V0329,ENTER,Telephone Message Pads & Voicemail Log Books,OfficeDepot: Paper > Notebooks & Pads > Telephone Message Pads & Voicemail Log Books,Office Supplies,Office Supplies > Desk Organizers & Accessories,Office Supplies > Notebooks & Notepads > Notepads,0.7829417398408783,2,"OfficeDepot, Walmart",1,1,1,1.0,0.4,0.6853880073919026,64.59880258859478,33.14572534471188,54.88740109555691,74.31020408163265,0.0,66.29145068942375,1.0,21.0,0,Office Supplies > Desk Organizers & Accessories > Desk Pads,OfficeDepot::Paper > Notebooks & Pads > Telephone Message Pads & Voicemail Log Books,0,,,,,VERIFY,VERTICAL EXTENSION,1P-CORE GAP,CURATE,0.3835310805578891,B,"Already sold - fix naming / navigation so customers find it (findability, not assortment)",Core office & business supplies,,,already carried: Office Supplies > Notebooks & Notepads > Notepads,87,Office Supplies > Notebooks & Notepads,Paper,Office Supplies > Notebooks & Notepads,Telephone Message Pads & Voicemail Log Books
V0269,ENTER,Federal & State Poster Kits,OfficeDepot: Office Supplies > Labor Law & Workplace Posters > Federal & State Poster Kits,Office Supplies,Office Supplies > Forms & Recordkeeping,Facilities > Facilities Signs > Labor Law Posters,0.9141829997272597,1,OfficeDepot,1,1,0,1.0,0.2,0.6727283385037155,67.36914181375533,27.359987205229466,49.738283627510654,85.0,54.71997441045893,0.0,1.0,97.0,0,Facilities > Facilities Signs > Labor Law Posters,OfficeDepot::Office Supplies > Labor Law & Workplace Posters > Federal & State Poster Kits,0,,,,,VERIFY,REVIEW,CURATE,CURATE,0.36869335156315747,C,"Already sold - fix naming / navigation so customers find it (findability, not assortment)","Health, safety & facilities",,,already carried: Facilities > Facilities Signs > Labor Law Posters,88,Facilities > Facilities Signs,Office Supplies,Facilities > Facilities Signs,Federal & State Poster Kits
E0066,ENTER,Vases,Amazon: Home & Kitchen > Home Décor > Vases | WestElm: Pillows & Decor > Room Decor > Vases,Furniture,Furniture > Decor,"Furniture > Decor > Home & Office Decor > Decorative Baskets, Bowls and Boxes",0.8439317484371063,4,"Amazon, Walmart, Wayfair, WestElm",2,2,0,0.0,0.8,0.8262358087180423,57.48027988155369,0.0,57.65672550213026,57.30383426097712,0.0,0.0,2.0,106.0,0,"Furniture > Decor > Home & Office Decor > Decorative Baskets, Bowls and Boxes",Amazon::Home & Kitchen > Home Décor > Vases,2,,,,,VERTICAL EXTENSION,VERTICAL EXTENSION,VERTICAL EXTENSION,VERTICAL EXTENSION,0.7416233726959758,A,Phase 2 - enter through a vertical Staples already serves,Home décor & furnishings,0.284,0.284,,1,Furniture > Decor,Home & Kitchen,Furniture > Decor,Vases
E0063,ENTER,Picnic Baskets,WestElm: Kitchen & Dining > Serveware > Picnic Baskets,Furniture,Furniture > Decor,"Furniture > Decor > Home & Office Decor > Decorative Baskets, Bowls and Boxes",0.7809125590421296,4,"Amazon, Walmart, Wayfair, WestElm",1,1,1,0.0,0.8,0.7567314983732146,54.34841318146249,0.0,63.63968350578211,45.057142857142864,0.0,0.0,1.0,14.0,0,Office Supplies > Storage & Organization > Storage Baskets,WestElm::Kitchen & Dining > Serveware > Picnic Baskets,1,,,,,VERTICAL EXTENSION,CURATE,VERTICAL EXTENSION,VERTICAL EXTENSION,0.7079012639750125,B,Phase 2 - enter through a vertical Staples already serves,Home décor & furnishings,0.122,0.12,,2,Furniture > Decor,Kitchen & Dining,Furniture > Decor,Picnic Baskets
E0106,ENTER,Grills & Smokers,"Amazon: Patio, Lawn & Garden > Grills & Outdoor Cooking > Grills & Smokers",Appliances & Kitchenware,Appliances & Kitchenware > Kitchenware,Appliances & Kitchenware > Kitchenware > Kitchen Tools > Grilling Products,0.7499547435203455,4,"Amazon, OfficeDepot, Walmart, Wayfair",1,1,0,0.0,0.8,0.773597110211441,47.85972896766741,0.0,31.53986609860012,64.1795918367347,0.0,0.0,1.0,0.0,0,"Appliances & Kitchenware > Small Appliances > Griddles, Grills & Waffle Makers","Amazon::Patio, Lawn & Garden > Grills & Outdoor Cooking > Grills & Smokers",1,,,,,VERTICAL EXTENSION,OFF-BRAND,CURATE,VERTICAL EXTENSION,0.6943381754770065,B,Phase 2 - enter through a vertical Staples already serves,"Breakroom, kitchen & hospitality",0.01,0.008,,3,Appliances & Kitchenware > Kitchenware,"Patio, Lawn & Garden",Appliances & Kitchenware > Kitchenware,Grills & Smokers
E0030,ENTER,Teen Dressers,Wayfair: Baby & Kids > Teen Bedroom Furniture > Teen Dressers | Wayfair: Baby & Kids > Toddler & Kids Bedroom Furniture > Baby & Kids Dressers | WestElm: Furniture > Bedroom > Dressers,Furniture,Furniture > School Furniture,Furniture > School Furniture,0.7690559072354667,4,"OfficeDepot, Walmart, Wayfair, WestElm",3,2,0,0.0,0.8,0.7014421388254948,50.03189287888009,0.0,46.4637857577602,53.6,0.0,0.0,3.0,242.0,0,Furniture > School Furniture,Wayfair::Baby & Kids > Teen Bedroom Furniture > Teen Dressers,3,,,,,VERTICAL EXTENSION,VERTICAL EXTENSION,VERTICAL EXTENSION,VERTICAL EXTENSION,0.6756004272255635,A,Phase 2 - enter through a vertical Staples already serves,Home décor & furnishings,0.02,0.014,,4,Furniture,Baby & Kids,Furniture,Teen Dressers
E0263,ENTER,Adult Novelty,Amazon: Home & Kitchen > Event & Party Supplies > Adult Novelty,Party Supplies,Party Supplies > Party Favors & Costumes,Party Supplies > Party Favors & Costumes,0.7745997658117492,3,"Amazon, Walmart, Wayfair",1,1,1,0.0,0.6,0.8516477449573897,54.98092497885559,0.0,40.80340839926963,69.15844155844155,0.0,0.0,1.0,0.0,0,Party Supplies > Party Favors & Costumes,Amazon::Home & Kitchen > Event & Party Supplies > Adult Novelty,1,,,,,VERTICAL EXTENSION,VERTICAL EXTENSION,CURATE,VERTICAL EXTENSION,0.6730194856716532,B,Phase 2 - enter through a vertical Staples already serves,"Celebrations, gifting & creativity",0.152,0.148,,5,Party Supplies,Home & Kitchen,Party Supplies,Adult Novelty
E0057,ENTER,Bed Canopies,Wayfair: Baby & Kids > Toddler & Kids Bedding & Bath > Bed Canopies,Furniture,Furniture > Decor,Furniture > Decor > Beds & Bedding,0.807576969898818,3,"Amazon, Walmart, Wayfair",1,1,1,0.0,0.6,0.8516477449573897,57.7076353609003,1.735156810143084,59.48874010955569,55.9265306122449,3.470313620286168,0.0,1.0,0.0,0,Furniture > Decor > Beds & Bedding,Wayfair::Baby & Kids > Toddler & Kids Bedding & Bath > Bed Canopies,1,,,,,VERTICAL EXTENSION,VERTICAL EXTENSION,VERTICAL EXTENSION,VERTICAL EXTENSION,0.6693797352759049,A,Phase 2 - enter through a vertical Staples already serves,Home décor & furnishings,0.292,0.288,,6,Furniture > Decor,Baby & Kids,Furniture > Decor,Bed Canopies
E0019,ENTER,Armoires & Wardrobes,Wayfair: Furniture > Bedroom Furniture > Armoires & Wardrobes | Wayfair: Baby & Kids > Toddler & Kids Bedroom Furniture > Kids Armoires | WestElm: Furniture > Bedroom > Armoires & Wardrobes,Furniture,Furniture,Furniture,0.8067832235165127,4,"OfficeDepot, Walmart, Wayfair, WestElm",3,2,0,0.0,0.8,0.6323304400826499,53.294382269036646,0.0,52.473118279569896,54.1156462585034,0.0,0.0,3.0,17.0,0,Furniture,Wayfair::Furniture > Bedroom Furniture > Armoires & Wardrobes,3,,,,,VERTICAL EXTENSION,VERTICAL EXTENSION,VERTICAL EXTENSION,VERTICAL EXTENSION,0.6611988008360373,A,Phase 2 - enter through a vertical Staples already serves,Home décor & furnishings,0.082,0.07,,7,Furniture,Furniture,Furniture,Armoires & Wardrobes
E0098,ENTER,Tapestries,Amazon: Home & Kitchen > Home Décor > Tapestries | Wayfair: Decor & Pillows > Wall Décor > Tapestries,Furniture,Furniture > Decor,Furniture > Decor > Wall Art > Wall Art/Decor,0.7324377148053541,3,"Amazon, Walmart, Wayfair",2,2,0,0.0,0.6,0.8516477449573897,50.75155107912694,0.0,24.083992696287282,77.4191094619666,0.0,0.0,2.0,0.0,0,Furniture > Decor > Home & Office Decor,Amazon::Home & Kitchen > Home Décor > Tapestries,2,,,,,VERTICAL EXTENSION,OFF-BRAND,CURATE,VERTICAL EXTENSION,0.6603313639724673,B,Phase 2 - enter through a vertical Staples already serves,"Celebrations, gifting & creativity",0.026,0.024,,8,Party Supplies > Party Décor,Home & Kitchen,Party Supplies > Party Décor,Tapestries
E0386,ENTER,Cupolas & Accessories,"Amazon: Patio, Lawn & Garden > Outdoor Décor > Cupolas & Accessories",Furniture,Furniture > Decor,Gift Shop > Professional Gifts > Compasses > Outdoor Decor,0.7184999621211554,3,"Amazon, Walmart, Wayfair",1,1,0,0.0,0.6,0.8516477449573897,47.714052194219136,0.0,29.04443091905052,66.38367346938776,0.0,0.0,1.0,0.0,0,Furniture > Decor > Shower Curtains & Accessories,"Amazon::Patio, Lawn & Garden > Outdoor Décor > Cupolas & Accessories",1,,,,,VERTICAL EXTENSION,OFF-BRAND,CURATE,VERTICAL EXTENSION,0.6512188673177438,B,Phase 2 - enter through a vertical Staples already serves,"Celebrations, gifting & creativity",0.01,0.006,,9,Party Supplies > Party Décor,"Patio, Lawn & Garden",Party Supplies > Party Décor,Cupolas & Accessories
E0080,ENTER,Greenhouses & Accessories,"Amazon: Patio, Lawn & Garden > Gardening & Lawn Care > Greenhouses & Accessories | Wayfair: Outdoor > Garden > Greenhouses",Facilities,Facilities > Grounds Maintenance,Facilities > Grounds Maintenance > Outdoor Tools > Lawn & Garden Tools,0.8383432824184568,3,"Amazon, Walmart, Wayfair",2,2,0,0.0,0.6,0.8953968984180426,42.23288568950685,0.0,34.236153377967135,50.229618001046575,0.0,0.0,2.0,0.0,0,Facilities > Grounds Maintenance > Outdoor Tools > Lawn & Garden Tools,"Amazon::Patio, Lawn & Garden > Gardening & Lawn Care > Greenhouses & Accessories",2,,,,,VERTICAL EXTENSION,OFF-BRAND,VERTICAL EXTENSION,VERTICAL EXTENSION,0.6500875715148354,B,Phase 2 - enter through a vertical Staples already serves,Outdoor living & grounds,0.0,0.0,,10,Facilities > Grounds Maintenance,"Patio, Lawn & Garden",Facilities > Grounds Maintenance,Greenhouses & Accessories
E0094,ENTER,Plant Germination Equipment,"Amazon: Patio, Lawn & Garden > Farm & Ranch > Plant Germination Equipment | Amazon: Patio, Lawn & Garden > Gardening & Lawn Care > Greenhouses & Plant Germination Equipment",Facilities,Facilities > Grounds Maintenance,Facilities > Grounds Maintenance > Outdoor Tools > Lawn & Garden Tools,0.8246655333811675,3,"Amazon, Walmart, Wayfair",2,1,0,0.0,0.6,0.8516477449573897,47.31542164035426,0.0,47.54716981132076,47.08367346938776,0.0,0.0,2.0,0.0,0,Facilities > Grounds Maintenance > Watering Equipment,"Amazon::Patio, Lawn & Garden > Farm & Ranch > Plant Germination Equipment",2,,,,,VERTICAL EXTENSION,VERTICAL EXTENSION,VERTICAL EXTENSION,VERTICAL EXTENSION,0.6500229756561492,A,Phase 2 - enter through a vertical Staples already serves,Outdoor living & grounds,0.01,0.004,,11,Facilities > Grounds Maintenance,"Patio, Lawn & Garden",Facilities > Grounds Maintenance,Plant Germination Equipment
E0018,ENTER,Gazebo Canopies,"Amazon: Patio, Lawn & Garden > Patio Furniture & Accessories > Canopies, Gazebos & Pergolas | Walmart: Patio & Garden > Outdoor Shade > Gazebo Canopies | Wayfair: Outdoor > Outdoor Shades > Gazebos",Gift Shop,Gift Shop > Professional Gifts,Gift Shop > Professional Gifts > Compasses > Patio Furniture,0.8282732516781256,3,"Amazon, Walmart, Wayfair",3,3,0,0.0,0.6,0.8516477449573897,42.8099134647087,0.20532934499579833,39.062690200852096,46.557136728565304,0.41065868999159666,0.0,3.0,0.0,0,Gift Shop > Professional Gifts > Compasses > Patio Furniture,Walmart::Patio & Garden > Outdoor Shade > Gazebo Canopies,3,,,,,VERTICAL EXTENSION,OFF-BRAND,VERTICAL EXTENSION,VERTICAL EXTENSION,0.6351995166022529,B,Phase 2 - enter through a vertical Staples already serves,Outdoor living & grounds,0.0,0.0,,12,Gift Shop > Professional Gifts,"Patio, Lawn & Garden",Gift Shop > Professional Gifts,Gazebo Canopies
E0037,ENTER,Weathervanes,"Amazon: Patio, Lawn & Garden > Outdoor Décor > Weathervanes | Walmart: Patio & Garden > Patio & Outdoor Decor > Weathervanes | Wayfair: Outdoor > Outdoor Décor > Weathervanes & Cupolas",Furniture,Furniture > Decor,Gift Shop > Professional Gifts > Compasses > Outdoor Decor,0.760314068716644,3,"Amazon, Walmart, Wayfair",3,3,0,0.0,0.6,0.8516477449573897,42.92946593920798,0.4932581571264005,17.56137147494421,68.29756040347173,0.986516314252801,0.0,3.0,0.0,0,Gift Shop > Professional Gifts > Compasses > Patio Furniture,"Amazon::Patio, Lawn & Garden > Outdoor Décor > Weathervanes",3,,,,,VERTICAL EXTENSION,OFF-BRAND,CURATE,VERTICAL EXTENSION,0.6337237194548823,B,Phase 2 - enter through a vertical Staples already serves,Outdoor living & grounds,0.0,0.0,,13,Gift Shop > Professional Gifts,"Patio, Lawn & Garden",Gift Shop > Professional Gifts,Weathervanes
E0016,ENTER,Nightstands,Wayfair: Furniture > Bedroom Furniture > Nightstands | Wayfair: Baby & Kids > Teen Bedroom Furniture > Teen Nightstands | WestElm: Furniture > Bedroom > Nightstands,Furniture,Furniture,Furniture,0.7676450216899309,3,"Walmart, Wayfair, WestElm",3,2,0,0.0,0.6,0.8197109633481943,46.06493834904626,0.22784687353096564,36.0438222763238,56.086054421768715,0.0,0.4556937470619313,3.0,193.0,0,Furniture,WestElm::Furniture > Bedroom > Nightstands,3,,,,,VERTICAL EXTENSION,OFF-BRAND,VERTICAL EXTENSION,VERTICAL EXTENSION,0.633646611188432,B,Phase 2 - enter through a vertical Staples already serves,Home décor & furnishings,0.004,0.002,,14,Furniture,Furniture,Furniture,Nightstands
E0011,ENTER,Saunas,"Amazon: Patio, Lawn & Garden > Pools, Hot Tubs & Supplies > Saunas | Walmart: Patio & Garden > Saunas > Infrared Saunas | Wayfair: Outdoor > Hot Tubs, Saunas & Pools > Saunas | Wayfair: Shop Hospitality Spaces > Salon & Spa > Saunas",Retail Store Supplies,Retail Store Supplies > Spa & Salon,Retail Store Supplies > Spa & Salon > Spa & Massage,0.7537469172668676,3,"Amazon, Walmart, Wayfair",4,3,0,0.0,0.6,0.8516477449573897,40.60211472294335,0.0,21.871576384662205,59.33265306122449,0.0,0.0,4.0,0.0,0,Facilities > Plumbing > Tubs and Showers,"Wayfair::Outdoor > Hot Tubs, Saunas & Pools > Saunas",4,,,,,VERTICAL EXTENSION,OFF-BRAND,VERTICAL EXTENSION,VERTICAL EXTENSION,0.6298830549039165,B,Phase 2 - enter through a vertical Staples already serves,Outdoor living & grounds,0.0,0.0,,15,Facilities > Grounds Maintenance,"Patio, Lawn & Garden",Facilities > Grounds Maintenance,Saunas
E0009,ENTER,Plant & Soil Monitoring,"Amazon: Patio, Lawn & Garden > Gardening & Lawn Care > Plant & Soil Monitoring | Amazon: Patio, Lawn & Garden > Gardening & Lawn Care > Plant Support Structures",Facilities,Facilities > Grounds Maintenance,Facilities > Grounds Maintenance > Outdoor Tools > Lawn & Garden Tools,0.8881925056032576,3,"Amazon, Walmart, Wayfair",2,1,0,0.0,0.6,0.8516477449573897,52.99573598155027,6.470115696618316,57.18807060255631,48.80340136054422,0.0,12.940231393236632,2.0,0.0,0,Facilities > Grounds Maintenance > Outdoor Tools > Lawn & Garden Tools,"Amazon::Patio, Lawn & Garden > Gardening & Lawn Care > Plant & Soil Monitoring",2,,,,,VERTICAL EXTENSION,VERTICAL EXTENSION,VERTICAL EXTENSION,VERTICAL EXTENSION,0.6239041113707623,A,Phase 2 - enter through a vertical Staples already serves,Outdoor living & grounds,0.078,0.04,,16,Facilities > Grounds Maintenance,"Patio, Lawn & Garden",Facilities > Grounds Maintenance,Plant & Soil Monitoring
E0297,ENTER,Candleholders,Amazon: Home & Kitchen > Seasonal Décor > Candleholders,Furniture,Furniture > Decor,Party Supplies > Party Décor,0.7690220712341328,3,"Amazon, Wayfair, WestElm",1,1,1,0.0,0.6,0.7367881186957542,50.731919827657435,0.0,18.08886183810103,83.37497781721385,0.0,0.0,1.0,0.0,0,Party Supplies > Party Décor,Amazon::Home & Kitchen > Seasonal Décor > Candleholders,1,,,,,VERTICAL EXTENSION,OFF-BRAND,CURATE,VERTICAL EXTENSION,0.6200716010264862,B,Phase 2 - enter through a vertical Staples already serves,Home décor & furnishings,0.024,0.01,,17,Furniture > Decor,Home & Kitchen,Furniture > Decor,Candleholders
E0253,ENTER,Loading Dock Levelers,Amazon: Industrial & Scientific > Material Handling Products > Loading Dock Levelers,Laboratory & Scientific Supplies,Laboratory & Scientific Supplies > Lab Safety,Laboratory & Scientific Supplies > Lab Safety > Material Handling & Storage,0.8557674901737164,2,"Amazon, Walmart",1,1,0,0.0,0.4,0.8635197074360017,57.48560655933928,0.0,41.29032258064517,73.6808905380334,0.0,0.0,1.0,0.0,0,Laboratory & Scientific Supplies > Lab Safety > Material Handling & Storage,Amazon::Industrial & Scientific > Material Handling Products > Loading Dock Levelers,1,,,,,VERTICAL EXTENSION,VERTICAL EXTENSION,CURATE,VERTICAL EXTENSION,0.6146887172806184,B,Phase 2 - enter through a vertical Staples already serves,"Health, safety & facilities",0.284,0.182,,18,Facilities > Material Handling,Industrial & Scientific,Facilities > Material Handling,Loading Dock Levelers
E0148,ENTER,Tillers,"Amazon: Patio, Lawn & Garden > Outdoor Power Tools > Tillers",Facilities,Facilities > Grounds Maintenance,Facilities > Grounds Maintenance > Outdoor Tools > Lawn & Garden Tools,0.802888139395501,2,"Amazon, Walmart",1,1,0,0.0,0.4,0.8441170255993499,58.399541240720275,0.0,37.62629336579428,79.17278911564627,0.0,0.0,1.0,0.0,0,Facilities > Grounds Maintenance > Outdoor Tools > Lawn & Garden Tools,"Amazon::Patio, Lawn & Garden > Outdoor Power Tools > Tillers",1,,,,,VERTICAL EXTENSION,OFF-BRAND,CURATE,VERTICAL EXTENSION,0.6106395826819333,B,Phase 2 - enter through a vertical Staples already serves,Outdoor living & grounds,0.354,0.198,,19,Facilities > Grounds Maintenance,"Patio, Lawn & Garden",Facilities > Grounds Maintenance,Tillers
D0045,DEEPEN,Jewelry Boxes & Cases,"Gift Shop > Home, Personal & Travel > Jewelry Boxes & Cases",Gift Shop,"Gift Shop > Home, Personal & Travel","Gift Shop > Home, Personal & Travel > Jewelry Boxes & Cases",1.0,4,"Amazon, Walmart, Wayfair, WestElm",4,4,0,0.0,0.8,0.7162612013776632,56.22215638450842,12.977897793129292,,,,,,,1,"Gift Shop > Home, Personal & Travel > Jewelry Boxes & Cases","Staples::Gift Shop > Home, Personal & Travel > Jewelry Boxes & Cases",0,"Jewelry Casting Supplies, Jewelry Making Kits, Jewelry Stands",15.0,1.1083194879504785,3.0,VERTICAL EXTENSION,,,VERTICAL EXTENSION,0.6085959375105993,A,Phase 2 - enter through a vertical Staples already serves,"Celebrations, gifting & creativity",0.208,0.074,,20,"Gift Shop > Home, Personal & Travel",,"Gift Shop > Home, Personal & Travel",Jewelry Boxes & Cases
E0365,ENTER,Edgers,"Amazon: Patio, Lawn & Garden > Outdoor Power Tools > Edgers",Facilities,Facilities > Grounds Maintenance,Facilities > Grounds Maintenance > Outdoor Tools > Lawn & Garden Tools,0.7971656197644642,2,"Amazon, Walmart",1,1,0,0.0,0.4,0.8441170255993499,57.70568853226014,0.0,36.23858794887401,79.17278911564627,0.0,0.0,1.0,0.0,0,Facilities > Grounds Maintenance > Outdoor Tools > Lawn & Garden Tools,"Amazon::Patio, Lawn & Garden > Outdoor Power Tools > Edgers",1,,,,,VERTICAL EXTENSION,OFF-BRAND,CURATE,VERTICAL EXTENSION,0.6085580245565528,B,Phase 2 - enter through a vertical Staples already serves,Outdoor living & grounds,0.292,0.11,,21,Facilities > Grounds Maintenance,"Patio, Lawn & Garden",Facilities > Grounds Maintenance,Edgers
E0349,ENTER,Cooktops,"Amazon: Appliances > Ranges, Ovens & Cooktops > Cooktops",Appliances & Kitchenware,Appliances & Kitchenware > Major Appliances,Appliances & Kitchenware > Major Appliances > Dishwashers,0.7564211772126971,3,"Amazon, Walmart, Wayfair",1,1,0,0.0,0.6,0.7861079465348576,40.0446197225086,0.0,23.542300669507,56.546938775510206,0.0,0.0,1.0,0.0,0,Appliances & Kitchenware > Major Appliances > Dishwashers,"Amazon::Appliances > Ranges, Ovens & Cooktops > Cooktops",1,,,,,VERTICAL EXTENSION,OFF-BRAND,VERTICAL EXTENSION,VERTICAL EXTENSION,0.6052716404547259,B,Phase 2 - enter through a vertical Staples already serves,"Breakroom, kitchen & hospitality",0.0,0.0,,22,"Coffee, Water & Snacks > Breakroom Appliances",Appliances,"Coffee, Water & Snacks > Breakroom Appliances",Cooktops
E0325,ENTER,Hunting & Fishing,Amazon: Sports & Outdoors > Sports & Fitness > Hunting & Fishing,Fitness,Fitness > Fitness Equipment,Expanded Assortment > Outdoors & Recreation,0.7719586524394495,2,"Amazon, Walmart",1,1,0,0.0,0.4,0.9378797236895571,43.63894568174196,0.0,36.49421789409617,50.78367346938775,0.0,0.0,1.0,0.0,0,Expanded Assortment > Outdoors & Recreation,Amazon::Sports & Outdoors > Sports & Fitness > Hunting & Fishing,1,,,,,VERTICAL EXTENSION,OFF-BRAND,VERTICAL EXTENSION,VERTICAL EXTENSION,0.5991747403365708,B,Phase 2 - enter through a vertical Staples already serves,Wellness & ergonomics,0.0,0.0,,23,Fitness > Fitness Equipment,Sports & Outdoors,Fitness > Fitness Equipment,Hunting & Fishing
E0065,ENTER,Slipcovers,Amazon: Home & Kitchen > Home Décor > Slipcovers | Wayfair: Furniture > Living Room Furniture > Slipcovers | WestElm: Furniture > Featured > Furniture Cushions & Slipcovers,Furniture,Furniture > Decor,Furniture > Decor,0.874867942988691,4,"Amazon, Walmart, Wayfair, WestElm",3,3,0,0.0,0.8,0.8086601193431036,56.628027865824585,18.286259985378987,63.757354432947864,49.4987012987013,21.3453034885955,15.227216482162476,3.0,24.0,0,Furniture > Storage Furniture,Wayfair::Furniture > Living Room Furniture > Slipcovers,3,,,,,VERTICAL EXTENSION,CURATE,VERTICAL EXTENSION,VERTICAL EXTENSION,0.5988923600706816,B,Phase 2 - enter through a vertical Staples already serves,"Celebrations, gifting & creativity",0.23,0.05,,24,Party Supplies > Party Décor,Furniture,Party Supplies > Party Décor,Slipcovers
E0259,ENTER,Calibration,"Amazon: Industrial & Scientific > Test, Measure & Inspect > Calibration",Facilities,Facilities > Hand & Power Tools,"Safety Supplies > Test Instruments, Meters & Precision Tools",0.785826954207489,2,"Amazon, Walmart",1,1,0,0.0,0.4,0.8635197074360017,51.2727265952029,0.0,37.492391965916006,65.0530612244898,0.0,0.0,1.0,0.0,0,"Safety Supplies > Test Instruments, Meters & Precision Tools","Amazon::Industrial & Scientific > Test, Measure & Inspect > Calibration",1,,,,,VERTICAL EXTENSION,OFF-BRAND,CURATE,VERTICAL EXTENSION,0.5960500773882091,B,Phase 2 - enter through a vertical Staples already serves,"Health, safety & facilities",0.038,0.004,,25,Facilities > Hand & Power Tools,Industrial & Scientific,Facilities > Hand & Power Tools,Calibration
E0314,ENTER,Australian Rules Football,Amazon: Sports & Outdoors > Sports & Fitness > Australian Rules Football,Fitness,Fitness > Fitness Equipment,Fitness > Fitness Equipment,0.7461971356413827,2,"Amazon, Walmart",1,1,0,0.0,0.4,0.9334099959366111,42.39731451923436,0.0,34.01095556908096,50.78367346938775,0.0,0.0,1.0,0.0,0,Fitness > Fitness Equipment,Amazon::Sports & Outdoors > Sports & Fitness > Australian Rules Football,1,,,,,VERTICAL EXTENSION,OFF-BRAND,VERTICAL EXTENSION,VERTICAL EXTENSION,0.5938854421355169,B,Phase 2 - enter through a vertical Staples already serves,Wellness & ergonomics,0.0,0.0,,26,Fitness > Fitness Equipment,Sports & Outdoors,Fitness > Fitness Equipment,Australian Rules Football
E0132,ENTER,Forklift Booms,Amazon: Industrial & Scientific > Material Handling Products > Forklift Booms | Amazon: Industrial & Scientific > Material Handling Products > Forklifts,Laboratory & Scientific Supplies,Laboratory & Scientific Supplies > Lab Safety,Laboratory & Scientific Supplies > Lab Safety > Material Handling & Storage,0.8068013436007891,2,"Amazon, Walmart",2,1,0,0.0,0.4,0.8441170255993499,52.686458659156685,0.0,31.692026780279974,73.6808905380334,0.0,0.0,2.0,0.0,0,Laboratory & Scientific Supplies > Lab Safety > Material Handling & Storage,Amazon::Industrial & Scientific > Material Handling Products > Forklift Booms,2,,,,,VERTICAL EXTENSION,OFF-BRAND,CURATE,VERTICAL EXTENSION,0.5935003349372425,B,Phase 2 - enter through a vertical Staples already serves,"Health, safety & facilities",0.062,0.0,,27,Facilities > Material Handling,Industrial & Scientific,Facilities > Material Handling,Forklift Booms
E0265,ENTER,Lock Bolts,Amazon: Industrial & Scientific > Industrial Hardware > Lock Bolts,"Tools, Parts & Supplies","Tools, Parts & Supplies > Measuring & Leveling Tools",Facilities > Hardware > Door Hardware,0.7835179683966615,2,"Amazon, Walmart",1,1,0,0.0,0.4,0.8441170255993499,52.1486278437674,0.0,51.4668289713938,52.830426716141005,0.0,0.0,1.0,0.0,0,Facilities > Locks & Key Control > Locking Systems,Amazon::Industrial & Scientific > Industrial Hardware > Lock Bolts,1,,,,,VERTICAL EXTENSION,VERTICAL EXTENSION,VERTICAL EXTENSION,VERTICAL EXTENSION,0.5918868424910746,B,Phase 2 - enter through a vertical Staples already serves,"Health, safety & facilities",0.06,0.0,,28,"Tools, Parts & Supplies > Measuring & Leveling Tools",Industrial & Scientific,"Tools, Parts & Supplies > Measuring & Leveling Tools",Lock Bolts
E0330,ENTER,Golf,Amazon: Sports & Outdoors > Sports & Fitness > Golf,Fitness,Fitness > Fitness Equipment,Fitness > Fitness Equipment,0.7688400285321788,2,"Amazon, Walmart",1,1,0,0.0,0.4,0.9201023973994311,42.25124026482169,0.0,33.71880706025563,50.78367346938775,0.0,0.0,1.0,0.0,0,Fitness > Fitness Equipment,Amazon::Sports & Outdoors > Sports & Fitness > Golf,1,,,,,VERTICAL EXTENSION,OFF-BRAND,VERTICAL EXTENSION,VERTICAL EXTENSION,0.5887895598842658,B,Phase 2 - enter through a vertical Staples already serves,Wellness & ergonomics,0.0,0.0,,29,Fitness > Fitness Equipment,Sports & Outdoors,Fitness > Fitness Equipment,Golf
E0060,ENTER,Bird Houses,Wayfair: Outdoor > Outdoor Décor > Bird Houses,Furniture,Furniture > Decor,Gift Shop > Professional Gifts > Compasses > Outdoor Decor,0.7438221004234696,2,"Walmart, Wayfair",1,1,1,0.0,0.4,0.8254716174360845,54.73305178431689,1.4898259572263033,35.727328058429705,73.73877551020408,0.0,2.9796519144526066,1.0,0.0,0,Expanded Assortment > Pet Supplies & Accessories > Bird Supplies,Wayfair::Outdoor > Outdoor Décor > Bird Houses,1,,,,,VERTICAL EXTENSION,OFF-BRAND,CURATE,VERTICAL EXTENSION,0.5842778518283344,B,Phase 2 - enter through a vertical Staples already serves,Outdoor living & grounds,0.144,0.0,,30,Gift Shop > Professional Gifts,Outdoor,Gift Shop > Professional Gifts,Bird Houses
E0334,ENTER,Home Gyms,Wayfair: Outdoor > Fitness > Home Gyms,Fitness,Fitness,Fitness,0.9053415558199509,2,"Walmart, Wayfair",1,1,0,0.0,0.4,0.8254716174360845,54.08031102885464,1.1946085569186087,61.82592818015825,46.33469387755102,2.3892171138372174,0.0,1.0,0.0,0,Fitness,Wayfair::Outdoor > Fitness > Home Gyms,1,,,,,VERTICAL EXTENSION,CURATE,VERTICAL EXTENSION,VERTICAL EXTENSION,0.5840939990381416,B,Phase 2 - enter through a vertical Staples already serves,Wellness & ergonomics,0.11,0.0,,31,Fitness,Outdoor,Fitness,Home Gyms
E0281,ENTER,Weaving & Spinning,"Amazon: Arts, Crafts & Sewing > Crafting > Weaving & Spinning",Arts & Crafts,Arts & Crafts > Crafting,Arts & Crafts > Crafting,0.9024760117004399,2,"Amazon, Walmart",1,1,0,0.0,0.4,0.8441170255993499,54.568233818177305,2.9850363471498587,42.45891661594644,66.67755102040816,5.970072694299717,0.0,1.0,0.0,0,Arts & Crafts > Crafting,"Amazon::Arts, Crafts & Sewing > Crafting > Weaving & Spinning",1,,,,,VERTICAL EXTENSION,VERTICAL EXTENSION,CURATE,VERTICAL EXTENSION,0.5812609446785663,B,Phase 2 - enter through a vertical Staples already serves,"Celebrations, gifting & creativity",0.134,0.0,,32,Arts & Crafts > Crafting,Arts Crafts & Sewing,Arts & Crafts > Crafting,Weaving & Spinning
E0351,ENTER,Mechanical Pulleys,Amazon: Industrial & Scientific > Power Transmission Products > Mechanical Pulleys,"Tools, Parts & Supplies","Tools, Parts & Supplies > Power Tools",Computers & Accessories > Computer Parts & Components > Power Supplies,0.743435818509897,2,"Amazon, Walmart",1,1,1,0.0,0.4,0.8441170255993499,48.559029649595686,0.0,36.60377358490566,60.51428571428571,0.0,0.0,1.0,0.0,0,"Tools, Parts & Supplies > Hand Tools > Electrical Tools: Wire Pulling Grips",Amazon::Industrial & Scientific > Power Transmission Products > Mechanical Pulleys,1,,,,,VERTICAL EXTENSION,OFF-BRAND,CURATE,VERTICAL EXTENSION,0.5811180479085595,B,Phase 2 - enter through a vertical Staples already serves,"Health, safety & facilities",0.014,0.0,,33,"Tools, Parts & Supplies > Power Tools",Industrial & Scientific,"Tools, Parts & Supplies > Power Tools",Mechanical Pulleys
E0296,ENTER,Springs,Amazon: Industrial & Scientific > Power Transmission Products > Springs,"Tools, Parts & Supplies","Tools, Parts & Supplies > Power Tools",Computers & Accessories > Computer Parts & Components > Power Supplies,0.725676398294195,2,"Amazon, Wayfair",1,1,0,0.0,0.4,0.8853545918367347,41.97351534649161,0.0,23.432744978697507,60.51428571428571,0.0,0.0,1.0,0.0,0,Computers & Accessories > Computer Parts & Components > Power Supplies,Amazon::Industrial & Scientific > Power Transmission Products > Springs,1,,,,,VERTICAL EXTENSION,OFF-BRAND,CURATE,VERTICAL EXTENSION,0.5757946531823319,B,Phase 2 - enter through a vertical Staples already serves,"Health, safety & facilities",0.0,0.0,,34,"Tools, Parts & Supplies > Power Tools",Industrial & Scientific,"Tools, Parts & Supplies > Power Tools",Springs
D0021,DEEPEN,Fitness Equipment,Fitness > Fitness Equipment,Fitness,Fitness > Fitness Equipment,Fitness > Fitness Equipment,1.0,2,"Amazon, Walmart",3,2,0,0.0,0.4,0.9525716375457132,45.25916792302379,5.612227397592517,,,,,,,1,Fitness > Fitness Equipment,Staples::Fitness > Fitness Equipment,0,"Airsoft Equipment, Running Equipment, Team Handball Equipment",43.0,1.300934512168734,2.0,VERTICAL EXTENSION,,,VERTICAL EXTENSION,0.5749891460387336,B,Phase 2 - enter through a vertical Staples already serves,Wellness & ergonomics,0.004,0.0,,35,Fitness > Fitness Equipment,,Fitness > Fitness Equipment,Fitness Equipment
E0378,ENTER,Boating & Sailing,Amazon: Sports & Outdoors > Sports & Fitness > Boating & Sailing,Fitness,Fitness > Fitness Equipment,Fitness > Fitness Equipment,0.7433676972220042,2,"Amazon, Walmart",1,1,0,0.0,0.4,0.8933856156034132,40.33401567565553,0.0,29.88435788192331,50.78367346938775,0.0,0.0,1.0,0.0,0,Fitness > Fitness Equipment,Amazon::Sports & Outdoors > Sports & Fitness > Boating & Sailing,1,,,,,VERTICAL EXTENSION,OFF-BRAND,VERTICAL EXTENSION,VERTICAL EXTENSION,0.5736870124881612,B,Phase 2 - enter through a vertical Staples already serves,Wellness & ergonomics,0.0,0.0,,36,Fitness > Fitness Equipment,Sports & Outdoors,Fitness > Fitness Equipment,Boating & Sailing
E0310,ENTER,Fuel & Firestarters,"Amazon: Patio, Lawn & Garden > Grills & Outdoor Cooking > Fuel & Firestarters",Appliances & Kitchenware,Appliances & Kitchenware > Kitchenware,Gift Shop > Professional Gifts > Compasses > Outdoor Heaters,0.7571136837745818,2,"Amazon, Walmart",1,1,0,0.0,0.4,0.8441170255993499,45.09588234563454,0.0,20.012172854534388,70.1795918367347,0.0,0.0,1.0,0.0,0,Gift Shop > Professional Gifts > Compasses > Outdoor Heaters,"Amazon::Patio, Lawn & Garden > Grills & Outdoor Cooking > Fuel & Firestarters",1,,,,,VERTICAL EXTENSION,OFF-BRAND,CURATE,VERTICAL EXTENSION,0.5707286059966761,B,Phase 2 - enter through a vertical Staples already serves,"Breakroom, kitchen & hospitality",0.002,0.0,,37,Appliances & Kitchenware > Kitchenware,"Patio, Lawn & Garden",Appliances & Kitchenware > Kitchenware,Fuel & Firestarters
E0145,ENTER,Porch & Stair Railings,Wayfair: Outdoor > Outdoor Fencing & Flooring > Porch & Stair Railings | Wayfair: Home Improvement > Outdoor Remodel > Porch & Stair Railings,Furniture,Furniture > Decor,Furniture > Decor > Home & Office Decor > Indoor Fireplaces,0.7906603913165704,2,"Walmart, Wayfair",2,1,1,0.0,0.4,0.8254716174360845,46.350800890267024,0.0,37.53499695678636,55.16660482374768,0.0,0.0,2.0,0.0,0,Furniture > Decor > Home & Office Decor > Indoor Fireplaces,Wayfair::Outdoor > Outdoor Fencing & Flooring > Porch & Stair Railings,2,,,,,VERTICAL EXTENSION,OFF-BRAND,VERTICAL EXTENSION,VERTICAL EXTENSION,0.5679674687734306,B,Phase 2 - enter through a vertical Staples already serves,Outdoor living & grounds,0.006,0.0,,38,Gift Shop > Professional Gifts,Outdoor,Gift Shop > Professional Gifts,Porch & Stair Railings
E0222,ENTER,Contact Lenses,Amazon: Health & Personal Care > Vision Care > Contact Lenses,Healthcare Supplies,Healthcare Supplies > Personal Care,Expanded Assortment > Personal Care & Eyewear,0.7640146803890315,2,"Amazon, Walmart",1,1,0,0.0,0.4,0.8441170255993499,43.27669892059076,0.0,39.59829580036519,46.95510204081633,0.0,0.0,1.0,0.0,0,Expanded Assortment > Personal Care & Eyewear,Amazon::Health & Personal Care > Vision Care > Contact Lenses,1,,,,,VERTICAL EXTENSION,OFF-BRAND,VERTICAL EXTENSION,VERTICAL EXTENSION,0.5652710557215447,B,Phase 2 - enter through a vertical Staples already serves,"Health, safety & facilities",0.0,0.0,,39,Healthcare Supplies > Personal Care,Health & Personal Care,Healthcare Supplies > Personal Care,Contact Lenses
E0246,ENTER,Semiconductor Products,Amazon: Industrial & Scientific > Industrial Electrical > Semiconductor Products,"Tools, Parts & Supplies","Tools, Parts & Supplies > Measuring & Leveling Tools",Facilities > Electrical and Wiring > Electrical,0.7851734058034526,1,Amazon,1,1,0,0.0,0.2,0.904,58.851169802287096,0.0,52.9275715155204,64.7747680890538,0.0,0.0,1.0,0.0,0,Healthcare Supplies > Professional Dental Supplies > Lab Products,Amazon::Industrial & Scientific > Industrial Electrical > Semiconductor Products,1,,,,,VERTICAL EXTENSION,VERTICAL EXTENSION,CURATE,VERTICAL EXTENSION,0.5629535094068613,C,Phase 2 - enter through a vertical Staples already serves,"Health, safety & facilities",0.382,0.006,,40,"Tools, Parts & Supplies > Measuring & Leveling Tools",Industrial & Scientific,"Tools, Parts & Supplies > Measuring & Leveling Tools",Semiconductor Products
E0232,ENTER,Sawmills,"Amazon: Patio, Lawn & Garden > Outdoor Power Tools > Sawmills",Facilities,Facilities > Hand & Power Tools,Facilities > Hand & Power Tools > Power Tools > Power Saws & Accessories,0.7669795901487861,1,Amazon,1,1,0,0.0,0.2,0.904,57.80357857080752,0.0,38.10103469263542,77.50612244897961,0.0,0.0,1.0,0.0,0,Facilities > Hand & Power Tools > Power Tools > Power Saws & Accessories,"Amazon::Patio, Lawn & Garden > Outdoor Power Tools > Sawmills",1,,,,,VERTICAL EXTENSION,OFF-BRAND,CURATE,VERTICAL EXTENSION,0.5598107357124226,C,Phase 2 - enter through a vertical Staples already serves,"Health, safety & facilities",0.3,0.0,,41,Facilities > Hand & Power Tools,"Patio, Lawn & Garden",Facilities > Hand & Power Tools,Sawmills
E0230,ENTER,Boring Bars,Amazon: Industrial & Scientific > Cutting Tools > Boring Bars,"Tools, Parts & Supplies","Tools, Parts & Supplies > Power Tools",Appliances & Kitchenware > Kitchenware > Kitchen Tools > Cutting Boards,0.7831796982965076,1,Amazon,1,1,0,0.0,0.2,0.904,57.64104258492573,0.0,47.66889835666464,67.61318681318681,0.0,0.0,1.0,0.0,0,Appliances & Kitchenware > Kitchenware > Kitchen Tools > Cutting Boards,Amazon::Industrial & Scientific > Cutting Tools > Boring Bars,1,,,,,VERTICAL EXTENSION,VERTICAL EXTENSION,CURATE,VERTICAL EXTENSION,0.5593231277547772,C,Phase 2 - enter through a vertical Staples already serves,"Health, safety & facilities",0.292,0.0,,42,"Tools, Parts & Supplies > Power Tools",Industrial & Scientific,"Tools, Parts & Supplies > Power Tools",Boring Bars
E0329,ENTER,Dyes,"Amazon: Arts, Crafts & Sewing > Fabric Decorating > Dyes",Retail Store Supplies,Retail Store Supplies > Sewing & Tailoring,Retail Store Supplies > Sewing & Tailoring > Fabric,0.7994266230855848,2,"Amazon, Walmart",1,1,1,0.0,0.4,0.8441170255993499,41.12437862546115,0.0,25.2099817407182,57.03877551020409,0.0,0.0,1.0,0.0,0,Retail Store Supplies > Sewing & Tailoring > Fabric,"Amazon::Arts, Crafts & Sewing > Fabric Decorating > Dyes",1,,,,,VERTICAL EXTENSION,OFF-BRAND,VERTICAL EXTENSION,VERTICAL EXTENSION,0.5588140948361559,B,Phase 2 - enter through a vertical Staples already serves,"Celebrations, gifting & creativity",0.0,0.0,,43,Retail Store Supplies > Sewing & Tailoring,Arts Crafts & Sewing,Retail Store Supplies > Sewing & Tailoring,Dyes
D0034,DEEPEN,"Curtains, Blinds & Shades","Furniture > Decor > Curtains, Blinds & Shades",Furniture,Furniture > Decor,"Furniture > Decor > Curtains, Blinds & Shades",1.0,2,"Wayfair, WestElm",3,2,0,0.0,0.4,0.8639492434904996,57.13494769397195,8.967052232791879,,,,,,,1,"Furniture > Decor > Curtains, Blinds & Shades","Staples::Furniture > Decor > Curtains, Blinds & Shades",0,"Outdoor Curtains & Window Treatments, Blinds & Shades, Blackout Curtains",2.0,0.7906579718136546,3.0,VERTICAL EXTENSION,,,VERTICAL EXTENSION,0.5587484703939805,B,Phase 2 - enter through a vertical Staples already serves,Home décor & furnishings,0.266,0.0,,44,Furniture > Decor,,Furniture > Decor,"Curtains, Blinds & Shades"
E0352,ENTER,Hinges,Amazon: Industrial & Scientific > Industrial Hardware > Hinges,Facilities,Facilities > Hardware,Facilities > Hardware > Door Hardware,0.7784831224622699,2,"Amazon, Walmart",1,1,0,0.0,0.4,0.8441170255993499,41.04698450840526,0.0,29.26354230066951,52.830426716141005,0.0,0.0,1.0,0.0,0,Facilities > Hardware > Door Hardware,Amazon::Industrial & Scientific > Industrial Hardware > Hinges,1,,,,,VERTICAL EXTENSION,OFF-BRAND,VERTICAL EXTENSION,VERTICAL EXTENSION,0.5585819124849882,B,Phase 2 - enter through a vertical Staples already serves,"Health, safety & facilities",0.0,0.0,,45,"Tools, Parts & Supplies > Measuring & Leveling Tools",Industrial & Scientific,"Tools, Parts & Supplies > Measuring & Leveling Tools",Hinges
E0083,ENTER,Shutters,Wayfair: Outdoor > Front Door Décor & Curb Appeal > Shutters | Wayfair: Outdoor > Outdoor Shades > Shutters | Wayfair: Home Improvement > Outdoor Remodel > Shutters,Furniture,Furniture > Decor,"Furniture > Decor > Curtains, Blinds & Shades",0.804469100513515,2,"Walmart, Wayfair",3,1,0,0.0,0.4,0.8254716174360845,43.09022873097302,0.0,34.48975451410023,51.69070294784581,0.0,0.0,3.0,0.0,0,Furniture > Decor > Seasonal Decor > Window & Wall Decor & Signs,Wayfair::Outdoor > Outdoor Shades > Shutters,3,,,,,VERTICAL EXTENSION,OFF-BRAND,VERTICAL EXTENSION,VERTICAL EXTENSION,0.5581857522955486,B,Phase 2 - enter through a vertical Staples already serves,Outdoor living & grounds,0.0,0.0,,46,Gift Shop > Professional Gifts,Outdoor,Gift Shop > Professional Gifts,Shutters
E0218,ENTER,Chimes,"Amazon: Patio, Lawn & Garden > Outdoor Décor > Chimes",Furniture,Furniture > Decor,Gift Shop > Professional Gifts > Compasses > Outdoor Decor,0.6903241714568926,2,"Amazon, Walmart",1,1,0,0.0,0.4,0.8441170255993499,40.4652260051921,0.0,13.475349969567862,67.45510204081634,0.0,0.0,1.0,0.0,0,Gift Shop > Professional Gifts > Compasses > Outdoor Decor,"Amazon::Patio, Lawn & Garden > Outdoor Décor > Chimes",1,,,,,VERTICAL EXTENSION,OFF-BRAND,CURATE,VERTICAL EXTENSION,0.5568366369753487,B,Phase 2 - enter through a vertical Staples already serves,"Celebrations, gifting & creativity",0.0,0.0,,47,Party Supplies > Party Décor,"Patio, Lawn & Garden",Party Supplies > Party Décor,Chimes
E0393,ENTER,Rain Barrels,Wayfair: Outdoor > Garden > Rain Barrels,Facilities,Facilities > Grounds Maintenance,Facilities > Grounds Maintenance > Outdoor Tools > Lawn & Garden Tools,0.7989843445690583,2,"Walmart, Wayfair",1,1,0,0.0,0.4,0.8254716174360845,41.73454138245026,0.0,30.97991479001826,52.48916797488226,0.0,0.0,1.0,0.0,0,Facilities > Grounds Maintenance > Outdoor Tools > Lawn & Garden Tools,Wayfair::Outdoor > Garden > Rain Barrels,1,,,,,VERTICAL EXTENSION,OFF-BRAND,VERTICAL EXTENSION,VERTICAL EXTENSION,0.5541186902499803,B,Phase 2 - enter through a vertical Staples already serves,Outdoor living & grounds,0.0,0.0,,48,Gift Shop > Professional Gifts,Outdoor,Gift Shop > Professional Gifts,Rain Barrels
E0068,ENTER,Indexable Insert Holders,Amazon: Industrial & Scientific > Cutting Tools > Indexable Insert Holders | Amazon: Industrial & Scientific > Cutting Tools > Indexable Inserts,"Tools, Parts & Supplies","Tools, Parts & Supplies > Power Tools","Tools, Parts & Supplies > Power Tools > Drilling and Fastening Tools",0.7654026745933296,1,Amazon,2,1,0,0.0,0.2,0.904,55.87229170707564,0.0,43.55447352404139,68.1901098901099,0.0,0.0,2.0,0.0,0,Facilities > Hand & Power Tools > Hand Tools > Box Cutters & Utility Knives,Amazon::Industrial & Scientific > Cutting Tools > Indexable Insert Holders,2,,,,,VERTICAL EXTENSION,VERTICAL EXTENSION,CURATE,VERTICAL EXTENSION,0.5540168751212269,C,Phase 2 - enter through a vertical Staples already serves,"Celebrations, gifting & creativity",0.194,0.0,,49,Arts & Crafts > Scrapbooking,Industrial & Scientific,Arts & Crafts > Scrapbooking,Indexable Insert Holders
D0056,DEEPEN,Wedding Decorations & Supplies,Party Supplies > Wedding Supplies > Wedding Decorations & Supplies,Party Supplies,Party Supplies > Wedding Supplies,Party Supplies > Wedding Supplies > Wedding Decorations & Supplies,1.0,2,"Walmart, Wayfair",3,2,0,0.0,0.4,0.9314527288973289,50.975064478202604,11.084840369539275,,,,,,,1,Party Supplies > Wedding Supplies > Wedding Decorations & Supplies,Staples::Party Supplies > Wedding Supplies > Wedding Decorations & Supplies,0,"Engagement Party Decorations, Hanging Decorations, Halloween Hanging Decorations",46.0,0.7906579718136546,3.0,VERTICAL EXTENSION,,,VERTICAL EXTENSION,0.5503258416136874,B,Phase 2 - enter through a vertical Staples already serves,"Celebrations, gifting & creativity",0.032,0.0,,50,Party Supplies > Wedding Supplies,,Party Supplies > Wedding Supplies,Wedding Decorations & Supplies
E0374,ENTER,Fixatives,"Amazon: Arts, Crafts & Sewing > Fabric Decorating > Fixatives",Retail Store Supplies,Retail Store Supplies > Sewing & Tailoring,Retail Store Supplies > Sewing & Tailoring > Fabric,0.8534263099891866,1,Amazon,1,1,0,0.0,0.2,0.904,53.650245941346725,0.0,50.26171637248935,57.03877551020409,0.0,0.0,1.0,0.0,0,Retail Store Supplies > Sewing & Tailoring > Fabric,"Amazon::Arts, Crafts & Sewing > Fabric Decorating > Fixatives",1,,,,,VERTICAL EXTENSION,VERTICAL EXTENSION,VERTICAL EXTENSION,VERTICAL EXTENSION,0.5473507378240402,B,Phase 2 - enter through a vertical Staples already serves,"Celebrations, gifting & creativity",0.098,0.0,,51,Retail Store Supplies > Sewing & Tailoring,Arts Crafts & Sewing,Retail Store Supplies > Sewing & Tailoring,Fixatives
E0282,ENTER,Decade Boxes,Amazon: Industrial & Scientific > Industrial Electrical > Decade Boxes,Facilities,Facilities > Heating & Cooling,"Tools, Parts & Supplies > Measuring & Leveling Tools > Industrial Tape",0.7917461383755665,1,Amazon,1,1,0,0.0,0.2,0.904,53.45887189933794,0.0,39.41570298234936,67.50204081632653,0.0,0.0,1.0,0.0,0,"Tools, Parts & Supplies > Measuring & Leveling Tools > Industrial Tape",Amazon::Industrial & Scientific > Industrial Electrical > Decade Boxes,1,,,,,VERTICAL EXTENSION,OFF-BRAND,CURATE,VERTICAL EXTENSION,0.5467766156980138,C,Phase 2 - enter through a vertical Staples already serves,"Health, safety & facilities",0.088,0.0,,52,Facilities > Heating & Cooling,Industrial & Scientific,Facilities > Heating & Cooling,Decade Boxes
E0189,ENTER,Workbenches,Wayfair: Facilities & Maintenance > Maintenance Storage > Workbenches,Furniture,Furniture > Storage Furniture,"Tools, Parts & Supplies > Tool & Garage Organization > Garage Storage Equipment",0.7525184622993026,1,Wayfair,1,1,0,0.0,0.2,0.8667091836734694,57.75102537667532,0.0,31.72245891661595,83.7795918367347,0.0,0.0,1.0,0.0,0,"Tools, Parts & Supplies > Tool & Garage Organization > Garage Storage Equipment",Wayfair::Facilities & Maintenance > Maintenance Storage > Workbenches,1,,,,,VERTICAL EXTENSION,OFF-BRAND,CURATE,VERTICAL EXTENSION,0.5466012904157402,C,Phase 2 - enter through a vertical Staples already serves,Home décor & furnishings,0.298,0.0,,53,Furniture > Storage Furniture,Facilities & Maintenance,Furniture > Storage Furniture,Workbenches
E0207,ENTER,VCRs,Amazon: Electronics > Television & Video > VCRs,TV & Streaming Media,TV & Streaming Media > TV & Video,TV & Streaming Media > TV & Video,0.7358484720594917,1,Amazon,1,1,0,0.0,0.2,0.904,53.19469611338145,0.0,16.275106512477176,90.11428571428571,0.0,0.0,1.0,0.0,0,TV & Streaming Media > TV & Video,Amazon::Electronics > Television & Video > VCRs,1,,,,,VERTICAL EXTENSION,OFF-BRAND,CURATE,VERTICAL EXTENSION,0.5459840883401443,C,Phase 2 - enter through a vertical Staples already serves,Technology & connected workspace,0.08,0.0,,54,TV & Streaming Media > TV & Video,Electronics,TV & Streaming Media > TV & Video,VCRs
E0266,ENTER,Floor Grating,Amazon: Industrial & Scientific > Raw Materials > Floor Grating,"Tools, Parts & Supplies","Tools, Parts & Supplies > Non Woven Roll Abrasive Parts & Accessories",Laboratory & Scientific Supplies > Lab Furniture & Fixtures > Hazardous Material Lab Storage,0.7040441359971561,1,Amazon,1,1,0,0.0,0.2,0.904,52.956495708447704,0.0,38.14972611077298,67.76326530612243,0.0,0.0,1.0,0.0,0,Cleaning Supplies > Cleaning Chemicals & Wipes > Hard Floor Care,Amazon::Industrial & Scientific > Raw Materials > Floor Grating,1,,,,,VERTICAL EXTENSION,OFF-BRAND,CURATE,VERTICAL EXTENSION,0.5452694871253432,C,Phase 2 - enter through a vertical Staples already serves,"Health, safety & facilities",0.076,0.0,,55,Laboratory & Scientific Supplies > Educational Materials & Accessories,Industrial & Scientific,Laboratory & Scientific Supplies > Educational Materials & Accessories,Floor Grating
E0247,ENTER,Seals & O-Rings,"Amazon: Industrial & Scientific > Hydraulics, Pneumatics & Plumbing > Seals & O-Rings","Tools, Parts & Supplies","Tools, Parts & Supplies > Chemicals, Lubricants & Paints","Laboratory & Scientific Supplies > Lab Instruments & Equipment > Tubing, Hose & Fittings",0.6777456146022574,1,Amazon,1,1,0,0.0,0.2,0.904,52.746551231569924,0.0,25.64820450395618,79.84489795918367,0.0,0.0,1.0,0.0,0,"Shipping, Packing & Mailing Supplies > Shipping Supplies > Strapping & Strapping Equipment > Seals & Buckles","Amazon::Industrial & Scientific > Hydraulics, Pneumatics & Plumbing > Seals & O-Rings",1,,,,,VERTICAL EXTENSION,OFF-BRAND,CURATE,VERTICAL EXTENSION,0.5446396536947098,C,Phase 2 - enter through a vertical Staples already serves,"Health, safety & facilities",0.066,0.0,,56,Facilities > Hand & Power Tools,Industrial & Scientific,Facilities > Hand & Power Tools,Seals & O-Rings
E0125,ENTER,Conversion Rails,Wayfair: Baby & Kids > Nursery Furniture > Conversion Rails,Furniture,Furniture > Daycare & Nursery,Furniture > Daycare & Nursery > Nursery Furniture,0.8425541520980971,1,Wayfair,1,1,0,0.0,0.2,0.8667091836734694,56.7660234513769,0.0,44.93000608642727,68.60204081632654,0.0,0.0,1.0,0.0,0,Furniture > Daycare & Nursery > Nursery Furniture,Wayfair::Baby & Kids > Nursery Furniture > Conversion Rails,1,,,,,VERTICAL EXTENSION,VERTICAL EXTENSION,CURATE,VERTICAL EXTENSION,0.543646284639845,C,Phase 2 - enter through a vertical Staples already serves,Home décor & furnishings,0.244,0.0,,57,Furniture > Daycare & Nursery,Baby & Kids,Furniture > Daycare & Nursery,Conversion Rails
E0175,ENTER,Address Numbers & Plaques,Amazon: Tools & Home Improvement > Hardware > Address Numbers & Plaques,Facilities,Facilities > Hardware,Facilities > Hardware > Door Hardware,0.7911800765320174,1,Amazon,1,1,0,0.0,0.2,0.904,52.17505414697513,0.0,33.475349969567866,70.87475832438238,0.0,0.0,1.0,0.0,0,Facilities > Hardware > Door Hardware,Amazon::Tools & Home Improvement > Hardware > Address Numbers & Plaques,1,,,,,VERTICAL EXTENSION,OFF-BRAND,CURATE,VERTICAL EXTENSION,0.5429251624409254,C,Phase 2 - enter through a vertical Staples already serves,"Health, safety & facilities",0.06,0.0,,58,"Tools, Parts & Supplies > Hardware",Tools & Home Improvement,"Tools, Parts & Supplies > Hardware",Address Numbers & Plaques
E0084,ENTER,Bleachers,Wayfair: School Furniture & Supplies > Outdoor & Playground > Bleachers,Gift Shop,Gift Shop > Game Room & Toys,School Supplies > Teacher Supplies > Physical Education & Recreation > Playground Equipment,0.7983568138385102,1,Wayfair,1,1,0,0.0,0.2,0.8667091836734694,55.556264672637155,0.0,23.055386488131465,88.05714285714285,0.0,0.0,1.0,0.0,0,School Supplies > Teacher Supplies > Physical Education & Recreation > Playground Equipment,Wayfair::School Furniture & Supplies > Outdoor & Playground > Bleachers,1,,,,,VERTICAL EXTENSION,OFF-BRAND,CURATE,VERTICAL EXTENSION,0.5400170083036258,C,Phase 2 - enter through a vertical Staples already serves,"Celebrations, gifting & creativity",0.18,0.0,,59,School Supplies > Teacher Supplies,School Furniture & Supplies,School Supplies > Teacher Supplies,Bleachers
E0131,ENTER,Jacuzzi,Walmart: Patio & Garden > Hot Tubs > Jacuzzi,Retail Store Supplies,Retail Store Supplies > Spa & Salon,Facilities > Plumbing > Tubs and Showers,0.8208494075608795,2,"Walmart, Wayfair",1,1,0,0.0,0.4,0.8254716174360845,43.72199932925088,4.044317314834714,29.11746804625685,58.3265306122449,8.088634629669428,0.0,1.0,0.0,0,Facilities > Plumbing > Tubs and Showers,Walmart::Patio & Garden > Hot Tubs > Jacuzzi,1,,,,,VERTICAL EXTENSION,OFF-BRAND,VERTICAL EXTENSION,VERTICAL EXTENSION,0.5374296086382644,B,Phase 2 - enter through a vertical Staples already serves,"Health, safety & facilities",0.0,0.0,,60,Facilities > Plumbing,Patio & Garden,Facilities > Plumbing,Jacuzzi
E0248,ENTER,Fossils,Amazon: Industrial & Scientific > Science Education > Fossils,Laboratory & Scientific Supplies,Laboratory & Scientific Supplies,Laboratory & Scientific Supplies,0.7420343920543657,1,Amazon,1,1,0,0.0,0.2,0.904,50.278044766293625,0.0,17.419354838709676,83.13673469387757,0.0,0.0,1.0,0.0,0,Laboratory & Scientific Supplies,Amazon::Industrial & Scientific > Science Education > Fossils,0,,,,,VERTICAL EXTENSION,OFF-BRAND,CURATE,VERTICAL EXTENSION,0.5372341342988809,C,Phase 2 - enter through a vertical Staples already serves,"Celebrations, gifting & creativity",0.022,0.0,,61,Education,Industrial & Scientific,Education,Fossils
E0268,ENTER,Tinsel,Amazon: Home & Kitchen > Seasonal Décor > Tinsel,Furniture,Furniture > Decor,Furniture > Decor > Seasonal Decor > Ornaments & Tree Decor,0.7394840914253851,1,Amazon,1,1,0,0.0,0.2,0.904,50.17805494634277,0.0,16.9811320754717,83.37497781721385,0.0,0.0,1.0,0.0,0,Furniture > Decor > Seasonal Decor > Ornaments & Tree Decor,Amazon::Home & Kitchen > Seasonal Décor > Tinsel,0,,,,,VERTICAL EXTENSION,OFF-BRAND,CURATE,VERTICAL EXTENSION,0.5369341648390283,C,Phase 2 - enter through a vertical Staples already serves,Home décor & furnishings,0.02,0.0,,62,Furniture > Decor,Home & Kitchen,Furniture > Decor,Tinsel
E0303,ENTER,Horns & Sirens,Amazon: Electronics > Security & Surveillance > Horns & Sirens,Smart Home & Security,Smart Home & Security > Security Cameras & Systems,Smart Home & Security > Security Cameras & Systems,0.770242632732614,1,Amazon,1,1,0,0.0,0.2,0.904,49.36261691529929,0.0,20.21911138161899,78.5061224489796,0.0,0.0,1.0,0.0,0,Smart Home & Security > Security Cameras & Systems,Amazon::Electronics > Security & Surveillance > Horns & Sirens,0,,,,,VERTICAL EXTENSION,OFF-BRAND,CURATE,VERTICAL EXTENSION,0.5344878507458979,C,Phase 2 - enter through a vertical Staples already serves,Technology & connected workspace,0.02,0.0,,63,Smart Home & Security > Security Cameras & Systems,Electronics,Smart Home & Security > Security Cameras & Systems,Horns & Sirens
E0216,ENTER,Broaches,Amazon: Industrial & Scientific > Cutting Tools > Broaches,"Tools, Parts & Supplies","Tools, Parts & Supplies > Hand Tools",Appliances & Kitchenware > Kitchenware > Kitchen Tools > Cutting Boards,0.7195787593485217,1,Amazon,1,1,0,0.0,0.2,0.904,49.350041133546924,0.0,29.933049300060866,68.76703296703297,0.0,0.0,1.0,0.0,0,"Tools, Parts & Supplies > Hand Tools > Chisels, Punches & Pins",Amazon::Industrial & Scientific > Cutting Tools > Broaches,0,,,,,VERTICAL EXTENSION,OFF-BRAND,CURATE,VERTICAL EXTENSION,0.5344501234006408,C,Phase 2 - enter through a vertical Staples already serves,"Health, safety & facilities",0.02,0.0,,64,"Tools, Parts & Supplies > Hand Tools",Industrial & Scientific,"Tools, Parts & Supplies > Hand Tools",Broaches
E0255,ENTER,Cribs,Wayfair: Baby & Kids > Nursery Furniture > Cribs,Furniture,Furniture > Daycare & Nursery,Furniture > Daycare & Nursery > Nursery Furniture,0.8940557544139494,1,Wayfair,1,1,0,0.0,0.2,0.8667091836734694,59.96139776665383,3.5683555278013332,51.320754716981135,68.60204081632654,7.1367110556026665,0.0,1.0,0.0,0,Furniture > Daycare & Nursery > Nursery Furniture,Wayfair::Baby & Kids > Nursery Furniture > Cribs,1,,,,,VERTICAL EXTENSION,VERTICAL EXTENSION,CURATE,VERTICAL EXTENSION,0.533491108388004,C,Phase 2 - enter through a vertical Staples already serves,Home décor & furnishings,0.476,0.002,,65,Furniture > Daycare & Nursery,Baby & Kids,Furniture > Daycare & Nursery,Cribs
E0089,ENTER,Bathrobes,Wayfair: Bedding & Bath > Bath Rugs & Towels > Bathrobes,Furniture,Furniture > Decor,Furniture > Decor > Bath Mats & Towels,0.8634650469602764,1,Wayfair,1,1,0,0.0,0.2,0.8667091836734694,55.34271802451961,1.2485994890051069,51.7711503347535,58.91428571428572,2.4971989780102137,0.0,1.0,0.0,0,Furniture > Decor > Bath Mats & Towels,Wayfair::Bedding & Bath > Bath Rugs & Towels > Bathrobes,1,,,,,VERTICAL EXTENSION,VERTICAL EXTENSION,VERTICAL EXTENSION,VERTICAL EXTENSION,0.5326417177801249,B,Phase 2 - enter through a vertical Staples already serves,Home décor & furnishings,0.17,0.0,,66,Furniture > Decor,Bedding & Bath,Furniture > Decor,Bathrobes
E0220,ENTER,Snaps,Amazon: Tools & Home Improvement > Hardware > Snaps,Facilities,Facilities > Hardware,Facilities > Hardware > Door Hardware,0.7849867269744977,1,Amazon,1,1,0,0.0,0.2,0.904,47.74845966320026,0.0,23.04321363359708,72.45370569280344,0.0,0.0,1.0,0.0,0,Facilities > Hardware > Door Hardware,Amazon::Tools & Home Improvement > Hardware > Snaps,0,,,,,VERTICAL EXTENSION,OFF-BRAND,CURATE,VERTICAL EXTENSION,0.5296453789896007,C,Phase 2 - enter through a vertical Staples already serves,"Health, safety & facilities",0.01,0.0,,67,"Tools, Parts & Supplies > Hardware",Tools & Home Improvement,"Tools, Parts & Supplies > Hardware",Snaps
E0369,ENTER,Biometrics,Amazon: Electronics > Security & Surveillance > Biometrics,Smart Home & Security,Smart Home & Security > Security Cameras & Systems,Smart Home & Security > Security Cameras & Systems,0.7932264247328806,1,Amazon,1,1,0,0.0,0.2,0.904,47.59755300781299,0.0,16.688983566646378,78.5061224489796,0.0,0.0,1.0,0.0,0,Smart Home & Security > Security Cameras & Systems,Amazon::Electronics > Security & Surveillance > Biometrics,0,,,,,VERTICAL EXTENSION,OFF-BRAND,CURATE,VERTICAL EXTENSION,0.529192659023439,C,Phase 2 - enter through a vertical Staples already serves,Technology & connected workspace,0.01,0.0,,68,Smart Home & Security > Security Cameras & Systems,Electronics,Smart Home & Security > Security Cameras & Systems,Biometrics
E0316,ENTER,"Couplings, Collars & Universal Joiners","Amazon: Industrial & Scientific > Power Transmission Products > Couplings, Collars & Universal Joiners","Tools, Parts & Supplies","Tools, Parts & Supplies > Power Tools",Computers & Accessories > Computer Parts & Components > Power Supplies,0.7303812766955974,1,Amazon,1,1,0,0.0,0.2,0.904,47.5060777323711,0.0,34.49786975045648,60.51428571428571,0.0,0.0,1.0,0.0,0,Computers & Accessories > Computer Parts & Components > Power Supplies,"Amazon::Industrial & Scientific > Power Transmission Products > Couplings, Collars & Universal Joiners",1,,,,,VERTICAL EXTENSION,OFF-BRAND,CURATE,VERTICAL EXTENSION,0.5289182331971133,C,Phase 2 - enter through a vertical Staples already serves,"Health, safety & facilities",0.01,0.0,,69,"Tools, Parts & Supplies > Power Tools",Industrial & Scientific,"Tools, Parts & Supplies > Power Tools","Couplings, Collars & Universal Joiners"
E0219,ENTER,Lighters & Matches,Amazon: Health & Personal Care > Household Supplies > Lighters & Matches,Expanded Assortment,Expanded Assortment > Pet Supplies & Accessories,Expanded Assortment > Pet Supplies & Accessories,0.6867219151166695,1,Amazon,1,1,0,0.0,0.2,0.904,45.28165625349348,0.0,20.68167985392575,69.88163265306122,0.0,0.0,1.0,0.0,0,Expanded Assortment > Pet Supplies & Accessories,Amazon::Health & Personal Care > Household Supplies > Lighters & Matches,1,,,,,VERTICAL EXTENSION,OFF-BRAND,CURATE,VERTICAL EXTENSION,0.5222449687604804,C,Phase 2 - enter through a vertical Staples already serves,Expanded assortment,0.004,0.0,,70,Expanded Assortment > Pet Supplies & Accessories,Health & Personal Care,Expanded Assortment > Pet Supplies & Accessories,Lighters & Matches
E0337,ENTER,Toothpicks,Amazon: Health & Personal Care > Household Supplies > Toothpicks,Party Supplies,Party Supplies > Disposable Cutlery & Dispensers,Party Supplies > Disposable Cutlery & Dispensers,0.6900426571478644,1,Amazon,1,1,0,0.0,0.2,0.904,45.11732271727924,0.0,20.353012781497263,69.88163265306122,0.0,0.0,1.0,0.0,0,Expanded Assortment > Personal Care & Eyewear > Toothpaste,Amazon::Health & Personal Care > Household Supplies > Toothpicks,0,,,,,VERTICAL EXTENSION,OFF-BRAND,CURATE,VERTICAL EXTENSION,0.5217519681518377,C,Phase 2 - enter through a vertical Staples already serves,"Celebrations, gifting & creativity",0.002,0.0,,71,Party Supplies > Disposable Cutlery & Dispensers,Health & Personal Care,Party Supplies > Disposable Cutlery & Dispensers,Toothpicks
E0021,ENTER,Fencing Accessories,Wayfair: Outdoor > Outdoor Fencing & Flooring > Fencing Accessories | Wayfair: Home Improvement > Outdoor Remodel > Fence Panels & Border Fencing | Wayfair: Home Improvement > Outdoor Remodel > Fencing Accessories,Facilities,Facilities > Grounds Maintenance,Facilities > Grounds Maintenance > Outdoor Tools,0.7431573993311267,1,Wayfair,3,1,0,0.0,0.2,0.8667091836734694,48.397093345167434,0.0,44.30513288699533,52.489053803339516,0.0,0.0,3.0,0.0,0,"Furniture > Lamps & Lighting > Lighting Controls, Dimmers & Accessories > Lighting Accessories",Wayfair::Home Improvement > Outdoor Remodel > Fencing Accessories,3,,,,,VERTICAL EXTENSION,VERTICAL EXTENSION,VERTICAL EXTENSION,VERTICAL EXTENSION,0.5185394943212166,B,Phase 2 - enter through a vertical Staples already serves,"Celebrations, gifting & creativity",0.014,0.0,,72,Gift Shop > Professional Gifts,Home Improvement,Gift Shop > Professional Gifts,Fencing Accessories
E0306,ENTER,Graphite,Amazon: Industrial & Scientific > Raw Materials > Graphite,"Tools, Parts & Supplies","Tools, Parts & Supplies > Steel Wool",Laboratory & Scientific Supplies > Lab Safety > Material Handling & Storage,0.6795343000294776,1,Amazon,1,1,0,0.0,0.2,0.904,43.43754083495845,0.0,16.96895922093731,69.90612244897959,0.0,0.0,1.0,0.0,0,Laboratory & Scientific Supplies > Lab Safety > Material Handling & Storage,Amazon::Industrial & Scientific > Raw Materials > Graphite,0,,,,,VERTICAL EXTENSION,OFF-BRAND,CURATE,VERTICAL EXTENSION,0.5167126225048754,C,Phase 2 - enter through a vertical Staples already serves,"Health, safety & facilities",0.0,0.0,,73,Laboratory & Scientific Supplies > Educational Materials & Accessories,Industrial & Scientific,Laboratory & Scientific Supplies > Educational Materials & Accessories,Graphite
E0243,ENTER,Gears,Amazon: Industrial & Scientific > Power Transmission Products > Gears,Facilities,Facilities > Hand & Power Tools,Computers & Accessories > Computer Parts & Components > Power Supplies,0.7233856744623686,1,Amazon,1,1,0,0.0,0.2,0.904,42.78909660029563,0.0,25.063907486305546,60.51428571428571,0.0,0.0,1.0,0.0,0,Computers & Accessories > Computer Parts & Components > Power Supplies,Amazon::Industrial & Scientific > Power Transmission Products > Gears,0,,,,,VERTICAL EXTENSION,OFF-BRAND,CURATE,VERTICAL EXTENSION,0.5147672898008869,C,Phase 2 - enter through a vertical Staples already serves,"Health, safety & facilities",0.0,0.0,,74,Facilities > Hand & Power Tools,Industrial & Scientific,Facilities > Hand & Power Tools,Gears
E0335,ENTER,Brakes & Clutches,Amazon: Industrial & Scientific > Power Transmission Products > Brakes & Clutches,"Tools, Parts & Supplies","Tools, Parts & Supplies > Power Tools","Tools, Parts & Supplies > Power Tools > Hydraulic Drivers & Punch Kits",0.7347677115901514,1,Amazon,1,1,0,0.0,0.2,0.904,42.75257803669246,0.0,24.99087035909921,60.51428571428571,0.0,0.0,1.0,0.0,0,"Tools, Parts & Supplies > Power Tools > Hydraulic Drivers & Punch Kits",Amazon::Industrial & Scientific > Power Transmission Products > Brakes & Clutches,0,,,,,VERTICAL EXTENSION,OFF-BRAND,CURATE,VERTICAL EXTENSION,0.5146577341100774,C,Phase 2 - enter through a vertical Staples already serves,"Health, safety & facilities",0.0,0.0,,75,"Tools, Parts & Supplies > Power Tools",Industrial & Scientific,"Tools, Parts & Supplies > Power Tools",Brakes & Clutches
E0379,ENTER,Bearings,Amazon: Industrial & Scientific > Power Transmission Products > Bearings,"Tools, Parts & Supplies","Tools, Parts & Supplies > Power Tools",Computers & Accessories > Computer Parts & Components > Power Supplies,0.7172897862130361,1,Amazon,1,1,0,0.0,0.2,0.904,42.22914529171376,0.0,23.944004869141818,60.51428571428571,0.0,0.0,1.0,0.0,0,Computers & Accessories > Computer Parts & Components > Power Supplies,Amazon::Industrial & Scientific > Power Transmission Products > Bearings,0,,,,,VERTICAL EXTENSION,OFF-BRAND,CURATE,VERTICAL EXTENSION,0.5130874358751413,C,Phase 2 - enter through a vertical Staples already serves,"Health, safety & facilities",0.0,0.0,,76,"Tools, Parts & Supplies > Power Tools",Industrial & Scientific,"Tools, Parts & Supplies > Power Tools",Bearings
E0389,ENTER,Plastics,Amazon: Industrial & Scientific > Raw Materials > Plastics,"Tools, Parts & Supplies","Tools, Parts & Supplies > Chemicals, Lubricants & Paints",Laboratory & Scientific Supplies > Lab Furniture & Fixtures > Hazardous Material Lab Storage,0.7452255272453278,1,Amazon,1,1,0,0.0,0.2,0.904,53.01127355385246,6.244314349672328,38.25928180158248,67.76326530612243,0.0,12.488628699344655,1.0,0.0,0,"Tools, Parts & Supplies > Automotive > Tarps & Plastic Sheeting",Amazon::Industrial & Scientific > Raw Materials > Plastics,1,,,,,VERTICAL EXTENSION,OFF-BRAND,CURATE,VERTICAL EXTENSION,0.5113752183300218,C,Phase 2 - enter through a vertical Staples already serves,"Health, safety & facilities",0.078,0.0,,77,Laboratory & Scientific Supplies > Educational Materials & Accessories,Industrial & Scientific,Laboratory & Scientific Supplies > Educational Materials & Accessories,Plastics
D0015,DEEPEN,"Outdoor Tools (competitors: Lawn Edging, Pressure Washers, Garden Carts)",Facilities > Grounds Maintenance > Outdoor Tools,Facilities,Facilities > Grounds Maintenance,Facilities > Grounds Maintenance > Outdoor Tools,1.0,3,"Amazon, Walmart, Wayfair",5,3,0,0.0,0.6,0.9549248506635486,59.51094431412255,29.269452201610342,,,,,,,4,Facilities > Grounds Maintenance > Outdoor Tools,Staples::Facilities > Grounds Maintenance > Outdoor Tools,0,"Lawn Edging, Pressure Washers, Garden Carts",60.0,0.7614382881697161,3.0,VERTICAL EXTENSION,,,VERTICAL EXTENSION,0.5112096533947875,A,Phase 2 - enter through a vertical Staples already serves,Outdoor living & grounds,0.418,0.0,,78,Facilities > Grounds Maintenance,,Facilities > Grounds Maintenance,Outdoor Tools (e.g. Lawn Edging)
E0213,ENTER,Sexual Wellness,Amazon: Health & Personal Care > Sexual Wellness,Healthcare Supplies,Healthcare Supplies > Personal Care,Healthcare Supplies > Personal Care,0.8968277655753407,2,"Amazon, Walmart",1,1,0,0.125,0.4,0.8296402471926989,41.608625937695024,8.36021177286034,24.743355650233312,58.47389622515672,6.370489170730585,10.349934374990095,9.0,0.0,0,Healthcare Supplies > Personal Care,Amazon::Health & Personal Care > Sexual Wellness,1,,,,,VERTICAL EXTENSION,OFF-BRAND,VERTICAL EXTENSION,VERTICAL EXTENSION,0.5087840715496523,B,Phase 2 - enter through a vertical Staples already serves,Wellness & ergonomics,0.0,0.0,,79,Healthcare Supplies > Personal Care,Health & Personal Care,Healthcare Supplies > Personal Care,Sexual Wellness
E0407,ENTER,Beading Supplies,"Amazon: Arts, Crafts & Sewing > Beading & Jewelry Making > Beading Supplies",Arts & Crafts,Arts & Crafts > Crafting,Arts & Crafts > Crafting > Craft Supplies,0.7382552529678865,2,"Amazon, Walmart",1,1,0,0.0,0.4,0.9097407557903292,49.34061137540835,16.14551204901475,61.44856968959221,37.23265306122449,0.0,32.2910240980295,1.0,0.0,0,Arts & Crafts > Crafting > Craft Supplies,"Amazon::Arts, Crafts & Sewing > Beading & Jewelry Making > Beading Supplies",1,,,,,VERTICAL EXTENSION,CURATE,OFF-BRAND,VERTICAL EXTENSION,0.5085196925508734,B,Phase 2 - enter through a vertical Staples already serves,"Celebrations, gifting & creativity",0.02,0.0,,80,Arts & Crafts > Crafting,Arts Crafts & Sewing,Arts & Crafts > Crafting,Beading Supplies
E0388,ENTER,"Gearboxes, Gearheads & Speed Reducers","Amazon: Industrial & Scientific > Power Transmission Products > Gearboxes, Gearheads & Speed Reducers","Tools, Parts & Supplies","Tools, Parts & Supplies > Power Tools",Computers & Accessories > Computer Parts & Components > Power Supplies,0.6915452329010094,1,Amazon,1,1,0,0.0,0.2,0.904,40.44582210242588,0.0,20.37735849056604,60.51428571428571,0.0,0.0,1.0,0.0,0,Computers & Accessories > Computer Parts & Components > Power Supplies,"Amazon::Industrial & Scientific > Power Transmission Products > Gearboxes, Gearheads & Speed Reducers",0,,,,,VERTICAL EXTENSION,OFF-BRAND,CURATE,VERTICAL EXTENSION,0.5077374663072777,C,Phase 2 - enter through a vertical Staples already serves,"Health, safety & facilities",0.0,0.0,,81,"Tools, Parts & Supplies > Power Tools",Industrial & Scientific,"Tools, Parts & Supplies > Power Tools","Gearboxes, Gearheads & Speed Reducers"
E0151,ENTER,Doctor Easy,Walmart: Health and Medicine > Ear Care > Doctor Easy,Healthcare Supplies,Healthcare Supplies > Patient Care,Healthcare Supplies > Patient Care > Practice Front Desk Supplies > Medical Take Home Bags,0.8091894560125616,1,Walmart,1,1,0,0.0,0.2,0.7842340511986997,57.71473417650424,2.120866863005752,67.64455264759587,47.7849157054126,4.241733726011504,0.0,1.0,0.0,0,Healthcare Supplies > Patient Care > Practice Front Desk Supplies > Medical Take Home Bags,Walmart::Health and Medicine > Ear Care > Doctor Easy,1,,,,,VERTICAL EXTENSION,CURATE,VERTICAL EXTENSION,VERTICAL EXTENSION,0.5066479595861912,C,Phase 2 - enter through a vertical Staples already serves,"Health, safety & facilities",0.292,0.0,,82,Healthcare Supplies > Patient Care,Health and Medicine,Healthcare Supplies > Patient Care,Doctor Easy
D0044,DEEPEN,Greeting Cards,Gift Shop > Greeting Cards,Gift Shop,Gift Shop > Greeting Cards,Gift Shop > Greeting Cards,1.0,2,"OfficeDepot, Walmart",2,2,0,0.0,0.4,0.887545581206054,58.856153980364674,19.380668328220754,,,,,,,1,Gift Shop > Greeting Cards,Staples::Gift Shop > Greeting Cards,0,"Greeting & Note Cards, Place Cards & Tent Cards, Bridal Shower Party Gift Wrap Greeting Cards",105.0,2.855909061482639,2.0,VERTICAL EXTENSION,,,VERTICAL EXTENSION,0.5056520388482961,B,Phase 2 - enter through a vertical Staples already serves,"Celebrations, gifting & creativity",0.382,0.0,,83,Gift Shop > Greeting Cards,,Gift Shop > Greeting Cards,Greeting Cards
E0116,ENTER,Mouldings,Walmart: Home Improvement > Building Materials > Mouldings,Facilities,Facilities > Paint Supplies,"Tools, Parts & Supplies > Hand Tools > Concrete & Masonry Tools",0.7369467814424766,1,Walmart,1,1,0,0.0,0.2,0.7842340511986997,50.552228377656604,0.0,27.52282410225198,73.58163265306123,0.0,0.0,1.0,0.0,0,School Supplies > Learning at Home > Building Sets,Walmart::Home Improvement > Building Materials > Mouldings,1,,,,,VERTICAL EXTENSION,OFF-BRAND,CURATE,VERTICAL EXTENSION,0.4961386030525147,C,Phase 2 - enter through a vertical Staples already serves,"Celebrations, gifting & creativity",0.024,0.0,,84,School Supplies > Learning at Home,Home Improvement,School Supplies > Learning at Home,Mouldings
E0113,ENTER,Pixnor,Walmart: Health and Medicine > Foot Care > Pixnor,Healthcare Supplies,Healthcare Supplies > Wound Care,Healthcare Supplies > Wound Care,0.7957333943346259,1,Walmart,1,1,0,0.0,0.2,0.7842340511986997,48.77060131417145,0.4396293353594073,58.21059038344493,39.33061224489797,0.8792586707188146,0.0,1.0,0.0,0,Healthcare Supplies > Wound Care,Walmart::Health and Medicine > Foot Care > Pixnor,1,,,,,VERTICAL EXTENSION,VERTICAL EXTENSION,OFF-BRAND,VERTICAL EXTENSION,0.48863604868465144,C,Phase 2 - enter through a vertical Staples already serves,"Health, safety & facilities",0.016,0.0,,85,Healthcare Supplies > Wound Care,Health and Medicine,Healthcare Supplies > Wound Care,Pixnor
E0397,ENTER,Outad,Walmart: Health and Medicine > Foot Care > Outad,Healthcare Supplies,Healthcare Supplies > Wound Care,Healthcare Supplies > Wound Care,0.7957333943346259,1,Walmart,1,1,0,0.0,0.2,0.7842340511986997,48.77060131417145,0.4396293353594073,58.21059038344493,39.33061224489797,0.8792586707188146,0.0,1.0,0.0,0,Healthcare Supplies > Wound Care,Walmart::Health and Medicine > Foot Care > Outad,1,,,,,VERTICAL EXTENSION,VERTICAL EXTENSION,OFF-BRAND,VERTICAL EXTENSION,0.48863604868465144,C,Phase 2 - enter through a vertical Staples already serves,"Health, safety & facilities",0.016,0.0,,86,Healthcare Supplies > Wound Care,Health and Medicine,Healthcare Supplies > Wound Care,Outad
D0002,DEEPEN,"Griddles, Grills & Waffle Makers","Appliances & Kitchenware > Small Appliances > Griddles, Grills & Waffle Makers",Appliances & Kitchenware,Appliances & Kitchenware > Small Appliances,"Appliances & Kitchenware > Small Appliances > Griddles, Grills & Waffle Makers",1.0,3,"OfficeDepot, Walmart, Wayfair",3,3,0,0.0,0.6,0.6696567375157031,47.83350782274479,17.69427001681245,,,,,,,1,"Appliances & Kitchenware > Small Appliances > Griddles, Grills & Waffle Makers","Staples::Appliances & Kitchenware > Small Appliances > Griddles, Grills & Waffle Makers",0,"Electric Presses, Grills & Griddles, Grills, Electric Grills Skillets",41.0,1.1203522753045156,3.0,VERTICAL EXTENSION,,,VERTICAL EXTENSION,0.48385923950278364,A,Phase 2 - enter through a vertical Staples already serves,"Breakroom, kitchen & hospitality",0.01,0.0,,87,Appliances & Kitchenware > Small Appliances,,Appliances & Kitchenware > Small Appliances,"Griddles, Grills & Waffle Makers"
E0152,ENTER,Total by Verizon,Walmart: Cell Phones > Shop Phones by Carrier > Total by Verizon,"Phones, Cameras & Electronics","Phones, Cameras & Electronics > Cell Phones","Phones, Cameras & Electronics > Cell Phones",0.8173144286977728,1,Walmart,1,1,0,0.0,0.2,0.7842340511986997,48.17572633435602,2.1352776826843423,59.92696287279367,36.42448979591837,4.2705553653686845,0.0,1.0,0.0,0,"Phones, Cameras & Electronics > Cell Phones",Walmart::Cell Phones > Shop Phones by Carrier > Total by Verizon,1,,,,,VERTICAL EXTENSION,VERTICAL EXTENSION,OFF-BRAND,VERTICAL EXTENSION,0.47856739480972815,C,Phase 2 - enter through a vertical Staples already serves,Technology & connected workspace,0.012,0.0,,88,"Phones, Cameras & Electronics > Cell Phones",Cell Phones,"Phones, Cameras & Electronics > Cell Phones",Total by Verizon
E0081,ENTER,Roofing,Walmart: Home Improvement > Building Materials > Roofing | Walmart: Home Improvement > Weatherproofing > Roofing,Facilities,"Facilities > Adhesives, Sealants and Patching","Facilities > Adhesives, Sealants and Patching > Concrete & Asphalt Maintenance",0.7529505037209068,1,Walmart,2,1,0,0.0,0.2,0.7842340511986997,42.330492069012635,0.0,20.213024954351795,64.44795918367348,0.0,0.0,2.0,0.0,0,"Tools, Parts & Supplies > Hand Tools > Concrete & Masonry Tools",Walmart::Home Improvement > Building Materials > Roofing,2,,,,,VERTICAL EXTENSION,OFF-BRAND,CURATE,VERTICAL EXTENSION,0.47147339412658285,C,Phase 2 - enter through a vertical Staples already serves,"Celebrations, gifting & creativity",0.0,0.0,,89,School Supplies > Learning at Home,Home Improvement,School Supplies > Learning at Home,Roofing
E0312,ENTER,Ads Free Page 21,Walmart: Electronics > Electronics Learning Center > Ads Free Page 21,School Supplies,School Supplies > Learning at Home,School Supplies > Learning at Home,0.7262643261680145,1,Walmart,1,1,0,0.0,0.2,0.7842340511986997,40.117647267584545,0.0,33.93791844187462,46.29737609329446,0.0,0.0,1.0,0.0,0,School Supplies > Learning at Home,Walmart::Electronics > Electronics Learning Center > Ads Free Page 21,1,,,,,VERTICAL EXTENSION,OFF-BRAND,VERTICAL EXTENSION,VERTICAL EXTENSION,0.46483485972229854,C,Phase 2 - enter through a vertical Staples already serves,"Celebrations, gifting & creativity",0.0,0.0,,90,School Supplies > Learning at Home,Electronics,School Supplies > Learning at Home,Ads Free Page 21
E0261,ENTER,Insulin,Walmart: Health and Medicine > Diabetes Support > Insulin,Healthcare Supplies,Healthcare Supplies > OTC Pharmaceuticals,Healthcare Supplies > OTC Pharmaceuticals > Medicine & Vitamins > Clinical Nutrition,0.7401398145436968,1,Walmart,1,1,0,0.0,0.2,0.7842340511986997,40.011783654423425,0.0,21.765063907486308,58.25850340136054,0.0,0.0,1.0,0.0,0,Healthcare Supplies > OTC Pharmaceuticals > Medicine & Vitamins > Clinical Nutrition,Walmart::Health and Medicine > Diabetes Support > Insulin,1,,,,,VERTICAL EXTENSION,OFF-BRAND,VERTICAL EXTENSION,VERTICAL EXTENSION,0.4645172688828152,C,Phase 2 - enter through a vertical Staples already serves,"Health, safety & facilities",0.0,0.0,,91,Healthcare Supplies > OTC Pharmaceuticals,Health and Medicine,Healthcare Supplies > OTC Pharmaceuticals,Insulin
E0142,ENTER,Ortopad,Walmart: Health and Medicine > Eye Care > Ortopad,Healthcare Supplies,Healthcare Supplies > Personal Care,Healthcare Supplies > Personal Care > Skin Care,0.8683951749684284,1,Walmart,1,1,0,0.0,0.2,0.7842340511986997,56.539333536214244,10.535323228288744,80.32866707242849,32.75,21.07064645657749,0.0,1.0,0.0,0,Healthcare Supplies > Personal Care > Skin Care,Walmart::Health and Medicine > Eye Care > Ortopad,1,,,,,VERTICAL EXTENSION,CURATE,OFF-BRAND,VERTICAL EXTENSION,0.45993783039487396,C,Phase 2 - enter through a vertical Staples already serves,"Health, safety & facilities",0.224,0.0,,92,Healthcare Supplies > Personal Care,Health and Medicine,Healthcare Supplies > Personal Care,Ortopad
E0197,ENTER,Ocusoft,Walmart: Health and Medicine > Eye Care > Ocusoft,Healthcare Supplies,Healthcare Supplies > Personal Care,Healthcare Supplies > Personal Care > Skin Care,0.8683951749684284,1,Walmart,1,1,0,0.0,0.2,0.7842340511986997,56.35065429093123,10.535323228288744,79.95130858186246,32.75,21.07064645657749,0.0,1.0,0.0,0,Healthcare Supplies > Personal Care > Skin Care,Walmart::Health and Medicine > Eye Care > Ocusoft,1,,,,,VERTICAL EXTENSION,CURATE,OFF-BRAND,VERTICAL EXTENSION,0.45943142656409075,C,Phase 2 - enter through a vertical Staples already serves,"Health, safety & facilities",0.218,0.0,,93,Healthcare Supplies > Personal Care,Health and Medicine,Healthcare Supplies > Personal Care,Ocusoft
E0144,ENTER,Breathe Right,Walmart: Health and Medicine > Sleep & Snoring Aids > Breathe Right,Healthcare Supplies,Healthcare Supplies > OTC Pharmaceuticals,Healthcare Supplies > OTC Pharmaceuticals > Medicine & Vitamins > Sleep Aids,0.8549648203610235,1,Walmart,1,1,0,0.0,0.2,0.7842340511986997,43.38782093482554,6.562672482718021,30.32258064516129,56.4530612244898,13.125344965436042,0.0,1.0,0.0,0,Healthcare Supplies > OTC Pharmaceuticals > Medicine & Vitamins > Sleep Aids,Walmart::Health and Medicine > Sleep & Snoring Aids > Breathe Right,1,,,,,VERTICAL EXTENSION,OFF-BRAND,VERTICAL EXTENSION,VERTICAL EXTENSION,0.44349595893275395,C,Phase 2 - enter through a vertical Staples already serves,"Health, safety & facilities",0.0,0.0,,94,Healthcare Supplies > OTC Pharmaceuticals,Health and Medicine,Healthcare Supplies > OTC Pharmaceuticals,Breathe Right
E0147,ENTER,Wood,Amazon: Industrial & Scientific > Raw Materials > Wood,"Tools, Parts & Supplies","Tools, Parts & Supplies > Steel Wool",Laboratory & Scientific Supplies > Lab Furniture & Fixtures > Hazardous Material Lab Storage,0.7412256788795155,2,"Amazon, Walmart",1,1,1,0.0,0.4,0.8441170255993499,55.129350242836026,34.37188010995493,42.49543517954961,67.76326530612243,34.442823256336666,34.30093696357319,1.0,0.0,0,Facilities > Paint Supplies > Wood Care & Maintenance,Amazon::Industrial & Scientific > Raw Materials > Wood,1,,,,,VERTICAL EXTENSION,VERTICAL EXTENSION,CURATE,VERTICAL EXTENSION,0.3943127828123952,B,Phase 2 - enter through a vertical Staples already serves,"Health, safety & facilities",0.138,0.0,,95,Laboratory & Scientific Supplies > Educational Materials & Accessories,Industrial & Scientific,Laboratory & Scientific Supplies > Educational Materials & Accessories,Wood
