unit_id,gap_type,name,example_paths,home_L1,home_path,nearest_staples_shelf,nearest_staples_score,k,carriers,members_n,member_competitors,contradicting_peers,soft_gap_share,PC,PC_b2b,PC_mkt,b2b_channels,medoid_path,GS,AAS,CRS,AAS_V,AAS_G,CRS_V,CRS_G,competitor_shelves,competitor_items_counted,staples_shelves,crs_driver,centroid_uid,labelled_members,competitor_view,staples_items,median_depth_gap,staples_depth,mission,mission_sim,res_mission,res_sim,fit_raw,mission_score,BFS,residential,safety,complexity,EASE,crs_driver_sim,crs_driver_ok,CRS_raw,label,label_V,label_G,zone_before_verify,O,evidence,action,p_zone,p_top_n,verify_outcome,rank_in_zone,aisle,dock_method,competitor_dept,family,theme,p_gap,display,opportunity_id,zone_reason
E0338,ENTER,Electronic Organizers,Amazon: Office Products > Office Electronics > Electronic Organizers,Office Supplies,Office Supplies > Desk Organizers & Accessories,Office Supplies > Desk Organizers & Accessories,0.851538791295146,2,"Amazon, Wayfair",1,1,1,0.0,0.375,0.3333333333333333,0.5,Wayfair Professional,Office Products > Office Electronics > Electronic Organizers,0.8861847805159799,94.51635488458592,60.35582914633581,100.0,89.03270976917186,85.30263863719483,35.409019655476776,1.0,0.0,0,Office Supplies > Desk Organizers & Accessories > File Organizers,Amazon::Office Products > Office Electronics > Electronic Organizers,1,,,,,Office & business supplies,0.7131116390228271,"Personal, fashion & novelty",0.5592440962791443,0.15386754274368286,100.0,73.33333333333333,False,,,75.0,0.8568350076675415,True,60.35582914633581,1P-CORE GAP,1P-CORE GAP,CURATE,1P-CORE GAP,0.2678104805977939,B,Fix in 1P merchandising - a marketplace here would cannibalise core,0.506,0.506,,1,Office Supplies > Desk Organizers & Accessories,graph/vector vote + mission similarity,Office Products,Office Supplies > Desk Organizers & Accessories,Core office & business supplies,1.0,Electronic Organizers,OP35,CRS 60 >= 60: competes with Staples' own core shelf (Office Supplies > Desk Organizers & Accessories > File Orga…)
D0013,DEEPEN,Water Filters & Dispensers,"Coffee, Water & Snacks > Breakroom Appliances > Water Filters & Dispensers","Coffee, Water & Snacks","Coffee, Water & Snacks > Breakroom Appliances","Coffee, Water & Snacks > Breakroom Appliances > Water Filters & Dispensers",1.0,2,"Amazon, OfficeDepot",4,2,0,0.0,0.5,0.6666666666666666,0.5,"OfficeDepot, Wayfair Professional","Coffee, Water & Snacks > Breakroom Appliances > Water Filters & Dispensers (competitors: Water Coolers & Filters, Filters & Filter Media, In-Refrigerator Water Filters)",0.559543527135092,77.94723824371322,62.86201041470367,,,,,,,1,"Coffee, Water & Snacks > Breakroom Appliances > Water Filters & Dispensers","Staples::Coffee, Water & Snacks > Breakroom Appliances > Water Filters & Dispensers",0,"Water Coolers & Filters, Filters & Filter Media, In-Refrigerator Water Filters",82.0,0.5666793112404045,3.0,Breakroom & kitchen,0.7420988082885742,Residential bedroom & bath,0.559780478477478,0.1823183298110962,100.0,86.66666666666666,False,,,90.0,0.9304829835891724,True,62.86201041470367,1P-CORE GAP,,,1P-CORE GAP,0.26647215121372336,B,Fix in 1P merchandising - a marketplace here would cannibalise core,0.604,0.604,,2,"Coffee, Water & Snacks > Breakroom Appliances",own aisle (DEEPEN),,"Coffee, Water & Snacks > Breakroom Appliances","Breakroom, kitchen & hospitality",,Water Filters & Dispensers,OP34,"CRS 63 >= 60: competes with Staples' own core shelf (Coffee, Water & Snacks > Breakroom Appliances > Water Filte…)"
D0058,DEEPEN,Shelving,Furniture > Storage Furniture > Shelving,Furniture,Furniture > Storage Furniture,Furniture > Storage Furniture > Shelving,1.0,2,"Walmart, Wayfair",4,2,0,0.0,0.375,0.6666666666666666,0.5,"OfficeDepot, Wayfair Professional","Furniture > Storage Furniture > Shelving (competitors: Storage Racks & Shelving Units, Bathroom Cabinets & Shelving, Shelving Storage)",0.9621421079873597,89.46897267363003,66.47454152955953,,,,,,,1,Furniture > Storage Furniture > Shelving,Staples::Furniture > Storage Furniture > Shelving,0,"Storage Racks & Shelving Units, Bathroom Cabinets & Shelving, Shelving Storage",200.0,-0.2889103761959205,3.0,Office & home-office furniture,0.6372232437133789,Residential bedroom & bath,0.6167049407958984,0.02051830291748047,50.74580353748448,57.11414878915735,False,,,90.0,0.7930015921592712,True,66.47454152955953,1P-CORE GAP,,,1P-CORE GAP,0.24677634239038446,B,Fix in 1P merchandising - a marketplace here would cannibalise core,0.754,0.752,,3,Furniture > Storage Furniture,own aisle (DEEPEN),,Furniture > Storage Furniture,Home décor & furnishings,,Shelving,OP36,CRS 66 >= 60: competes with Staples' own core shelf (Furniture > Storage Furniture > Shelving)
D0020,DEEPEN,Fruit Snacks,"Coffee, Water & Snacks > Snacks & Food > Fruit Snacks","Coffee, Water & Snacks","Coffee, Water & Snacks > Snacks & Food","Coffee, Water & Snacks > Snacks & Food > Fruit Snacks",1.0,2,"Amazon, Walmart",2,2,0,0.0,0.5,0.0,1.0,,"Coffee, Water & Snacks > Snacks & Food > Fruit Snacks (competitors: Fruit Snacks, Applesauce & Fruit Cups, Dried Fruits & Raisins)",0.9210312594447563,66.31530202728385,65.10501561591855,,,,,,,1,"Coffee, Water & Snacks > Snacks & Food > Fruit Snacks","Staples::Coffee, Water & Snacks > Snacks & Food > Fruit Snacks",0,"Fruit Snacks, Applesauce & Fruit Cups, Dried Fruits & Raisins",33.0,1.0231552265447246,3.0,Breakroom & kitchen,0.6156991720199585,"Leisure, hobbies & sports",0.5442757606506348,0.07142341136932373,77.92299715587212,46.753798293523275,False,,,100.0,0.8765604496002197,True,65.10501561591855,1P-CORE GAP,,,1P-CORE GAP,0.22023454293260333,B,Fix in 1P merchandising - a marketplace here would cannibalise core,0.67,0.65,,4,"Coffee, Water & Snacks > Snacks & Food",own aisle (DEEPEN),,"Coffee, Water & Snacks > Snacks & Food","Breakroom, kitchen & hospitality",,Fruit Snacks,OP34,"CRS 65 >= 60: competes with Staples' own core shelf (Coffee, Water & Snacks > Snacks & Food > Fruit Snacks)"
D0034,DEEPEN,Heaters,Facilities > Heating & Cooling > Heaters,Facilities,Facilities > Heating & Cooling,Facilities > Heating & Cooling > Heaters,1.0,4,"Amazon, OfficeDepot, Walmart, Wayfair",4,4,0,0.0,0.875,0.6666666666666666,1.0,"OfficeDepot, Wayfair Professional","Facilities > Heating & Cooling > Heaters (competitors: Water Heaters, Space Heaters, Patio Heaters)",0.7561782205380316,82.24031321916497,69.291061328854,,,,,,,1,Facilities > Heating & Cooling > Heaters,Staples::Facilities > Heating & Cooling > Heaters,0,"Water Heaters, Space Heaters, Patio Heaters",137.0,1.1629984221006961,3.0,Janitorial & facilities,0.5806875228881836,Backyard & garden living,0.6472785472869873,-0.06659102439880371,4.239919816959047,29.210618556842093,True,,install required,90.0,0.8205175399780273,True,69.291061328854,1P-CORE GAP,,,1P-CORE GAP,0.2191211055730459,A,Fix in 1P merchandising - a marketplace here would cannibalise core,0.834,0.792,,5,Facilities > Heating & Cooling,own aisle (DEEPEN),,Facilities > Heating & Cooling,"Health, safety & facilities",,Heaters,OP37,CRS 69 >= 60: competes with Staples' own core shelf (Facilities > Heating & Cooling > Heaters)
D0071,DEEPEN,Glue & Glue Sticks,"Office Supplies > Tape, Fasteners & Adhesives > Glue & Glue Sticks",Office Supplies,"Office Supplies > Tape, Fasteners & Adhesives","Office Supplies > Tape, Fasteners & Adhesives > Glue & Glue Sticks",1.0,2,"OfficeDepot, Walmart",2,2,0,0.0,0.5,0.3333333333333333,0.5,OfficeDepot,"Office Supplies > Tape, Fasteners & Adhesives > Glue & Glue Sticks (competitors: Glue, Glues Glue Removers, Glue Sticks)",0.602483424279763,71.61878204083628,65.32045433611168,,,,,,,1,"Office Supplies > Tape, Fasteners & Adhesives > Glue & Glue Sticks","Staples::Office Supplies > Tape, Fasteners & Adhesives > Glue & Glue Sticks",0,"Glue, Glues Glue Removers, Glue Sticks",185.0,0.9393366021353132,3.0,Office & business supplies,0.6303741335868835,"Personal, fashion & novelty",0.5023959875106812,0.1279781460762024,100.0,73.33333333333333,False,,,90.0,0.9211769104003906,True,65.32045433611168,1P-CORE GAP,,,1P-CORE GAP,0.21540645611252138,B,Fix in 1P merchandising - a marketplace here would cannibalise core,0.712,0.7,,6,"Office Supplies > Tape, Fasteners & Adhesives",own aisle (DEEPEN),,"Office Supplies > Tape, Fasteners & Adhesives",Core office & business supplies,,Glue & Glue Sticks,OP35,"CRS 65 >= 60: competes with Staples' own core shelf (Office Supplies > Tape, Fasteners & Adhesives > Glue & Glue…)"
D0033,DEEPEN,Air Conditioners,Facilities > Heating & Cooling > Air Conditioners,Facilities,Facilities > Heating & Cooling,Facilities > Heating & Cooling > Air Conditioners,1.0,2,"Amazon, OfficeDepot",3,2,0,0.0,0.5,0.3333333333333333,0.5,OfficeDepot,"Facilities > Heating & Cooling > Air Conditioners (competitors: Air Conditioners & Accessories, Air Conditioners, Evaporative Coolers)",0.608940208884715,93.20864618726999,65.20754716981132,,,,,,,1,Facilities > Heating & Cooling > Air Conditioners,Staples::Facilities > Heating & Cooling > Air Conditioners,0,"Air Conditioners & Accessories, Air Conditioners, Evaporative Coolers",224.0,0.867655456747803,3.0,Janitorial & facilities,0.6010580658912659,Backyard & garden living,0.5935134291648865,0.0075446367263793945,43.81942917665908,39.624990839328774,False,,,90.0,0.8495852947235107,True,65.20754716981132,1P-CORE GAP,,,1P-CORE GAP,0.20425627861892057,B,Fix in 1P merchandising - a marketplace here would cannibalise core,0.706,0.694,,7,Facilities > Heating & Cooling,own aisle (DEEPEN),,Facilities > Heating & Cooling,"Health, safety & facilities",,Air Conditioners,OP37,CRS 65 >= 60: competes with Staples' own core shelf (Facilities > Heating & Cooling > Air Conditioners)
D0040,DEEPEN,Chair Mats,Furniture > Chair Mats,Furniture,Furniture > Chair Mats,Furniture > Chair Mats,1.0,2,"OfficeDepot, Wayfair",3,2,0,0.0,0.375,1.0,0.0,"OfficeDepot, Walmart for Business, Wayfair Professional","Furniture > Chair Mats (competitors: Chair Mats, Mats, Kitchen Mats)",0.8261424762212578,92.3038346626957,70.96964489861972,,,,,,,1,Furniture > Chair Mats,Staples::Furniture > Chair Mats,0,"Chair Mats, Mats, Kitchen Mats",308.0,0.7765287894989964,2.0,Office & home-office furniture,0.6061810255050659,Home living & seasonal decor,0.6010623574256897,0.005118668079376221,42.52425425931037,65.51455255558622,False,,,65.0,0.8481268882751465,True,70.96964489861972,1P-CORE GAP,,,1P-CORE GAP,0.20057253156225288,B,Fix in 1P merchandising - a marketplace here would cannibalise core,0.898,0.82,,8,Furniture > Chair Mats,own aisle (DEEPEN),,Furniture > Chair Mats,Home décor & furnishings,,Chair Mats,OP36,CRS 71 >= 60: competes with Staples' own core shelf (Furniture > Chair Mats)
D0027,DEEPEN,Monitor Stands & Mounts,Computers & Accessories > Computer Monitors & Stands > Monitor Stands & Mounts,Computers & Accessories,Computers & Accessories > Computer Monitors & Stands,Computers & Accessories > Computer Monitors & Stands > Monitor Stands & Mounts,1.0,2,"OfficeDepot, Wayfair",2,2,0,0.0,0.375,0.6666666666666666,0.0,"OfficeDepot, Wayfair Professional","Computers & Accessories > Computer Monitors & Stands > Monitor Stands & Mounts (competitors: Monitor Mounts & Arms, Monitor Stands, AV Stands & Mounts)",0.815544006063964,97.72515984510287,71.84892828816476,,,,,,,1,Computers & Accessories > Computer Monitors & Stands > Monitor Stands & Mounts,Staples::Computers & Accessories > Computer Monitors & Stands > Monitor Stands & Mounts,0,"Monitor Mounts & Arms, Monitor Stands, AV Stands & Mounts",661.0,0.7481786973577533,3.0,Technology for work,0.6051698923110962,Home living & seasonal decor,0.523388683795929,0.08178120851516724,83.45281267053447,76.73835426898734,False,,,65.0,0.9190043807029724,True,71.84892828816476,1P-CORE GAP,,,1P-CORE GAP,0.18389107192402282,B,Fix in 1P merchandising - a marketplace here would cannibalise core,0.868,0.708,,9,Computers & Accessories > Computer Monitors & Stands,own aisle (DEEPEN),,Computers & Accessories > Computer Monitors & Stands,Technology & connected workspace,,Monitor Stands & Mounts,OP40,CRS 72 >= 60: competes with Staples' own core shelf (Computers & Accessories > Computer Monitors & Stands > Moni…)
D0012,DEEPEN,Toaster Ovens,"Coffee, Water & Snacks > Breakroom Appliances > Toaster Ovens","Coffee, Water & Snacks","Coffee, Water & Snacks > Breakroom Appliances","Coffee, Water & Snacks > Breakroom Appliances > Toaster Ovens",1.0,2,"OfficeDepot, Wayfair",3,2,0,0.0,0.375,0.6666666666666666,0.0,"OfficeDepot, Wayfair Professional","Coffee, Water & Snacks > Breakroom Appliances > Toaster Ovens (competitors: Toasters & Countertop Ovens, Toasters & Toaster Ovens, Wall Ovens)",0.5497237356481054,79.9022376977109,67.72635363387407,,,,,,,1,"Coffee, Water & Snacks > Breakroom Appliances > Toaster Ovens","Staples::Coffee, Water & Snacks > Breakroom Appliances > Toaster Ovens",0,"Toasters & Countertop Ovens, Toasters & Toaster Ovens, Wall Ovens",41.0,0.9588503462929511,3.0,Breakroom & kitchen,0.6630388498306274,Residential bedroom & bath,0.5615139007568359,0.1015249490737915,93.99359091915669,83.06282121816068,False,,install required,40.0,0.900829553604126,True,67.72635363387407,1P-CORE GAP,,,1P-CORE GAP,0.18130395128602647,B,Fix in 1P merchandising - a marketplace here would cannibalise core,0.79,0.696,,10,"Coffee, Water & Snacks > Breakroom Appliances",own aisle (DEEPEN),,"Coffee, Water & Snacks > Breakroom Appliances","Breakroom, kitchen & hospitality",,Toaster Ovens,OP34,"CRS 68 >= 60: competes with Staples' own core shelf (Coffee, Water & Snacks > Breakroom Appliances > Toaster Ove…)"
D0017,DEEPEN,Coffee,"Coffee, Water & Snacks > Coffee","Coffee, Water & Snacks","Coffee, Water & Snacks > Coffee","Coffee, Water & Snacks > Coffee",1.0,2,"OfficeDepot, Walmart",3,2,0,0.0,0.5,0.6666666666666666,0.5,"OfficeDepot, Walmart for Business","Coffee, Water & Snacks > Coffee (competitors: Coffee, Ground Coffee, Whole Bean Coffee)",0.7206533819301352,59.78432338432996,74.37468857107575,,,,,,,1,"Coffee, Water & Snacks > Coffee","Staples::Coffee, Water & Snacks > Coffee",0,"Coffee, Ground Coffee, Whole Bean Coffee",277.0,1.975066733346769,2.0,Breakroom & kitchen,0.6225302219390869,Backyard & garden living,0.5557758212089539,0.06675440073013306,75.43030811136029,71.92485153348284,False,,,90.0,0.8690280914306641,True,74.37468857107575,1P-CORE GAP,,,1P-CORE GAP,0.1755224999022314,B,Fix in 1P merchandising - a marketplace here would cannibalise core,0.95,0.782,,11,"Coffee, Water & Snacks > Coffee",own aisle (DEEPEN),,"Coffee, Water & Snacks > Coffee","Breakroom, kitchen & hospitality",,Coffee,OP34,"CRS 74 >= 60: competes with Staples' own core shelf (Coffee, Water & Snacks > Coffee)"
D0014,DEEPEN,Chocolate,"Coffee, Water & Snacks > Candy, Gum & Mints > Chocolate","Coffee, Water & Snacks","Coffee, Water & Snacks > Candy, Gum & Mints","Coffee, Water & Snacks > Candy, Gum & Mints > Chocolate",1.0,3,"Amazon, OfficeDepot, Walmart",3,3,0,0.0,0.75,0.3333333333333333,1.0,OfficeDepot,"Coffee, Water & Snacks > Candy, Gum & Mints > Chocolate (competitors: Hot Chocolate, Hot Chocolate & Malted Drinks, Candied & Chocolate-Covered Snacks)",0.8441020545289829,69.58279653793974,75.71360560641922,,,,,,,1,"Coffee, Water & Snacks > Candy, Gum & Mints > Chocolate","Staples::Coffee, Water & Snacks > Candy, Gum & Mints > Chocolate",0,"Hot Chocolate, Hot Chocolate & Malted Drinks, Candied & Chocolate-Covered Snacks",154.0,1.4272712446832256,3.0,Breakroom & kitchen,0.5844622850418091,"Personal, fashion & novelty",0.5497047901153564,0.03475749492645264,58.347816183490785,48.3420230434278,False,,,100.0,0.9005362391471863,True,75.71360560641922,1P-CORE GAP,,,1P-CORE GAP,0.16863020322780245,A,Fix in 1P merchandising - a marketplace here would cannibalise core,0.944,0.706,,12,"Coffee, Water & Snacks > Candy, Gum & Mints",own aisle (DEEPEN),,"Coffee, Water & Snacks > Candy, Gum & Mints","Breakroom, kitchen & hospitality",,Chocolate,OP34,"CRS 76 >= 60: competes with Staples' own core shelf (Coffee, Water & Snacks > Candy, Gum & Mints > Chocolate)"
D0011,DEEPEN,Blenders & Food Processors,"Coffee, Water & Snacks > Breakroom Appliances > Blenders & Food Processors","Coffee, Water & Snacks","Coffee, Water & Snacks > Breakroom Appliances","Coffee, Water & Snacks > Breakroom Appliances > Blenders & Food Processors",1.0,2,"OfficeDepot, Wayfair",3,2,0,0.0,0.375,1.0,0.0,"OfficeDepot, Walmart for Business, Wayfair Professional","Coffee, Water & Snacks > Breakroom Appliances > Blenders & Food Processors (competitors: Blenders, Food Processors)",0.7741062771262351,86.86495921339566,77.93751685349446,,,,,,,1,"Coffee, Water & Snacks > Breakroom Appliances > Blenders & Food Processors","Staples::Coffee, Water & Snacks > Breakroom Appliances > Blenders & Food Processors",0,"Blenders, Food Processors",65.0,0.7765287894989964,3.0,Breakroom & kitchen,0.6694027185440063,Backyard & garden living,0.555551290512085,0.11385142803192139,100.0,100.0,False,,,65.0,0.9275435209274292,True,77.93751685349446,1P-CORE GAP,,,1P-CORE GAP,0.16412576417292915,B,Fix in 1P merchandising - a marketplace here would cannibalise core,0.962,0.706,,13,"Coffee, Water & Snacks > Breakroom Appliances",own aisle (DEEPEN),,"Coffee, Water & Snacks > Breakroom Appliances","Breakroom, kitchen & hospitality",,Blenders & Food Processors,OP34,"CRS 78 >= 60: competes with Staples' own core shelf (Coffee, Water & Snacks > Breakroom Appliances > Blenders &…)"
D0010,DEEPEN,Trash Bags,Cleaning Supplies > Waste & Recycling > Trash Bags,Cleaning Supplies,Cleaning Supplies > Waste & Recycling,Cleaning Supplies > Waste & Recycling > Trash Bags,1.0,2,"OfficeDepot, Walmart",3,2,0,0.0,0.5,1.0,0.5,"OfficeDepot, Walmart for Business, Wayfair Professional","Cleaning Supplies > Waste & Recycling > Trash Bags (competitors: Small Medium Trash Bags, Trash Bags, Trash Compactors)",0.6742486996558876,89.55663513708355,80.82355776041072,,,,,,,1,Cleaning Supplies > Waste & Recycling > Trash Bags,Staples::Cleaning Supplies > Waste & Recycling > Trash Bags,0,"Small Medium Trash Bags, Trash Bags, Trash Compactors",362.0,1.0986122886681098,3.0,Janitorial & facilities,0.606534481048584,"Leisure, hobbies & sports",0.5464175939559937,0.06011688709259033,71.88667567920788,83.13200540752473,False,,,90.0,0.8280390501022339,True,80.82355776041072,1P-CORE GAP,,,1P-CORE GAP,0.15566213666076623,B,Fix in 1P merchandising - a marketplace here would cannibalise core,0.974,0.644,,14,Cleaning Supplies > Waste & Recycling,own aisle (DEEPEN),,Cleaning Supplies > Waste & Recycling,"Health, safety & facilities",,Trash Bags,OP38,CRS 81 >= 60: competes with Staples' own core shelf (Cleaning Supplies > Waste & Recycling > Trash Bags)
D0053,DEEPEN,File Cabinets,Furniture > File Cabinets,Furniture,Furniture > File Cabinets,Furniture > File Cabinets,1.0,3,"OfficeDepot, Walmart, Wayfair",4,3,0,0.0,0.625,0.6666666666666666,0.5,"OfficeDepot, Wayfair Professional","Furniture > File Cabinets (competitors: Filing Cabinets, File Cabinets, Cabinets & Cabinet Hardware)",0.7719487365150837,96.97052134428756,80.36776365688446,,,,,,,1,Furniture > File Cabinets,Staples::Furniture > File Cabinets,0,"Filing Cabinets, File Cabinets, Cabinets & Cabinet Hardware",798.0,1.2568280315369926,2.0,Office & home-office furniture,0.6570059061050415,Home living & seasonal decor,0.5378007292747498,0.11920517683029175,100.0,86.66666666666666,False,,,90.0,0.864940881729126,True,80.36776365688446,1P-CORE GAP,,,1P-CORE GAP,0.15272206406634,A,Fix in 1P merchandising - a marketplace here would cannibalise core,0.99,0.676,,15,Furniture > File Cabinets,own aisle (DEEPEN),,Furniture > File Cabinets,Home décor & furnishings,,File Cabinets,OP36,CRS 80 >= 60: competes with Staples' own core shelf (Furniture > File Cabinets)
D0019,DEEPEN,Crackers,"Coffee, Water & Snacks > Snacks & Food > Crackers","Coffee, Water & Snacks","Coffee, Water & Snacks > Snacks & Food","Coffee, Water & Snacks > Snacks & Food > Crackers",1.0,2,"OfficeDepot, Walmart",3,2,0,0.0,0.5,0.3333333333333333,0.5,OfficeDepot,"Coffee, Water & Snacks > Snacks & Food > Crackers (competitors: Christmas Crackers, Crackers, Nabisco Crackers)",0.6072982352596029,66.75100805083841,74.58616352201257,,,,,,,1,"Coffee, Water & Snacks > Snacks & Food > Crackers","Staples::Coffee, Water & Snacks > Snacks & Food > Crackers",0,"Christmas Crackers, Crackers, Nabisco Crackers",41.0,1.2809338454620642,3.0,Breakroom & kitchen,0.5768306255340576,Home living & seasonal decor,0.5176287889480591,0.059201836585998535,71.39814897639623,56.172222719171074,False,,,90.0,0.8289141654968262,True,74.58616352201257,1P-CORE GAP,,,1P-CORE GAP,0.14745930302812654,B,Fix in 1P merchandising - a marketplace here would cannibalise core,0.93,0.646,,16,"Coffee, Water & Snacks > Snacks & Food",own aisle (DEEPEN),,"Coffee, Water & Snacks > Snacks & Food","Breakroom, kitchen & hospitality",,Crackers,OP34,"CRS 75 >= 60: competes with Staples' own core shelf (Coffee, Water & Snacks > Snacks & Food > Crackers)"
D0092,DEEPEN,Moving Supplies,"Shipping, Packing & Mailing Supplies > Shipping Supplies > Moving Supplies","Shipping, Packing & Mailing Supplies","Shipping, Packing & Mailing Supplies > Shipping Supplies","Shipping, Packing & Mailing Supplies > Shipping Supplies > Moving Supplies",1.0,2,"OfficeDepot, Walmart",2,2,0,0.0,0.5,0.3333333333333333,0.5,OfficeDepot,"Shipping, Packing & Mailing Supplies > Shipping Supplies > Moving Supplies (competitors: Moving Boxes, Moving Kits, Mattress Moving Covers)",0.5675419613365501,87.09971865907104,74.47040638171497,,,,,,,1,"Shipping, Packing & Mailing Supplies > Shipping Supplies > Moving Supplies","Staples::Shipping, Packing & Mailing Supplies > Shipping Supplies > Moving Supplies",0,"Moving Boxes, Moving Kits, Mattress Moving Covers",61.0,1.028166983334843,3.0,Retail store & shipping,0.6881519556045532,Residential bedroom & bath,0.626501739025116,0.061650216579437256,72.7052888520733,56.9565066445773,False,,bulky freight,65.0,0.8691333532333374,True,74.47040638171497,1P-CORE GAP,,,1P-CORE GAP,0.145227787217328,B,Fix in 1P merchandising - a marketplace here would cannibalise core,0.934,0.654,,17,"Shipping, Packing & Mailing Supplies > Shipping Supplies",own aisle (DEEPEN),,"Shipping, Packing & Mailing Supplies > Shipping Supplies",Core office & business supplies,,Moving Supplies,OP41,"CRS 74 >= 60: competes with Staples' own core shelf (Shipping, Packing & Mailing Supplies > Shipping Supplies >…)"
D0081,DEEPEN,Printers,Printers & Scanners > Printers,Printers & Scanners,Printers & Scanners > Printers,Printers & Scanners > Printers,1.0,2,"OfficeDepot, Walmart",3,2,0,0.0,0.5,0.6666666666666666,0.5,"OfficeDepot, Walmart for Business","Printers & Scanners > Printers (competitors: Printer Toner, Printer Ink, All-In-One Printers)",0.9265107887020325,94.07169358582063,82.08959979168915,,,,,,,1,Printers & Scanners > Printers,Staples::Printers & Scanners > Printers,0,"Printer Toner, Printer Ink, All-In-One Printers",341.0,0.9555114450274365,2.0,Office & business supplies,0.6570649743080139,"Leisure, hobbies & sports",0.5606021285057068,0.09646284580230713,91.2910377784331,81.44128933372652,False,,,90.0,0.8651900887489319,True,82.08959979168915,1P-CORE GAP,,,1P-CORE GAP,0.14082948949788276,B,Fix in 1P merchandising - a marketplace here would cannibalise core,0.998,0.616,,18,Printers & Scanners > Printers,own aisle (DEEPEN),,Printers & Scanners > Printers,Technology & connected workspace,,Printers,OP39,CRS 82 >= 60: competes with Staples' own core shelf (Printers & Scanners > Printers)
D0041,DEEPEN,Breakroom & Dining Chairs,Furniture > Chairs & Seating > Breakroom & Dining Chairs,Furniture,Furniture > Chairs & Seating,Furniture > Chairs & Seating > Breakroom & Dining Chairs,1.0,2,"Wayfair, WestElm",3,2,0,0.0,0.25,0.3333333333333333,0.0,Wayfair Professional,"Furniture > Chairs & Seating > Breakroom & Dining Chairs (competitors: Custom Dining Chairs, Breakroom Table & Chair Sets, Patio Dining Chairs)",0.6291124208304011,95.41723796326684,71.59571277681987,,,,,,,1,Furniture > Chairs & Seating > Breakroom & Dining Chairs,Staples::Furniture > Chairs & Seating > Breakroom & Dining Chairs,0,"Custom Dining Chairs, Breakroom Table & Chair Sets, Patio Dining Chairs",75.0,0.9588503462929511,3.0,Hospitality & foodservice,0.6230335235595703,Home living & seasonal decor,0.6007636785507202,0.022269845008850098,51.680915945563136,44.34188290067121,False,,,65.0,0.8454445600509644,True,71.59571277681987,1P-CORE GAP,,,1P-CORE GAP,0.13927847742593913,B,Fix in 1P merchandising - a marketplace here would cannibalise core,0.89,0.58,,19,Furniture > Chairs & Seating,own aisle (DEEPEN),,Furniture > Chairs & Seating,"Breakroom, kitchen & hospitality",,Breakroom & Dining Chairs,OP36,CRS 72 >= 60: competes with Staples' own core shelf (Furniture > Chairs & Seating > Breakroom & Dining Chairs)
D0018,DEEPEN,Tea,"Coffee, Water & Snacks > Coffee, Coffee Makers & Supplies > Tea","Coffee, Water & Snacks","Coffee, Water & Snacks > Coffee, Coffee Makers & Supplies","Coffee, Water & Snacks > Coffee, Coffee Makers & Supplies > Tea",1.0,2,"OfficeDepot, Walmart",3,2,0,0.0,0.5,0.3333333333333333,0.5,OfficeDepot,"Coffee, Water & Snacks > Coffee, Coffee Makers & Supplies > Tea (competitors: Tea, Tea Party Wear Toys, Tea Party Decorative Baking)",0.6202002892338065,47.34734815790666,74.69968828193709,,,,,,,1,"Coffee, Water & Snacks > Coffee, Coffee Makers & Supplies > Tea","Staples::Coffee, Water & Snacks > Coffee, Coffee Makers & Supplies > Tea",0,"Tea, Tea Party Wear Toys, Tea Party Decorative Baking",139.0,0.9167546613651947,3.0,Breakroom & kitchen,0.6775184869766235,Home living & seasonal decor,0.6275695562362671,0.049948930740356445,66.4582122716622,53.208260696330655,False,,,90.0,0.8769352436065674,True,74.69968828193709,1P-CORE GAP,,,1P-CORE GAP,0.13842667169765566,B,Fix in 1P merchandising - a marketplace here would cannibalise core,0.922,0.606,,20,"Coffee, Water & Snacks > Coffee, Coffee Makers & Supplies",own aisle (DEEPEN),,"Coffee, Water & Snacks > Coffee, Coffee Makers & Supplies","Breakroom, kitchen & hospitality",,Tea,OP34,"CRS 75 >= 60: competes with Staples' own core shelf (Coffee, Water & Snacks > Coffee, Coffee Makers & Supplies >…)"
D0024,DEEPEN,Juice,"Coffee, Water & Snacks > Water & Beverages > Juice","Coffee, Water & Snacks","Coffee, Water & Snacks > Water & Beverages","Coffee, Water & Snacks > Water & Beverages > Juice",1.0,2,"OfficeDepot, Walmart",2,2,0,0.0,0.5,0.3333333333333333,0.5,OfficeDepot,"Coffee, Water & Snacks > Water & Beverages > Juice (competitors: Juice, Sparkling Juice, Pomegranate Juice)",0.5773407056890701,62.39125622582883,75.08003518029903,,,,,,,1,"Coffee, Water & Snacks > Water & Beverages > Juice","Staples::Coffee, Water & Snacks > Water & Beverages > Juice",0,"Juice, Sparkling Juice, Pomegranate Juice",53.0,1.184283828851925,3.0,Breakroom & kitchen,0.5541216731071472,"Leisure, hobbies & sports",0.5251367092132568,0.02898496389389038,55.26598022809729,46.4929214701917,False,,,90.0,0.8546756505966187,True,75.08003518029903,1P-CORE GAP,,,1P-CORE GAP,0.13702005911441711,B,Fix in 1P merchandising - a marketplace here would cannibalise core,0.958,0.628,,21,"Coffee, Water & Snacks > Water & Beverages",own aisle (DEEPEN),,"Coffee, Water & Snacks > Water & Beverages","Breakroom, kitchen & hospitality",,Juice,OP34,"CRS 75 >= 60: competes with Staples' own core shelf (Coffee, Water & Snacks > Water & Beverages > Juice)"
D0070,DEEPEN,Storage Drawers,Office Supplies > Storage & Organization > Storage Drawers,Office Supplies,Office Supplies > Storage & Organization,Office Supplies > Storage & Organization > Storage Drawers,1.0,2,"OfficeDepot, Wayfair",4,2,0,0.0,0.375,0.3333333333333333,0.0,OfficeDepot,"Office Supplies > Storage & Organization > Storage Drawers (competitors: Storage Drawers & Carts, Towel Storage, Decorative Storage)",0.5987385338750886,93.26272484156388,73.02752961100272,,,,,,,1,Office Supplies > Storage & Organization > Storage Drawers,Staples::Office Supplies > Storage & Organization > Storage Drawers,0,"Storage Drawers & Carts, Towel Storage, Decorative Storage",89.0,0.6437546511540335,3.0,Office & home-office furniture,0.6364116072654724,Residential bedroom & bath,0.5802075266838074,0.05620408058166504,69.79770851318558,55.211958441244676,False,,,65.0,0.8343686461448669,True,73.02752961100272,1P-CORE GAP,,,1P-CORE GAP,0.13602094116511143,B,Fix in 1P merchandising - a marketplace here would cannibalise core,0.914,0.602,,22,Office Supplies > Storage & Organization,own aisle (DEEPEN),,Office Supplies > Storage & Organization,Core office & business supplies,,Storage Drawers,OP35,CRS 73 >= 60: competes with Staples' own core shelf (Office Supplies > Storage & Organization > Storage Drawers)
E0116,ENTER,Privacy Screens,Wayfair: Outdoor > Outdoor Fencing & Flooring > Privacy Screens,Gift Shop,Gift Shop > Professional Gifts,Facilities > Grounds Maintenance > Outdoor Tools,0.8098450913012218,4,"Amazon, OfficeDepot, Walmart, Wayfair",1,1,3,0.0,0.875,0.3333333333333333,1.0,OfficeDepot,Outdoor > Outdoor Fencing & Flooring > Privacy Screens,0.800562205547246,95.9090909090909,79.47169811320755,100.0,91.8181818181818,79.47169811320755,79.47169811320755,1.0,0.0,0,Computers & Accessories > Computer Accessories & Peripherals > Computer Privacy Screens & Protectors,Wayfair::Outdoor > Outdoor Fencing & Flooring > Privacy Screens,1,,,,,Commercial grounds & outdoor,0.6097317934036255,Backyard & garden living,0.5989164710044861,0.010815322399139404,45.56558119355487,40.67268204946625,False,,"bulky freight, install required",50.0,0.7615955471992493,True,79.47169811320755,1P-CORE GAP,1P-CORE GAP,1P-CORE GAP,1P-CORE GAP,0.13075707127960726,A,Fix in 1P merchandising - a marketplace here would cannibalise core,0.984,0.63,,23,Safety Supplies > Security Mirrors,mission similarity,Outdoor,Safety Supplies > Security Mirrors,Home décor & furnishings,1.0,Privacy Screens,OP42,CRS 79 >= 60: competes with Staples' own core shelf (Computers & Accessories > Computer Accessories & Peripheral…)
D0065,DEEPEN,Bookends,Office Supplies > Desk Organizers & Accessories > Bookends,Office Supplies,Office Supplies > Desk Organizers & Accessories,Office Supplies > Desk Organizers & Accessories > Bookends,1.0,2,"OfficeDepot, WestElm",4,2,0,0.0,0.375,0.3333333333333333,0.0,OfficeDepot,"Office Supplies > Desk Organizers & Accessories > Bookends (competitors: Bookends, Books & Bookends)",0.2092548889582358,97.8009593460133,74.71698113207547,,,,,,,1,Office Supplies > Desk Organizers & Accessories > Bookends,Staples::Office Supplies > Desk Organizers & Accessories > Bookends,0,"Bookends, Books & Bookends",27.0,0.5294669024249667,3.0,Office & business supplies,0.7116470336914062,Home living & seasonal decor,0.5679004192352295,0.14374661445617676,100.0,73.33333333333333,False,,,65.0,0.9211834669113159,True,74.71698113207547,1P-CORE GAP,,,1P-CORE GAP,0.1236144957797658,B,Fix in 1P merchandising - a marketplace here would cannibalise core,0.936,0.562,,24,Office Supplies > Desk Organizers & Accessories,own aisle (DEEPEN),,Office Supplies > Desk Organizers & Accessories,Core office & business supplies,,Bookends,OP35,CRS 75 >= 60: competes with Staples' own core shelf (Office Supplies > Desk Organizers & Accessories > Bookends)
E0185,ENTER,House Numbers & Letters,Wayfair: Outdoor > Front Door Décor & Curb Appeal > House Numbers & Letters,Furniture,Furniture > Decor,Gift Shop > Professional Gifts > Compasses > Outdoor Decor,0.8317414519472883,3,"Amazon, Wayfair, WestElm",1,1,1,0.0,0.5,0.3333333333333333,0.5,Walmart for Business,Outdoor > Front Door Décor & Curb Appeal > House Numbers & Letters,0.7739795088497337,69.7624164278892,77.47522935779816,46.191499522445085,93.33333333333334,77.47522935779816,77.47522935779816,1.0,0.0,0,School Supplies > Teacher Supplies > Classroom Decorations > Letters & Numbers,Wayfair::Outdoor > Front Door Décor & Curb Appeal > House Numbers & Letters,1,,,,,Workspace decor & comfort,0.566794216632843,Home living & seasonal decor,0.5993785858154297,-0.03258436918258667,22.395375747264946,26.7705587816923,True,,install required,50.0,0.710507869720459,True,77.47522935779816,1P-CORE GAP,1P-CORE GAP,1P-CORE GAP,1P-CORE GAP,0.11058498647536077,A,Fix in 1P merchandising - a marketplace here would cannibalise core,0.962,0.44,,25,Furniture > Decor,graph/vector vote + mission similarity,Outdoor,Furniture > Decor,Home décor & furnishings,1.0,House Numbers & Letters,OP36,CRS 77 >= 60: competes with Staples' own core shelf (School Supplies > Teacher Supplies > Classroom Decorations…)
D0008,DEEPEN,Vacuums,Cleaning Supplies > Floor & Carpet Cleaning Equipment > Vacuums,Cleaning Supplies,Cleaning Supplies > Floor & Carpet Cleaning Equipment,Cleaning Supplies > Floor & Carpet Cleaning Equipment > Vacuums,1.0,3,"Amazon, Walmart, Wayfair",3,3,0,0.0,0.625,0.3333333333333333,1.0,Wayfair Professional,"Cleaning Supplies > Floor & Carpet Cleaning Equipment > Vacuums (competitors: Sweepers, Canister Vacuums, Pet Vacuums)",0.9415720502181272,80.70113096570296,87.26657154020273,,,,,,,1,Cleaning Supplies > Floor & Carpet Cleaning Equipment > Vacuums,Staples::Cleaning Supplies > Floor & Carpet Cleaning Equipment > Vacuums,0,"Sweepers, Canister Vacuums, Pet Vacuums",204.0,1.4696759700589421,3.0,Janitorial & facilities,0.6554545760154724,"Leisure, hobbies & sports",0.5944919586181641,0.06096261739730835,72.33819374761556,56.73624958190267,False,,,100.0,0.8862237930297852,True,87.26657154020273,1P-CORE GAP,,,1P-CORE GAP,0.09453636886693391,A,Fix in 1P merchandising - a marketplace here would cannibalise core,0.998,0.428,,26,Cleaning Supplies > Floor & Carpet Cleaning Equipment,own aisle (DEEPEN),,Cleaning Supplies > Floor & Carpet Cleaning Equipment,"Health, safety & facilities",,Vacuums,OP38,CRS 87 >= 60: competes with Staples' own core shelf (Cleaning Supplies > Floor & Carpet Cleaning Equipment > Vac…)
D0074,DEEPEN,Notebooks,Paper > Notebooks,Paper,Paper > Notebooks,Paper > Notebooks,1.0,2,"OfficeDepot, Walmart",2,2,0,0.0,0.5,0.6666666666666666,0.5,"OfficeDepot, Walmart for Business","Paper > Notebooks (competitors: Mini Notebooks, Composition Notebooks, Composition Books)",0.9045107173304103,94.43385029054915,87.68794716952435,,,,,,,1,Paper > Notebooks,Staples::Paper > Notebooks,0,"Mini Notebooks, Composition Notebooks, Composition Books",830.0,1.394935317319686,2.0,School & classroom,0.6178592443466187,Residential bedroom & bath,0.5491923093795776,0.06866693496704102,76.4513709248776,72.53748922159322,False,,,90.0,0.8452264070510864,True,87.68794716952435,1P-CORE GAP,,,1P-CORE GAP,0.09427778328705154,B,Fix in 1P merchandising - a marketplace here would cannibalise core,0.998,0.434,,27,Paper > Notebooks,own aisle (DEEPEN),,Paper > Notebooks,Core office & business supplies,,Notebooks,OP43,CRS 88 >= 60: competes with Staples' own core shelf (Paper > Notebooks)
D0068,DEEPEN,Journals & Diaries,Office Supplies > Notebooks & Notepads > Journals & Diaries,Office Supplies,Office Supplies > Notebooks & Notepads,Office Supplies > Notebooks & Notepads > Journals & Diaries,1.0,2,"OfficeDepot, Walmart",2,2,0,0.0,0.5,0.3333333333333333,0.5,OfficeDepot,"Office Supplies > Notebooks & Notepads > Journals & Diaries (competitors: Journals & Diaries, Daily Journals, Photo Journal)",0.6287996451881228,64.50477500063475,85.81268335028898,,,,,,,1,Office Supplies > Notebooks & Notepads > Journals & Diaries,Staples::Office Supplies > Notebooks & Notepads > Journals & Diaries,0,"Journals & Diaries, Daily Journals, Photo Journal",253.0,1.2040607655404418,3.0,Office & business supplies,0.6510260105133057,Residential bedroom & bath,0.5539555549621582,0.09707045555114746,91.61542816460181,68.30259023209442,False,,,90.0,0.8916162252426147,True,85.81268335028898,1P-CORE GAP,,,1P-CORE GAP,0.08574090011511444,B,Fix in 1P merchandising - a marketplace here would cannibalise core,1.0,0.39,,28,Office Supplies > Notebooks & Notepads,own aisle (DEEPEN),,Office Supplies > Notebooks & Notepads,Core office & business supplies,,Journals & Diaries,OP35,CRS 86 >= 60: competes with Staples' own core shelf (Office Supplies > Notebooks & Notepads > Journals & Diaries)
D0064,DEEPEN,Binders,Office Supplies > Binders,Office Supplies,Office Supplies > Binders,Office Supplies > Binders,1.0,2,"OfficeDepot, Walmart",3,2,0,0.0,0.5,0.6666666666666666,0.5,"OfficeDepot, Walmart for Business","Office Supplies > Binders (competitors: Binders, Data Binders, Easel Binders)",0.9054429860308848,96.2949141896891,89.71079445164233,,,,,,,1,Office Supplies > Binders,Staples::Office Supplies > Binders,0,"Binders, Data Binders, Easel Binders",875.0,0.847676720024241,2.0,Office & business supplies,0.7220865488052368,Home living & seasonal decor,0.5609779953956604,0.16110855340957642,100.0,86.66666666666666,False,,,90.0,0.8421403169631958,True,89.71079445164233,1P-CORE GAP,,,1P-CORE GAP,0.0819973013069547,B,Fix in 1P merchandising - a marketplace here would cannibalise core,1.0,0.398,,29,Office Supplies > Binders,own aisle (DEEPEN),,Office Supplies > Binders,Core office & business supplies,,Binders,OP35,CRS 90 >= 60: competes with Staples' own core shelf (Office Supplies > Binders)
D0043,DEEPEN,Office Chairs,Furniture > Chairs & Seating > Office Chairs,Furniture,Furniture > Chairs & Seating,Furniture > Chairs & Seating > Office Chairs,1.0,3,"OfficeDepot, Walmart, Wayfair",4,3,0,0.0,0.625,0.6666666666666666,0.5,"OfficeDepot, Wayfair Professional","Furniture > Chairs & Seating > Office Chairs (competitors: Office Chairs, Office Chair Accessories, Ergonomic Office Chairs)",0.9070731678225478,97.67503530221016,89.83380618963501,,,,,,,1,Furniture > Chairs & Seating > Office Chairs,Staples::Furniture > Chairs & Seating > Office Chairs,0,"Office Chairs, Office Chair Accessories, Ergonomic Office Chairs",1008.0,1.3808298258537954,3.0,Office & home-office furniture,0.7063784599304199,Home living & seasonal decor,0.5996637344360352,0.10671472549438477,96.76430613631479,84.72525034845553,False,,,90.0,0.8482832908630371,True,89.83380618963501,1P-CORE GAP,,,1P-CORE GAP,0.08085757092188124,A,Fix in 1P merchandising - a marketplace here would cannibalise core,1.0,0.424,,30,Furniture > Chairs & Seating,own aisle (DEEPEN),,Furniture > Chairs & Seating,Home décor & furnishings,,Office Chairs,OP36,CRS 90 >= 60: competes with Staples' own core shelf (Furniture > Chairs & Seating > Office Chairs)
D0082,DEEPEN,Scanners,Printers & Scanners > Scanners & Scanner Accessories > Scanners,Printers & Scanners,Printers & Scanners > Scanners & Scanner Accessories,Printers & Scanners > Scanners & Scanner Accessories > Scanners,1.0,2,"Amazon, OfficeDepot",3,2,0,0.0,0.5,0.3333333333333333,0.5,OfficeDepot,"Printers & Scanners > Scanners & Scanner Accessories > Scanners (competitors: Radio Scanners, 3D Scanners, Computer Scanners)",0.5983841315916787,99.11904761904763,89.68553459119495,,,,,,,1,Printers & Scanners > Scanners & Scanner Accessories > Scanners,Staples::Printers & Scanners > Scanners & Scanner Accessories > Scanners,0,"Radio Scanners, 3D Scanners, Computer Scanners",175.0,0.9343092373768336,3.0,Technology for work,0.6118754148483276,"Leisure, hobbies & sports",0.5654301643371582,0.046445250511169434,64.5876692385281,52.08593487645018,False,,,90.0,0.8232787251472473,True,89.68553459119495,1P-CORE GAP,,,1P-CORE GAP,0.06387487756242151,B,Fix in 1P merchandising - a marketplace here would cannibalise core,1.0,0.28,,31,Printers & Scanners > Scanners & Scanner Accessories,own aisle (DEEPEN),,Printers & Scanners > Scanners & Scanner Accessories,Technology & connected workspace,,Scanners,OP39,CRS 90 >= 60: competes with Staples' own core shelf (Printers & Scanners > Scanners & Scanner Accessories > Scan…)
D0066,DEEPEN,Drawer Organizers,Office Supplies > Desk Organizers & Accessories > Drawer Organizers,Office Supplies,Office Supplies > Desk Organizers & Accessories,Office Supplies > Desk Organizers & Accessories > Drawer Organizers,1.0,2,"OfficeDepot, Wayfair",3,2,0,0.0,0.375,0.6666666666666666,0.0,"OfficeDepot, Wayfair Professional","Office Supplies > Desk Organizers & Accessories > Drawer Organizers (competitors: Beauty Organizers, Drawer Organizers, Kitchen Drawer Organizers)",0.5372802967340783,99.17878240892682,89.4718969120412,,,,,,,1,Office Supplies > Desk Organizers & Accessories > Drawer Organizers,Staples::Office Supplies > Desk Organizers & Accessories > Drawer Organizers,0,"Beauty Organizers, Drawer Organizers, Kitchen Drawer Organizers",51.0,0.9588503462929511,3.0,Office & home-office furniture,0.6521332859992981,Residential bedroom & bath,0.583544135093689,0.06858915090560913,76.4098436094028,72.51257283230834,False,,,65.0,0.8632466793060303,True,89.4718969120412,1P-CORE GAP,,,1P-CORE GAP,0.06371804834054759,B,Fix in 1P merchandising - a marketplace here would cannibalise core,1.0,0.28,,32,Office Supplies > Desk Organizers & Accessories,own aisle (DEEPEN),,Office Supplies > Desk Organizers & Accessories,Core office & business supplies,,Drawer Organizers,OP35,CRS 89 >= 60: competes with Staples' own core shelf (Office Supplies > Desk Organizers & Accessories > Drawer Or…)
D0072,DEEPEN,Markers,Office Supplies > Writing Supplies & Instruments > Markers,Office Supplies,Office Supplies > Writing Supplies & Instruments,Office Supplies > Writing Supplies & Instruments > Markers,1.0,2,"OfficeDepot, Walmart",3,2,0,0.0,0.5,0.6666666666666666,0.5,"OfficeDepot, Walmart for Business","Office Supplies > Writing Supplies & Instruments > Markers (competitors: Dry-Erase Markers, Overhead & Flip-Chart Markers, Permanent Markers & Marker Pens)",0.8740987945961698,96.73435468998315,92.1549066182941,,,,,,,1,Office Supplies > Writing Supplies & Instruments > Markers,Staples::Office Supplies > Writing Supplies & Instruments > Markers,0,"Dry-Erase Markers, Overhead & Flip-Chart Markers, Permanent Markers & Marker Pens",470.0,0.8754687373539001,3.0,Office & business supplies,0.6866854429244995,Residential bedroom & bath,0.5318392515182495,0.15484619140625,100.0,86.66666666666666,False,,,90.0,0.8515632748603821,True,92.1549066182941,1P-CORE GAP,,,1P-CORE GAP,0.06220241316124203,B,Fix in 1P merchandising - a marketplace here would cannibalise core,1.0,0.336,,33,Office Supplies > Writing Supplies & Instruments,own aisle (DEEPEN),,Office Supplies > Writing Supplies & Instruments,Core office & business supplies,,Markers,OP35,CRS 92 >= 60: competes with Staples' own core shelf (Office Supplies > Writing Supplies & Instruments > Markers)
D0067,DEEPEN,File Organizers,Office Supplies > Desk Organizers & Accessories > File Organizers,Office Supplies,Office Supplies > Desk Organizers & Accessories,Office Supplies > Desk Organizers & Accessories > File Organizers,1.0,2,"OfficeDepot, Wayfair",4,2,0,0.0,0.375,0.6666666666666666,0.0,"OfficeDepot, Wayfair Professional","Office Supplies > Desk Organizers & Accessories > File Organizers (competitors: File Organizers, Mail & Key Wall Organizers, Mailroom Organizers)",0.6508002239357282,98.17187297988085,90.61133706376812,,,,,,,1,Office Supplies > Desk Organizers & Accessories > File Organizers,Staples::Office Supplies > Desk Organizers & Accessories > File Organizers,0,"File Organizers, Mail & Key Wall Organizers, Mailroom Organizers",165.0,0.7105203474662949,3.0,Office & business supplies,0.6618034839630127,Home living & seasonal decor,0.5303438901901245,0.13145959377288818,100.0,86.66666666666666,False,,,65.0,0.8663163185119629,True,90.61133706376812,1P-CORE GAP,,,1P-CORE GAP,0.060936601324372446,B,Fix in 1P merchandising - a marketplace here would cannibalise core,1.0,0.306,,34,Office Supplies > Desk Organizers & Accessories,own aisle (DEEPEN),,Office Supplies > Desk Organizers & Accessories,Core office & business supplies,,File Organizers,OP35,CRS 91 >= 60: competes with Staples' own core shelf (Office Supplies > Desk Organizers & Accessories > File Orga…)
D0073,DEEPEN,Pencils,Office Supplies > Writing Supplies & Instruments > Pencils,Office Supplies,Office Supplies > Writing Supplies & Instruments,Office Supplies > Writing Supplies & Instruments > Pencils,1.0,2,"OfficeDepot, Walmart",2,2,0,0.0,0.5,0.6666666666666666,0.5,"OfficeDepot, Walmart for Business","Office Supplies > Writing Supplies & Instruments > Pencils (competitors: Mechanical Pencils, Pencil Grips, Wood Pencils)",0.8554067023746658,99.76346151615772,93.40923971490594,,,,,,,1,Office Supplies > Writing Supplies & Instruments > Pencils,Staples::Office Supplies > Writing Supplies & Instruments > Pencils,0,"Mechanical Pencils, Pencil Grips, Wood Pencils",376.0,0.9327235925096073,3.0,School & classroom,0.6875970363616943,Home living & seasonal decor,0.5710875988006592,0.11650943756103516,100.0,86.66666666666666,False,,,90.0,0.8761652708053589,True,93.40923971490594,1P-CORE GAP,,,1P-CORE GAP,0.05237168815637038,B,Fix in 1P merchandising - a marketplace here would cannibalise core,1.0,0.32,,35,Office Supplies > Writing Supplies & Instruments,own aisle (DEEPEN),,Office Supplies > Writing Supplies & Instruments,Core office & business supplies,,Pencils,OP35,CRS 93 >= 60: competes with Staples' own core shelf (Office Supplies > Writing Supplies & Instruments > Pencils)
E0396,ENTER,Printing Presses & Accessories,"Amazon: Arts, Crafts & Sewing > Printmaking > Printing Presses & Accessories",Printers & Scanners,Printers & Scanners > Printers,Printers & Scanners > Printers,0.8541975273863827,2,"Amazon, Walmart",1,1,0,0.0,0.5,0.3333333333333333,1.0,Walmart for Business,"Arts, Crafts & Sewing > Printmaking > Printing Presses & Accessories",0.8457554365816099,69.00452384154141,0.0,95.22445081184335,42.78459687123947,0.0,0.0,1.0,0.0,0,Printers & Scanners > 3D Printer Parts & Accessories,"Amazon::Arts, Crafts & Sewing > Printmaking > Printing Presses & Accessories",1,,,,,Office & business supplies,0.7051963210105896,"Personal, fashion & novelty",0.6098572015762329,0.09533911943435669,90.6911033120373,67.74799532055572,False,,,100.0,0.7453010082244873,True,0.0,CURATE,CURATE,VERTICAL EXTENSION,CURATE,0.7325327585573317,B,"Open to marketplace sellers now (curated, design-led assortment)",0.964,0.964,,1,Printers & Scanners > Scanners & Scanner Accessories,mission similarity,"Arts, Crafts & Sewing",Printers & Scanners > Scanners & Scanner Accessories,Technology & connected workspace,1.0,Printing Presses & Accessories,OP06,"brand fit 68, adjacency 69, CRS 0"
E0111,ENTER,Workbenches,Wayfair: Facilities & Maintenance > Maintenance Storage > Workbenches,Furniture,Furniture > Storage Furniture,Facilities > Hand & Power Tools > Tool Storage > Soft Sided Storage,0.8299000010546687,2,"Walmart, Wayfair",1,1,1,0.0,0.375,0.3333333333333333,0.5,Wayfair Professional,Facilities & Maintenance > Maintenance Storage > Workbenches,0.8262798397390994,68.48519133072472,0.0,41.51146131805157,95.45892134339788,0.0,0.0,1.0,0.0,0,Laboratory & Scientific Supplies > Lab Furniture & Fixtures > Lab Benches,Wayfair::Facilities & Maintenance > Maintenance Storage > Workbenches,1,,,,,Commercial grounds & outdoor,0.655326247215271,Backyard & garden living,0.5402342081069946,0.11509203910827637,100.0,73.33333333333333,False,,,75.0,0.6697970032691956,True,0.0,CURATE,VERTICAL EXTENSION,CURATE,CURATE,0.6275030962902854,B,"Open to marketplace sellers now (curated, design-led assortment)",0.954,0.954,,2,Furniture > Storage Furniture,graph/vector vote + mission similarity,Facilities & Maintenance,Furniture > Storage Furniture,Home décor & furnishings,1.0,Workbenches,OP04,"brand fit 73, adjacency 68, CRS 0"
E0343,ENTER,Clay and Modeling,OfficeDepot: School Supplies > Art & Craft Supplies > Clay and Modeling,Arts & Crafts,Arts & Crafts > Crafting,Arts & Crafts > Crafting > Craft Supplies,0.8900786320695213,2,"OfficeDepot, Walmart",1,1,0,0.0,0.5,0.3333333333333333,0.5,OfficeDepot,School Supplies > Art & Craft Supplies > Clay and Modeling,0.7315241490012657,77.21387689646666,0.0,54.48901623686724,99.93873755606607,0.0,0.0,1.0,0.0,0,Arts & Crafts > Crafting > Craft Supplies,OfficeDepot::School Supplies > Art & Craft Supplies > Clay and Modeling,1,,,,,School & classroom,0.758043646812439,"Personal, fashion & novelty",0.5934782028198242,0.16456544399261475,100.0,73.33333333333333,False,,,75.0,0.7251189947128296,True,0.0,CURATE,VERTICAL EXTENSION,CURATE,CURATE,0.6263827710282233,B,"Open to marketplace sellers now (curated, design-led assortment)",1.0,1.0,,3,Arts & Crafts > Crafting,graph/vector vote + mission similarity,School Supplies,Arts & Crafts > Crafting,"Celebrations, gifting & creativity",1.0,Clay and Modeling,OP03,"brand fit 73, adjacency 77, CRS 0"
D0001,DEEPEN,Refrigerators,Appliances & Kitchenware > Major Appliances > Refrigerators,Appliances & Kitchenware,Appliances & Kitchenware > Major Appliances,Appliances & Kitchenware > Major Appliances > Refrigerators,1.0,4,"Amazon, OfficeDepot, Walmart, Wayfair",4,4,0,0.0,0.875,1.0,1.0,"OfficeDepot, Walmart for Business, Wayfair Professional","Appliances & Kitchenware > Major Appliances > Refrigerators (competitors: Kegerators, Beverage Refrigerators, Refrigerators)",0.8609732398923673,76.27422358370568,31.92121026542712,,,,,,,1,Appliances & Kitchenware > Major Appliances > Refrigerators,Staples::Appliances & Kitchenware > Major Appliances > Refrigerators,0,"Kegerators, Beverage Refrigerators, Refrigerators",148.0,1.2651204193601455,3.0,Hospitality & foodservice,0.6053667068481445,Backyard & garden living,0.5783987641334534,0.026967942714691162,54.189133978543715,72.51348038712624,False,,,100.0,0.876621663570404,True,31.92121026542712,CURATE,,,CURATE,0.6049374250482424,A,"Open to marketplace sellers now (curated, design-led assortment)",0.892,0.89,,4,Appliances & Kitchenware > Major Appliances,own aisle (DEEPEN),,Appliances & Kitchenware > Major Appliances,"Breakroom, kitchen & hospitality",,Refrigerators,OP05,"brand fit 73, adjacency 76, CRS 32"
D0005,DEEPEN,Craft Supplies,Arts & Crafts > Crafting > Craft Supplies,Arts & Crafts,Arts & Crafts > Crafting,Arts & Crafts > Crafting > Craft Supplies,1.0,2,"Amazon, Walmart",3,2,0,0.0,0.5,0.3333333333333333,1.0,OfficeDepot,"Arts & Crafts > Crafting > Craft Supplies (competitors: Fusible Glass Supplies, Craft Supplies, Scratchboards & Foil Engraving)",0.9501899745261431,78.01047264371874,26.407174810910696,,,,,,,1,Arts & Crafts > Crafting > Craft Supplies,Staples::Arts & Crafts > Crafting > Craft Supplies,0,"Fusible Glass Supplies, Craft Supplies, Scratchboards & Foil Engraving",597.0,1.5260563034950494,3.0,School & classroom,0.6770581007003784,"Personal, fashion & novelty",0.5889952182769775,0.08806288242340088,86.80646956752626,65.41721507384909,False,,,100.0,0.796649694442749,True,26.407174810910696,CURATE,,,CURATE,0.5571310256728004,B,"Open to marketplace sellers now (curated, design-led assortment)",0.99,0.988,,5,Arts & Crafts > Crafting,own aisle (DEEPEN),,Arts & Crafts > Crafting,"Celebrations, gifting & creativity",,Craft Supplies,OP03,"brand fit 65, adjacency 78, CRS 26"
E0129,ENTER,Weight Benches,Wayfair: Outdoor > Fitness > Weight Benches,Fitness,Fitness,Expanded Assortment > Fitness,0.9181973490194137,2,"Walmart, Wayfair",1,1,1,0.0,0.375,0.3333333333333333,0.5,Wayfair Professional,Outdoor > Fitness > Weight Benches,0.9101852554522953,85.33136191077136,10.06027947259399,96.860076408787,73.80264741275572,6.178420580408108,13.942138364779874,1.0,0.0,0,Laboratory & Scientific Supplies > Lab Furniture & Fixtures > Lab Benches,Wayfair::Outdoor > Fitness > Weight Benches,1,,,,,Commercial grounds & outdoor,0.6008220911026001,Backyard & garden living,0.5846015214920044,0.016220569610595703,48.45133184783284,42.40413244203303,False,,,75.0,0.6725149750709534,True,10.06027947259399,CURATE,CURATE,CURATE,CURATE,0.5427859999871781,B,"Open to marketplace sellers now (curated, design-led assortment)",0.966,0.966,,6,Fitness > Fitness Equipment,mission similarity,Outdoor,Fitness > Fitness Equipment,Wellness & ergonomics,1.0,Weight Benches,OP07,"brand fit 42, adjacency 85, CRS 10"
E0076,ENTER,Food Trailers,Walmart: Industrial & Scientific > Food Service Equipment & Supplies > Food Trailers,Restaurant & Foodservice Supplies,Restaurant & Foodservice Supplies > Commercial Restaurant Equipment,Restaurant & Foodservice Supplies > Commercial Restaurant Equipment,0.8869546083645985,1,Walmart,1,1,0,0.0,0.25,0.3333333333333333,0.5,Walmart for Business,Industrial & Scientific > Food Service Equipment & Supplies > Food Trailers,0.7858504958047292,91.06334099113883,15.018519625348864,100.0,82.12668198227765,30.037039250697728,0.0,1.0,0.0,0,Restaurant & Foodservice Supplies > Commercial Restaurant Equipment > Food Display & Merchandising,Walmart::Industrial & Scientific > Food Service Equipment & Supplies > Food Trailers,1,,,,,Hospitality & foodservice,0.6518629789352417,Backyard & garden living,0.5662847757339478,0.08557820320129395,85.47995027796094,64.62130350010989,False,,,75.0,0.742569088935852,True,15.018519625348864,CURATE,CURATE,CURATE,CURATE,0.5420814472651062,B,"Open to marketplace sellers now (curated, design-led assortment)",1.0,1.0,,7,Restaurant & Foodservice Supplies > Commercial Restaurant Equipment,graph/vector vote + mission similarity,Industrial & Scientific,Restaurant & Foodservice Supplies > Commercial Restaurant Equipment,"Breakroom, kitchen & hospitality",1.0,Food Trailers,,"brand fit 65, adjacency 91, CRS 15"
E0414,ENTER,"Electronic Dictionaries, Thesauri & Translators","Amazon: Office Products > Office Electronics > Electronic Dictionaries, Thesauri & Translators",Office Supplies,Office Supplies > Notebooks & Notepads,Office Supplies > Notebooks & Notepads,0.8343911202258294,1,Amazon,1,1,0,0.0,0.25,0.0,0.5,,"Office Products > Office Electronics > Electronic Dictionaries, Thesauri & Translators",0.9056603773584906,65.20952584924686,0.0,39.38634192932187,91.03270976917186,0.0,0.0,1.0,0.0,0,Furniture > Storage Furniture > Electronics & Computer Storage Units,"Amazon::Office Products > Office Electronics > Electronic Dictionaries, Thesauri & Translators",1,,,,,Technology for work,0.6831923127174377,"Personal, fashion & novelty",0.5798176527023315,0.1033746600151062,94.98111366331734,56.98866819799041,False,,,75.0,0.6422814130783081,True,0.0,CURATE,OFF-BRAND,CURATE,CURATE,0.5351406817736247,C,"Open to marketplace sellers now (curated, design-led assortment)",0.868,0.868,,8,Office Supplies > Notebooks & Notepads,graph/vector vote + mission similarity,Office Products,Office Supplies > Notebooks & Notepads,Core office & business supplies,1.0,"Electronic Dictionaries, Thesauri & Translators",,"brand fit 57, adjacency 65, CRS 0"
D0029,DEEPEN,"Concrete & Asphalt Maintenance (competitors: Glass Cleaners, Lens Cleaners, Bathroom Cleaners)","Facilities > Adhesives, Sealants and Patching > Concrete & Asphalt Maintenance",Facilities,"Facilities > Adhesives, Sealants and Patching","Facilities > Adhesives, Sealants and Patching > Concrete & Asphalt Maintenance",1.0,2,"OfficeDepot, Walmart",4,2,0,0.0,0.5,1.0,0.5,"OfficeDepot, Walmart for Business, Wayfair Professional","Facilities > Adhesives, Sealants and Patching > Concrete & Asphalt Maintenance (competitors: Glass Cleaners, Lens Cleaners, Bathroom Cleaners)",0.9014336327736516,77.16337674784133,38.24451488319611,,,,,,,1,"Facilities > Adhesives, Sealants and Patching > Concrete & Asphalt Maintenance","Staples::Facilities > Adhesives, Sealants and Patching > Concrete & Asphalt Maintenance",0,"Glass Cleaners, Lens Cleaners, Bathroom Cleaners",10.0,0.744739298677561,3.0,Janitorial & facilities,0.674395740032196,Residential bedroom & bath,0.5171182155609131,0.15727752447128296,100.0,100.0,False,,,90.0,0.8637356758117676,True,38.24451488319611,CURATE,,,CURATE,0.531690092616018,B,"Open to marketplace sellers now (curated, design-led assortment)",0.584,0.536,,9,"Facilities > Adhesives, Sealants and Patching",own aisle (DEEPEN),,"Facilities > Adhesives, Sealants and Patching","Health, safety & facilities",,Concrete & Asphalt Maintenance (e.g. Glass Cleaners),OP02,"brand fit 100, adjacency 77, CRS 38"
E0060,ENTER,Buffet Tables & Sideboards,WestElm: Furniture > Dining & Kitchen > Buffet Tables & Sideboards,Furniture,Furniture > Home & Office Tables,Appliances & Kitchenware > Kitchenware > Dining & Tableware,0.9009149171664207,3,"Walmart, Wayfair, WestElm",1,1,0,0.0,0.5,0.0,0.5,,Furniture > Dining & Kitchen > Buffet Tables & Sideboards,0.8130658701708938,88.52251764696294,0.7342345654589575,99.88061127029609,77.1644240236298,1.468469130917915,0.0,1.0,147.0,0,Restaurant & Foodservice Supplies > Restaurant Storage & Transport > Catering & Buffet Supplies,WestElm::Furniture > Dining & Kitchen > Buffet Tables & Sideboards,1,,,,,Hospitality & foodservice,0.6804837584495544,Home living & seasonal decor,0.6181706786155701,0.062313079833984375,73.05917795199308,43.835506771195845,False,,,75.0,0.7046485543251038,True,0.7342345654589575,CURATE,CURATE,CURATE,CURATE,0.5260238538599388,A,"Open to marketplace sellers now (curated, design-led assortment)",0.99,0.98,,10,Furniture > Home & Office Tables,graph/vector vote + mission similarity,Furniture,Furniture > Home & Office Tables,Home décor & furnishings,1.0,Buffet Tables & Sideboards,OP04,"brand fit 44, adjacency 89, CRS 1"
E0378,ENTER,Reading Lights,Amazon: Electronics > eBook Readers & Accessories > Reading Lights,Tablets & iPads,Tablets & iPads > E-Readers,Tablets & iPads > E-Readers,0.8879615134070167,1,Amazon,1,1,0,0.0,0.25,0.0,0.5,,Electronics > eBook Readers & Accessories > Reading Lights,0.9056603773584906,75.87700053507467,0.0,67.86055396370583,83.8934471064435,0.0,0.0,1.0,0.0,0,Facilities > Work Lights,Amazon::Electronics > eBook Readers & Accessories > Reading Lights,1,,,,,Technology for work,0.6095089912414551,Home living & seasonal decor,0.5469488501548767,0.06256014108657837,73.19107888888433,43.9146473333306,False,,,75.0,0.655900239944458,True,0.0,CURATE,CURATE,CURATE,CURATE,0.5249938520730468,B,"Open to marketplace sellers now (curated, design-led assortment)",0.99,0.988,,11,Tablets & iPads > E-Readers,graph/vector vote + mission similarity,Electronics,Tablets & iPads > E-Readers,Technology & connected workspace,1.0,Reading Lights,,"brand fit 44, adjacency 76, CRS 0"
D0087,DEEPEN,Garment Steamers & Irons,Retail Store Supplies > Sewing & Tailoring > Garment Steamers & Irons,Retail Store Supplies,Retail Store Supplies > Sewing & Tailoring,Retail Store Supplies > Sewing & Tailoring > Garment Steamers & Irons,1.0,2,"Amazon, Walmart",3,2,0,0.0,0.5,0.3333333333333333,1.0,OfficeDepot,"Retail Store Supplies > Sewing & Tailoring > Garment Steamers & Irons (competitors: Garment Steamers, Irons, Irons & Garment Steamers)",0.9219672437862498,71.01781317667991,27.41525148387662,,,,,,,1,Retail Store Supplies > Sewing & Tailoring > Garment Steamers & Irons,Staples::Retail Store Supplies > Sewing & Tailoring > Garment Steamers & Irons,0,"Garment Steamers, Irons, Irons & Garment Steamers",26.0,0.7884573603642704,3.0,Retail store & shipping,0.6112868785858154,"Personal, fashion & novelty",0.5683536529541016,0.04293322563171387,62.71267116771851,50.960936033964444,False,,,100.0,0.9153224229812622,True,27.41525148387662,CURATE,,,CURATE,0.5178271048552913,B,"Open to marketplace sellers now (curated, design-led assortment)",0.976,0.96,,12,Retail Store Supplies > Sewing & Tailoring,own aisle (DEEPEN),,Retail Store Supplies > Sewing & Tailoring,"Celebrations, gifting & creativity",,Garment Steamers & Irons,OP01,"brand fit 51, adjacency 71, CRS 27"
E0269,ENTER,Seals & O-Rings,"Amazon: Industrial & Scientific > Hydraulics, Pneumatics & Plumbing > Seals & O-Rings","Tools, Parts & Supplies","Tools, Parts & Supplies > Industrial Adhesives, Sealants & Tapes","Laboratory & Scientific Supplies > Lab Instruments & Equipment > Tubing, Hose & Fittings",0.8470270279975501,1,Amazon,1,1,0,0.0,0.25,0.0,0.5,,"Industrial & Scientific > Hydraulics, Pneumatics & Plumbing > Seals & O-Rings",0.9056603773584906,67.48831463706611,0.0,53.9756446991404,81.0009845749918,0.0,0.0,1.0,0.0,0,"Shipping, Packing & Mailing Supplies > Shipping Supplies > Strapping & Strapping Equipment > Seals & Buckles","Amazon::Industrial & Scientific > Hydraulics, Pneumatics & Plumbing > Seals & O-Rings",1,,,,,Safety & security,0.6268460750579834,"Leisure, hobbies & sports",0.5574597120285034,0.06938636302947998,76.83545881589744,46.101275289538464,False,,,75.0,0.7026286721229553,True,0.0,CURATE,VERTICAL EXTENSION,CURATE,CURATE,0.5167840791384497,C,"Open to marketplace sellers now (curated, design-led assortment)",0.936,0.932,,13,"Tools, Parts & Supplies > Industrial Adhesives, Sealants & Tapes",graph/vector vote + mission similarity,Industrial & Scientific,"Tools, Parts & Supplies > Industrial Adhesives, Sealants & Tapes","Health, safety & facilities",1.0,Seals & O-Rings,,"brand fit 46, adjacency 67, CRS 0"
E0245,ENTER,VCRs,Amazon: Electronics > Television & Video > VCRs,TV & Streaming Media,TV & Streaming Media > TV & Video,TV & Streaming Media > TV & Video,0.9072983298614836,1,Amazon,1,1,0,0.0,0.25,0.0,0.5,,Electronics > Television & Video > VCRs,0.9056603773584906,66.15206205925693,0.0,41.845749761222535,90.45837435729132,0.0,0.0,1.0,0.0,0,TV & Streaming Media > TV & Video,Amazon::Electronics > Television & Video > VCRs,1,,,,,Technology for work,0.584148645401001,"Leisure, hobbies & sports",0.523729681968689,0.06041896343231201,72.04794804305946,43.22876882583568,False,,,75.0,0.7231104373931885,True,0.0,CURATE,VERTICAL EXTENSION,CURATE,CURATE,0.5090346873443303,C,"Open to marketplace sellers now (curated, design-led assortment)",0.878,0.858,,14,TV & Streaming Media > TV & Video,graph/vector vote + mission similarity,Electronics,TV & Streaming Media > TV & Video,Technology & connected workspace,1.0,VCRs,,"brand fit 43, adjacency 66, CRS 0"
D0080,DEEPEN,Office Phones,"Phones, Cameras & Electronics > Phones & Accessories > Office Phones","Phones, Cameras & Electronics","Phones, Cameras & Electronics > Phones & Accessories","Phones, Cameras & Electronics > Phones & Accessories > Office Phones",1.0,2,"OfficeDepot, Walmart",2,2,0,0.0,0.5,0.6666666666666666,0.5,"OfficeDepot, Walmart for Business","Phones, Cameras & Electronics > Phones & Accessories > Office Phones (competitors: Phone Cards, Internet Phone Products (VoIP), VoIP Phone Adapters)",0.8310694877317235,84.02069072904001,34.43037690757304,,,,,,,1,"Phones, Cameras & Electronics > Phones & Accessories > Office Phones","Staples::Phones, Cameras & Electronics > Phones & Accessories > Office Phones",0,"Phone Cards, Internet Phone Products (VoIP), VoIP Phone Adapters",142.0,1.2323519712352402,3.0,Technology for work,0.6812490224838257,"Personal, fashion & novelty",0.5546364188194275,0.1266126036643982,100.0,86.66666666666666,False,,,90.0,0.8514081239700317,True,34.43037690757304,CURATE,,,CURATE,0.5031538309348453,B,"Open to marketplace sellers now (curated, design-led assortment)",0.782,0.696,,15,"Phones, Cameras & Electronics > Phones & Accessories",own aisle (DEEPEN),,"Phones, Cameras & Electronics > Phones & Accessories",Technology & connected workspace,,Office Phones,OP08,"brand fit 87, adjacency 84, CRS 34"
E0231,ENTER,Catalysts,"Amazon: Industrial & Scientific > Adhesives, Sealants & Lubricants > Catalysts","Tools, Parts & Supplies","Tools, Parts & Supplies > Chemicals, Lubricants & Paints","Tools, Parts & Supplies > Chemicals, Lubricants & Paints > Lubricants",0.8633965732744232,1,Amazon,1,1,0,0.0,0.25,0.0,0.5,,"Industrial & Scientific > Adhesives, Sealants & Lubricants > Catalysts",0.9056603773584906,62.34916065244702,0.0,41.89350525310411,82.80481605178993,0.0,0.0,1.0,0.0,0,"Tools, Parts & Supplies > Chemicals, Lubricants & Paints > Lubricants","Amazon::Industrial & Scientific > Adhesives, Sealants & Lubricants > Catalysts",1,,,,,Janitorial & facilities,0.5562056303024292,"Personal, fashion & novelty",0.4971041679382324,0.05910146236419678,71.3445612375,42.8067367425,False,,,75.0,0.7721762657165527,True,0.0,CURATE,VERTICAL EXTENSION,CURATE,CURATE,0.502486271067444,C,"Open to marketplace sellers now (curated, design-led assortment)",0.678,0.642,,16,"Tools, Parts & Supplies > Chemicals, Lubricants & Paints",graph/vector vote + mission similarity,Industrial & Scientific,"Tools, Parts & Supplies > Chemicals, Lubricants & Paints","Health, safety & facilities",1.0,Catalysts,,"brand fit 43, adjacency 62, CRS 0"
E0354,ENTER,Floor Grating,Amazon: Industrial & Scientific > Raw Materials > Floor Grating,"Tools, Parts & Supplies","Tools, Parts & Supplies > Floor Scrapers",Facilities > Material Handling,0.8024419085865434,1,Amazon,1,1,0,0.0,0.25,0.0,0.5,,Industrial & Scientific > Raw Materials > Floor Grating,0.9056603773584906,63.23328749218088,0.0,65.4727793696275,60.993795614734246,0.0,0.0,1.0,0.0,0,Cleaning Supplies > Floor & Carpet Cleaning Equipment > Floor Pads,Amazon::Industrial & Scientific > Raw Materials > Floor Grating,1,,,,,Janitorial & facilities,0.5688140392303467,Home living & seasonal decor,0.514614999294281,0.054199039936065674,68.72725842486605,41.23635505491963,False,,,75.0,0.6588318943977356,True,0.0,CURATE,CURATE,CURATE,CURATE,0.5006716979518842,B,"Open to marketplace sellers now (curated, design-led assortment)",0.724,0.666,,17,"Tools, Parts & Supplies > Floor Scrapers",graph/vector vote + mission similarity,Industrial & Scientific,"Tools, Parts & Supplies > Floor Scrapers","Health, safety & facilities",1.0,Floor Grating,,"brand fit 41, adjacency 63, CRS 0"
E0314,ENTER,Sawmills,"Amazon: Patio, Lawn & Garden > Outdoor Power Tools > Sawmills",Facilities,Facilities > Grounds Maintenance,Facilities > Grounds Maintenance > Outdoor Tools,0.912092759365551,1,Amazon,1,1,0,0.0,0.25,0.0,0.5,,"Patio, Lawn & Garden > Outdoor Power Tools > Sawmills",0.9056603773584906,65.45475978219609,0.0,60.20773638968482,70.70178317470736,0.0,0.0,1.0,0.0,0,Facilities > Grounds Maintenance > Outdoor Tools,"Amazon::Patio, Lawn & Garden > Outdoor Power Tools > Sawmills",1,,,,,Commercial grounds & outdoor,0.6620718836784363,Backyard & garden living,0.6203528642654419,0.041719019412994385,62.06443136424168,37.238658818545005,False,,,75.0,0.7606595754623413,True,0.0,CURATE,CURATE,CURATE,CURATE,0.49600851391415773,B,"Open to marketplace sellers now (curated, design-led assortment)",0.614,0.554,,18,"Tools, Parts & Supplies > Power Tools",graph/vector vote + mission similarity,"Patio, Lawn & Garden","Tools, Parts & Supplies > Power Tools","Health, safety & facilities",1.0,Sawmills,,"brand fit 37, adjacency 65, CRS 0"
D0088,DEEPEN,Sewing Machines,Retail Store Supplies > Sewing & Tailoring > Sewing Machines,Retail Store Supplies,Retail Store Supplies > Sewing & Tailoring,Retail Store Supplies > Sewing & Tailoring > Sewing Machines,1.0,2,"Amazon, Walmart",4,2,0,0.0,0.5,0.3333333333333333,1.0,OfficeDepot,"Retail Store Supplies > Sewing & Tailoring > Sewing Machines (competitors: Embroidery Machines, Portable Sewing Machines, Mechanical Sewing Machines)",0.9592318264899329,80.90633190914897,33.241549299412554,,,,,,,1,Retail Store Supplies > Sewing & Tailoring > Sewing Machines,Staples::Retail Store Supplies > Sewing & Tailoring > Sewing Machines,0,"Embroidery Machines, Portable Sewing Machines, Mechanical Sewing Machines",64.0,0.9671029064781247,3.0,Healthcare & clinics,0.5966923236846924,"Personal, fashion & novelty",0.5676646828651428,0.02902764081954956,55.28876456363749,46.506592071515826,False,,,100.0,0.8737640380859375,True,33.241549299412554,CURATE,,,CURATE,0.48394811303390467,B,"Open to marketplace sellers now (curated, design-led assortment)",0.846,0.7,,19,Retail Store Supplies > Sewing & Tailoring,own aisle (DEEPEN),,Retail Store Supplies > Sewing & Tailoring,"Celebrations, gifting & creativity",,Sewing Machines,OP01,"brand fit 47, adjacency 81, CRS 33"
E0229,ENTER,Whistles,OfficeDepot: School Supplies > Instructional Resources > Whistles,School Supplies,School Supplies > Teacher Supplies,School Supplies > Teacher Supplies > Teacher Resources > Teaching Resources,0.8664321365708878,1,OfficeDepot,1,1,0,0.0,0.25,0.3333333333333333,0.0,OfficeDepot,School Supplies > Instructional Resources > Whistles,0.6771978021978022,62.422006285481615,0.0,35.136103151862464,89.70790941910076,0.0,0.0,1.0,0.0,0,School Supplies > Teacher Supplies > Teacher Resources > Teaching Resources,OfficeDepot::School Supplies > Instructional Resources > Whistles,0,,,,,School & classroom,0.6782131195068359,"Leisure, hobbies & sports",0.5118923187255859,0.16632080078125,100.0,73.33333333333333,False,,,50.0,0.7291538119316101,True,0.0,CURATE,OFF-BRAND,CURATE,CURATE,0.48354601309122613,C,"Open to marketplace sellers now (curated, design-led assortment)",0.706,0.622,,20,School Supplies > Teacher Supplies,graph/vector vote + mission similarity,School Supplies,School Supplies > Teacher Supplies,"Celebrations, gifting & creativity",1.0,Whistles,,"brand fit 73, adjacency 62, CRS 0"
D0000,DEEPEN,Dining & Tableware,Appliances & Kitchenware > Kitchenware > Dining & Tableware,Appliances & Kitchenware,Appliances & Kitchenware > Kitchenware,Appliances & Kitchenware > Kitchenware > Dining & Tableware,1.0,4,"OfficeDepot, Walmart, Wayfair, WestElm",5,4,0,0.0,0.75,0.6666666666666666,0.5,"OfficeDepot, Wayfair Professional","Appliances & Kitchenware > Kitchenware > Dining & Tableware (competitors: Dinnerware, Dinnerware Sets, Outdoor Serving & Tableware)",0.8234189879418861,71.96885782104756,35.17169103940148,,,,,,,7,Appliances & Kitchenware > Kitchenware > Dining & Tableware,Staples::Appliances & Kitchenware > Kitchenware > Dining & Tableware,0,"Dinnerware, Dinnerware Sets, Outdoor Serving & Tableware",257.0,1.1532004789525128,3.0,Hospitality & foodservice,0.6981647610664368,Home living & seasonal decor,0.6280969381332397,0.07006782293319702,77.19927628549395,72.98623243796303,False,,,90.0,0.8798465728759766,True,35.17169103940148,CURATE,,,CURATE,0.46726425571216523,A,"Open to marketplace sellers now (curated, design-led assortment)",0.742,0.546,,21,Appliances & Kitchenware > Kitchenware,own aisle (DEEPEN),,Appliances & Kitchenware > Kitchenware,"Breakroom, kitchen & hospitality",,Dining & Tableware,OP05,"brand fit 73, adjacency 72, CRS 35"
D0036,DEEPEN,Work Lights,Facilities > Work Lights,Facilities,Facilities > Work Lights,Facilities > Work Lights,1.0,3,"OfficeDepot, Walmart, Wayfair",4,3,0,0.0,0.625,0.6666666666666666,0.5,"OfficeDepot, Wayfair Professional","Facilities > Work Lights (competitors: Novelty Lights, Post Lights, Security Lights & Flood Lights)",0.6439877504425463,79.70935973730305,35.67662552171486,,,,,,,1,Facilities > Work Lights,Staples::Facilities > Work Lights,0,"Novelty Lights, Post Lights, Security Lights & Flood Lights",15.0,0.8262811695339276,2.0,Retail store & shipping,0.6167701482772827,"Personal, fashion & novelty",0.5528854131698608,0.06388473510742188,73.89825247646793,71.00561815254741,False,,,90.0,0.8411473035812378,True,35.67662552171486,CURATE,,,CURATE,0.4512328278223673,A,"Open to marketplace sellers now (curated, design-led assortment)",0.716,0.458,,22,Facilities > Work Lights,own aisle (DEEPEN),,Facilities > Work Lights,"Health, safety & facilities",,Work Lights,OP02,"brand fit 71, adjacency 80, CRS 36"
E0307,ENTER,Doorstops,OfficeDepot: Furniture > Furniture Accessories > Doorstops,Furniture,Furniture > Decor,Furniture > Decor,0.8811412221568256,1,OfficeDepot,1,1,0,0.0,0.25,0.3333333333333333,0.0,OfficeDepot,Furniture > Furniture Accessories > Doorstops,0.6771978021978022,67.52482713515008,0.0,63.78939828080229,71.26025598949786,0.0,0.0,1.0,0.0,0,Furniture > Home & Office Tables > Table Components > Table Tops,OfficeDepot::Furniture > Furniture Accessories > Doorstops,0,,,,,Office & home-office furniture,0.6761142015457153,Home living & seasonal decor,0.6627675294876099,0.013346672058105469,46.91701687240508,41.483543456776374,False,,,50.0,0.7587765455245972,True,0.0,CURATE,CURATE,CURATE,CURATE,0.4275006646126149,B,"Open to marketplace sellers now (curated, design-led assortment)",0.878,0.58,,23,Furniture > Desks,mission similarity,Furniture,Furniture > Desks,Home décor & furnishings,1.0,Doorstops,,"brand fit 41, adjacency 68, CRS 0"
D0007,DEEPEN,Headphones,Audio > Headphones,Audio,Audio > Headphones,Audio > Headphones,1.0,2,"Amazon, OfficeDepot",3,2,0,0.0,0.5,0.3333333333333333,0.5,OfficeDepot,"Audio > Headphones (competitors: On-Ear Headphones, Earbud & In-Ear Headphones, Open-Ear Headphones)",0.8790617872693345,92.71480352070978,36.225618273029085,,,,,,,1,Audio > Headphones,Staples::Audio > Headphones,0,"On-Ear Headphones, Earbud & In-Ear Headphones, Open-Ear Headphones",782.0,0.8515261964967245,2.0,Technology for work,0.5681719779968262,"Leisure, hobbies & sports",0.55747389793396,0.010698080062866211,45.502987914214685,40.63512608186214,False,,,90.0,0.8405662178993225,True,36.225618273029085,CURATE,,,CURATE,0.4010569290030761,B,"Open to marketplace sellers now (curated, design-led assortment)",0.634,0.206,,24,Audio > Headphones,own aisle (DEEPEN),,Audio > Headphones,Technology & connected workspace,,Headphones,OP09,"brand fit 41, adjacency 93, CRS 36"
D0086,DEEPEN,Fabric,Retail Store Supplies > Sewing & Tailoring > Fabric,Retail Store Supplies,Retail Store Supplies > Sewing & Tailoring,Retail Store Supplies > Sewing & Tailoring > Fabric,1.0,3,"Amazon, OfficeDepot, Walmart",4,3,0,0.0,0.75,0.3333333333333333,1.0,OfficeDepot,"Retail Store Supplies > Sewing & Tailoring > Fabric (competitors: Fabric, Fabric & Textile Paints, Fabric Decorating Kits)",0.67452523853779,67.65038597991582,38.32648469837059,,,,,,,1,Retail Store Supplies > Sewing & Tailoring > Fabric,Staples::Retail Store Supplies > Sewing & Tailoring > Fabric,0,"Fabric, Fabric & Textile Paints, Fabric Decorating Kits",7.0,1.369728816824697,3.0,School & classroom,0.6300374269485474,Home living & seasonal decor,0.6246232986450195,0.005414128303527832,42.68199441471926,38.942529982164885,False,,,100.0,0.8513315916061401,True,38.32648469837059,CURATE,,,CURATE,0.3991547478012709,A,"Open to marketplace sellers now (curated, design-led assortment)",0.422,0.118,,25,Retail Store Supplies > Sewing & Tailoring,own aisle (DEEPEN),,Retail Store Supplies > Sewing & Tailoring,"Celebrations, gifting & creativity",,Fabric,OP01,"brand fit 39, adjacency 68, CRS 38"
D0032,DEEPEN,"Chain, Rope & Tie Downs","Facilities > Hardware > Chain, Rope & Tie Downs",Facilities,Facilities > Hardware,"Facilities > Hardware > Chain, Rope & Tie Downs",1.0,2,"Amazon, OfficeDepot",3,2,0,0.0,0.5,0.3333333333333333,0.5,OfficeDepot,"Facilities > Hardware > Chain, Rope & Tie Downs (competitors: Hardware Chains, Coil Chains, Securing Straps)",0.5033643529980932,63.83411565311347,32.37545958667802,,,,,,,3,"Facilities > Hardware > Chain, Rope & Tie Downs","Staples::Facilities > Hardware > Chain, Rope & Tie Downs",0,"Hardware Chains, Coil Chains, Securing Straps",13.0,0.8659899933993562,3.0,Safety & security,0.6045347452163696,"Leisure, hobbies & sports",0.5361483693122864,0.06838637590408325,76.30158619388916,59.11428504966683,False,,,90.0,0.9095245599746704,True,32.37545958667802,CURATE,,,CURATE,0.3828570545310149,B,"Open to marketplace sellers now (curated, design-led assortment)",0.666,0.108,,26,Facilities > Hardware,own aisle (DEEPEN),,Facilities > Hardware,"Health, safety & facilities",,"Chain, Rope & Tie Downs",OP02,"brand fit 59, adjacency 64, CRS 32"
D0094,DEEPEN,Industrial Tape,"Tools, Parts & Supplies > Measuring & Leveling Tools > Industrial Tape","Tools, Parts & Supplies","Tools, Parts & Supplies > Measuring & Leveling Tools","Tools, Parts & Supplies > Measuring & Leveling Tools > Industrial Tape",1.0,2,"Amazon, OfficeDepot",2,2,0,0.0,0.5,0.3333333333333333,0.5,OfficeDepot,"Tools, Parts & Supplies > Measuring & Leveling Tools > Industrial Tape (competitors: Industrial Drill Bits, Industrial Casters, Industrial Shrink Wrap Supplies)",0.6579672159139418,73.59791536664493,36.5802212751513,,,,,,,1,"Tools, Parts & Supplies > Measuring & Leveling Tools > Industrial Tape","Staples::Tools, Parts & Supplies > Measuring & Leveling Tools > Industrial Tape",0,"Industrial Drill Bits, Industrial Casters, Industrial Shrink Wrap Supplies",2.0,3.009678095561331,3.0,Retail store & shipping,0.5627442598342896,Residential bedroom & bath,0.49620571732521057,0.06653854250907898,75.31506583320548,58.522372833256625,False,,,90.0,0.8796094059944153,True,36.5802212751513,CURATE,,,CURATE,0.3822965619858212,B,"Open to marketplace sellers now (curated, design-led assortment)",0.68,0.188,,27,"Tools, Parts & Supplies > Measuring & Leveling Tools",own aisle (DEEPEN),,"Tools, Parts & Supplies > Measuring & Leveling Tools","Health, safety & facilities",,Industrial Tape,OP10,"brand fit 59, adjacency 74, CRS 37"
D0085,DEEPEN,Serveware,Restaurant & Foodservice Supplies > Tabletop > Serveware,Restaurant & Foodservice Supplies,Restaurant & Foodservice Supplies > Tabletop,Restaurant & Foodservice Supplies > Tabletop > Serveware,1.0,2,"OfficeDepot, Wayfair",3,2,0,0.0,0.375,0.6666666666666666,0.0,"OfficeDepot, Wayfair Professional","Restaurant & Foodservice Supplies > Tabletop > Serveware (competitors: Serveware, Outdoor Beverage Serveware, Serving Trays & Boards)",0.5595276572167329,78.18099516015688,38.907116900888724,,,,,,,1,Restaurant & Foodservice Supplies > Tabletop > Serveware,Staples::Restaurant & Foodservice Supplies > Tabletop > Serveware,0,"Serveware, Outdoor Beverage Serveware, Serving Trays & Boards",56.0,0.9588503462929511,3.0,Hospitality & foodservice,0.7019891738891602,Backyard & garden living,0.5649625062942505,0.13702666759490967,100.0,86.66666666666666,False,,,65.0,0.8739113807678223,True,38.907116900888724,CURATE,,,CURATE,0.36983634179020836,B,"Open to marketplace sellers now (curated, design-led assortment)",0.56,0.16,,28,Restaurant & Foodservice Supplies > Tabletop,own aisle (DEEPEN),,Restaurant & Foodservice Supplies > Tabletop,"Breakroom, kitchen & hospitality",,Serveware,OP11,"brand fit 87, adjacency 78, CRS 39"
E0077,ENTER,Home Brewing & Wine Making,Amazon: Home & Kitchen > Kitchen & Dining > Home Brewing & Wine Making | Wayfair: Restaurant Appliances & Equipment > Beverage Equipment > Home Brewing,Appliances & Kitchenware,Appliances & Kitchenware > Kitchenware,"Coffee, Water & Snacks > Coffee, Coffee Makers & Supplies > Carafes, Kettles & Decanters",0.8669489197672594,2,"Amazon, Wayfair",2,2,0,0.0,0.375,0.3333333333333333,0.5,Wayfair Professional,Home & Kitchen > Kitchen & Dining > Home Brewing & Wine Making,0.8861847805159799,63.30798370106786,0.0,42.7471346704871,83.86883273164862,0.0,0.0,2.0,0.0,0,Appliances & Kitchenware > Kitchenware > Dining & Tableware,Amazon::Home & Kitchen > Kitchen & Dining > Home Brewing & Wine Making,2,,,,,Hospitality & foodservice,0.5732531547546387,Home living & seasonal decor,0.6112229228019714,-0.037969768047332764,19.52022171831503,25.04546636432235,True,home brewing,,75.0,0.6811274290084839,True,0.0,EXCLUDED,EXCLUDED,EXCLUDED,EXCLUDED,0.5321472920243102,B,"Do not pursue - fails the brand-safety screen (adult, weapons, tobacco, alcohol, Rx ...)",1.0,1.0,,1,Appliances & Kitchenware > Kitchenware,graph/vector vote + mission similarity,Home & Kitchen,Competitor dept: Home & Kitchen,"Breakroom, kitchen & hospitality",1.0,Home Brewing & Wine Making,,brand-safety screen ('home brewing')
E0324,ENTER,Poultry Care,"Amazon: Patio, Lawn & Garden > Farm & Ranch > Poultry Care",Facilities,Facilities > Heating & Cooling,Furniture > Daycare & Nursery,0.7665969561316881,2,"Amazon, Walmart",1,1,0,0.0,0.5,0.0,1.0,,"Patio, Lawn & Garden > Farm & Ranch > Poultry Care",0.9003893038584978,33.19202409622693,0.0,18.600764087870104,47.78328410458375,0.0,0.0,1.0,0.0,0,Healthcare Supplies > Personal Care > Baby Care,"Amazon::Patio, Lawn & Garden > Farm & Ranch > Poultry Care",0,,,,,Commercial grounds & outdoor,0.6130691766738892,Backyard & garden living,0.6674962639808655,-0.05442708730697632,10.733996414776605,6.440397848865963,True,poultry,,100.0,0.5839090347290039,False,0.0,EXCLUDED,EXCLUDED,EXCLUDED,EXCLUDED,0.49772722742084696,B,"Do not pursue - fails the brand-safety screen (adult, weapons, tobacco, alcohol, Rx ...)",1.0,0.996,,2,Facilities > Grounds Maintenance,graph/vector vote + mission similarity,"Patio, Lawn & Garden","Competitor dept: Patio, Lawn & Garden",Outdoor living & grounds,1.0,Poultry Care,,brand-safety screen ('poultry')
D0037,DEEPEN,Fitness Equipment,Fitness > Fitness Equipment,Fitness,Fitness > Fitness Equipment,Fitness > Fitness Equipment,1.0,2,"Amazon, Walmart",2,2,0,0.0,0.5,0.0,1.0,,"Fitness > Fitness Equipment (competitors: Airsoft Equipment, Running Equipment, Team Handball Equipment)",0.9430161334427125,46.24477187066551,7.446851154571457,,,,,,,1,Fitness > Fitness Equipment,Staples::Fitness > Fitness Equipment,0,"Airsoft Equipment, Running Equipment, Team Handball Equipment",43.0,1.3773625528900917,2.0,Healthcare & clinics,0.6702125668525696,"Leisure, hobbies & sports",0.7157315015792847,-0.04551893472671509,15.489876420118835,9.2939258520713,True,airsoft,,100.0,0.8521996736526489,True,7.446851154571457,EXCLUDED,,,EXCLUDED,0.48998324624846296,B,"Do not pursue - fails the brand-safety screen (adult, weapons, tobacco, alcohol, Rx ...)",1.0,0.998,,3,Fitness > Fitness Equipment,own aisle (DEEPEN),,Fitness > Fitness Equipment,Wellness & ergonomics,,Fitness Equipment,,brand-safety screen ('airsoft')
E0340,ENTER,Livestock Supplies,"Amazon: Patio, Lawn & Garden > Farm & Ranch > Livestock Supplies",Expanded Assortment,Expanded Assortment > Pet Supplies & Accessories,Facilities > Grounds Maintenance > Outdoor Tools > Lawn & Garden Tools,0.7763111424493943,2,"Amazon, Walmart",1,1,0,0.0,0.5,0.0,1.0,,"Patio, Lawn & Garden > Farm & Ranch > Livestock Supplies",0.8457554365816099,48.651193150668185,2.8048274608758783,52.51910219675262,44.78328410458375,0.0,5.609654921751757,1.0,0.0,0,Expanded Assortment > Pet Supplies & Accessories > Bird Supplies,"Amazon::Patio, Lawn & Garden > Farm & Ranch > Livestock Supplies",1,,,,,Hospitality & foodservice,0.6405730247497559,Backyard & garden living,0.7257310152053833,-0.08515799045562744,0.0,0.0,True,livestock,,100.0,0.7183398604393005,True,2.8048274608758783,EXCLUDED,EXCLUDED,EXCLUDED,EXCLUDED,0.4858204526817518,B,"Do not pursue - fails the brand-safety screen (adult, weapons, tobacco, alcohol, Rx ...)",1.0,0.986,,4,Facilities > Paint Supplies,mission similarity,"Patio, Lawn & Garden","Competitor dept: Patio, Lawn & Garden","Health, safety & facilities",1.0,Livestock Supplies,,brand-safety screen ('livestock')
D0057,DEEPEN,Safes & Secure Storage,Furniture > Safes & Secure Storage,Furniture,Furniture > Safes & Secure Storage,Furniture > Safes & Secure Storage,1.0,2,"OfficeDepot, Walmart",4,2,0,0.0,0.5,0.6666666666666666,0.5,"OfficeDepot, Walmart for Business","Furniture > Safes & Secure Storage (competitors: Safes, Depository & Drop Slot Safes, Gun Safes)",0.7213813817200881,68.4084702670958,31.678986255784878,,,,,,,1,Furniture > Safes & Secure Storage,Staples::Furniture > Safes & Secure Storage,0,"Safes, Depository & Drop Slot Safes, Gun Safes",102.0,0.43694300324921936,2.0,Safety & security,0.6361441016197205,Residential bedroom & bath,0.5503171682357788,0.08582693338394165,85.61274222238727,78.03431200009902,False,gun safes,,90.0,0.8854770660400391,True,31.678986255784878,EXCLUDED,,,EXCLUDED,0.4852307814117846,B,"Do not pursue - fails the brand-safety screen (adult, weapons, tobacco, alcohol, Rx ...)",1.0,0.768,,5,Furniture > Safes & Secure Storage,own aisle (DEEPEN),,Furniture > Safes & Secure Storage,Home décor & furnishings,,Safes & Secure Storage,,brand-safety screen ('gun safes')
E0413,ENTER,Hunting & Fishing,Amazon: Sports & Outdoors > Sports & Fitness > Hunting & Fishing,School Supplies,School Supplies > Teacher Supplies,Expanded Assortment > Outdoors & Recreation,0.8458834696681425,2,"Amazon, Walmart",1,1,0,0.0,0.5,0.0,1.0,,Sports & Outdoors > Sports & Fitness > Hunting & Fishing,0.9460605471842034,27.50499888878754,0.0,17.95606494746896,37.05393283010612,0.0,0.0,1.0,0.0,0,Expanded Assortment > Outdoors & Recreation,Amazon::Sports & Outdoors > Sports & Fitness > Hunting & Fishing,1,,,,,Safety & security,0.5318887829780579,"Leisure, hobbies & sports",0.7327437996864319,-0.20085501670837402,0.0,0.0,True,hunting,,100.0,0.6525037288665771,True,0.0,EXCLUDED,EXCLUDED,EXCLUDED,EXCLUDED,0.48316658041081184,B,"Do not pursue - fails the brand-safety screen (adult, weapons, tobacco, alcohol, Rx ...)",1.0,0.984,,6,Wearable Technology > Sports & Handheld GPS,mission similarity,Sports & Outdoors,Competitor dept: Sports & Outdoors,Wellness & ergonomics,1.0,Hunting & Fishing,,brand-safety screen ('hunting')
E0321,ENTER,Sexual Wellness,Amazon: Health & Personal Care > Sexual Wellness,Healthcare Supplies,Healthcare Supplies > Personal Care,Healthcare Supplies > Personal Care,0.8749265613602507,2,"Amazon, Walmart",1,1,0,0.125,0.5,0.0,1.0,,Health & Personal Care > Sexual Wellness,0.8273653473902194,30.879006661962364,9.775578582936614,20.940783190066856,40.81723013385787,8.852502440256643,10.698654725616583,9.0,0.0,0,Healthcare Supplies > Personal Care,Amazon::Health & Personal Care > Sexual Wellness,1,,,,,Healthcare & clinics,0.5387369990348816,"Personal, fashion & novelty",0.5952839851379395,-0.05654698610305786,9.602225915024164,5.761335549014498,True,sexual wellness,,100.0,0.6879181265830994,True,9.775578582936614,EXCLUDED,EXCLUDED,EXCLUDED,EXCLUDED,0.43483297488453126,B,"Do not pursue - fails the brand-safety screen (adult, weapons, tobacco, alcohol, Rx ...)",1.0,0.898,,7,Healthcare Supplies > Personal Care,graph/vector vote + mission similarity,Health & Personal Care,Competitor dept: Health & Personal Care,Wellness & ergonomics,1.0,Sexual Wellness,,brand-safety screen ('sexual wellness')
E0267,ENTER,Adult Novelty,Amazon: Home & Kitchen > Event & Party Supplies > Adult Novelty,Party Supplies,Party Supplies,Party Supplies,0.8495623932673892,1,Amazon,1,1,0,0.0,0.25,0.0,0.5,,Home & Kitchen > Event & Party Supplies > Adult Novelty,0.9056603773584906,51.70126079513913,0.0,43.76790830945559,59.63461328082266,0.0,0.0,1.0,0.0,0,Party Supplies,Amazon::Home & Kitchen > Event & Party Supplies > Adult Novelty,1,,,,,Hospitality & foodservice,0.6087942719459534,"Personal, fashion & novelty",0.7050743103027344,-0.096280038356781,0.0,0.0,True,adult novelty,,75.0,0.7484384775161743,True,0.0,EXCLUDED,EXCLUDED,EXCLUDED,EXCLUDED,0.4009009477964822,B,"Do not pursue - fails the brand-safety screen (adult, weapons, tobacco, alcohol, Rx ...)",1.0,0.772,,8,Party Supplies > Party Décor,mission similarity,Home & Kitchen,Competitor dept: Home & Kitchen,"Celebrations, gifting & creativity",1.0,Adult Novelty,,brand-safety screen ('adult novelty')
E0057,ENTER,Doc Johnson Lube,Walmart: Health and Medicine > Sexual Wellness Top Brands > Doc Johnson Lube | Walmart: Health and Medicine > Sexual Wellness Top Brands > Doc Johnson,Healthcare Supplies,Healthcare Supplies > OTC Pharmaceuticals,Healthcare Supplies > OTC Pharmaceuticals > Medicine & Vitamins > Pain Relievers,0.7658097108515336,1,Walmart,2,1,0,0.0,0.25,0.0,0.5,,Health and Medicine > Sexual Wellness Top Brands > Doc Johnson Lube,0.7858504958047292,16.60502763953761,0.0,8.19603629417383,25.01401898490139,0.0,0.0,2.0,0.0,0,Healthcare Supplies > Patient Care > Exam Room Supplies & Equipment > Lubricating Jelly,Walmart::Health and Medicine > Sexual Wellness Top Brands > Doc Johnson Lube,0,,,,,Healthcare & clinics,0.530853807926178,"Personal, fashion & novelty",0.50313401222229,0.02771979570388794,54.59053287310248,32.754319723861485,False,sexual wellness,,75.0,0.6577777862548828,True,0.0,EXCLUDED,EXCLUDED,EXCLUDED,EXCLUDED,0.39579375527773875,B,"Do not pursue - fails the brand-safety screen (adult, weapons, tobacco, alcohol, Rx ...)",1.0,1.0,,9,Healthcare Supplies > OTC Pharmaceuticals,graph/vector vote + mission similarity,Health and Medicine,Competitor dept: Health and Medicine,"Health, safety & facilities",1.0,Doc Johnson Lube,,brand-safety screen ('sexual wellness')
E0200,ENTER,MyONE Perfect Fit Condoms,Walmart: Health and Medicine > Sexual Wellness Top Brands > MyONE Perfect Fit Condoms,Healthcare Supplies,Healthcare Supplies > Personal Care,Healthcare Supplies > Personal Care > Incontinence > Adult Briefs,0.7558204234913743,1,Walmart,1,1,0,0.0,0.25,0.0,0.5,,Health and Medicine > Sexual Wellness Top Brands > MyONE Perfect Fit Condoms,0.9273455377574371,10.04611524145849,0.0,3.772683858643744,16.319546624273237,0.0,0.0,8.0,0.0,0,Healthcare Supplies > Personal Care,Walmart::Health and Medicine > Sexual Wellness Top Brands > MyONE Perfect Fit Condoms,0,,,,,Healthcare & clinics,0.5476523637771606,"Personal, fashion & novelty",0.5464819669723511,0.0011703968048095703,40.416353183167374,24.249811909900423,False,sexual wellness,,75.0,0.5631579756736755,False,0.0,EXCLUDED,EXCLUDED,EXCLUDED,EXCLUDED,0.3901706273456041,B,"Do not pursue - fails the brand-safety screen (adult, weapons, tobacco, alcohol, Rx ...)",1.0,0.93,,10,Healthcare Supplies > Personal Care,graph/vector vote + mission similarity,Health and Medicine,Competitor dept: Health and Medicine,"Health, safety & facilities",1.0,MyONE Perfect Fit Condoms,,brand-safety screen ('sexual wellness')
E0031,ENTER,Lelo Hex,Walmart: Health and Medicine > Sexual Wellness Top Brands > Lelo Hex | Walmart: Health and Medicine > Sexual Wellness Top Brands > Lelo,Retail Store Supplies,Retail Store Supplies > Spa & Salon,"Retail Store Supplies > Spa & Salon > Spa & Massage > Oils, Creams, Lotions",0.7573793977106277,1,Walmart,2,1,0,0.0,0.25,0.0,0.5,,Health and Medicine > Sexual Wellness Top Brands > Lelo Hex,0.7858504958047292,15.626040055965499,0.0,6.238061127029608,25.01401898490139,0.0,0.0,2.0,0.0,0,Healthcare Supplies > Professional Dental Supplies > Lab Products,Walmart::Health and Medicine > Sexual Wellness Top Brands > Lelo Hex,0,,,,,Healthcare & clinics,0.5695916414260864,"Personal, fashion & novelty",0.5507782697677612,0.018813371658325195,49.835575696993025,29.901345418195813,False,sexual wellness,,75.0,0.6026047468185425,True,0.0,EXCLUDED,EXCLUDED,EXCLUDED,EXCLUDED,0.38861932529104926,B,"Do not pursue - fails the brand-safety screen (adult, weapons, tobacco, alcohol, Rx ...)",1.0,1.0,,11,Healthcare Supplies > OTC Pharmaceuticals,graph/vector vote + mission similarity,Health and Medicine,Competitor dept: Health and Medicine,"Health, safety & facilities",1.0,Lelo Hex,,brand-safety screen ('sexual wellness')
E0142,ENTER,CalExotics,Walmart: Health and Medicine > Sexual Wellness Top Brands > CalExotics,Healthcare Supplies,Healthcare Supplies > Personal Care,"Retail Store Supplies > Spa & Salon > Spa & Massage > Oils, Creams, Lotions",0.7549504908577886,1,Walmart,1,1,0,1.0,0.25,0.0,0.5,,Health and Medicine > Sexual Wellness Top Brands > CalExotics,0.7858504958047292,16.610051149933614,0.0,8.6676217765043,24.55248052336293,0.0,0.0,1.0,0.0,0,Healthcare Supplies > OTC Pharmaceuticals > Medicine & Vitamins > Probiotics,Walmart::Health and Medicine > Sexual Wellness Top Brands > CalExotics,0,,,,,Healthcare & clinics,0.5578368902206421,"Personal, fashion & novelty",0.547680139541626,0.010156750679016113,45.213983255868186,27.128389953520912,False,sexual wellness,,75.0,0.586280107498169,False,0.0,EXCLUDED,EXCLUDED,EXCLUDED,EXCLUDED,0.3845494310026516,B,"Do not pursue - fails the brand-safety screen (adult, weapons, tobacco, alcohol, Rx ...)",1.0,1.0,,12,Healthcare Supplies > OTC Pharmaceuticals,graph/vector vote + mission similarity,Health and Medicine,Competitor dept: Health and Medicine,"Health, safety & facilities",0.835,CalExotics,,brand-safety screen ('sexual wellness')
E0194,ENTER,Passion Lubes,Walmart: Health and Medicine > Sexual Wellness Top Brands > Passion Lubes,Healthcare Supplies,Healthcare Supplies > Patient Care,"Retail Store Supplies > Spa & Salon > Spa & Massage > Oils, Creams, Lotions",0.7863738780811917,1,Walmart,1,1,0,1.0,0.25,0.0,0.5,,Health and Medicine > Sexual Wellness Top Brands > Passion Lubes,0.7858504958047292,18.225729645268267,0.0,11.437440305635146,25.01401898490139,0.0,0.0,1.0,0.0,0,Healthcare Supplies > Patient Care > Exam Room Supplies & Equipment > Lubricating Jelly,Walmart::Health and Medicine > Sexual Wellness Top Brands > Passion Lubes,0,,,,,Healthcare & clinics,0.5396584272384644,"Personal, fashion & novelty",0.5383375287055969,0.0013208985328674316,40.49670296981403,24.29802178188842,False,sexual wellness,,75.0,0.6260098218917847,True,0.0,EXCLUDED,EXCLUDED,EXCLUDED,EXCLUDED,0.3813122124023886,B,"Do not pursue - fails the brand-safety screen (adult, weapons, tobacco, alcohol, Rx ...)",1.0,1.0,,13,Healthcare Supplies > OTC Pharmaceuticals,graph/vector vote + mission similarity,Health and Medicine,Competitor dept: Health and Medicine,"Health, safety & facilities",0.86,Passion Lubes,,brand-safety screen ('sexual wellness')
E0167,ENTER,Screaming O,Walmart: Health and Medicine > Sexual Wellness Top Brands > Screaming O,Healthcare Supplies,Healthcare Supplies > Personal Care,Healthcare Supplies > Personal Care > Skin Care > Supplements,0.7379078781600683,1,Walmart,1,1,0,1.0,0.25,0.0,0.5,,Health and Medicine > Sexual Wellness Top Brands > Screaming O,0.7858504958047292,14.616259363878218,0.0,4.6800382043935045,24.55248052336293,0.0,0.0,1.0,0.0,0,"Retail Store Supplies > Spa & Salon > Spa & Massage > Oils, Creams, Lotions",Walmart::Health and Medicine > Sexual Wellness Top Brands > Screaming O,0,,,,,Healthcare & clinics,0.5228065252304077,"Personal, fashion & novelty",0.5138974785804749,0.008909046649932861,44.54785965829415,26.72871579497649,False,sexual wellness,,75.0,0.493481308221817,False,0.0,EXCLUDED,EXCLUDED,EXCLUDED,EXCLUDED,0.3807593950064797,B,"Do not pursue - fails the brand-safety screen (adult, weapons, tobacco, alcohol, Rx ...)",1.0,0.95,,14,Healthcare Supplies > OTC Pharmaceuticals,graph/vector vote + mission similarity,Health and Medicine,Competitor dept: Health and Medicine,"Health, safety & facilities",1.0,Screaming O,,brand-safety screen ('sexual wellness')
E0125,ENTER,Hitachi,Walmart: Health and Medicine > Sexual Wellness Top Brands > Hitachi,Healthcare Supplies,Healthcare Supplies > OTC Pharmaceuticals,Healthcare Supplies > OTC Pharmaceuticals > Hot & Cold Therapy,0.7411158271322973,1,Walmart,1,1,0,0.0,0.25,0.0,0.5,,Health and Medicine > Sexual Wellness Top Brands > Hitachi,0.7858504958047292,14.81718141222147,0.0,4.620343839541548,25.01401898490139,0.0,0.0,1.0,0.0,0,Healthcare Supplies > OTC Pharmaceuticals > Hot & Cold Therapy,Walmart::Health and Medicine > Sexual Wellness Top Brands > Hitachi,0,,,,,Healthcare & clinics,0.5467970371246338,"Personal, fashion & novelty",0.5398455858230591,0.006951451301574707,43.50273964132937,26.10164378479762,False,sexual wellness,,75.0,0.589598536491394,False,0.0,EXCLUDED,EXCLUDED,EXCLUDED,EXCLUDED,0.37980663405863685,B,"Do not pursue - fails the brand-safety screen (adult, weapons, tobacco, alcohol, Rx ...)",1.0,0.946,,15,Healthcare Supplies > OTC Pharmaceuticals,graph/vector vote + mission similarity,Health and Medicine,Competitor dept: Health and Medicine,"Health, safety & facilities",1.0,Hitachi,,brand-safety screen ('sexual wellness')
E0358,ENTER,Vibratex,Walmart: Health and Medicine > Sexual Wellness Top Brands > Vibratex,Healthcare Supplies,Healthcare Supplies > Personal Care,Healthcare Supplies > Personal Care > Skin Care > Supplements,0.7594425631306192,1,Walmart,1,1,0,0.0,0.25,0.0,0.5,,Health and Medicine > Sexual Wellness Top Brands > Vibratex,0.7858504958047292,15.712596885000838,0.0,6.411174785100286,25.01401898490139,0.0,0.0,1.0,0.0,0,Healthcare Supplies > Personal Care > Skin Care > Supplements,Walmart::Health and Medicine > Sexual Wellness Top Brands > Vibratex,0,,,,,Healthcare & clinics,0.5423393249511719,Residential bedroom & bath,0.5385449528694153,0.003794372081756592,41.81723978021517,25.0903438681291,False,sexual wellness,,75.0,0.5885152816772461,False,0.0,EXCLUDED,EXCLUDED,EXCLUDED,EXCLUDED,0.37912715743446884,B,"Do not pursue - fails the brand-safety screen (adult, weapons, tobacco, alcohol, Rx ...)",1.0,0.994,,16,Healthcare Supplies > OTC Pharmaceuticals,graph/vector vote + mission similarity,Health and Medicine,Competitor dept: Health and Medicine,"Health, safety & facilities",1.0,Vibratex,,brand-safety screen ('sexual wellness')
E0287,ENTER,Sliquid,Walmart: Health and Medicine > Sexual Wellness Top Brands > Sliquid,Healthcare Supplies,Healthcare Supplies > Personal Care,"Retail Store Supplies > Spa & Salon > Spa & Massage > Oils, Creams, Lotions",0.7767476708554012,1,Walmart,1,1,0,1.0,0.25,0.0,0.5,,Health and Medicine > Sexual Wellness Top Brands > Sliquid,0.7858504958047292,18.03674646989541,0.0,11.521012416427888,24.55248052336293,0.0,0.0,1.0,0.0,0,"Retail Store Supplies > Spa & Salon > Spa & Massage > Oils, Creams, Lotions",Walmart::Health and Medicine > Sexual Wellness Top Brands > Sliquid,0,,,,,Healthcare & clinics,0.5623400807380676,"Personal, fashion & novelty",0.565024197101593,-0.0026841163635253906,38.35850763747793,23.015104582486757,True,sexual wellness,,75.0,0.6264596581459045,True,0.0,EXCLUDED,EXCLUDED,EXCLUDED,EXCLUDED,0.378462903240526,B,"Do not pursue - fails the brand-safety screen (adult, weapons, tobacco, alcohol, Rx ...)",1.0,1.0,,17,Healthcare Supplies > Personal Care,graph/vector vote + mission similarity,Health and Medicine,Competitor dept: Health and Medicine,"Health, safety & facilities",0.995,Sliquid,,brand-safety screen ('sexual wellness')
E0257,ENTER,VCF,Walmart: Health and Medicine > Sexual Wellness Top Brands > VCF,Healthcare Supplies,Healthcare Supplies > Personal Care,Healthcare Supplies > Personal Care > Skin Care > Supplements,0.745245749581869,1,Walmart,1,1,0,0.0,0.25,0.0,0.5,,Health and Medicine > Sexual Wellness Top Brands > VCF,0.7858504958047292,15.443972243167028,0.0,5.873925501432665,25.01401898490139,0.0,0.0,1.0,0.0,0,Healthcare Supplies > Personal Care > Skin Care > Supplements,Walmart::Health and Medicine > Sexual Wellness Top Brands > VCF,0,,,,,Healthcare & clinics,0.55927574634552,"Personal, fashion & novelty",0.560608983039856,-0.0013332366943359375,39.079714593739226,23.447828756243535,True,sexual wellness,,75.0,0.5632911920547485,False,0.0,EXCLUDED,EXCLUDED,EXCLUDED,EXCLUDED,0.375439190247947,B,"Do not pursue - fails the brand-safety screen (adult, weapons, tobacco, alcohol, Rx ...)",1.0,0.834,,18,Healthcare Supplies > OTC Pharmaceuticals,graph/vector vote + mission similarity,Health and Medicine,Competitor dept: Health and Medicine,"Health, safety & facilities",1.0,VCF,,brand-safety screen ('sexual wellness')
E0134,ENTER,Atlas,Walmart: Health and Medicine > Sexual Wellness Top Brands > Atlas,Healthcare Supplies,Healthcare Supplies > Personal Care,Healthcare Supplies > Personal Care > Skin Care > Supplements,0.750984015008698,1,Walmart,1,1,0,0.0,0.25,0.0,0.5,,Health and Medicine > Sexual Wellness Top Brands > Atlas,0.7858504958047292,15.103714363510868,0.0,5.193409742120343,25.01401898490139,0.0,0.0,1.0,0.0,0,Healthcare Supplies > Personal Care > Skin Care > Supplements,Walmart::Health and Medicine > Sexual Wellness Top Brands > Atlas,0,,,,,Healthcare & clinics,0.5404351949691772,"Personal, fashion & novelty",0.5418509244918823,-0.0014157295227050781,39.035673364147556,23.421404018488534,True,sexual wellness,,75.0,0.5642809271812439,False,0.0,EXCLUDED,EXCLUDED,EXCLUDED,EXCLUDED,0.3748759539529527,B,"Do not pursue - fails the brand-safety screen (adult, weapons, tobacco, alcohol, Rx ...)",1.0,0.692,,19,Healthcare Supplies > OTC Pharmaceuticals,graph/vector vote + mission similarity,Health and Medicine,Competitor dept: Health and Medicine,"Health, safety & facilities",1.0,Atlas,,brand-safety screen ('sexual wellness')
E0199,ENTER,Plan B,Walmart: Health and Medicine > Sexual Wellness Top Brands > Plan B,Healthcare Supplies,Healthcare Supplies > Personal Care,Healthcare Supplies > Personal Care > Skin Care > Supplements,0.7652123161196027,1,Walmart,1,1,0,1.0,0.25,0.0,0.5,,Health and Medicine > Sexual Wellness Top Brands > Plan B,0.7858504958047292,16.454845801318523,0.0,8.357211079274116,24.55248052336293,0.0,0.0,1.0,0.0,0,Healthcare Supplies > Personal Care > Skin Care > Supplements,Walmart::Health and Medicine > Sexual Wellness Top Brands > Plan B,0,,,,,Healthcare & clinics,0.5355502367019653,"Personal, fashion & novelty",0.540762722492218,-0.0052124857902526855,37.00866304351181,22.205197826107085,True,sexual wellness,,75.0,0.5996127724647522,False,0.0,EXCLUDED,EXCLUDED,EXCLUDED,EXCLUDED,0.3744702387249013,B,"Do not pursue - fails the brand-safety screen (adult, weapons, tobacco, alcohol, Rx ...)",1.0,0.914,,20,Healthcare Supplies > OTC Pharmaceuticals,graph/vector vote + mission similarity,Health and Medicine,Competitor dept: Health and Medicine,"Health, safety & facilities",0.995,Plan B,,brand-safety screen ('sexual wellness')
E0084,ENTER,PlusOne,Walmart: Health and Medicine > Sexual Wellness Top Brands > PlusOne | Walmart: Health and Medicine > Sexual Wellness Top Brands > plusOne,Healthcare Supplies,Healthcare Supplies > Personal Care,Healthcare Supplies > Personal Care > Skin Care > Supplements,0.7924366864021255,1,Walmart,2,1,0,0.0,0.25,0.0,0.5,,Health and Medicine > Sexual Wellness Top Brands > PlusOne,0.7858504958047292,18.29736288309062,0.0,11.580706781279847,25.01401898490139,0.0,0.0,2.0,0.0,0,Healthcare Supplies > Personal Care > Skin Care > Supplements,Walmart::Health and Medicine > Sexual Wellness Top Brands > PlusOne,0,,,,,Healthcare & clinics,0.5671483278274536,"Personal, fashion & novelty",0.5794370770454407,-0.01228874921798706,33.23079109472336,19.938474656834014,True,sexual wellness,,75.0,0.625940203666687,True,0.0,EXCLUDED,EXCLUDED,EXCLUDED,EXCLUDED,0.37270056800901336,B,"Do not pursue - fails the brand-safety screen (adult, weapons, tobacco, alcohol, Rx ...)",1.0,0.378,,21,Healthcare Supplies > OTC Pharmaceuticals,graph/vector vote + mission similarity,Health and Medicine,Competitor dept: Health and Medicine,"Health, safety & facilities",1.0,PlusOne,,brand-safety screen ('sexual wellness')
E0241,ENTER,Viagra,Walmart: Health and Medicine > Sexual Wellness Top Brands > Viagra,Healthcare Supplies,Healthcare Supplies > Personal Care,Healthcare Supplies > Personal Care > Skin Care > Supplements,0.7476363109197828,1,Walmart,1,1,0,0.0,0.25,0.0,0.5,,Health and Medicine > Sexual Wellness Top Brands > Viagra,0.7858504958047292,15.061928308114496,0.0,5.109837631327602,25.01401898490139,0.0,0.0,1.0,0.0,0,Healthcare Supplies > Personal Care > Skin Care > Supplements,Walmart::Health and Medicine > Sexual Wellness Top Brands > Viagra,0,,,,,Healthcare & clinics,0.5503323078155518,"Personal, fashion & novelty",0.5575243830680847,-0.007192075252532959,35.95180082010243,21.571080492061455,True,sexual wellness,,75.0,0.5983362197875977,False,0.0,EXCLUDED,EXCLUDED,EXCLUDED,EXCLUDED,0.371112627817004,B,"Do not pursue - fails the brand-safety screen (adult, weapons, tobacco, alcohol, Rx ...)",1.0,0.25,,22,Healthcare Supplies > Personal Care,graph/vector vote + mission similarity,Health and Medicine,Competitor dept: Health and Medicine,"Health, safety & facilities",1.0,Viagra,,brand-safety screen ('sexual wellness')
E0198,ENTER,Conceive Plus,Walmart: Health and Medicine > Sexual Wellness Top Brands > Conceive Plus,Healthcare Supplies,Healthcare Supplies > Personal Care,Healthcare Supplies > Personal Care > Skin Care > Supplements,0.7942529218127586,1,Walmart,1,1,0,1.0,0.25,0.0,0.5,,Health and Medicine > Sexual Wellness Top Brands > Conceive Plus,0.7858504958047292,16.58617340399283,0.0,8.61986628462273,24.55248052336293,0.0,0.0,1.0,0.0,0,Healthcare Supplies > Personal Care > Skin Care > Supplements,Walmart::Health and Medicine > Sexual Wellness Top Brands > Conceive Plus,0,,,,,Healthcare & clinics,0.5474392175674438,"Personal, fashion & novelty",0.5586438775062561,-0.011204659938812256,33.80956413216073,20.285738479296437,True,sexual wellness,,75.0,0.6195012331008911,True,0.0,EXCLUDED,EXCLUDED,EXCLUDED,EXCLUDED,0.3708283114352915,B,"Do not pursue - fails the brand-safety screen (adult, weapons, tobacco, alcohol, Rx ...)",1.0,0.052,,23,Healthcare Supplies > OTC Pharmaceuticals,graph/vector vote + mission similarity,Health and Medicine,Competitor dept: Health and Medicine,"Health, safety & facilities",0.855,Conceive Plus,,brand-safety screen ('sexual wellness')
E0383,ENTER,Airsoft & Paintball,Amazon: Sports & Outdoors > Sports & Fitness > Airsoft & Paintball,School Supplies,School Supplies > Teacher Supplies,Expanded Assortment > Outdoors & Recreation,0.8165138100096447,1,Amazon,1,1,0,0.0,0.25,0.0,0.5,,Sports & Outdoors > Sports & Fitness > Airsoft & Paintball,0.9056603773584906,29.480882365387348,0.0,21.907831900668576,37.05393283010612,0.0,0.0,1.0,0.0,0,Expanded Assortment > Outdoors & Recreation,Amazon::Sports & Outdoors > Sports & Fitness > Airsoft & Paintball,0,,,,,Retail store & shipping,0.5345876216888428,"Leisure, hobbies & sports",0.6868506073951721,-0.15226298570632935,0.0,0.0,True,airsoft,,75.0,0.6375395059585571,True,0.0,EXCLUDED,EXCLUDED,EXCLUDED,EXCLUDED,0.36757038015185456,B,"Do not pursue - fails the brand-safety screen (adult, weapons, tobacco, alcohol, Rx ...)",1.0,0.384,,24,"Tools, Parts & Supplies > Chemicals, Lubricants & Paints",mission similarity,Sports & Outdoors,Competitor dept: Sports & Outdoors,"Health, safety & facilities",1.0,Airsoft & Paintball,,brand-safety screen ('airsoft')
E0348,ENTER,Swiss Navy,Walmart: Health and Medicine > Sexual Wellness Top Brands > Swiss Navy,Healthcare Supplies,Healthcare Supplies > Personal Care,Healthcare Supplies > Personal Care > Skin Care > Supplements,0.7433128982293125,1,Walmart,1,1,0,0.0,0.25,0.0,0.5,,Health and Medicine > Sexual Wellness Top Brands > Swiss Navy,0.7858504958047292,14.482892969050503,0.0,3.9517669531996176,25.01401898490139,0.0,0.0,1.0,0.0,0,Healthcare Supplies > Personal Care > Skin Care > Supplements,Walmart::Health and Medicine > Sexual Wellness Top Brands > Swiss Navy,0,,,,,Healthcare & clinics,0.5532807111740112,"Personal, fashion & novelty",0.5664035081863403,-0.013122797012329102,32.785510079061325,19.671306047436794,True,sexual wellness,,75.0,0.5906808376312256,False,0.0,EXCLUDED,EXCLUDED,EXCLUDED,EXCLUDED,0.3664445259191587,B,"Do not pursue - fails the brand-safety screen (adult, weapons, tobacco, alcohol, Rx ...)",1.0,0.004,,25,Healthcare Supplies > Personal Care,graph/vector vote + mission similarity,Health and Medicine,Competitor dept: Health and Medicine,"Health, safety & facilities",1.0,Swiss Navy,,brand-safety screen ('sexual wellness')
E0169,ENTER,Magic Wand,Walmart: Health and Medicine > Sexual Wellness Top Brands > Magic Wand,Retail Store Supplies,Retail Store Supplies > Spa & Salon,"Retail Store Supplies > Spa & Salon > Spa & Massage > Oils, Creams, Lotions",0.7846174828359772,1,Walmart,1,1,0,0.0,0.25,0.0,0.5,,Health and Medicine > Sexual Wellness Top Brands > Magic Wand,0.7858504958047292,19.43155581527782,0.0,13.84909264565425,25.01401898490139,0.0,0.0,1.0,0.0,0,"Retail Store Supplies > Spa & Salon > Spa & Massage > Oils, Creams, Lotions",Walmart::Health and Medicine > Sexual Wellness Top Brands > Magic Wand,0,,,,,Healthcare & clinics,0.5973876714706421,"Personal, fashion & novelty",0.622209906578064,-0.024822235107421875,26.53941997127837,15.923651982767021,True,sexual wellness,,75.0,0.6341165900230408,True,0.0,EXCLUDED,EXCLUDED,EXCLUDED,EXCLUDED,0.36637221205916015,B,"Do not pursue - fails the brand-safety screen (adult, weapons, tobacco, alcohol, Rx ...)",1.0,0.104,,26,Retail Store Supplies > Spa & Salon,graph/vector vote + mission similarity,Health and Medicine,Competitor dept: Health and Medicine,Core office & business supplies,1.0,Magic Wand,,brand-safety screen ('sexual wellness')
E0276,ENTER,Romp,Walmart: Health and Medicine > Sexual Wellness Top Brands > Romp,Retail Store Supplies,Retail Store Supplies > Spa & Salon,Expanded Assortment > Fitness,0.7702222161125797,1,Walmart,1,1,0,0.0,0.25,0.0,0.5,,Health and Medicine > Sexual Wellness Top Brands > Romp,0.7858504958047292,15.903618852527105,0.0,6.793218720152818,25.01401898490139,0.0,0.0,1.0,0.0,0,Expanded Assortment > Fitness,Walmart::Health and Medicine > Sexual Wellness Top Brands > Romp,0,,,,,Healthcare & clinics,0.5398423075675964,"Personal, fashion & novelty",0.556452214717865,-0.016609907150268555,30.923813477882756,18.554288086729652,True,sexual wellness,,75.0,0.5798887014389038,False,0.0,EXCLUDED,EXCLUDED,EXCLUDED,EXCLUDED,0.3663415788229593,B,"Do not pursue - fails the brand-safety screen (adult, weapons, tobacco, alcohol, Rx ...)",1.0,0.0,,27,Healthcare Supplies > OTC Pharmaceuticals,graph/vector vote + mission similarity,Health and Medicine,Competitor dept: Health and Medicine,"Health, safety & facilities",1.0,Romp,,brand-safety screen ('sexual wellness')
E0232,ENTER,Skyn,Walmart: Health and Medicine > Sexual Wellness Top Brands > Skyn,Healthcare Supplies,Healthcare Supplies > Personal Care,Healthcare Supplies > Personal Care > Skin Care > Supplements,0.7591613231021229,1,Walmart,1,1,0,0.0,0.25,0.0,0.5,,Health and Medicine > Sexual Wellness Top Brands > Skyn,0.7858504958047292,15.432033370196637,0.0,5.8500477554918815,25.01401898490139,0.0,0.0,1.0,0.0,0,Healthcare Supplies > Personal Care > Skin Care > Supplements,Walmart::Health and Medicine > Sexual Wellness Top Brands > Skyn,0,,,,,Healthcare & clinics,0.5286896228790283,Residential bedroom & bath,0.5443965196609497,-0.015706896781921387,31.405912197762685,18.84354731865761,True,sexual wellness,,75.0,0.5782660841941833,False,0.0,EXCLUDED,EXCLUDED,EXCLUDED,EXCLUDED,0.36621271906331954,B,"Do not pursue - fails the brand-safety screen (adult, weapons, tobacco, alcohol, Rx ...)",1.0,0.002,,28,Healthcare Supplies > OTC Pharmaceuticals,graph/vector vote + mission similarity,Health and Medicine,Competitor dept: Health and Medicine,"Health, safety & facilities",1.0,Skyn,,brand-safety screen ('sexual wellness')
E0130,ENTER,Durex,Walmart: Health and Medicine > Sexual Wellness Top Brands > Durex,Healthcare Supplies,Healthcare Supplies > Personal Care,Healthcare Supplies > Personal Care > Skin Care > Supplements,0.7718722119045509,1,Walmart,1,1,0,0.0,0.25,0.0,0.5,,Health and Medicine > Sexual Wellness Top Brands > Durex,0.7858504958047292,8.083116731819652,0.0,0.9312320916905444,15.23500137194876,0.0,0.0,1.0,0.0,0,Healthcare Supplies > Personal Care > Skin Care > Supplements,Walmart::Health and Medicine > Sexual Wellness Top Brands > Durex,0,,,,,Healthcare & clinics,0.5402722358703613,"Personal, fashion & novelty",0.5453106164932251,-0.0050383806228637695,37.101614222440475,22.260968533464283,True,sexual wellness,,75.0,0.603996753692627,True,0.0,EXCLUDED,EXCLUDED,EXCLUDED,EXCLUDED,0.36202418653536744,B,"Do not pursue - fails the brand-safety screen (adult, weapons, tobacco, alcohol, Rx ...)",1.0,0.05,,29,Healthcare Supplies > OTC Pharmaceuticals,graph/vector vote + mission similarity,Health and Medicine,Competitor dept: Health and Medicine,"Health, safety & facilities",1.0,Durex,,brand-safety screen ('sexual wellness')
E0230,ENTER,Irwin Naturals,Walmart: Health and Medicine > Sexual Wellness Top Brands > Irwin Naturals,Healthcare Supplies,Healthcare Supplies > Personal Care,Healthcare Supplies > Personal Care > Skin Care > Supplements,0.7750174992853173,1,Walmart,1,1,0,1.0,0.25,0.0,0.5,,Health and Medicine > Sexual Wellness Top Brands > Irwin Naturals,0.7858504958047292,17.589038733505724,0.0,10.62559694364852,24.55248052336293,0.0,0.0,1.0,0.0,0,Healthcare Supplies > Personal Care > Skin Care > Supplements,Walmart::Health and Medicine > Sexual Wellness Top Brands > Irwin Naturals,0,,,,,Healthcare & clinics,0.5379799008369446,"Personal, fashion & novelty",0.5668319463729858,-0.02885204553604126,24.387986812706618,14.63279208762397,True,sexual wellness,,75.0,0.5908414125442505,False,0.0,EXCLUDED,EXCLUDED,EXCLUDED,EXCLUDED,0.3610267166462159,B,"Do not pursue - fails the brand-safety screen (adult, weapons, tobacco, alcohol, Rx ...)",1.0,0.008,,30,Healthcare Supplies > OTC Pharmaceuticals,graph/vector vote + mission similarity,Health and Medicine,Competitor dept: Health and Medicine,"Health, safety & facilities",0.975,Irwin Naturals,,brand-safety screen ('sexual wellness')
E0176,ENTER,Okamoto,Walmart: Health and Medicine > Sexual Wellness Top Brands > Okamoto,Retail Store Supplies,Retail Store Supplies > Spa & Salon,Retail Store Supplies > Spa & Salon > Bath & Body,0.7456365180688805,1,Walmart,1,1,0,0.0,0.25,0.0,0.5,,Health and Medicine > Sexual Wellness Top Brands > Okamoto,0.7858504958047292,14.53064846093207,0.0,4.04727793696275,25.01401898490139,0.0,0.0,1.0,0.0,0,Retail Store Supplies > Spa & Salon > Bath & Body,Walmart::Health and Medicine > Sexual Wellness Top Brands > Okamoto,0,,,,,Healthcare & clinics,0.5377064943313599,"Personal, fashion & novelty",0.5604338645935059,-0.022727370262145996,27.65782535800444,16.594695214802663,True,sexual wellness,,75.0,0.5741624236106873,False,0.0,EXCLUDED,EXCLUDED,EXCLUDED,EXCLUDED,0.36036293749171283,B,"Do not pursue - fails the brand-safety screen (adult, weapons, tobacco, alcohol, Rx ...)",1.0,0.0,,31,Healthcare Supplies > OTC Pharmaceuticals,graph/vector vote + mission similarity,Health and Medicine,Competitor dept: Health and Medicine,"Health, safety & facilities",1.0,Okamoto,,brand-safety screen ('sexual wellness')
E0398,ENTER,Trojan,Walmart: Health and Medicine > Sexual Wellness Top Brands > Trojan,Healthcare Supplies,Healthcare Supplies > Personal Care,Healthcare Supplies > Personal Care > Skin Care > Supplements,0.7560816619698694,1,Walmart,1,1,0,0.5,0.25,0.0,0.5,,Health and Medicine > Sexual Wellness Top Brands > Trojan,0.9168573607932876,19.354925578209834,5.105121293800539,4.364510847318871,34.3453403091008,5.105121293800539,5.105121293800539,7.0,0.0,0,Healthcare Supplies > Personal Care > Skin Care > Supplements,Walmart::Health and Medicine > Sexual Wellness Top Brands > Trojan,0,,,,,Healthcare & clinics,0.5487030148506165,"Personal, fashion & novelty",0.5834835767745972,-0.03478056192398071,21.222873474479744,12.733724084687847,True,sexual wellness,,75.0,0.609044075012207,True,5.105121293800539,EXCLUDED,EXCLUDED,EXCLUDED,EXCLUDED,0.3601530534157411,B,"Do not pursue - fails the brand-safety screen (adult, weapons, tobacco, alcohol, Rx ...)",1.0,0.094,,32,Healthcare Supplies > OTC Pharmaceuticals,graph/vector vote + mission similarity,Health and Medicine,Competitor dept: Health and Medicine,"Health, safety & facilities",1.0,Trojan,,brand-safety screen ('sexual wellness')
E0284,ENTER,Playboy,Walmart: Health and Medicine > Sexual Wellness Top Brands > Playboy,Healthcare Supplies,Healthcare Supplies > Personal Care,Healthcare Supplies > Personal Care > Incontinence > Adult Briefs,0.7415760889908557,1,Walmart,1,1,0,0.0,0.25,0.0,0.5,,Health and Medicine > Sexual Wellness Top Brands > Playboy,0.7858504958047292,14.244115509642672,0.0,3.474212034383954,25.01401898490139,0.0,0.0,1.0,0.0,0,Healthcare Supplies > Personal Care > Incontinence > Adult Briefs,Walmart::Health and Medicine > Sexual Wellness Top Brands > Playboy,0,,,,,Healthcare & clinics,0.5419303178787231,"Personal, fashion & novelty",0.5648136138916016,-0.022883296012878418,27.574579796868736,16.544747878121242,True,sexual wellness,,75.0,0.5833938121795654,False,0.0,EXCLUDED,EXCLUDED,EXCLUDED,EXCLUDED,0.35983324339141587,B,"Do not pursue - fails the brand-safety screen (adult, weapons, tobacco, alcohol, Rx ...)",1.0,0.0,,33,Healthcare Supplies > OTC Pharmaceuticals,graph/vector vote + mission similarity,Health and Medicine,Competitor dept: Health and Medicine,"Health, safety & facilities",1.0,Playboy,,brand-safety screen ('sexual wellness')
E0096,ENTER,Pjur,Walmart: Health and Medicine > Sexual Wellness Top Brands > Pjur,Healthcare Supplies,Healthcare Supplies > Personal Care,Healthcare Supplies > Personal Care > Incontinence > Adult Briefs,0.738233864399915,1,Walmart,1,1,0,0.0,0.25,0.0,0.5,,Health and Medicine > Sexual Wellness Top Brands > Pjur,0.7858504958047292,15.020142252718125,0.0,5.026265520534861,25.01401898490139,0.0,0.0,1.0,0.0,0,Healthcare Supplies > Personal Care > Incontinence > Adult Briefs,Walmart::Health and Medicine > Sexual Wellness Top Brands > Pjur,0,,,,,Healthcare & clinics,0.5294092893600464,"Personal, fashion & novelty",0.556318998336792,-0.026909708976745605,25.42496047506485,15.254976285038909,True,sexual wellness,,75.0,0.5878230929374695,False,0.0,EXCLUDED,EXCLUDED,EXCLUDED,EXCLUDED,0.3584177403198644,B,"Do not pursue - fails the brand-safety screen (adult, weapons, tobacco, alcohol, Rx ...)",1.0,0.0,,34,Healthcare Supplies > Personal Care,graph/vector vote + mission similarity,Health and Medicine,Competitor dept: Health and Medicine,"Health, safety & facilities",1.0,Pjur,,brand-safety screen ('sexual wellness')
E0138,ENTER,Now,Walmart: Health and Medicine > Sexual Wellness Top Brands > Now,Retail Store Supplies,Retail Store Supplies > Spa & Salon,Healthcare Supplies > Personal Care,0.7588789581855817,1,Walmart,1,1,0,0.0,0.25,0.0,0.5,,Health and Medicine > Sexual Wellness Top Brands > Now,0.7858504958047292,16.243876732183264,0.0,7.473734479465138,25.01401898490139,0.0,0.0,1.0,0.0,0,Healthcare Supplies > Personal Care,Walmart::Health and Medicine > Sexual Wellness Top Brands > Now,0,,,,,Healthcare & clinics,0.5595081448554993,"Personal, fashion & novelty",0.5908235311508179,-0.031315386295318604,23.072859690911393,13.843715814546835,True,sexual wellness,,75.0,0.6026853322982788,True,0.0,EXCLUDED,EXCLUDED,EXCLUDED,EXCLUDED,0.35743082109807794,B,"Do not pursue - fails the brand-safety screen (adult, weapons, tobacco, alcohol, Rx ...)",1.0,0.0,,35,Healthcare Supplies > OTC Pharmaceuticals,graph/vector vote + mission similarity,Health and Medicine,Competitor dept: Health and Medicine,"Health, safety & facilities",1.0,Now,,brand-safety screen ('sexual wellness')
E0037,ENTER,Rabbit Vibe,Walmart: Health and Medicine > Sexual Wellness Top Brands > Rabbit Vibe | Walmart: Health and Medicine > Sexual Wellness Top Brands > We-Vibe,Retail Store Supplies,Retail Store Supplies > Spa & Salon,Retail Store Supplies > Spa & Salon > Bath & Body,0.7666912865787632,1,Walmart,2,1,0,0.0,0.25,0.0,0.5,,Health and Medicine > Sexual Wellness Top Brands > Rabbit Vibe,0.7858504958047292,15.89466469779931,0.0,6.77531041069723,25.01401898490139,0.0,0.0,2.0,0.0,0,Retail Store Supplies > Spa & Salon > Bath & Body,Walmart::Health and Medicine > Sexual Wellness Top Brands > Rabbit Vibe,0,,,,,Workspace decor & comfort,0.5180374383926392,"Personal, fashion & novelty",0.556486964225769,-0.03844952583312988,19.26408887367387,11.558453324204322,True,sexual wellness,,75.0,0.5532099604606628,False,0.0,EXCLUDED,EXCLUDED,EXCLUDED,EXCLUDED,0.35233647806581697,B,"Do not pursue - fails the brand-safety screen (adult, weapons, tobacco, alcohol, Rx ...)",1.0,0.0,,36,Healthcare Supplies > OTC Pharmaceuticals,graph/vector vote + mission similarity,Health and Medicine,Competitor dept: Health and Medicine,"Health, safety & facilities",1.0,Rabbit Vibe,,brand-safety screen ('sexual wellness')
E0223,ENTER,Satisfyer,Walmart: Health and Medicine > Sexual Wellness Top Brands > Satisfyer,Healthcare Supplies,Healthcare Supplies > Personal Care,Healthcare Supplies > Personal Care > Skin Care > Supplements,0.7409745109662833,1,Walmart,1,1,0,0.0,0.25,0.0,0.5,,Health and Medicine > Sexual Wellness Top Brands > Satisfyer,0.7858504958047292,14.841059158162253,0.0,4.668099331423113,25.01401898490139,0.0,0.0,1.0,0.0,0,Healthcare Supplies > Personal Care > Skin Care > Supplements,Walmart::Health and Medicine > Sexual Wellness Top Brands > Satisfyer,0,,,,,Healthcare & clinics,0.5264062285423279,"Personal, fashion & novelty",0.5648465156555176,-0.0384402871131897,19.269021236814556,11.561412742088732,True,sexual wellness,,75.0,0.5862594246864319,False,0.0,EXCLUDED,EXCLUDED,EXCLUDED,EXCLUDED,0.3507619885921302,B,"Do not pursue - fails the brand-safety screen (adult, weapons, tobacco, alcohol, Rx ...)",1.0,0.0,,37,Healthcare Supplies > OTC Pharmaceuticals,graph/vector vote + mission similarity,Health and Medicine,Competitor dept: Health and Medicine,"Health, safety & facilities",1.0,Satisfyer,,brand-safety screen ('sexual wellness')
E0337,ENTER,Pink B.O.B,Walmart: Health and Medicine > Sexual Wellness Top Brands > Pink B.O.B,Healthcare Supplies,Healthcare Supplies > Personal Care,Retail Store Supplies > Spa & Salon > Bath & Body,0.7683108168002641,1,Walmart,1,1,0,0.0,0.25,0.0,0.5,,Health and Medicine > Sexual Wellness Top Brands > Pink B.O.B,0.7858504958047292,15.933466034953083,0.0,6.852913085004775,25.01401898490139,0.0,0.0,1.0,0.0,0,Retail Store Supplies > Spa & Salon > Bath & Body,Walmart::Health and Medicine > Sexual Wellness Top Brands > Pink B.O.B,0,,,,,Healthcare & clinics,0.5342450141906738,"Personal, fashion & novelty",0.5808504223823547,-0.04660540819168091,14.909830514774193,8.945898308864516,True,sexual wellness,,75.0,0.5944626331329346,False,0.0,EXCLUDED,EXCLUDED,EXCLUDED,EXCLUDED,0.347169570040868,B,"Do not pursue - fails the brand-safety screen (adult, weapons, tobacco, alcohol, Rx ...)",1.0,0.0,,38,Healthcare Supplies > OTC Pharmaceuticals,graph/vector vote + mission similarity,Health and Medicine,Competitor dept: Health and Medicine,"Health, safety & facilities",1.0,Pink B.O.B,,brand-safety screen ('sexual wellness')
E0166,ENTER,Womanizer,Walmart: Health and Medicine > Sexual Wellness Top Brands > Womanizer,Retail Store Supplies,Retail Store Supplies > Spa & Salon,Retail Store Supplies > Spa & Salon > Cosmetics,0.7842506791335178,1,Walmart,1,1,0,1.0,0.25,0.0,0.5,,Health and Medicine > Sexual Wellness Top Brands > Womanizer,0.7858504958047292,19.68431093980945,0.0,14.81614135625597,24.55248052336293,0.0,0.0,1.0,0.0,0,Healthcare Supplies > Personal Care > Skin Care > Lotion & Moisturizer,Walmart::Health and Medicine > Sexual Wellness Top Brands > Womanizer,0,,,,,Healthcare & clinics,0.5550968647003174,"Personal, fashion & novelty",0.6129050850868225,-0.05780822038650513,8.928878792076356,5.357327275245813,True,sexual wellness,,75.0,0.6452140808105469,True,0.0,EXCLUDED,EXCLUDED,EXCLUDED,EXCLUDED,0.34561869533091516,B,"Do not pursue - fails the brand-safety screen (adult, weapons, tobacco, alcohol, Rx ...)",1.0,0.012,,39,Healthcare Supplies > Personal Care,mission similarity,Health and Medicine,Competitor dept: Health and Medicine,"Health, safety & facilities",0.565,Womanizer,,brand-safety screen ('sexual wellness')
E0121,ENTER,Queen V,Walmart: Health and Medicine > Sexual Wellness Top Brands > Queen V,Healthcare Supplies,Healthcare Supplies > Personal Care,Retail Store Supplies > Spa & Salon > Bath & Body,0.7196714928483211,1,Walmart,1,1,0,0.0,0.25,0.0,0.5,,Health and Medicine > Sexual Wellness Top Brands > Queen V,0.7858504958047292,13.402424965230065,0.0,1.7908309455587392,25.01401898490139,0.0,0.0,1.0,0.0,0,Retail Store Supplies > Spa & Salon > Bath & Body,Walmart::Health and Medicine > Sexual Wellness Top Brands > Queen V,0,,,,,Healthcare & clinics,0.5370871424674988,Residential bedroom & bath,0.5807788968086243,-0.04369175434112549,16.46537056255574,9.879222337533443,True,sexual wellness,,75.0,0.5581525564193726,False,0.0,EXCLUDED,EXCLUDED,EXCLUDED,EXCLUDED,0.34523965649362137,B,"Do not pursue - fails the brand-safety screen (adult, weapons, tobacco, alcohol, Rx ...)",1.0,0.0,,40,Healthcare Supplies > Personal Care,graph/vector vote + mission similarity,Health and Medicine,Competitor dept: Health and Medicine,"Health, safety & facilities",1.0,Queen V,,brand-safety screen ('sexual wellness')
E0152,ENTER,Lifestyles,Walmart: Health and Medicine > Sexual Wellness Top Brands > Lifestyles,Healthcare Supplies,Healthcare Supplies > Personal Care,Healthcare Supplies > Personal Care > Skin Care > Supplements,0.7711961325506143,1,Walmart,1,1,0,0.0,0.25,0.0,0.5,,Health and Medicine > Sexual Wellness Top Brands > Lifestyles,0.7858504958047292,10.393288651590426,0.0,5.551575931232091,15.23500137194876,0.0,0.0,1.0,0.0,0,Healthcare Supplies > Personal Care > Skin Care > Supplements,Walmart::Health and Medicine > Sexual Wellness Top Brands > Lifestyles,0,,,,,Healthcare & clinics,0.5687683820724487,Residential bedroom & bath,0.609237790107727,-0.04046940803527832,18.18571518263156,10.911429109578936,True,sexual wellness,,75.0,0.6144154071807861,True,0.0,EXCLUDED,EXCLUDED,EXCLUDED,EXCLUDED,0.3427903655672529,B,"Do not pursue - fails the brand-safety screen (adult, weapons, tobacco, alcohol, Rx ...)",1.0,0.0,,41,Healthcare Supplies > Personal Care,graph/vector vote + mission similarity,Health and Medicine,Competitor dept: Health and Medicine,"Health, safety & facilities",1.0,Lifestyles,,brand-safety screen ('sexual wellness')
E0102,ENTER,Kimono Luxury Condoms,Walmart: Health and Medicine > Sexual Wellness Top Brands > Kimono Luxury Condoms,Healthcare Supplies,Healthcare Supplies > Personal Care,Healthcare Supplies > Personal Care > Incontinence > Adult Briefs,0.7660879723048564,1,Walmart,1,1,0,0.0,0.25,0.0,0.5,,Health and Medicine > Sexual Wellness Top Brands > Kimono Luxury Condoms,0.7858504958047292,16.524440246987467,0.0,8.034861509073544,25.01401898490139,0.0,0.0,1.0,0.0,0,Healthcare Supplies > Personal Care > Incontinence > Adult Briefs,Walmart::Health and Medicine > Sexual Wellness Top Brands > Kimono Luxury Condoms,0,,,,,Healthcare & clinics,0.5358673334121704,"Personal, fashion & novelty",0.5925462245941162,-0.0566788911819458,9.531804498054244,5.719082698832547,True,sexual wellness,,75.0,0.5995738506317139,False,0.0,EXCLUDED,EXCLUDED,EXCLUDED,EXCLUDED,0.3416024001388557,B,"Do not pursue - fails the brand-safety screen (adult, weapons, tobacco, alcohol, Rx ...)",1.0,0.0,,42,Healthcare Supplies > Personal Care,graph/vector vote + mission similarity,Health and Medicine,Competitor dept: Health and Medicine,"Health, safety & facilities",1.0,Kimono Luxury Condoms,,brand-safety screen ('sexual wellness')
E0168,ENTER,Small Space Bedrooms,Wayfair: Furniture > Bedroom Furniture > Small Space Bedrooms,Furniture,Furniture > Decor,Furniture > Decor,0.8672577405206662,5,"Amazon, OfficeDepot, Walmart, Wayfair, WestElm",1,1,2,1.0,1.0,0.6666666666666666,1.0,"OfficeDepot, Wayfair Professional",Furniture > Bedroom Furniture > Small Space Bedrooms,0.8359951841972126,57.412468956915184,0.0,48.17335243553008,66.65158547830029,0.0,0.0,1.0,0.0,0,Furniture > Decor > Beds & Bedding,Wayfair::Furniture > Bedroom Furniture > Small Space Bedrooms,0,,,,,Office & home-office furniture,0.6505052447319031,Home living & seasonal decor,0.6685423851013184,-0.018037140369415283,30.161842926891012,44.76377242280127,True,,,100.0,0.7281162738800049,True,0.0,OFF-BRAND,OFF-BRAND,VERTICAL EXTENSION,OFF-BRAND,0.7343788592438906,B,"Pass - real gap, wrong store for Staples",0.702,0.702,,1,Furniture > Decor,graph/vector vote + mission similarity,Furniture,Competitor dept: Furniture,Home décor & furnishings,0.715,Small Space Bedrooms,,residential-lifestyle category (Home living & seasonal decor) - downgraded one zone
E0319,ENTER,Hinges,Amazon: Industrial & Scientific > Industrial Hardware > Hinges,Facilities,Facilities > Heating & Cooling,Facilities > Heating & Cooling > Industrial Fans,0.8262514009043016,2,"Amazon, Walmart",1,1,0,0.0,0.5,0.3333333333333333,1.0,Walmart for Business,Industrial & Scientific > Industrial Hardware > Hinges,0.8457554365816099,38.22500265656576,0.0,29.34574976122254,47.104255551908985,0.0,0.0,1.0,0.0,0,Facilities > Heating & Cooling > Industrial Fans,Amazon::Industrial & Scientific > Industrial Hardware > Hinges,1,,,,,Technology for work,0.60846346616745,Home living & seasonal decor,0.493344783782959,0.11511868238449097,100.0,73.33333333333333,False,,,100.0,0.6611390113830566,True,0.0,OFF-BRAND,OFF-BRAND,VERTICAL EXTENSION,OFF-BRAND,0.6975341528054235,B,"Pass - real gap, wrong store for Staples",0.65,0.65,,2,Facilities > Hardware,mission similarity,Industrial & Scientific,Competitor dept: Industrial & Scientific,"Health, safety & facilities",1.0,Hinges,,adjacency 38 < 40: far from what Staples sells
E0347,ENTER,"Brittle, Caramel & Toffee","Amazon: Grocery & Gourmet Food > Candy & Chocolate > Brittle, Caramel & Toffee","Coffee, Water & Snacks","Coffee, Water & Snacks > Candy, Gum & Mints","Coffee, Water & Snacks > Candy, Gum & Mints > Hard Candy & Lollipops",0.8839071963854044,3,"Amazon, OfficeDepot, Walmart",1,1,1,1.0,0.75,0.3333333333333333,1.0,OfficeDepot,"Grocery & Gourmet Food > Candy & Chocolate > Brittle, Caramel & Toffee",0.8051597688968256,54.543496601633315,0.0,41.0577841451767,68.02920905808993,0.0,0.0,1.0,0.0,0,"Coffee, Water & Snacks > Candy, Gum & Mints > Hard Candy & Lollipops","Amazon::Grocery & Gourmet Food > Candy & Chocolate > Brittle, Caramel & Toffee",0,,,,,Breakroom & kitchen,0.5627912878990173,"Personal, fashion & novelty",0.5831259489059448,-0.02033466100692749,28.935243768046682,30.69447959416134,True,,,100.0,0.7063994407653809,True,0.0,OFF-BRAND,OFF-BRAND,OFF-BRAND,OFF-BRAND,0.6306448360919632,A,"Pass - real gap, wrong store for Staples",0.988,0.988,,3,"Coffee, Water & Snacks > Candy, Gum & Mints",graph/vector vote + mission similarity,Grocery & Gourmet Food,Competitor dept: Grocery & Gourmet Food,"Breakroom, kitchen & hospitality",1.0,"Brittle, Caramel & Toffee",,"brand fit 31 < 35 (closest mission: Breakroom & kitchen; residential pull: Personal, fashion & novelty)"
E0022,ENTER,Latch Hook,"Amazon: Arts, Crafts & Sewing > Needlework > Latch Hook | Amazon: Industrial & Scientific > Industrial Hardware > Latches",Retail Store Supplies,Retail Store Supplies > Sewing & Tailoring,Retail Store Supplies > Sewing & Tailoring > Fasteners,0.8379453344524097,3,"Amazon, Walmart, Wayfair",2,1,1,0.5,0.625,0.3333333333333333,1.0,Wayfair Professional,"Arts, Crafts & Sewing > Needlework > Latch Hook",0.8527400189455631,38.2438648332176,0.0,36.46131805157593,40.02641161485927,0.0,0.0,2.0,0.0,0,"Office Supplies > Tape, Fasteners & Adhesives > Mounting > Hook and Loop Fasteners","Amazon::Arts, Crafts & Sewing > Needlework > Latch Hook",0,,,,,Healthcare & clinics,0.5339677929878235,"Personal, fashion & novelty",0.5488360524177551,-0.01486825942993164,31.85364348414622,32.44551942382107,True,,,100.0,0.6628485918045044,True,0.0,OFF-BRAND,OFF-BRAND,OFF-BRAND,OFF-BRAND,0.6168345056059696,A,"Pass - real gap, wrong store for Staples",1.0,0.998,,4,Retail Store Supplies > Sewing & Tailoring,graph/vector vote + mission similarity,"Arts, Crafts & Sewing","Competitor dept: Arts, Crafts & Sewing","Celebrations, gifting & creativity",1.0,Latch Hook,,"brand fit 32 < 35 (closest mission: Healthcare & clinics; residential pull: Personal, fashion & novelty)"
E0058,ENTER,Doormats,"Amazon: Patio, Lawn & Garden > Outdoor Décor > Doormats | Wayfair: Rugs > Doormats | Wayfair: Holiday > Halloween > Doormats | Wayfair: Shop Contractor Spaces > Garage > Doormats | Wayfair: Shop Contractor Spaces > Hallway & Mudroom > Doormats",Furniture,Furniture > Decor,Decor > Rugs,0.8937879802590282,4,"Amazon, Walmart, Wayfair, WestElm",5,2,1,0.4,0.75,0.3333333333333333,1.0,Wayfair Professional,"Patio, Lawn & Garden > Outdoor Décor > Doormats",0.7976712580929699,51.57043151404814,0.0,43.88252148997135,59.25834153812493,0.0,0.0,5.0,0.0,0,Gift Shop > Professional Gifts > Compasses > Outdoor Decor,"Amazon::Patio, Lawn & Garden > Outdoor Décor > Doormats",0,,,,,Workspace decor & comfort,0.6042189598083496,Backyard & garden living,0.6521226763725281,-0.04790371656417847,14.216690295868279,21.863347510854297,True,,,100.0,0.707533597946167,True,0.0,OFF-BRAND,OFF-BRAND,OFF-BRAND,OFF-BRAND,0.607399697673393,A,"Pass - real gap, wrong store for Staples",1.0,0.994,,5,Party Supplies > Party Décor,graph/vector vote + mission similarity,Shop Contractor Spaces,Competitor dept: Shop Contractor Spaces,"Celebrations, gifting & creativity",0.985,Doormats,,brand fit 22 < 35 (closest mission: Workspace decor & comfort; residential pull: Backyard & garden living)
E0380,ENTER,Climbing,Amazon: Sports & Outdoors > Outdoor Recreation > Climbing,Gift Shop,Gift Shop > Professional Gifts,Expanded Assortment > Outdoors & Recreation,0.8761942367037462,3,"Amazon, Walmart, Wayfair",1,1,1,1.0,0.625,0.3333333333333333,1.0,Wayfair Professional,Sports & Outdoors > Outdoor Recreation > Climbing,0.8741613258359774,50.911952006906134,0.0,28.34288443170965,73.48101958210262,0.0,0.0,1.0,0.0,0,Expanded Assortment > Outdoors & Recreation,Amazon::Sports & Outdoors > Outdoor Recreation > Climbing,0,,,,,Safety & security,0.5206239223480225,"Leisure, hobbies & sports",0.6258893013000488,-0.10526537895202637,0.0,13.333333333333332,True,,,100.0,0.6391029357910156,True,0.0,OFF-BRAND,OFF-BRAND,OFF-BRAND,OFF-BRAND,0.6008254602190891,A,"Pass - real gap, wrong store for Staples",1.0,0.966,,6,Wearable Technology > Sports & Handheld GPS,mission similarity,Sports & Outdoors,Competitor dept: Sports & Outdoors,Wellness & ergonomics,0.83,Climbing,,"brand fit 13 < 35 (closest mission: Safety & security; residential pull: Leisure, hobbies & sports)"
D0047,DEEPEN,Beds & Bedding,Furniture > Decor > Beds & Bedding,Furniture,Furniture > Decor,Furniture > Decor > Beds & Bedding,1.0,4,"Amazon, Walmart, Wayfair, WestElm",5,4,0,0.0,0.75,0.6666666666666666,1.0,"OfficeDepot, Wayfair Professional","Furniture > Decor > Beds & Bedding (competitors: Bed Skirts, Murphy Beds, Latex Mattresses)",0.9844669756135348,62.15207350041544,16.79099651674122,,,,,,,6,Furniture > Decor > Beds & Bedding,Staples::Furniture > Decor > Beds & Bedding,0,"Bed Skirts, Murphy Beds, Latex Mattresses",299.0,1.4298949267417926,3.0,Office & home-office furniture,0.6229103803634644,Residential bedroom & bath,0.703025221824646,-0.08011484146118164,0.0,26.666666666666664,True,,bulky freight,90.0,0.7962307929992676,True,16.79099651674122,OFF-BRAND,,,OFF-BRAND,0.5929180886063243,A,"Pass - real gap, wrong store for Staples",0.966,0.574,,7,Furniture > Decor,own aisle (DEEPEN),,Furniture > Decor,Home décor & furnishings,,Beds & Bedding,,brand fit 27 < 35 (closest mission: Office & home-office furniture; residential pull: Residential bedroom & bath)
E0300,ENTER,Hedge Trimmers,"Amazon: Patio, Lawn & Garden > Outdoor Power Tools > Hedge Trimmers",Facilities,Facilities > Grounds Maintenance,Facilities > Grounds Maintenance > Outdoor Tools,0.9071631550108032,2,"Amazon, Walmart",1,1,0,0.0,0.5,0.0,1.0,,"Patio, Lawn & Garden > Outdoor Power Tools > Hedge Trimmers",0.8457554365816099,65.80456876022856,0.0,59.240687679083095,72.36844984137403,0.0,0.0,1.0,0.0,0,"Healthcare Supplies > Professional Dental Supplies > Dental Instruments > Excavators, Hatchets & Margin Trimmers","Amazon::Patio, Lawn & Garden > Outdoor Power Tools > Hedge Trimmers",1,,,,,Commercial grounds & outdoor,0.6484757661819458,Backyard & garden living,0.6219199895858765,0.026555776596069336,53.96908693907376,32.38145216344426,False,,,100.0,0.6581426858901978,True,0.0,OFF-BRAND,OFF-BRAND,OFF-BRAND,OFF-BRAND,0.5903330729544728,B,"Pass - real gap, wrong store for Staples",0.718,0.712,,8,"Tools, Parts & Supplies > Power Tools",graph/vector vote + mission similarity,"Patio, Lawn & Garden","Competitor dept: Patio, Lawn & Garden","Health, safety & facilities",1.0,Hedge Trimmers,,brand fit 32 < 35 (closest mission: Commercial grounds & outdoor; residential pull: Backyard & garden living)
E0371,ENTER,Tillers,"Amazon: Patio, Lawn & Garden > Outdoor Power Tools > Tillers",Facilities,Facilities > Grounds Maintenance,Facilities > Grounds Maintenance > Outdoor Tools,0.9094394044069195,2,"Amazon, Walmart",1,1,0,0.0,0.5,0.0,1.0,,"Patio, Lawn & Garden > Outdoor Power Tools > Tillers",0.8457554365816099,63.69138824446925,0.0,55.01432664756448,72.36844984137403,0.0,0.0,1.0,0.0,0,Facilities > Grounds Maintenance > Outdoor Tools,"Amazon::Patio, Lawn & Garden > Outdoor Power Tools > Tillers",1,,,,,Commercial grounds & outdoor,0.6574199795722961,Backyard & garden living,0.6351659297943115,0.02225404977798462,51.672483195677444,31.003489917406466,False,,,100.0,0.7566415071487427,True,0.0,OFF-BRAND,OFF-BRAND,OFF-BRAND,OFF-BRAND,0.5844073776887583,B,"Pass - real gap, wrong store for Staples",0.816,0.798,,9,"Tools, Parts & Supplies > Power Tools",graph/vector vote + mission similarity,"Patio, Lawn & Garden","Competitor dept: Patio, Lawn & Garden","Health, safety & facilities",1.0,Tillers,,brand fit 31 < 35 (closest mission: Commercial grounds & outdoor; residential pull: Backyard & garden living)
E0055,ENTER,Funeral,Amazon: Health & Personal Care > Medical Supplies & Equipment > Funeral | Walmart: Home > Funeral,Healthcare Supplies,Healthcare Supplies > Personal Care,Healthcare Supplies > Personal Care,0.8024457105966708,2,"Amazon, Walmart",2,2,0,0.3333333333333333,0.5,0.0,1.0,,Health & Personal Care > Medical Supplies & Equipment > Funeral,0.8324600518219198,34.237831702325145,0.0,15.12655205348615,53.34911135116414,0.0,0.0,3.0,41577.0,0,Healthcare Supplies > Personal Care,Amazon::Health & Personal Care > Medical Supplies & Equipment > Funeral,1,,,,,Healthcare & clinics,0.7222269773483276,"Personal, fashion & novelty",0.6337289214134216,0.088498055934906,87.0387997823014,52.22327986938084,False,,,100.0,0.7615442872047424,True,0.0,OFF-BRAND,OFF-BRAND,VERTICAL EXTENSION,OFF-BRAND,0.5806723150655374,B,"Pass - real gap, wrong store for Staples",0.87,0.73,,10,Healthcare Supplies > Personal Care,graph/vector vote + mission similarity,Health & Personal Care,Competitor dept: Health & Personal Care,"Health, safety & facilities",1.0,Funeral,,adjacency 34 < 40: far from what Staples sells
E0225,ENTER,Quilting,"Amazon: Arts, Crafts & Sewing > Sewing > Quilting",Retail Store Supplies,Retail Store Supplies > Sewing & Tailoring,Retail Store Supplies > Sewing & Tailoring > Sewing Tools,0.8808805873366744,2,"Amazon, Walmart",1,1,0,0.0,0.5,0.0,1.0,,"Arts, Crafts & Sewing > Sewing > Quilting",0.9206982283436236,61.77268871725959,0.0,46.4422158548233,77.10316157969588,0.0,0.0,1.0,0.0,0,Retail Store Supplies > Sewing & Tailoring > Sewing Tools,"Amazon::Arts, Crafts & Sewing > Sewing > Quilting",1,,,,,School & classroom,0.5861809253692627,"Leisure, hobbies & sports",0.5831454396247864,0.0030354857444763184,41.41208592532994,24.847251555197964,False,,,100.0,0.671776294708252,True,0.0,OFF-BRAND,OFF-BRAND,OFF-BRAND,OFF-BRAND,0.5804582704378288,B,"Pass - real gap, wrong store for Staples",0.974,0.906,,11,Arts & Crafts > Crafting,mission similarity,"Arts, Crafts & Sewing","Competitor dept: Arts, Crafts & Sewing","Celebrations, gifting & creativity",1.0,Quilting,,"brand fit 25 < 35 (closest mission: School & classroom; residential pull: Leisure, hobbies & sports)"
E0393,ENTER,Edgers,"Amazon: Patio, Lawn & Garden > Outdoor Power Tools > Edgers",Facilities,Facilities > Grounds Maintenance,Facilities > Grounds Maintenance > Outdoor Tools,0.9064201488959134,2,"Amazon, Walmart",1,1,0,0.0,0.5,0.0,1.0,,"Patio, Lawn & Garden > Outdoor Power Tools > Edgers",0.8457554365816099,66.25824593310344,0.0,60.14804202483285,72.36844984137403,0.0,0.0,1.0,0.0,0,"Shipping, Packing & Mailing Supplies > Shipping Supplies > Strapping & Strapping Equipment > Edge Protectors","Amazon::Patio, Lawn & Garden > Outdoor Power Tools > Edgers",1,,,,,Commercial grounds & outdoor,0.6358580589294434,Backyard & garden living,0.6274831295013428,0.008374929428100586,44.26270542536715,26.55762325522029,False,,,100.0,0.6597566604614258,True,0.0,OFF-BRAND,OFF-BRAND,OFF-BRAND,OFF-BRAND,0.5793659308973372,B,"Pass - real gap, wrong store for Staples",0.954,0.894,,12,"Tools, Parts & Supplies > Power Tools",graph/vector vote + mission similarity,"Patio, Lawn & Garden","Competitor dept: Patio, Lawn & Garden","Health, safety & facilities",1.0,Edgers,,brand fit 27 < 35 (closest mission: Commercial grounds & outdoor; residential pull: Backyard & garden living)
E0075,ENTER,Tapestries,Amazon: Home & Kitchen > Home Décor > Tapestries | Wayfair: Decor & Pillows > Wall Décor > Tapestries | Wayfair: Baby & Kids > Teen Decor & Lighting > Teen Tapestries and Wall Hangings,Furniture,Furniture > Decor,Furniture > Decor > Wall Art > Wall Art/Decor,0.8943192175307146,3,"Amazon, Walmart, Wayfair",3,2,0,0.0,0.625,0.0,1.0,,Decor & Pillows > Wall Décor > Tapestries,0.8527400189455631,65.9492734906501,0.0,53.311047437121935,78.58749954417824,0.0,0.0,3.0,0.0,0,Furniture > Decor > Home & Office Decor,Wayfair::Decor & Pillows > Wall Décor > Tapestries,3,,,,,Workspace decor & comfort,0.668596088886261,Home living & seasonal decor,0.6628284454345703,0.005767643451690674,42.87072890367028,25.72243734220217,False,,,100.0,0.7279549837112427,True,0.0,OFF-BRAND,OFF-BRAND,OFF-BRAND,OFF-BRAND,0.5782797877622139,A,"Pass - real gap, wrong store for Staples",0.966,0.888,,13,Furniture > Decor,graph/vector vote + mission similarity,Home & Kitchen,Competitor dept: Home & Kitchen,Home décor & furnishings,1.0,Tapestries,,brand fit 26 < 35 (closest mission: Workspace decor & comfort; residential pull: Home living & seasonal decor)
E0273,ENTER,Grills & Smokers,"Amazon: Patio, Lawn & Garden > Grills & Outdoor Cooking > Grills & Smokers",Appliances & Kitchenware,Appliances & Kitchenware > Kitchenware,Appliances & Kitchenware > Kitchenware > Kitchen Tools > Grilling Products,0.8455396878637045,4,"Amazon, OfficeDepot, Walmart, Wayfair",1,1,0,0.0,0.875,0.3333333333333333,1.0,OfficeDepot,"Patio, Lawn & Garden > Grills & Outdoor Cooking > Grills & Smokers",0.7771836233451345,45.255903845171275,0.0,37.40448901623687,53.10731867410568,0.0,0.0,1.0,0.0,0,"Appliances & Kitchenware > Small Appliances > Griddles, Grills & Waffle Makers","Amazon::Patio, Lawn & Garden > Grills & Outdoor Cooking > Grills & Smokers",1,,,,,Commercial grounds & outdoor,0.6279009580612183,Backyard & garden living,0.730719804763794,-0.10281884670257568,0.0,13.333333333333332,True,,,100.0,0.6989456415176392,True,0.0,OFF-BRAND,OFF-BRAND,OFF-BRAND,OFF-BRAND,0.5777947326028604,A,"Pass - real gap, wrong store for Staples",1.0,0.824,,14,Appliances & Kitchenware > Kitchenware,graph/vector vote + mission similarity,"Patio, Lawn & Garden","Competitor dept: Patio, Lawn & Garden","Breakroom, kitchen & hospitality",1.0,Grills & Smokers,,brand fit 13 < 35 (closest mission: Commercial grounds & outdoor; residential pull: Backyard & garden living)
E0117,ENTER,Pillowcases,WestElm: Bedding > Featured > Pillowcases,Furniture,Furniture > Decor,Furniture > Decor > Beds & Bedding > Bedding,0.9551748638532227,5,"Amazon, OfficeDepot, Walmart, Wayfair, WestElm",1,1,4,1.0,1.0,0.3333333333333333,1.0,OfficeDepot,Bedding > Pillowcases,0.7379687051476858,30.417918935718628,0.47471039043654,59.085482330468,1.7503555409692593,0.94942078087308,0.0,1.0,30.0,0,Furniture > Decor > Beds & Bedding > Pillows,WestElm::Bedding > Featured > Pillowcases,0,,,,,Office & home-office furniture,0.6077701449394226,Residential bedroom & bath,0.638595461845398,-0.030825316905975342,23.33449768925151,27.334031946884238,True,,,100.0,0.7842226028442383,True,0.47471039043654,OFF-BRAND,OFF-BRAND,OFF-BRAND,OFF-BRAND,0.5749147173408382,A,"Pass - real gap, wrong store for Staples",1.0,0.766,,15,Furniture > Decor,graph/vector vote + mission similarity,Bedding,Competitor dept: Bedding,Home décor & furnishings,0.56,Pillowcases,,brand fit 27 < 35 (closest mission: Office & home-office furniture; residential pull: Residential bedroom & bath)
E0104,ENTER,Picnic Baskets,WestElm: Kitchen & Dining > Serveware > Picnic Baskets,Restaurant & Foodservice Supplies,Restaurant & Foodservice Supplies > Tabletop,Restaurant & Foodservice Supplies > Tabletop > Serveware,0.927914291132347,4,"Amazon, Walmart, Wayfair, WestElm",1,1,1,0.0,0.75,0.3333333333333333,1.0,Wayfair Professional,Kitchen & Dining > Serveware > Picnic Baskets,0.7575507038643446,63.50360587660556,10.838775218657728,76.33715377268383,50.6700579805273,21.677550437315457,0.0,1.0,14.0,0,Office Supplies > Storage & Organization > Storage Baskets,WestElm::Kitchen & Dining > Serveware > Picnic Baskets,1,,,,,Hospitality & foodservice,0.5880450010299683,Backyard & garden living,0.596248984336853,-0.008203983306884766,35.41156385855777,34.58027164846799,True,,,100.0,0.6966233849525452,True,10.838775218657728,OFF-BRAND,OFF-BRAND,OFF-BRAND,OFF-BRAND,0.5748359903895166,A,"Pass - real gap, wrong store for Staples",0.63,0.364,,16,Appliances & Kitchenware > Kitchenware,graph/vector vote + mission similarity,Kitchen & Dining,Competitor dept: Kitchen & Dining,"Breakroom, kitchen & hospitality",1.0,Picnic Baskets,,brand fit 35 < 35 (closest mission: Hospitality & foodservice; residential pull: Backyard & garden living)
D0075,DEEPEN,"Party Décor (competitors: Pinatas, Confetti, Banners)",Party Supplies > Party Décor,Party Supplies,Party Supplies > Party Décor,Party Supplies > Party Décor,1.0,3,"Amazon, Walmart, Wayfair",4,3,0,0.0,0.625,0.3333333333333333,1.0,OfficeDepot,"Party Supplies > Party Décor (competitors: Pinatas, Confetti, Banners)",0.9302789364814044,60.96064452221653,13.961787317808472,,,,,,,1,Party Supplies > Party Décor,Staples::Party Supplies > Party Décor,0,"Pinatas, Confetti, Banners",319.0,0.9903282414340061,2.0,School & classroom,0.60260009765625,Home living & seasonal decor,0.61407470703125,-0.011474609375,33.66544366335965,33.53259953134912,True,,,100.0,0.8049042224884033,True,13.961787317808472,OFF-BRAND,,,OFF-BRAND,0.5719086240724826,A,"Pass - real gap, wrong store for Staples",0.778,0.392,,17,Party Supplies > Party Décor,own aisle (DEEPEN),,Party Supplies > Party Décor,"Celebrations, gifting & creativity",,Party Décor (e.g. Pinatas),,brand fit 34 < 35 (closest mission: School & classroom; residential pull: Home living & seasonal decor)
E0244,ENTER,Ratchets & Pawls,Amazon: Industrial & Scientific > Power Transmission Products > Ratchets & Pawls,Facilities,Facilities > Hand & Power Tools,Facilities > Hand & Power Tools,0.8055637192540378,2,"Amazon, Walmart",1,1,1,0.0,0.5,0.0,1.0,,Industrial & Scientific > Power Transmission Products > Ratchets & Pawls,0.8911406387173841,35.63128144582377,0.0,22.409264565425023,48.853298326222514,0.0,0.0,1.0,0.0,0,Facilities > Hand & Power Tools,Amazon::Industrial & Scientific > Power Transmission Products > Ratchets & Pawls,0,,,,,Technology for work,0.5608352422714233,Backyard & garden living,0.5031646490097046,0.05767059326171875,70.58064956294967,42.3483897377698,False,,,100.0,0.5972820520401001,False,0.0,OFF-BRAND,OFF-BRAND,VERTICAL EXTENSION,OFF-BRAND,0.5718147974518829,B,"Pass - real gap, wrong store for Staples",0.812,0.664,,18,"Tools, Parts & Supplies > Power Tools",mission similarity,Industrial & Scientific,Competitor dept: Industrial & Scientific,"Health, safety & facilities",1.0,Ratchets & Pawls,,adjacency 36 < 40: far from what Staples sells
E0293,ENTER,Pork Rinds,Amazon: Grocery & Gourmet Food > Snack Foods > Pork Rinds,"Coffee, Water & Snacks","Coffee, Water & Snacks > Snacks & Food","Coffee, Water & Snacks > Snacks & Food > Fresh, Frozen & Dry Groceries > Condiments",0.8484262654861519,2,"Amazon, Walmart",1,1,0,1.0,0.5,0.0,1.0,,Grocery & Gourmet Food > Snack Foods > Pork Rinds,0.8457554365816099,64.22632694284293,0.0,44.68720152817574,83.76545235751011,0.0,0.0,1.0,0.0,0,"Coffee, Water & Snacks > Snacks & Food > Fresh, Frozen & Dry Groceries > Condiments",Amazon::Grocery & Gourmet Food > Snack Foods > Pork Rinds,0,,,,,Hospitality & foodservice,0.5181504487991333,Home living & seasonal decor,0.5188126564025879,-0.0006622076034545898,39.43796326624142,23.66277795974485,True,,,100.0,0.6602551937103271,True,0.0,OFF-BRAND,OFF-BRAND,OFF-BRAND,OFF-BRAND,0.5705283618209955,B,"Pass - real gap, wrong store for Staples",0.988,0.818,,19,"Coffee, Water & Snacks > Snacks & Food",graph/vector vote + mission similarity,Grocery & Gourmet Food,Competitor dept: Grocery & Gourmet Food,"Breakroom, kitchen & hospitality",1.0,Pork Rinds,,brand fit 24 < 35 (closest mission: Hospitality & foodservice; residential pull: Home living & seasonal decor)
E0144,ENTER,Saunas,"Amazon: Patio, Lawn & Garden > Pools, Hot Tubs & Supplies > Saunas | Walmart: Patio & Garden > Saunas > Infrared Saunas | Wayfair: Outdoor > Hot Tubs, Saunas & Pools > Saunas | Wayfair: Shop Hospitality Spaces > Salon & Spa > Saunas",Retail Store Supplies,Retail Store Supplies > Spa & Salon,Retail Store Supplies > Spa & Salon,0.8720668343871438,3,"Amazon, Walmart, Wayfair",4,3,0,0.0,0.625,0.3333333333333333,1.0,Wayfair Professional,"Outdoor > Hot Tubs, Saunas & Pools > Saunas",0.8527400189455631,48.26589584334443,0.0,30.273997134670488,66.25779455201838,0.0,0.0,4.0,0.0,0,Retail Store Supplies > Spa & Salon,"Wayfair::Outdoor > Hot Tubs, Saunas & Pools > Saunas",4,,,,,Commercial grounds & outdoor,0.5884084105491638,Backyard & garden living,0.6629507541656494,-0.0745423436164856,0.0,13.333333333333332,True,,bulky freight,75.0,0.6447526216506958,True,0.0,OFF-BRAND,OFF-BRAND,OFF-BRAND,OFF-BRAND,0.5561431799401845,A,"Pass - real gap, wrong store for Staples",1.0,0.51,,20,Retail Store Supplies > Spa & Salon,graph/vector vote + mission similarity,"Patio, Lawn & Garden","Competitor dept: Patio, Lawn & Garden",Core office & business supplies,1.0,Saunas,,brand fit 13 < 35 (closest mission: Commercial grounds & outdoor; residential pull: Backyard & garden living)
E0208,ENTER,Marine Electronic Radar Systems,Amazon: Electronics > Marine Electronics > Marine Electronic Radar Systems,Audio,Audio > Portable Audio,Audio > Portable Audio > Two Way Radios,0.7403931335169366,2,"Amazon, Walmart",1,1,1,1.0,0.5,0.0,1.0,,Electronics > Marine Electronics > Marine Electronic Radar Systems,0.8778873969172316,39.08385963114016,0.0,26.44460362941738,51.72311563286293,0.0,0.0,1.0,0.0,0,Furniture > Lecterns & PA Systems > PA Systems & Accessories,Amazon::Electronics > Marine Electronics > Marine Electronic Radar Systems,0,,,,,Technology for work,0.5163177251815796,"Leisure, hobbies & sports",0.4928704500198364,0.023447275161743164,52.30952176157027,31.38571305694216,False,,,100.0,0.5407028198242188,False,0.0,OFF-BRAND,OFF-BRAND,OFF-BRAND,OFF-BRAND,0.5530803250981793,B,"Pass - real gap, wrong store for Staples",0.902,0.478,,21,Retail Store Supplies > Time Clock Systems,mission similarity,Electronics,Competitor dept: Electronics,Core office & business supplies,1.0,Marine Electronic Radar Systems,,"brand fit 31 < 35 (closest mission: Technology for work; residential pull: Leisure, hobbies & sports)"
E0006,ENTER,Teen Comforters & Sets,Wayfair: Baby & Kids > Teen Bedding > Teen Comforters & Sets | Wayfair: Baby & Kids > Teen Bedding > Teen Duvets & Sets,Furniture,Furniture > Decor,Furniture > Decor > Beds & Bedding > Bedding,0.817010057812003,5,"Amazon, OfficeDepot, Walmart, Wayfair, WestElm",2,1,3,1.0,1.0,0.3333333333333333,1.0,OfficeDepot,Baby & Kids > Teen Bedding > Teen Comforters & Sets,0.6876379633247786,37.274987900479246,0.0,21.400429799426938,53.14954600153156,0.0,0.0,2.0,0.0,0,Furniture > Decor > Beds & Bedding,Wayfair::Baby & Kids > Teen Bedding > Teen Comforters & Sets,0,,,,,School & classroom,0.5984501838684082,Residential bedroom & bath,0.7566100358963013,-0.15815985202789307,0.0,13.333333333333332,True,,,100.0,0.7414988875389099,True,0.0,OFF-BRAND,OFF-BRAND,OFF-BRAND,OFF-BRAND,0.552391509682769,A,"Pass - real gap, wrong store for Staples",1.0,0.456,,22,Furniture > Decor,graph/vector vote + mission similarity,Baby & Kids,Competitor dept: Baby & Kids,Home décor & furnishings,0.965,Teen Comforters & Sets,,brand fit 13 < 35 (closest mission: School & classroom; residential pull: Residential bedroom & bath)
E0417,ENTER,Weaving & Spinning,"Amazon: Arts, Crafts & Sewing > Crafting > Weaving & Spinning",Arts & Crafts,Arts & Crafts > Crafting,Arts & Crafts > Crafting,0.9445836092096667,2,"Amazon, Walmart",1,1,0,0.0,0.5,0.0,1.0,,"Arts, Crafts & Sewing > Crafting > Weaving & Spinning",0.8457554365816099,57.706343455867625,0.0,53.61747851002865,61.7952084017066,0.0,0.0,1.0,0.0,0,Arts & Crafts > Crafting,"Amazon::Arts, Crafts & Sewing > Crafting > Weaving & Spinning",1,,,,,School & classroom,0.5772638916969299,"Personal, fashion & novelty",0.5913481712341309,-0.014084279537200928,32.2721942737555,19.3633165642533,True,,,100.0,0.8301892280578613,True,0.0,OFF-BRAND,OFF-BRAND,OFF-BRAND,OFF-BRAND,0.5521494637995495,B,"Pass - real gap, wrong store for Staples",1.0,0.524,,23,Arts & Crafts > Crafting,graph/vector vote + mission similarity,"Arts, Crafts & Sewing","Competitor dept: Arts, Crafts & Sewing","Celebrations, gifting & creativity",1.0,Weaving & Spinning,,"brand fit 19 < 35 (closest mission: School & classroom; residential pull: Personal, fashion & novelty)"
E0004,ENTER,Marine Antennas,Amazon: Electronics > Marine Electronics > Marine Antennas | Amazon: Electronics > Marine Electronics > Marine Autopilots | Amazon: Electronics > Marine Electronics > Marine Subwoofers,Furniture,Furniture > Lecterns & PA Systems,Audio > Portable Audio > Two Way Radios,0.7599395101568073,2,"Amazon, Walmart",3,1,1,0.0,0.5,0.0,1.0,,Electronics > Marine Electronics > Marine Antennas,0.8778873969172316,31.134241675075206,0.0,7.545367717287488,54.723115632862935,0.0,0.0,3.0,0.0,0,Audio > Portable Audio > Two Way Radios,Amazon::Electronics > Marine Electronics > Marine Antennas,0,,,,,Technology for work,0.5651343464851379,"Leisure, hobbies & sports",0.5302553772926331,0.03487896919250488,58.41266880336637,35.04760128201982,False,,,100.0,0.6239795684814453,True,0.0,OFF-BRAND,OFF-BRAND,VERTICAL EXTENSION,OFF-BRAND,0.5484796746142372,B,"Pass - real gap, wrong store for Staples",0.986,0.444,,24,TV & Streaming Media > DJ Equipment & Musical Instruments,mission similarity,Electronics,Competitor dept: Electronics,Technology & connected workspace,1.0,Marine Antennas,,adjacency 31 < 40: far from what Staples sells
E0067,ENTER,Beach Umbrellas,Walmart: Patio & Garden > Outdoor Shade > Beach Umbrellas | Wayfair: Outdoor > Umbrellas > Beach Umbrellas,Gift Shop,Gift Shop > Professional Gifts,Gift Shop > Professional Gifts > Compasses > Outdoor Decor,0.8264290848760596,4,"Amazon, Walmart, Wayfair, WestElm",2,2,1,0.0,0.75,0.3333333333333333,1.0,Wayfair Professional,Patio & Garden > Outdoor Shade > Beach Umbrellas,0.7871843245539999,21.787192191863234,0.0,15.245940783190065,28.3284436005364,0.0,0.0,2.0,0.0,0,Gift Shop > Professional Gifts > Compasses > Outdoor Decor,Walmart::Patio & Garden > Outdoor Shade > Beach Umbrellas,2,,,,,Retail store & shipping,0.5485952496528625,Backyard & garden living,0.616511344909668,-0.06791609525680542,3.532491655793985,15.452828326809723,True,,,100.0,0.6443284153938293,True,0.0,OFF-BRAND,OFF-BRAND,OFF-BRAND,OFF-BRAND,0.548330760291181,A,"Pass - real gap, wrong store for Staples",1.0,0.434,,25,Furniture > Chairs & Seating,mission similarity,Patio & Garden,Competitor dept: Patio & Garden,Home décor & furnishings,1.0,Beach Umbrellas,,brand fit 15 < 35 (closest mission: Retail store & shipping; residential pull: Backyard & garden living)
E0047,ENTER,Plant Germination Equipment,"Amazon: Patio, Lawn & Garden > Farm & Ranch > Plant Germination Equipment | Amazon: Patio, Lawn & Garden > Gardening & Lawn Care > Greenhouses & Plant Germination Equipment",Facilities,Facilities > Grounds Maintenance,Facilities > Grounds Maintenance > Outdoor Tools > Lawn & Garden Tools,0.8846002596308853,2,"Amazon, Walmart",2,1,1,0.0,0.5,0.0,1.0,,"Patio, Lawn & Garden > Farm & Ranch > Plant Germination Equipment",0.8640620727372164,45.80533093599824,0.0,46.64517669531996,44.965485176676516,0.0,0.0,2.0,0.0,0,Facilities > Grounds Maintenance > Watering Equipment,"Amazon::Patio, Lawn & Garden > Farm & Ranch > Plant Germination Equipment",2,,,,,Commercial grounds & outdoor,0.6951906681060791,Backyard & garden living,0.6952835917472839,-9.292364120483398e-05,39.74189230080071,23.845135380480425,True,,,100.0,0.7822152376174927,True,0.0,OFF-BRAND,OFF-BRAND,OFF-BRAND,OFF-BRAND,0.5460075780755407,B,"Pass - real gap, wrong store for Staples",1.0,0.35,,26,Facilities > Grounds Maintenance,graph/vector vote + mission similarity,"Patio, Lawn & Garden","Competitor dept: Patio, Lawn & Garden",Outdoor living & grounds,1.0,Plant Germination Equipment,,brand fit 24 < 35 (closest mission: Commercial grounds & outdoor; residential pull: Backyard & garden living)
E0184,ENTER,Vases,Amazon: Home & Kitchen > Home Décor > Vases | WestElm: Pillows & Decor > Room Decor > Vases,Furniture,Furniture > Decor,Furniture > Decor > Home & Office Decor,0.9019885967764307,4,"Amazon, Walmart, Wayfair, WestElm",2,2,0,0.0,0.75,0.0,1.0,,Home & Kitchen > Home Décor > Vases,0.8270550142091723,65.30848703799657,0.0,63.32975167144221,67.28722240455093,0.0,0.0,2.0,106.0,0,Furniture > Decor > Home & Office Decor,Amazon::Home & Kitchen > Home Décor > Vases,2,,,,,Workspace decor & comfort,0.6323577761650085,Home living & seasonal decor,0.6742669343948364,-0.04190915822982788,17.417062075126637,10.450237245075982,True,,,100.0,0.7354416251182556,True,0.0,OFF-BRAND,OFF-BRAND,OFF-BRAND,OFF-BRAND,0.5429214571785226,A,"Pass - real gap, wrong store for Staples",1.0,0.342,,27,Furniture > Decor,graph/vector vote + mission similarity,Home & Kitchen,Competitor dept: Home & Kitchen,Home décor & furnishings,1.0,Vases,,brand fit 10 < 35 (closest mission: Workspace decor & comfort; residential pull: Home living & seasonal decor)
E0302,ENTER,Sports Mouthguards,Amazon: Sports & Outdoors > Sports Medicine > Sports Mouthguards,Healthcare Supplies,Healthcare Supplies > Durable Medical Equipment,School Supplies > Teacher Supplies > Physical Education & Recreation > Sporting Goods,0.8078161730455699,2,"Amazon, Walmart",1,1,0,1.0,0.5,0.0,1.0,,Sports & Outdoors > Sports Medicine > Sports Mouthguards,0.9347142466502598,46.972764950509514,0.0,38.89684813753582,55.048681763483216,0.0,0.0,1.0,0.0,0,Furniture > Decor > Wall Art > Sports Art,Amazon::Sports & Outdoors > Sports Medicine > Sports Mouthguards,0,,,,,Safety & security,0.571353554725647,"Leisure, hobbies & sports",0.6018263697624207,-0.03047281503677368,23.522691209341932,14.113614725605158,True,,,100.0,0.5403617024421692,False,0.0,OFF-BRAND,OFF-BRAND,OFF-BRAND,OFF-BRAND,0.5388935138745136,B,"Pass - real gap, wrong store for Staples",1.0,0.234,,28,Wearable Technology > Sports & Handheld GPS,mission similarity,Sports & Outdoors,Competitor dept: Sports & Outdoors,Wellness & ergonomics,0.57,Sports Mouthguards,,"brand fit 14 < 35 (closest mission: Safety & security; residential pull: Leisure, hobbies & sports)"
E0106,ENTER,Plant Support Structures,"Amazon: Patio, Lawn & Garden > Gardening & Lawn Care > Plant Support Structures",Facilities,Facilities > Grounds Maintenance,Facilities > Grounds Maintenance > Outdoor Tools > Lawn & Garden Tools,0.863688460124294,2,"Amazon, Walmart",1,1,0,0.0,0.5,0.0,1.0,,"Patio, Lawn & Garden > Gardening & Lawn Care > Plant Support Structures",0.8457554365816099,49.048293936228006,0.0,52.94890162368672,45.14768624876928,0.0,0.0,1.0,0.0,0,Furniture > Decor > Artificial Plants & Flowers > Artificial Plants,"Amazon::Patio, Lawn & Garden > Gardening & Lawn Care > Plant Support Structures",1,,,,,Commercial grounds & outdoor,0.611453652381897,Backyard & garden living,0.6356735229492188,-0.024219870567321777,26.86101004805108,16.11660602883065,True,,,100.0,0.6210996508598328,True,0.0,OFF-BRAND,OFF-BRAND,OFF-BRAND,OFF-BRAND,0.5326689684492447,B,"Pass - real gap, wrong store for Staples",1.0,0.054,,29,Facilities > Grounds Maintenance,graph/vector vote + mission similarity,"Patio, Lawn & Garden","Competitor dept: Patio, Lawn & Garden",Outdoor living & grounds,1.0,Plant Support Structures,,brand fit 16 < 35 (closest mission: Commercial grounds & outdoor; residential pull: Backyard & garden living)
E0153,ENTER,Snoring,Walmart: Health and Medicine > Sleep & Snoring Aids > Snoring,Healthcare Supplies,Healthcare Supplies > OTC Pharmaceuticals,Healthcare Supplies > OTC Pharmaceuticals > Medicine & Vitamins > Sleep Aids,0.8651844924384582,2,"Amazon, Walmart",1,1,0,0.0,0.5,0.0,1.0,,Health and Medicine > Sleep & Snoring Aids > Snoring,0.8457554365816099,32.599697621691874,0.0,7.676695319961796,57.52269992342195,0.0,0.0,1.0,0.0,0,Healthcare Supplies > OTC Pharmaceuticals > Medicine & Vitamins > Sleep Aids,Walmart::Health and Medicine > Sleep & Snoring Aids > Snoring,1,,,,,Healthcare & clinics,0.5398831367492676,"Leisure, hobbies & sports",0.5279923677444458,0.011890769004821777,46.139740084828375,27.683844050897026,False,,,100.0,0.6870955228805542,True,0.0,OFF-BRAND,OFF-BRAND,OFF-BRAND,OFF-BRAND,0.5311305500215733,B,"Pass - real gap, wrong store for Staples",0.994,0.092,,30,Audio > Headsets & Microphones,mission similarity,Health and Medicine,Competitor dept: Health and Medicine,Technology & connected workspace,1.0,Snoring,,"brand fit 28 < 35 (closest mission: Healthcare & clinics; residential pull: Leisure, hobbies & sports)"
E0334,ENTER,Wreath Hangers,Amazon: Home & Kitchen > Seasonal Décor > Wreath Hangers,Furniture,Furniture > Decor,Furniture > Decor > Seasonal Decor,0.942015427559938,3,"Amazon, Walmart, Wayfair",1,1,1,0.0,0.625,0.0,1.0,,Home & Kitchen > Seasonal Décor > Wreath Hangers,0.8527400189455631,64.93259038487147,0.0,73.18529130850048,56.67988946124247,0.0,0.0,1.0,0.0,0,Retail Store Supplies > Backroom Retail Supplies > Clothing Hangers & Accessories,Amazon::Home & Kitchen > Seasonal Décor > Wreath Hangers,1,,,,,Workspace decor & comfort,0.5877342224121094,Home living & seasonal decor,0.6593151092529297,-0.07158088684082031,1.5759345738258423,0.9455607442955054,True,,,100.0,0.646740198135376,True,0.0,OFF-BRAND,OFF-BRAND,OFF-BRAND,OFF-BRAND,0.5272010099077327,A,"Pass - real gap, wrong store for Staples",1.0,0.178,,31,Furniture > Decor,graph/vector vote + mission similarity,Home & Kitchen,Competitor dept: Home & Kitchen,Home décor & furnishings,1.0,Wreath Hangers,,brand fit 1 < 35 (closest mission: Workspace decor & comfort; residential pull: Home living & seasonal decor)
E0399,ENTER,Fire Pit Spark Screens,"Amazon: Patio, Lawn & Garden > Outdoor Heating & Cooling > Fire Pit Spark Screens",Facilities,Facilities > Heating & Cooling,Gift Shop > Professional Gifts > Compasses > Outdoor Heaters,0.8637948559594113,3,"Amazon, Walmart, Wayfair",1,1,1,0.0,0.625,0.0,1.0,,"Patio, Lawn & Garden > Outdoor Heating & Cooling > Fire Pit Spark Screens",0.8527400189455631,46.92877175131787,0.0,41.02196752626553,52.8355759763702,0.0,0.0,1.0,0.0,0,Safety Supplies > Fire Protection,"Amazon::Patio, Lawn & Garden > Outdoor Heating & Cooling > Fire Pit Spark Screens",1,,,,,Commercial grounds & outdoor,0.6125648617744446,Backyard & garden living,0.6436254978179932,-0.031060636043548584,23.208865626803593,13.925319376082156,True,,,100.0,0.6108039021492004,True,0.0,OFF-BRAND,OFF-BRAND,OFF-BRAND,OFF-BRAND,0.5261547992209755,A,"Pass - real gap, wrong store for Staples",1.0,0.006,,32,Facilities > Heating & Cooling,graph/vector vote + mission similarity,"Patio, Lawn & Garden","Competitor dept: Patio, Lawn & Garden",Outdoor living & grounds,1.0,Fire Pit Spark Screens,,brand fit 14 < 35 (closest mission: Commercial grounds & outdoor; residential pull: Backyard & garden living)
E0132,ENTER,Hallway Runners,Wayfair: Shop Contractor Spaces > Hallway & Mudroom > Hallway Runners,Facilities,Facilities > Hardware,Facilities > Hardware > Ceiling,0.7561782922295708,2,"Walmart, Wayfair",1,1,0,1.0,0.375,0.3333333333333333,0.5,Wayfair Professional,Contractor Spaces > Hallway & Mudroom > Hallway Runners,0.8262798397390994,25.76001430134694,0.0,7.079751671442216,44.44027693125166,0.0,0.0,1.0,0.0,0,Facilities > Hardware > Ceiling,Wayfair::Shop Contractor Spaces > Hallway & Mudroom > Hallway Runners,0,,,,,Workspace decor & comfort,0.5893851518630981,Residential bedroom & bath,0.5461535453796387,0.04323160648345947,62.87197058631382,51.056515685121624,False,,,75.0,0.5988596677780151,False,0.0,OFF-BRAND,OFF-BRAND,VERTICAL EXTENSION,OFF-BRAND,0.5188616954497952,B,"Pass - real gap, wrong store for Staples",0.998,0.312,,33,Facilities > Hardware,graph/vector vote + mission similarity,Shop Contractor Spaces,Competitor dept: Shop Contractor Spaces,"Health, safety & facilities",1.0,Hallway Runners,,adjacency 26 < 40: far from what Staples sells
E0332,ENTER,Dyes,"Amazon: Arts, Crafts & Sewing > Fabric Decorating > Dyes",Arts & Crafts,Arts & Crafts > Crafting,Retail Store Supplies > Sewing & Tailoring > Fabric,0.8755869613035834,2,"Amazon, Walmart",1,1,1,0.0,0.5,0.0,1.0,,"Arts, Crafts & Sewing > Fabric Decorating > Dyes",0.8457554365816099,40.96029484275168,0.0,32.04393505253104,49.876654632972325,0.0,0.0,1.0,0.0,0,Retail Store Supplies > Sewing & Tailoring > Fabric,"Amazon::Arts, Crafts & Sewing > Fabric Decorating > Dyes",1,,,,,Workspace decor & comfort,0.5934211015701294,Home living & seasonal decor,0.6206588745117188,-0.027237772941589355,25.249813851023983,15.14988831061439,True,,,100.0,0.6808835864067078,True,0.0,OFF-BRAND,OFF-BRAND,OFF-BRAND,OFF-BRAND,0.5186035343725978,B,"Pass - real gap, wrong store for Staples",1.0,0.002,,34,Arts & Crafts > Crafting,graph/vector vote + mission similarity,"Arts, Crafts & Sewing","Competitor dept: Arts, Crafts & Sewing","Celebrations, gifting & creativity",1.0,Dyes,,brand fit 15 < 35 (closest mission: Workspace decor & comfort; residential pull: Home living & seasonal decor)
E0410,ENTER,Beading Supplies,"Amazon: Arts, Crafts & Sewing > Beading & Jewelry Making > Beading Supplies",Arts & Crafts,Arts & Crafts > Crafting,Arts & Crafts > Crafting > Craft Supplies,0.8398359978969177,2,"Amazon, Walmart",1,1,0,0.0,0.5,0.0,1.0,,"Arts, Crafts & Sewing > Beading & Jewelry Making > Beading Supplies",0.9068729041636083,58.03065778762458,9.791478285422691,80.95749761222541,35.103817963023744,0.0,19.582956570845383,1.0,0.0,0,Arts & Crafts > Crafting > Craft Supplies,"Amazon::Arts, Crafts & Sewing > Beading & Jewelry Making > Beading Supplies",1,,,,,School & classroom,0.6962723731994629,"Personal, fashion & novelty",0.6930123567581177,0.003260016441345215,41.53195826049744,24.919174956298463,False,,,100.0,0.8605858087539673,True,9.791478285422691,OFF-BRAND,OFF-BRAND,OFF-BRAND,OFF-BRAND,0.5168183977454229,B,"Pass - real gap, wrong store for Staples",0.972,0.01,,35,Arts & Crafts > Drawing Tools & Supplies,mission similarity,"Arts, Crafts & Sewing","Competitor dept: Arts, Crafts & Sewing","Celebrations, gifting & creativity",1.0,Beading Supplies,,"brand fit 25 < 35 (closest mission: School & classroom; residential pull: Personal, fashion & novelty)"
E0374,ENTER,Passive Components,Amazon: Industrial & Scientific > Industrial Electrical > Passive Components,Facilities,Facilities > Heating & Cooling,Facilities > Heating & Cooling > Industrial Fans,0.8427720952522785,2,"Amazon, Walmart",1,1,1,1.0,0.5,0.0,1.0,,Industrial & Scientific > Industrial Electrical > Passive Components,0.8457554365816099,34.83493283668876,12.511102411731985,28.06829035339064,41.60157531998688,0.0,25.02220482346397,1.0,0.0,0,Facilities > Heating & Cooling > Industrial Fans,Amazon::Industrial & Scientific > Industrial Electrical > Passive Components,0,,,,,Technology for work,0.6382604837417603,Backyard & garden living,0.5399144887924194,0.09834599494934082,92.29641249499325,55.37784749699595,False,,,100.0,0.6828179955482483,True,12.511102411731985,OFF-BRAND,OFF-BRAND,VERTICAL EXTENSION,OFF-BRAND,0.516071993566635,B,"Pass - real gap, wrong store for Staples",0.848,0.116,,36,Facilities > Electrical and Wiring,graph/vector vote + mission similarity,Industrial & Scientific,Competitor dept: Industrial & Scientific,"Health, safety & facilities",0.965,Passive Components,,adjacency 35 < 40: far from what Staples sells
E0018,ENTER,Protein Shakes,Amazon: Health & Personal Care > Sports Nutrition > Protein | Walmart: Health and Medicine > Weight Loss > Protein Shakes | Walmart: Health and Medicine > Protein > Protein Shakes | Walmart: Health and Medicine > Protein > Core Power Protein Shakes | Walmart: Health and Medicine > Protein > Soy Protein | Walmart: Health and Medicine > Protein > Protein on the Go | Walmart: Health and Medicine > Protein > Protein for Women,Healthcare Supplies,Healthcare Supplies > Personal Care,Laboratory & Scientific Supplies > Biochemistry,0.815582443363875,2,"Amazon, Walmart",7,2,0,0.7142857142857143,0.5,0.0,1.0,,Health and Medicine > Protein > Protein Shakes,0.8457554365816099,18.969677317627493,0.0,10.652885796152272,27.286468839102717,0.0,0.0,7.0,0.0,0,Healthcare Supplies > Personal Care > Skin Care > Supplements,Walmart::Health and Medicine > Protein > Protein Shakes,0,,,,,Healthcare & clinics,0.5561907291412354,"Personal, fashion & novelty",0.5359728336334229,0.0202178955078125,50.585422181167985,30.35125330870079,False,,,100.0,0.6700456142425537,True,0.0,OFF-BRAND,OFF-BRAND,OFF-BRAND,OFF-BRAND,0.5160203380810843,B,"Pass - real gap, wrong store for Staples",1.0,0.054,,37,Healthcare Supplies > OTC Pharmaceuticals,graph/vector vote + mission similarity,Health and Medicine,Competitor dept: Health and Medicine,"Health, safety & facilities",0.84,Protein Shakes,,"brand fit 30 < 35 (closest mission: Healthcare & clinics; residential pull: Personal, fashion & novelty)"
E0092,ENTER,Weathervanes,"Amazon: Patio, Lawn & Garden > Outdoor Décor > Weathervanes | Walmart: Patio & Garden > Patio & Outdoor Decor > Weathervanes | Wayfair: Outdoor > Outdoor Décor > Weathervanes & Cupolas",Gift Shop,Gift Shop > Professional Gifts,Gift Shop > Professional Gifts > Compasses > Outdoor Decor,0.9194026534181969,3,"Amazon, Walmart, Wayfair",3,3,0,0.0,0.625,0.0,1.0,,"Patio, Lawn & Garden > Outdoor Décor > Weathervanes",0.8527400189455631,56.17996541902131,0.0,45.70200573065902,66.6579251073836,0.0,0.0,3.0,0.0,0,Furniture > Decor > Weather Instruments,"Amazon::Patio, Lawn & Garden > Outdoor Décor > Weathervanes",3,,,,,Commercial grounds & outdoor,0.6181888580322266,Backyard & garden living,0.6877948641777039,-0.0696060061454773,2.6302828831183604,1.5781697298710162,True,,,100.0,0.7398995161056519,True,0.0,OFF-BRAND,OFF-BRAND,OFF-BRAND,OFF-BRAND,0.5153372904301085,A,"Pass - real gap, wrong store for Staples",1.0,0.05,,38,Party Supplies > Party Décor,graph/vector vote + mission similarity,"Patio, Lawn & Garden","Competitor dept: Patio, Lawn & Garden","Celebrations, gifting & creativity",1.0,Weathervanes,,brand fit 2 < 35 (closest mission: Commercial grounds & outdoor; residential pull: Backyard & garden living)
E0137,ENTER,Bed Canopies,Wayfair: Baby & Kids > Toddler & Kids Bedding & Bath > Bed Canopies,Furniture,Furniture > Decor,Furniture > Decor > Beds & Bedding,0.8692177586212793,3,"Amazon, Walmart, Wayfair",1,1,0,0.0,0.625,0.0,1.0,,Baby & Kids > Toddler & Kids Bedding & Bath > Bed Canopies,0.8527400189455631,55.7366280704493,0.0,54.03533906399236,57.437917076906245,0.0,0.0,1.0,0.0,0,Furniture > Decor > Beds & Bedding,Wayfair::Baby & Kids > Toddler & Kids Bedding & Bath > Bed Canopies,1,,,,,School & classroom,0.5755305886268616,Residential bedroom & bath,0.695418119430542,-0.11988753080368042,0.0,0.0,True,,,100.0,0.7590394020080566,True,0.0,OFF-BRAND,OFF-BRAND,OFF-BRAND,OFF-BRAND,0.5115159449475084,A,"Pass - real gap, wrong store for Staples",1.0,0.03,,39,Furniture > Decor,graph/vector vote + mission similarity,Baby & Kids,Competitor dept: Baby & Kids,Home décor & furnishings,1.0,Bed Canopies,,brand fit 0 < 35 (closest mission: School & classroom; residential pull: Residential bedroom & bath)
E0405,ENTER,Plant & Soil Monitoring,"Amazon: Patio, Lawn & Garden > Gardening & Lawn Care > Plant & Soil Monitoring",Facilities,Facilities > Grounds Maintenance,Facilities > Grounds Maintenance > Outdoor Tools > Lawn & Garden Tools,0.8649921394685959,2,"Amazon, Walmart",1,1,0,0.0,0.5,0.0,1.0,,"Patio, Lawn & Garden > Gardening & Lawn Care > Plant & Soil Monitoring",0.8457554365816099,38.41314589420317,6.148838218199004,33.34527220630372,43.48101958210262,0.0,12.297676436398008,1.0,0.0,0,Healthcare Supplies > Patient Care > Diagnostic & Exam Instruments > Monitoring Equipment,"Amazon::Patio, Lawn & Garden > Gardening & Lawn Care > Plant & Soil Monitoring",1,,,,,Commercial grounds & outdoor,0.6429259777069092,Backyard & garden living,0.6231462955474854,0.019779682159423828,50.35146905981107,30.21088143588664,False,,,100.0,0.6110400557518005,True,6.148838218199004,OFF-BRAND,OFF-BRAND,OFF-BRAND,OFF-BRAND,0.5113994827772664,B,"Pass - real gap, wrong store for Staples",0.946,0.002,,40,Facilities > Grounds Maintenance,graph/vector vote + mission similarity,"Patio, Lawn & Garden","Competitor dept: Patio, Lawn & Garden",Outdoor living & grounds,1.0,Plant & Soil Monitoring,,brand fit 30 < 35 (closest mission: Commercial grounds & outdoor; residential pull: Backyard & garden living)
E0247,ENTER,Poufs,Amazon: Home & Kitchen > Home Décor > Poufs,Furniture,Furniture > Decor,Furniture > Decor > Home & Office Decor,0.8670646215867757,4,"Amazon, Walmart, Wayfair, WestElm",1,1,2,0.0,0.75,0.0,1.0,,Home & Kitchen > Home Décor > Poufs,0.7575507038643446,53.21994225143243,0.0,43.63658070678128,62.80330379608358,0.0,0.0,1.0,0.0,0,Furniture > Decor > Home & Office Decor,Amazon::Home & Kitchen > Home Décor > Poufs,0,,,,,Workspace decor & comfort,0.6395522952079773,Home living & seasonal decor,0.6878195405006409,-0.048267245292663574,14.022609761706715,8.413565857024029,True,,,100.0,0.7162942886352539,True,0.0,OFF-BRAND,OFF-BRAND,OFF-BRAND,OFF-BRAND,0.5102896506708484,A,"Pass - real gap, wrong store for Staples",1.0,0.002,,41,Furniture > Decor,graph/vector vote + mission similarity,Home & Kitchen,Competitor dept: Home & Kitchen,Home décor & furnishings,1.0,Poufs,,brand fit 8 < 35 (closest mission: Workspace decor & comfort; residential pull: Home living & seasonal decor)
E0162,ENTER,Potting Tables,Wayfair: Outdoor > Garden > Potting Tables,Furniture,Furniture > Decor,Furniture > Decor > Wall Art > Garden Landscape,0.8404305910042663,3,"Amazon, Walmart, Wayfair",1,1,0,1.0,0.625,0.0,1.0,,Outdoor > Garden > Potting Tables,0.8527400189455631,51.862366528819415,0.0,52.53104106972302,51.19369198791581,0.0,0.0,1.0,0.0,0,Gift Shop > Table Tents,Wayfair::Outdoor > Garden > Potting Tables,0,,,,,Commercial grounds & outdoor,0.6003422141075134,Backyard & garden living,0.6708627343177795,-0.07052052021026611,2.1420425755858368,1.285225545351502,True,,,100.0,0.6976834535598755,True,0.0,OFF-BRAND,OFF-BRAND,OFF-BRAND,OFF-BRAND,0.5082750037257666,A,"Pass - real gap, wrong store for Staples",1.0,0.006,,42,Furniture > Home & Office Tables,mission similarity,Outdoor,Competitor dept: Outdoor,Home décor & furnishings,0.595,Potting Tables,,brand fit 1 < 35 (closest mission: Commercial grounds & outdoor; residential pull: Backyard & garden living)
E0285,ENTER,Chimes,"Amazon: Patio, Lawn & Garden > Outdoor Décor > Chimes",Furniture,Furniture > Decor,Gift Shop > Professional Gifts > Compasses > Outdoor Decor,0.9324642023354377,2,"Amazon, Walmart",1,1,0,0.0,0.5,0.0,1.0,,"Patio, Lawn & Garden > Outdoor Décor > Chimes",0.8457554365816099,50.569867724295534,0.0,44.90210124164279,56.237634206948286,0.0,0.0,1.0,0.0,0,Gift Shop > Professional Gifts > Compasses > Outdoor Decor,"Amazon::Patio, Lawn & Garden > Outdoor Décor > Chimes",1,,,,,Commercial grounds & outdoor,0.6090492606163025,Backyard & garden living,0.6752439737319946,-0.06619471311569214,4.451502284845623,2.670901370907374,True,,,100.0,0.692922055721283,True,0.0,OFF-BRAND,OFF-BRAND,OFF-BRAND,OFF-BRAND,0.5080599198154995,B,"Pass - real gap, wrong store for Staples",1.0,0.002,,43,Furniture > Decor,graph/vector vote + mission similarity,"Patio, Lawn & Garden","Competitor dept: Patio, Lawn & Garden",Home décor & furnishings,1.0,Chimes,,brand fit 3 < 35 (closest mission: Commercial grounds & outdoor; residential pull: Backyard & garden living)
E0379,ENTER,Cross-Stitch,"Amazon: Arts, Crafts & Sewing > Needlework > Cross-Stitch",Retail Store Supplies,Retail Store Supplies > Sewing & Tailoring,Retail Store Supplies > Sewing & Tailoring > Needle Arts,0.8921865840890499,2,"Amazon, Walmart",1,1,0,1.0,0.5,0.0,1.0,,"Arts, Crafts & Sewing > Needlework > Cross-Stitch",0.9003893038584978,30.424856904807356,0.0,27.90114613180516,32.94856767780956,0.0,0.0,1.0,0.0,0,Retail Store Supplies > Sewing & Tailoring > Needle Arts,"Amazon::Arts, Crafts & Sewing > Needlework > Cross-Stitch",0,,,,,School & classroom,0.5562770366668701,"Personal, fashion & novelty",0.588250994682312,-0.031973958015441895,22.721261753224706,13.632757051934822,True,,,100.0,0.7237292528152466,True,0.0,OFF-BRAND,OFF-BRAND,OFF-BRAND,OFF-BRAND,0.5079611950398553,B,"Pass - real gap, wrong store for Staples",1.0,0.002,,44,Arts & Crafts > Crafting,mission similarity,"Arts, Crafts & Sewing","Competitor dept: Arts, Crafts & Sewing","Celebrations, gifting & creativity",1.0,Cross-Stitch,,"brand fit 14 < 35 (closest mission: School & classroom; residential pull: Personal, fashion & novelty)"
E0351,ENTER,Candleholders,Amazon: Home & Kitchen > Seasonal Décor > Candleholders,Furniture,Furniture > Decor,Furniture > Decor > Seasonal Decor,0.9317103131414944,4,"Amazon, Walmart, Wayfair, WestElm",1,1,2,0.0,0.75,0.0,1.0,,Home & Kitchen > Seasonal Décor > Candleholders,0.7498453839681198,63.978985883397286,0.3964132481166776,69.97373447946515,57.98423728732942,0.7928264962333552,0.0,1.0,0.0,0,Furniture > Decor > Candles,Amazon::Home & Kitchen > Seasonal Décor > Candleholders,1,,,,,Workspace decor & comfort,0.6129838228225708,Home living & seasonal decor,0.6892371773719788,-0.07625335454940796,0.0,0.0,True,,,100.0,0.808068573474884,True,0.3964132481166776,OFF-BRAND,OFF-BRAND,OFF-BRAND,OFF-BRAND,0.506429741945519,A,"Pass - real gap, wrong store for Staples",1.0,0.038,,45,Furniture > Decor,graph/vector vote + mission similarity,Home & Kitchen,Competitor dept: Home & Kitchen,Home décor & furnishings,1.0,Candleholders,,brand fit 0 < 35 (closest mission: Workspace decor & comfort; residential pull: Home living & seasonal decor)
E0255,ENTER,Chipboard,"Amazon: Arts, Crafts & Sewing > Scrapbooking & Stamping > Chipboard",Arts & Crafts,Arts & Crafts > Scrapbooking,Arts & Crafts > Scrapbooking,0.8975226438857927,1,Amazon,1,1,0,0.0,0.25,0.0,0.5,,"Arts, Crafts & Sewing > Scrapbooking & Stamping > Chipboard",0.9056603773584906,77.6797495869393,0.0,60.58978032473734,94.76971884914124,0.0,0.0,1.0,0.0,0,Office Supplies > Office Basics > Clipboards,"Amazon::Arts, Crafts & Sewing > Scrapbooking & Stamping > Chipboard",1,,,,,School & classroom,0.5957715511322021,"Personal, fashion & novelty",0.5672445297241211,0.028527021408081055,55.02149412480769,33.01289647488461,False,,,75.0,0.6442593932151794,True,0.0,OFF-BRAND,OFF-BRAND,OFF-BRAND,OFF-BRAND,0.5058944739339517,B,"Pass - real gap, wrong store for Staples",0.662,0.11,,46,Arts & Crafts > Scrapbooking,graph/vector vote + mission similarity,"Arts, Crafts & Sewing","Competitor dept: Arts, Crafts & Sewing","Celebrations, gifting & creativity",1.0,Chipboard,,"brand fit 33 < 35 (closest mission: School & classroom; residential pull: Personal, fashion & novelty)"
E0213,ENTER,App-Enabled Activity Trackers,Amazon: Health & Personal Care > Wellness & Relaxation > App-Enabled Activity Trackers,Retail Store Supplies,Retail Store Supplies > Spa & Salon,Retail Store Supplies > Spa & Salon > Spa & Massage,0.7971645936120777,2,"Amazon, Walmart",1,1,1,0.0,0.5,0.0,1.0,,Health & Personal Care > Wellness & Relaxation > App-Enabled Activity Trackers,0.8457554365816099,31.679187789890882,0.0,19.43648519579752,43.92189038398425,0.0,0.0,1.0,0.0,0,Wearable Technology > Pedometers & Fitness Trackers,Amazon::Health & Personal Care > Wellness & Relaxation > App-Enabled Activity Trackers,0,,,,,Healthcare & clinics,0.5548692941665649,"Leisure, hobbies & sports",0.5826324224472046,-0.02776312828063965,24.969337407656216,14.98160244459373,True,,,100.0,0.7155580520629883,True,0.0,OFF-BRAND,OFF-BRAND,OFF-BRAND,OFF-BRAND,0.5043453020612653,B,"Pass - real gap, wrong store for Staples",1.0,0.002,,47,Wearable Technology > Pedometers & Fitness Trackers,mission similarity,Health & Personal Care,Competitor dept: Health & Personal Care,Wellness & ergonomics,1.0,App-Enabled Activity Trackers,,"brand fit 15 < 35 (closest mission: Healthcare & clinics; residential pull: Leisure, hobbies & sports)"
E0291,ENTER,Cycling,Amazon: Sports & Outdoors > Outdoor Recreation > Cycling,Gift Shop,Gift Shop > Professional Gifts,Expanded Assortment > Outdoors & Recreation,0.8703382702651496,2,"Amazon, Walmart",1,1,0,1.0,0.5,0.0,1.0,,Sports & Outdoors > Outdoor Recreation > Cycling,0.8457554365816099,49.21663204511053,0.0,24.95224450811844,73.48101958210262,0.0,0.0,1.0,0.0,0,Expanded Assortment > Outdoors & Recreation,Amazon::Sports & Outdoors > Outdoor Recreation > Cycling,0,,,,,Retail store & shipping,0.471355676651001,"Leisure, hobbies & sports",0.6370195150375366,-0.16566383838653564,0.0,0.0,True,,,100.0,0.6609594225883484,True,0.0,OFF-BRAND,OFF-BRAND,OFF-BRAND,OFF-BRAND,0.5006882635549073,B,"Pass - real gap, wrong store for Staples",1.0,0.002,,48,Wearable Technology > Sports & Handheld GPS,mission similarity,Sports & Outdoors,Competitor dept: Sports & Outdoors,Wellness & ergonomics,0.96,Cycling,,"brand fit 0 < 35 (closest mission: Retail store & shipping; residential pull: Leisure, hobbies & sports)"
E0043,ENTER,Hydroponics,"Amazon: Patio, Lawn & Garden > Gardening & Lawn Care > Hydroponics | Amazon: Patio, Lawn & Garden > Gardening & Lawn Care > Indoor Gardening & Hydroponics",Facilities,Facilities > Grounds Maintenance,Facilities > Grounds Maintenance > Outdoor Tools > Lawn & Garden Tools,0.8613811753267431,2,"Amazon, Walmart",2,1,0,0.5,0.5,0.0,1.0,,"Patio, Lawn & Garden > Gardening & Lawn Care > Hydroponics",0.9003893038584978,31.384731376533637,0.0,17.621776504297994,45.14768624876928,0.0,0.0,2.0,0.0,0,Facilities > Grounds Maintenance > Outdoor Tools > Lawn & Garden Tools,"Amazon::Patio, Lawn & Garden > Gardening & Lawn Care > Hydroponics",0,,,,,Commercial grounds & outdoor,0.6367092728614807,Backyard & garden living,0.6845715045928955,-0.047862231731414795,14.23883819745484,8.543302918472904,True,,,100.0,0.6743312478065491,True,0.0,OFF-BRAND,OFF-BRAND,OFF-BRAND,OFF-BRAND,0.4992220984805209,B,"Pass - real gap, wrong store for Staples",1.0,0.0,,49,Facilities > Grounds Maintenance,graph/vector vote + mission similarity,"Patio, Lawn & Garden","Competitor dept: Patio, Lawn & Garden",Outdoor living & grounds,1.0,Hydroponics,,brand fit 9 < 35 (closest mission: Commercial grounds & outdoor; residential pull: Backyard & garden living)
E0303,ENTER,Embroidery,"Amazon: Arts, Crafts & Sewing > Needlework > Embroidery",Retail Store Supplies,Retail Store Supplies > Sewing & Tailoring,Retail Store Supplies > Sewing & Tailoring > Needle Arts,0.9079377707704747,2,"Amazon, Walmart",1,1,0,1.0,0.5,0.0,1.0,,"Arts, Crafts & Sewing > Needlework > Embroidery",0.8457554365816099,31.55904983699456,0.0,30.16953199617956,32.94856767780956,0.0,0.0,1.0,0.0,0,Retail Store Supplies > Sewing & Tailoring > Needle Arts,"Amazon::Arts, Crafts & Sewing > Needlework > Embroidery",0,,,,,Office & business supplies,0.5866312980651855,"Personal, fashion & novelty",0.6259849071502686,-0.03935360908508301,18.781417363235672,11.268850417941403,True,,,100.0,0.7731462717056274,True,0.0,OFF-BRAND,OFF-BRAND,OFF-BRAND,OFF-BRAND,0.4967395910786161,B,"Pass - real gap, wrong store for Staples",1.0,0.0,,50,Retail Store Supplies > Sewing & Tailoring,graph/vector vote + mission similarity,"Arts, Crafts & Sewing","Competitor dept: Arts, Crafts & Sewing","Celebrations, gifting & creativity",1.0,Embroidery,,"brand fit 11 < 35 (closest mission: Office & business supplies; residential pull: Personal, fashion & novelty)"
E0370,ENTER,Cooktops,"Amazon: Appliances > Ranges, Ovens & Cooktops > Cooktops",Appliances & Kitchenware,Appliances & Kitchenware > Major Appliances,Appliances & Kitchenware > Major Appliances > Range Hoods,0.844840887596128,3,"Amazon, Walmart, Wayfair",1,1,0,0.0,0.625,0.0,1.0,,"Appliances > Ranges, Ovens & Cooktops > Cooktops",0.791672252771663,47.338489030029066,0.0,42.94412607449856,51.73285198555956,0.0,0.0,1.0,0.0,0,Appliances & Kitchenware > Major Appliances > Range Hoods,"Amazon::Appliances > Ranges, Ovens & Cooktops > Cooktops",1,,,,,Hospitality & foodservice,0.6048557162284851,Backyard & garden living,0.6134079098701477,-0.008552193641662598,35.22566150070044,21.135396900420265,True,,install required,75.0,0.8279748558998108,True,0.0,OFF-BRAND,OFF-BRAND,OFF-BRAND,OFF-BRAND,0.49452936526163355,A,"Pass - real gap, wrong store for Staples",1.0,0.0,,51,Appliances & Kitchenware > Kitchenware,mission similarity,Appliances,Competitor dept: Appliances,"Breakroom, kitchen & hospitality",1.0,Cooktops,,brand fit 21 < 35 (closest mission: Hospitality & foodservice; residential pull: Backyard & garden living)
E0100,ENTER,Special K Protein Shakes,Walmart: Health and Medicine > Protein > Special K Protein Shakes | Walmart: Health and Medicine > Protein > Special K,Healthcare Supplies,Healthcare Supplies > Personal Care,Laboratory & Scientific Supplies > Biochemistry,0.8007562511828034,2,"Amazon, Walmart",2,1,0,1.0,0.5,0.0,1.0,,Health and Medicine > Protein > Special K Protein Shakes,0.8457554365816099,18.671395446321924,1.7542068072415273,9.891356255969436,27.451434636674414,0.0,3.5084136144830547,2.0,0.0,0,Laboratory & Scientific Supplies > Biochemistry,Walmart::Health and Medicine > Protein > Special K Protein Shakes,0,,,,,Healthcare & clinics,0.517356812953949,"Personal, fashion & novelty",0.5195097923278809,-0.0021529793739318848,38.64207078552083,23.185242471312495,True,,,100.0,0.6049020886421204,True,1.7542068072415273,OFF-BRAND,OFF-BRAND,OFF-BRAND,OFF-BRAND,0.49244809172315124,B,"Pass - real gap, wrong store for Staples",1.0,0.002,,52,Healthcare Supplies > OTC Pharmaceuticals,graph/vector vote + mission similarity,Health and Medicine,Competitor dept: Health and Medicine,"Health, safety & facilities",0.85,Special K Protein Shakes,,"brand fit 23 < 35 (closest mission: Healthcare & clinics; residential pull: Personal, fashion & novelty)"
E0373,ENTER,Contact Lenses,Amazon: Health & Personal Care > Vision Care > Contact Lenses,Healthcare Supplies,Healthcare Supplies > Personal Care,Expanded Assortment > Personal Care & Eyewear,0.8574131899565702,2,"Amazon, Walmart",1,1,0,0.0,0.5,0.0,1.0,,Health & Personal Care > Vision Care > Contact Lenses,0.8457554365816099,35.79251077280517,0.0,31.42311365807068,40.16190788753966,0.0,0.0,1.0,0.0,0,Expanded Assortment > Personal Care & Eyewear,Amazon::Health & Personal Care > Vision Care > Contact Lenses,1,,,,,Healthcare & clinics,0.6462792158126831,"Personal, fashion & novelty",0.6465675234794617,-0.00028830766677856445,39.63758077579963,23.782548465479774,True,,regulated,75.0,0.7678790092468262,True,0.0,OFF-BRAND,OFF-BRAND,OFF-BRAND,OFF-BRAND,0.4906171785774088,B,"Pass - real gap, wrong store for Staples",1.0,0.0,,53,Healthcare Supplies > Personal Care,graph/vector vote + mission similarity,Health & Personal Care,Competitor dept: Health & Personal Care,"Health, safety & facilities",1.0,Contact Lenses,,"brand fit 24 < 35 (closest mission: Healthcare & clinics; residential pull: Personal, fashion & novelty)"
E0330,ENTER,Belts,Amazon: Industrial & Scientific > Power Transmission Products > Belts,"Tools, Parts & Supplies","Tools, Parts & Supplies > Automotive","Tools, Parts & Supplies > Automotive > Automotive Accessories",0.8090979766635435,2,"Amazon, Walmart",1,1,1,1.0,0.5,0.0,1.0,,Industrial & Scientific > Power Transmission Products > Belts,0.8457554365816099,36.05129099692215,15.5489031590453,24.74928366762178,47.353298326222514,0.0,31.0978063180906,1.0,0.0,0,"Tools, Parts & Supplies > Automotive > Automotive Accessories",Amazon::Industrial & Scientific > Power Transmission Products > Belts,0,,,,,Technology for work,0.5977510213851929,Backyard & garden living,0.5163061618804932,0.08144485950469971,83.27324283051583,49.963945698309495,False,,,100.0,0.6340923309326172,True,15.5489031590453,OFF-BRAND,OFF-BRAND,VERTICAL EXTENSION,OFF-BRAND,0.4905495182834606,B,"Pass - real gap, wrong store for Staples",0.772,0.022,,54,"Tools, Parts & Supplies > Automotive",graph/vector vote + mission similarity,Industrial & Scientific,Competitor dept: Industrial & Scientific,"Health, safety & facilities",0.48,Belts,,adjacency 36 < 40: far from what Staples sells
E0001,ENTER,Cupolas & Accessories,"Amazon: Patio, Lawn & Garden > Outdoor Décor > Cupolas & Accessories | Amazon: Patio, Lawn & Garden > Outdoor Décor > Fountain Accessories",Furniture,Furniture > Decor,Gift Shop > Professional Gifts > Compasses > Outdoor Decor,0.94451572997152,4,"Amazon, OfficeDepot, Walmart, Wayfair",2,1,1,0.0,0.875,0.3333333333333333,1.0,OfficeDepot,"Patio, Lawn & Garden > Outdoor Décor > Cupolas & Accessories",0.777749234204863,77.58310281775985,23.636200066332542,100.0,55.16620563551972,30.913207547169808,16.35919258549528,2.0,0.0,0,Facilities > Plumbing > Drinking Fountain Repair & Accessories,"Amazon::Patio, Lawn & Garden > Outdoor Décor > Cupolas & Accessories",2,,,,,Commercial grounds & outdoor,0.6339409947395325,Backyard & garden living,0.6840048432350159,-0.0500638484954834,13.063440150180591,21.171397423441686,True,,,100.0,0.6541831493377686,True,23.636200066332542,OFF-BRAND,OFF-BRAND,OFF-BRAND,OFF-BRAND,0.49029110540618137,A,"Pass - real gap, wrong store for Staples",1.0,0.082,,55,Party Supplies > Party Décor,graph/vector vote + mission similarity,"Patio, Lawn & Garden","Competitor dept: Patio, Lawn & Garden","Celebrations, gifting & creativity",1.0,Cupolas & Accessories,,brand fit 21 < 35 (closest mission: Commercial grounds & outdoor; residential pull: Backyard & garden living)
E0065,ENTER,Agricultural & Construction Machinery,"Amazon: Patio, Lawn & Garden > Farm & Ranch > Agricultural & Construction Machinery | Walmart: Industrial & Scientific > Farm & Ranch > Agricultural & Construction Machinery",Facilities,Facilities > Grounds Maintenance,Facilities > Grounds Maintenance > Outdoor Tools > Lawn & Garden Tools,0.7975034630273509,2,"Amazon, Walmart",2,2,0,1.0,0.5,0.0,1.0,,"Patio, Lawn & Garden > Farm & Ranch > Agricultural & Construction Machinery",0.8457554365816099,27.576008029567973,7.693724060986476,10.983763132760268,44.16825292637567,0.0,15.387448121972952,2.0,0.0,0,Facilities > Grounds Maintenance > Outdoor Tools > Lawn & Garden Tools,"Amazon::Patio, Lawn & Garden > Farm & Ranch > Agricultural & Construction Machinery",0,,,,,Commercial grounds & outdoor,0.6765157580375671,Backyard & garden living,0.6595282554626465,0.016987502574920654,48.86078163190512,29.31646897914307,False,,,100.0,0.7446671724319458,True,7.693724060986476,OFF-BRAND,OFF-BRAND,OFF-BRAND,OFF-BRAND,0.48632509047610756,B,"Pass - real gap, wrong store for Staples",1.0,0.0,,56,Facilities > Grounds Maintenance,graph/vector vote + mission similarity,"Patio, Lawn & Garden","Competitor dept: Patio, Lawn & Garden",Outdoor living & grounds,1.0,Agricultural & Construction Machinery,,brand fit 29 < 35 (closest mission: Commercial grounds & outdoor; residential pull: Backyard & garden living)
D0095,DEEPEN,DVD & Blu-Ray Players,TV & Streaming Media > TV & Video > DVD & Blu-Ray Players,TV & Streaming Media,TV & Streaming Media > TV & Video,TV & Streaming Media > TV & Video > DVD & Blu-Ray Players,1.0,2,"Amazon, OfficeDepot",2,2,0,0.0,0.5,0.3333333333333333,0.5,OfficeDepot,"TV & Streaming Media > TV & Video > DVD & Blu-Ray Players (competitors: Blu-ray Players & Recorders, DVD Players & Recorders, DVD-VCR Combos)",0.711836243205555,92.3305315912352,17.86226297841691,,,,,,,1,TV & Streaming Media > TV & Video > DVD & Blu-Ray Players,Staples::TV & Streaming Media > TV & Video > DVD & Blu-Ray Players,0,"Blu-ray Players & Recorders, DVD Players & Recorders, DVD-VCR Combos",14.0,1.2062774240221659,3.0,School & classroom,0.5440841913223267,"Leisure, hobbies & sports",0.5526711940765381,-0.008587002754211426,35.20707762925424,34.457579910885876,True,,,90.0,0.8871351480484009,True,17.86226297841691,OFF-BRAND,,,OFF-BRAND,0.4853133328992892,B,"Pass - real gap, wrong store for Staples",0.544,0.048,,57,TV & Streaming Media > TV & Video,own aisle (DEEPEN),,TV & Streaming Media > TV & Video,Technology & connected workspace,,DVD & Blu-Ray Players,,"brand fit 34 < 35 (closest mission: School & classroom; residential pull: Leisure, hobbies & sports)"
D0089,DEEPEN,Sewing Tools,Retail Store Supplies > Sewing & Tailoring > Sewing Tools,Retail Store Supplies,Retail Store Supplies > Sewing & Tailoring,Retail Store Supplies > Sewing & Tailoring > Sewing Tools,1.0,2,"Amazon, Walmart",3,2,0,0.0,0.5,0.0,1.0,,"Retail Store Supplies > Sewing & Tailoring > Sewing Tools (competitors: Metal Stamping Tools, Application Tools, Sewing Notions & Supplies)",0.9276102068131773,80.00827056250004,22.64492594723272,,,,,,,1,Retail Store Supplies > Sewing & Tailoring > Sewing Tools,Staples::Retail Store Supplies > Sewing & Tailoring > Sewing Tools,0,"Metal Stamping Tools, Application Tools, Sewing Notions & Supplies",9.0,1.0907990080620127,3.0,Retail store & shipping,0.5998777747154236,"Personal, fashion & novelty",0.5694923996925354,0.030385375022888184,56.013631015132205,33.608178609079324,False,,,100.0,0.8775772452354431,True,22.64492594723272,OFF-BRAND,,,OFF-BRAND,0.48452920483312567,B,"Pass - real gap, wrong store for Staples",0.628,0.014,,58,Retail Store Supplies > Sewing & Tailoring,own aisle (DEEPEN),,Retail Store Supplies > Sewing & Tailoring,"Celebrations, gifting & creativity",,Sewing Tools,,"brand fit 34 < 35 (closest mission: Retail store & shipping; residential pull: Personal, fashion & novelty)"
E0304,ENTER,Decade Boxes,Amazon: Industrial & Scientific > Industrial Electrical > Decade Boxes,Facilities,Facilities > Heating & Cooling,"Tools, Parts & Supplies > Measuring & Leveling Tools > Industrial Tape",0.8307910638315601,1,Amazon,1,1,0,0.0,0.25,0.0,0.5,,Industrial & Scientific > Industrial Electrical > Decade Boxes,0.9056603773584906,36.189994918828205,0.0,30.77841451766953,41.60157531998688,0.0,0.0,1.0,0.0,0,Facilities > Hand & Power Tools > Tool Storage > Tool Boxes & Cases,Amazon::Industrial & Scientific > Industrial Electrical > Decade Boxes,1,,,,,Technology for work,0.5852164626121521,Residential bedroom & bath,0.493156760931015,0.09205970168113708,88.94028941643111,53.364173649858664,False,,,75.0,0.6341474652290344,True,0.0,OFF-BRAND,OFF-BRAND,VERTICAL EXTENSION,OFF-BRAND,0.48436239628173317,C,"Pass - real gap, wrong store for Staples",0.762,0.056,,59,Facilities > Electrical and Wiring,graph/vector vote + mission similarity,Industrial & Scientific,Competitor dept: Industrial & Scientific,"Health, safety & facilities",1.0,Decade Boxes,,adjacency 36 < 40: far from what Staples sells
E0384,ENTER,Boating & Sailing,Amazon: Sports & Outdoors > Sports & Fitness > Boating & Sailing,School Supplies,School Supplies > Teacher Supplies,Expanded Assortment > Outdoors & Recreation,0.8373438401702256,2,"Amazon, Walmart",1,1,0,0.0,0.5,0.0,1.0,,Sports & Outdoors > Sports & Fitness > Boating & Sailing,0.9314724464977044,29.743537570735967,0.0,22.43314231136581,37.05393283010612,0.0,0.0,1.0,0.0,0,Expanded Assortment > Outdoors & Recreation,Amazon::Sports & Outdoors > Sports & Fitness > Boating & Sailing,1,,,,,Safety & security,0.5512642860412598,"Leisure, hobbies & sports",0.710550844669342,-0.15928655862808228,0.0,0.0,True,,,100.0,0.6579211950302124,True,0.0,OFF-BRAND,OFF-BRAND,OFF-BRAND,OFF-BRAND,0.4843361733307596,B,"Pass - real gap, wrong store for Staples",1.0,0.002,,60,Wearable Technology > Sports & Handheld GPS,mission similarity,Sports & Outdoors,Competitor dept: Sports & Outdoors,Wellness & ergonomics,1.0,Boating & Sailing,,"brand fit 0 < 35 (closest mission: Safety & security; residential pull: Leisure, hobbies & sports)"
E0016,ENTER,Swimming,"Amazon: Sports & Outdoors > Sports & Fitness > Swimming | Wayfair: Outdoor > Hot Tubs, Saunas & Pools > Swimming Pools",Expanded Assortment,Expanded Assortment > Fitness,Expanded Assortment > Fitness,0.8129200486529805,3,"Amazon, Walmart, Wayfair",2,2,0,0.0,0.625,0.0,1.0,,Sports & Outdoors > Sports & Fitness > Swimming,0.9086769627543604,31.900036620977318,0.0,17.502387774594077,46.29768546736056,0.0,0.0,2.0,0.0,0,Fitness,Amazon::Sports & Outdoors > Sports & Fitness > Swimming,1,,,,,Healthcare & clinics,0.4605334997177124,"Leisure, hobbies & sports",0.6714900732040405,-0.21095657348632812,0.0,0.0,True,,,100.0,0.6444493532180786,True,0.0,OFF-BRAND,OFF-BRAND,OFF-BRAND,OFF-BRAND,0.48415159934462004,A,"Pass - real gap, wrong store for Staples",1.0,0.0,,61,Fitness > Fitness Equipment,mission similarity,Sports & Outdoors,Competitor dept: Sports & Outdoors,Wellness & ergonomics,1.0,Swimming,,"brand fit 0 < 35 (closest mission: Healthcare & clinics; residential pull: Leisure, hobbies & sports)"
D0006,DEEPEN,Die Cutting,Arts & Crafts > Scrapbooking > Die Cutting,Arts & Crafts,Arts & Crafts > Scrapbooking,Arts & Crafts > Scrapbooking > Die Cutting,1.0,2,"Amazon, Walmart",2,2,0,0.0,0.5,0.0,1.0,,"Arts & Crafts > Scrapbooking > Die Cutting (competitors: Die-Cutting & Embossing, Cutting Burrs, Cutting Tool Coolants)",0.9276102068131773,64.77451115131103,16.84833848052617,,,,,,,1,Arts & Crafts > Scrapbooking > Die Cutting,Staples::Arts & Crafts > Scrapbooking > Die Cutting,0,"Die-Cutting & Embossing, Cutting Burrs, Cutting Tool Coolants",202.0,1.0947056483650612,3.0,Office & business supplies,0.5304367542266846,"Leisure, hobbies & sports",0.5345571041107178,-0.004120349884033203,37.59173201013623,22.555039206081734,True,,,100.0,0.8272329568862915,True,16.84833848052617,OFF-BRAND,,,OFF-BRAND,0.4834548825744285,B,"Pass - real gap, wrong store for Staples",0.998,0.0,,62,Arts & Crafts > Scrapbooking,own aisle (DEEPEN),,Arts & Crafts > Scrapbooking,"Celebrations, gifting & creativity",,Die Cutting,,"brand fit 23 < 35 (closest mission: Office & business supplies; residential pull: Leisure, hobbies & sports)"
E0259,ENTER,Skins,Amazon: Electronics > eBook Readers & Accessories > Skins,Tablets & iPads,Tablets & iPads > E-Readers,Tablets & iPads > E-Readers,0.8688257685382919,2,"Amazon, Walmart",1,1,0,1.0,0.5,0.0,1.0,,Electronics > eBook Readers & Accessories > Skins,0.8457554365816099,57.652310945771895,15.635606170450364,31.41117478510029,83.8934471064435,0.0,31.27121234090073,1.0,0.0,0,Tablets & iPads > E-Readers,Amazon::Electronics > eBook Readers & Accessories > Skins,0,,,,,Technology for work,0.6103163361549377,"Personal, fashion & novelty",0.5937013626098633,0.016614973545074463,48.661896021393595,29.197137612836155,False,,,100.0,0.74113529920578,True,15.635606170450364,OFF-BRAND,OFF-BRAND,OFF-BRAND,OFF-BRAND,0.482341658904018,B,"Pass - real gap, wrong store for Staples",0.886,0.0,,63,Tablets & iPads > E-Readers,graph/vector vote + mission similarity,Electronics,Competitor dept: Electronics,Technology & connected workspace,0.475,Skins,,"brand fit 29 < 35 (closest mission: Technology for work; residential pull: Personal, fashion & novelty)"
E0345,ENTER,Purse Making,"Amazon: Arts, Crafts & Sewing > Beading & Jewelry Making > Purse Making",Arts & Crafts,Arts & Crafts > Crafting,Arts & Crafts > Crafting,0.8479938451697705,2,"Amazon, Walmart",1,1,0,0.0,0.5,0.0,1.0,,"Arts, Crafts & Sewing > Beading & Jewelry Making > Purse Making",0.8457554365816099,34.44254890510308,0.0,31.781279847182425,37.103817963023744,0.0,0.0,1.0,0.0,0,Arts & Crafts > Crafting,"Amazon::Arts, Crafts & Sewing > Beading & Jewelry Making > Purse Making",0,,,,,School & classroom,0.5812442898750305,"Personal, fashion & novelty",0.6509537696838379,-0.06970947980880737,2.5750404159426803,1.5450242495656081,True,,,100.0,0.7871169447898865,True,0.0,OFF-BRAND,OFF-BRAND,OFF-BRAND,OFF-BRAND,0.48161718734402725,B,"Pass - real gap, wrong store for Staples",1.0,0.0,,64,Arts & Crafts > Crafting,graph/vector vote + mission similarity,"Arts, Crafts & Sewing","Competitor dept: Arts, Crafts & Sewing","Celebrations, gifting & creativity",1.0,Purse Making,,"brand fit 2 < 35 (closest mission: School & classroom; residential pull: Personal, fashion & novelty)"
E0298,ENTER,Golf,Amazon: Sports & Outdoors > Sports & Fitness > Golf,School Supplies,School Supplies > Teacher Supplies,School Supplies > Teacher Supplies > Physical Education & Recreation > Outdoor Games,0.8070641772655255,2,"Amazon, Walmart",1,1,0,0.0,0.5,0.0,1.0,,Sports & Outdoors > Sports & Fitness > Golf,0.9314724464977044,26.43646975793749,0.0,15.819006685768864,37.05393283010612,0.0,0.0,1.0,0.0,0,School Supplies > Teacher Supplies > Physical Education & Recreation > Outdoor Games,Amazon::Sports & Outdoors > Sports & Fitness > Golf,1,,,,,Commercial grounds & outdoor,0.5211920142173767,"Leisure, hobbies & sports",0.6336490511894226,-0.1124570369720459,0.0,0.0,True,,,100.0,0.6264219284057617,True,0.0,OFF-BRAND,OFF-BRAND,OFF-BRAND,OFF-BRAND,0.47937557161156186,B,"Pass - real gap, wrong store for Staples",1.0,0.0,,65,Wearable Technology > Sports & Handheld GPS,mission similarity,Sports & Outdoors,Competitor dept: Sports & Outdoors,Wellness & ergonomics,1.0,Golf,,"brand fit 0 < 35 (closest mission: Commercial grounds & outdoor; residential pull: Leisure, hobbies & sports)"
E0368,ENTER,Beads & Bead Assortments,"Amazon: Arts, Crafts & Sewing > Beading & Jewelry Making > Beads & Bead Assortments",Arts & Crafts,Arts & Crafts > Crafting,Arts & Crafts > Crafting,0.8242703326557089,2,"Amazon, Walmart",1,1,0,1.0,0.5,0.0,1.0,,"Arts, Crafts & Sewing > Beading & Jewelry Making > Beads & Bead Assortments",0.8640620727372164,31.783045562218653,2.3637662392396197,28.46227316141356,35.103817963023744,0.0,4.727532478479239,1.0,0.0,0,Arts & Crafts > Crafting,"Amazon::Arts, Crafts & Sewing > Beading & Jewelry Making > Beads & Bead Assortments",0,,,,,School & classroom,0.6403598189353943,"Personal, fashion & novelty",0.6963714361190796,-0.0560116171836853,9.88804840360248,5.932829042161488,True,,,100.0,0.7679961919784546,True,2.3637662392396197,OFF-BRAND,OFF-BRAND,OFF-BRAND,OFF-BRAND,0.47758718571523545,B,"Pass - real gap, wrong store for Staples",1.0,0.0,,66,Arts & Crafts > Crafting,graph/vector vote + mission similarity,"Arts, Crafts & Sewing","Competitor dept: Arts, Crafts & Sewing","Celebrations, gifting & creativity",0.71,Beads & Bead Assortments,,"brand fit 6 < 35 (closest mission: School & classroom; residential pull: Personal, fashion & novelty)"
E0391,ENTER,Electrolyte Replacements,Amazon: Health & Personal Care > Sports Nutrition > Electrolyte Replacements,Healthcare Supplies,Healthcare Supplies > Personal Care,Healthcare Supplies > Personal Care > Skin Care > Supplements,0.826465903860653,2,"Amazon, Walmart",1,1,0,1.0,0.5,0.0,1.0,,Health & Personal Care > Sports Nutrition > Electrolyte Replacements,0.8457554365816099,27.2276357128953,0.0,28.820439350525312,25.634832075265287,0.0,0.0,1.0,0.0,0,Healthcare Supplies > Personal Care > Skin Care > Supplements,Amazon::Health & Personal Care > Sports Nutrition > Electrolyte Replacements,0,,,,,Healthcare & clinics,0.5565472841262817,"Leisure, hobbies & sports",0.6169434785842896,-0.06039619445800781,7.5472125004283965,4.528327500257038,True,,,100.0,0.6985522508621216,True,0.0,OFF-BRAND,OFF-BRAND,OFF-BRAND,OFF-BRAND,0.4767614240570984,B,"Pass - real gap, wrong store for Staples",1.0,0.0,,67,Healthcare Supplies > Personal Care,graph/vector vote + mission similarity,Health & Personal Care,Competitor dept: Health & Personal Care,"Health, safety & facilities",0.72,Electrolyte Replacements,,"brand fit 5 < 35 (closest mission: Healthcare & clinics; residential pull: Leisure, hobbies & sports)"
E0123,ENTER,Brain Teasers,Amazon: Toys & Games > Puzzles > Brain Teasers,School Supplies,School Supplies > Learning at Home,School Supplies > Learning at Home > Puzzles,0.9572407159572385,1,Amazon,1,1,0,1.0,0.25,0.0,0.5,,Toys & Games > Puzzles > Brain Teasers,0.9056603773584906,56.94260705176369,0.0,23.901623686723973,89.98359041680341,0.0,0.0,1.0,0.0,0,School Supplies > Learning at Home > Puzzles,Amazon::Toys & Games > Puzzles > Brain Teasers,0,,,,,School & classroom,0.5664905905723572,"Leisure, hobbies & sports",0.5371736288070679,0.029316961765289307,55.44322708418515,33.26593625051109,False,,,75.0,0.7686160206794739,True,0.0,OFF-BRAND,OFF-BRAND,OFF-BRAND,OFF-BRAND,0.47529483968244124,B,"Pass - real gap, wrong store for Staples",0.654,0.006,,68,School Supplies > Learning at Home,graph/vector vote + mission similarity,Toys & Games,Competitor dept: Toys & Games,"Celebrations, gifting & creativity",0.74,Brain Teasers,,"brand fit 33 < 35 (closest mission: School & classroom; residential pull: Leisure, hobbies & sports)"
E0308,ENTER,Charms,"Amazon: Arts, Crafts & Sewing > Beading & Jewelry Making > Charms",Arts & Crafts,Arts & Crafts > Crafting,Arts & Crafts > Crafting,0.8438310478051415,2,"Amazon, Walmart",1,1,1,0.0,0.5,0.0,1.0,,"Arts, Crafts & Sewing > Beading & Jewelry Making > Charms",0.8457554365816099,32.120438112361924,0.0,27.137058261700098,37.103817963023744,0.0,0.0,1.0,0.0,0,Arts & Crafts > Crafting,"Amazon::Arts, Crafts & Sewing > Beading & Jewelry Making > Charms",1,,,,,School & classroom,0.5771128535270691,"Personal, fashion & novelty",0.6756643652915955,-0.09855151176452637,0.0,0.0,True,,,100.0,0.7878940105438232,True,0.0,OFF-BRAND,OFF-BRAND,OFF-BRAND,OFF-BRAND,0.47504397265578435,B,"Pass - real gap, wrong store for Staples",1.0,0.0,,69,Arts & Crafts > Crafting,graph/vector vote + mission similarity,"Arts, Crafts & Sewing","Competitor dept: Arts, Crafts & Sewing","Celebrations, gifting & creativity",1.0,Charms,,"brand fit 0 < 35 (closest mission: School & classroom; residential pull: Personal, fashion & novelty)"
E0183,ENTER,Australian Rules Football,Amazon: Sports & Outdoors > Sports & Fitness > Australian Rules Football,School Supplies,School Supplies > Teacher Supplies,Expanded Assortment > Fitness,0.7708561732397636,2,"Amazon, Walmart",1,1,0,0.0,0.5,0.0,1.0,,Sports & Outdoors > Sports & Fitness > Australian Rules Football,0.9370025761697106,22.813021811423642,0.0,8.572110792741165,37.05393283010612,0.0,0.0,1.0,0.0,0,Expanded Assortment > Fitness,Amazon::Sports & Outdoors > Sports & Fitness > Australian Rules Football,1,,,,,Safety & security,0.4719510078430176,"Leisure, hobbies & sports",0.5884055495262146,-0.11645454168319702,0.0,0.0,True,,,100.0,0.5689369440078735,False,0.0,OFF-BRAND,OFF-BRAND,OFF-BRAND,OFF-BRAND,0.47476991914259203,B,"Pass - real gap, wrong store for Staples",1.0,0.0,,70,Wearable Technology > Sports & Handheld GPS,mission similarity,Sports & Outdoors,Competitor dept: Sports & Outdoors,Wellness & ergonomics,1.0,Australian Rules Football,,"brand fit 0 < 35 (closest mission: Safety & security; residential pull: Leisure, hobbies & sports)"
E0312,ENTER,Parts & Accessories,"Amazon: Patio, Lawn & Garden > Pools, Hot Tubs & Supplies > Parts & Accessories",Laboratory & Scientific Supplies,Laboratory & Scientific Supplies > Lab Instruments & Equipment,Gift Shop > Game Room & Toys > Game Room > Pool Tables & Accessories,0.8329867633882453,3,"Amazon, Walmart, Wayfair",1,1,0,0.0,0.625,0.0,1.0,,"Patio, Lawn & Garden > Pools, Hot Tubs & Supplies > Parts & Accessories",0.8829968203694124,84.66640684826605,12.647185768629068,100.0,69.3328136965321,8.538228762040443,16.756142775217693,1.0,0.0,0,Gift Shop > Game Room & Toys > Game Room > Pool Tables & Accessories,"Amazon::Patio, Lawn & Garden > Pools, Hot Tubs & Supplies > Parts & Accessories",1,,,,,Retail store & shipping,0.6971631646156311,Backyard & garden living,0.7395371198654175,-0.04237395524978638,17.16891647660362,10.301349885962171,True,,bulky freight,75.0,0.7329690456390381,True,12.647185768629068,OFF-BRAND,OFF-BRAND,OFF-BRAND,OFF-BRAND,0.4739342948765094,A,"Pass - real gap, wrong store for Staples",1.0,0.016,,71,"Tools, Parts & Supplies > Fittings",mission similarity,"Patio, Lawn & Garden","Competitor dept: Patio, Lawn & Garden","Health, safety & facilities",1.0,Parts & Accessories,,brand fit 10 < 35 (closest mission: Retail store & shipping; residential pull: Backyard & garden living)
E0359,ENTER,"Couplings, Collars & Universal Joiners","Amazon: Industrial & Scientific > Power Transmission Products > Couplings, Collars & Universal Joiners","Tools, Parts & Supplies","Tools, Parts & Supplies > Automotive","Tools, Parts & Supplies > Automotive > Plugs & Receptacles",0.810410203101317,1,Amazon,1,1,0,0.0,0.25,0.0,0.5,,"Industrial & Scientific > Power Transmission Products > Couplings, Collars & Universal Joiners",0.9056603773584906,38.82492996540352,0.0,28.796561604584525,48.853298326222514,0.0,0.0,1.0,0.0,0,"Tools, Parts & Supplies > Fittings","Amazon::Industrial & Scientific > Power Transmission Products > Couplings, Collars & Universal Joiners",1,,,,,Technology for work,0.6158350706100464,Backyard & garden living,0.5516594052314758,0.06417566537857056,74.05357418285301,44.432144509711804,False,,,75.0,0.6669358611106873,True,0.0,OFF-BRAND,OFF-BRAND,VERTICAL EXTENSION,OFF-BRAND,0.47045074057130243,C,"Pass - real gap, wrong store for Staples",0.588,0.016,,72,"Tools, Parts & Supplies > Tie Wire",mission similarity,Industrial & Scientific,Competitor dept: Industrial & Scientific,"Health, safety & facilities",1.0,"Couplings, Collars & Universal Joiners",,adjacency 39 < 40: far from what Staples sells
E0025,ENTER,Hydration,Amazon: Health & Personal Care > Sports Nutrition > Hydration | Walmart: Health and Medicine > Children's Health > Children's Hydration,Healthcare Supplies,Healthcare Supplies > Personal Care,Healthcare Supplies > Personal Care > Skin Care > Supplements,0.8083939616181842,2,"Amazon, Walmart",2,2,0,0.5,0.5,0.0,1.0,,Health & Personal Care > Sports Nutrition > Hydration,0.8457554365816099,28.613521990252053,0.0,15.538443170964664,41.68860080953944,0.0,0.0,2.0,0.0,0,Appliances & Kitchenware > Small Appliances > Food Dehydrators,Amazon::Health & Personal Care > Sports Nutrition > Hydration,0,,,,,Janitorial & facilities,0.5465102791786194,"Leisure, hobbies & sports",0.6508756875991821,-0.10436540842056274,0.0,0.0,True,,,100.0,0.6154335737228394,True,0.0,OFF-BRAND,OFF-BRAND,OFF-BRAND,OFF-BRAND,0.4697835984726195,B,"Pass - real gap, wrong store for Staples",1.0,0.0,,73,Healthcare Supplies > Personal Care,graph/vector vote + mission similarity,Health & Personal Care,Competitor dept: Health & Personal Care,"Health, safety & facilities",1.0,Hydration,,"brand fit 0 < 35 (closest mission: Janitorial & facilities; residential pull: Leisure, hobbies & sports)"
E0253,ENTER,Habitats,Amazon: Toys & Games > Learning & Education > Habitats,School Supplies,School Supplies > Learning at Home,School Supplies > Learning at Home > Learning & Development Toys,0.80952791547737,1,Amazon,1,1,0,0.0,0.25,0.0,0.5,,Toys & Games > Learning & Education > Habitats,0.9056603773584906,51.68533746535101,0.0,15.890639923591213,87.48003500711081,0.0,0.0,1.0,0.0,0,School Supplies > Learning at Home > Learning & Development Toys,Amazon::Toys & Games > Learning & Education > Habitats,0,,,,,School & classroom,0.6122320890426636,Backyard & garden living,0.5792620182037354,0.03297007083892822,57.393547113407664,34.4361282680446,False,,,75.0,0.6631993055343628,True,0.0,OFF-BRAND,OFF-BRAND,OFF-BRAND,OFF-BRAND,0.46974931933788927,B,"Pass - real gap, wrong store for Staples",0.55,0.0,,74,School Supplies > Learning at Home,graph/vector vote + mission similarity,Toys & Games,Competitor dept: Toys & Games,"Celebrations, gifting & creativity",1.0,Habitats,,brand fit 34 < 35 (closest mission: School & classroom; residential pull: Backyard & garden living)
E0045,ENTER,Armoires & Wardrobes,Wayfair: Furniture > Bedroom Furniture > Armoires & Wardrobes | Wayfair: Baby & Kids > Toddler & Kids Bedroom Furniture > Kids Armoires | WestElm: Furniture > Bedroom > Armoires & Wardrobes,Furniture,Furniture > Decor,Furniture > Decor,0.8785804766198928,4,"OfficeDepot, Walmart, Wayfair, WestElm",3,2,0,0.0,0.75,0.3333333333333333,0.5,OfficeDepot,Furniture > Bedroom Furniture > Armoires & Wardrobes,0.6356361630617867,54.964752719813596,0.0,49.24387137854186,60.68563406108533,0.0,0.0,3.0,17.0,0,Furniture > Decor,Wayfair::Furniture > Bedroom Furniture > Armoires & Wardrobes,3,,,,,Office & home-office furniture,0.6947460174560547,Residential bedroom & bath,0.6965944766998291,-0.001848459243774414,38.80464783897737,36.61612203671975,True,,bulky freight,50.0,0.6859595775604248,True,0.0,OFF-BRAND,OFF-BRAND,VERTICAL EXTENSION,OFF-BRAND,0.46769146427909464,B,"Pass - real gap, wrong store for Staples",0.904,0.08,,75,Furniture > Decor,graph/vector vote + mission similarity,Furniture,Competitor dept: Furniture,Home décor & furnishings,1.0,Armoires & Wardrobes,,residential-lifestyle category (Residential bedroom & bath) - downgraded one zone
E0400,ENTER,Handball,Walmart: Sports & Outdoors > Sports > Handball,School Supplies,School Supplies > Teacher Supplies,School Supplies > Teacher Supplies > Physical Education & Recreation > Outdoor Games,0.7476573115408491,2,"Amazon, Walmart",1,1,0,1.0,0.5,0.0,1.0,,Sports & Outdoors > Sports > Handball,0.8457554365816099,25.713855754685515,0.0,2.5071633237822346,48.92054818558879,0.0,0.0,1.0,0.0,0,School Supplies > Teacher Supplies > Physical Education & Recreation > Outdoor Games,Walmart::Sports & Outdoors > Sports > Handball,0,,,,,Healthcare & clinics,0.49582672119140625,"Leisure, hobbies & sports",0.6233086585998535,-0.12748193740844727,0.0,0.0,True,,,100.0,0.5921280980110168,False,0.0,OFF-BRAND,OFF-BRAND,OFF-BRAND,OFF-BRAND,0.4654340991192697,B,"Pass - real gap, wrong store for Staples",1.0,0.0,,76,Wearable Technology > Sports & Handheld GPS,mission similarity,Sports & Outdoors,Competitor dept: Sports & Outdoors,Wellness & ergonomics,1.0,Handball,,"brand fit 0 < 35 (closest mission: Healthcare & clinics; residential pull: Leisure, hobbies & sports)"
E0356,ENTER,Brakes & Clutches,Amazon: Industrial & Scientific > Power Transmission Products > Brakes & Clutches,"Tools, Parts & Supplies","Tools, Parts & Supplies > Automotive","Tools, Parts & Supplies > Automotive",0.8176699995875082,1,Amazon,1,1,0,0.0,0.25,0.0,0.5,,Industrial & Scientific > Power Transmission Products > Brakes & Clutches,0.9056603773584906,36.07301974572826,0.0,23.292741165234,48.853298326222514,0.0,0.0,1.0,0.0,0,"Tools, Parts & Supplies > Automotive",Amazon::Industrial & Scientific > Power Transmission Products > Brakes & Clutches,0,,,,,Safety & security,0.5839970111846924,"Personal, fashion & novelty",0.5215116739273071,0.062485337257385254,73.15114265829361,43.89068559497616,False,,,75.0,0.6923384666442871,True,0.0,OFF-BRAND,OFF-BRAND,VERTICAL EXTENSION,OFF-BRAND,0.4652399574123183,C,"Pass - real gap, wrong store for Staples",0.774,0.012,,77,"Tools, Parts & Supplies > Automotive",graph/vector vote + mission similarity,Industrial & Scientific,Competitor dept: Industrial & Scientific,"Health, safety & facilities",1.0,Brakes & Clutches,,adjacency 36 < 40: far from what Staples sells
E0042,ENTER,Post-Workout & Recovery,Amazon: Health & Personal Care > Sports Nutrition > Post-Workout & Recovery | Amazon: Health & Personal Care > Sports Nutrition > Pre-Workout,Healthcare Supplies,Healthcare Supplies > Personal Care,Healthcare Supplies > Personal Care > Skin Care > Supplements,0.8032011586832637,2,"Amazon, Walmart",2,1,0,0.5,0.5,0.0,1.0,,Health & Personal Care > Sports Nutrition > Post-Workout & Recovery,0.8457554365816099,22.288762742503703,0.0,17.44269340974212,27.134832075265287,0.0,0.0,2.0,0.0,0,Retail Store Supplies > Spa & Salon > Spa & Massage > Massage & Recovery Tools,Amazon::Health & Personal Care > Sports Nutrition > Post-Workout & Recovery,1,,,,,Janitorial & facilities,0.5091975331306458,"Leisure, hobbies & sports",0.5762258172035217,-0.06702828407287598,4.006475842765043,2.4038855056590256,True,,,100.0,0.6075730323791504,True,0.0,OFF-BRAND,OFF-BRAND,OFF-BRAND,OFF-BRAND,0.4651042306123151,B,"Pass - real gap, wrong store for Staples",1.0,0.0,,78,Fitness > Fitness Equipment,mission similarity,Health & Personal Care,Competitor dept: Health & Personal Care,Wellness & ergonomics,1.0,Post-Workout & Recovery,,"brand fit 2 < 35 (closest mission: Janitorial & facilities; residential pull: Leisure, hobbies & sports)"
E0329,ENTER,Live Centers,Amazon: Industrial & Scientific > Cutting Tools > Live Centers,"Tools, Parts & Supplies","Tools, Parts & Supplies > Power Tools","Tools, Parts & Supplies > Power Tools > Finishing Tools",0.8437242845725836,1,Amazon,1,1,0,1.0,0.25,0.0,0.5,,Industrial & Scientific > Cutting Tools > Live Centers,0.9056603773584906,47.587975638297344,0.0,46.62129894937918,48.55465232721551,0.0,0.0,1.0,0.0,0,"Tools, Parts & Supplies > Hand Tools > Cutters & Cutter Wheels",Amazon::Industrial & Scientific > Cutting Tools > Live Centers,0,,,,,Janitorial & facilities,0.5789530277252197,Backyard & garden living,0.5526782870292664,0.02627474069595337,53.81904763450387,32.291428580702316,False,,,75.0,0.6258426904678345,True,0.0,OFF-BRAND,OFF-BRAND,OFF-BRAND,OFF-BRAND,0.45931387722262423,B,"Pass - real gap, wrong store for Staples",0.744,0.0,,79,"Tools, Parts & Supplies > Power Tools",graph/vector vote + mission similarity,Industrial & Scientific,Competitor dept: Industrial & Scientific,"Health, safety & facilities",1.0,Live Centers,,brand fit 32 < 35 (closest mission: Janitorial & facilities; residential pull: Backyard & garden living)
E0149,ENTER,L-Carnitine,Amazon: Health & Personal Care > Sports Nutrition > L-Carnitine | Walmart: Health and Medicine > Protein > L Carnitine,Healthcare Supplies,Healthcare Supplies > Personal Care,Healthcare Supplies > Personal Care > Skin Care > Supplements,0.823103493778602,2,"Amazon, Walmart",2,2,0,0.5,0.5,0.0,1.0,,Health & Personal Care > Sports Nutrition > L-Carnitine,0.8457554365816099,21.514473582867222,0.0,14.887774594078317,28.141172571656128,0.0,0.0,2.0,0.0,0,Healthcare Supplies > Personal Care > Skin Care > Supplements,Amazon::Health & Personal Care > Sports Nutrition > L-Carnitine,0,,,,,Healthcare & clinics,0.5171874165534973,"Leisure, hobbies & sports",0.6172888278961182,-0.10010141134262085,0.0,0.0,True,,,100.0,0.6918525099754333,True,0.0,OFF-BRAND,OFF-BRAND,OFF-BRAND,OFF-BRAND,0.4591350258615423,B,"Pass - real gap, wrong store for Staples",1.0,0.0,,80,Healthcare Supplies > Personal Care,graph/vector vote + mission similarity,Health & Personal Care,Competitor dept: Health & Personal Care,"Health, safety & facilities",1.0,L-Carnitine,,"brand fit 0 < 35 (closest mission: Healthcare & clinics; residential pull: Leisure, hobbies & sports)"
E0415,ENTER,Snaps,Amazon: Tools & Home Improvement > Hardware > Snaps,Facilities,Facilities > Hardware,Facilities > Hardware > Fasteners,0.8656207116500727,1,Amazon,1,1,0,0.0,0.25,0.0,0.5,,Tools & Home Improvement > Hardware > Snaps,0.9056603773584906,45.437087020746425,0.0,35.48233046800382,55.39184357348903,0.0,0.0,1.0,0.0,0,Facilities > Hardware > Fasteners,Amazon::Tools & Home Improvement > Hardware > Snaps,0,,,,,Technology for work,0.5888758301734924,Backyard & garden living,0.5579033493995667,0.03097248077392578,56.327074737298354,33.79624484237901,False,,,75.0,0.668567419052124,True,0.0,OFF-BRAND,OFF-BRAND,OFF-BRAND,OFF-BRAND,0.45909717681965123,B,"Pass - real gap, wrong store for Staples",0.648,0.0,,81,"Tools, Parts & Supplies > Hardware",graph/vector vote + mission similarity,Tools & Home Improvement,Competitor dept: Tools & Home Improvement,"Health, safety & facilities",1.0,Snaps,,brand fit 34 < 35 (closest mission: Technology for work; residential pull: Backyard & garden living)
E0054,ENTER,Nightstands,Wayfair: Furniture > Bedroom Furniture > Nightstands | Wayfair: Baby & Kids > Teen Bedroom Furniture > Teen Nightstands | WestElm: Furniture > Bedroom > Nightstands,Furniture,Furniture > Desks,Furniture > Desks,0.871329379646115,3,"Walmart, Wayfair, WestElm",3,2,0,0.0,0.5,0.0,0.5,,Furniture > Bedroom Furniture > Nightstands,0.8324542023206084,55.237732287923414,0.14746734020345256,46.99140401146132,63.48406056438549,0.0,0.2949346804069051,3.0,193.0,0,Furniture > Carts & Stands > TV Stands,Wayfair::Furniture > Bedroom Furniture > Nightstands,3,,,,,Office & home-office furniture,0.6884727478027344,Home living & seasonal decor,0.6622598171234131,0.02621293067932129,53.786048534007804,32.27162912040468,False,,,75.0,0.7110185623168945,True,0.14746734020345256,OFF-BRAND,OFF-BRAND,OFF-BRAND,OFF-BRAND,0.4590899793992192,A,"Pass - real gap, wrong store for Staples",0.728,0.0,,82,Furniture > Desks,graph/vector vote + mission similarity,Furniture,Competitor dept: Furniture,Home décor & furnishings,1.0,Nightstands,,brand fit 32 < 35 (closest mission: Office & home-office furniture; residential pull: Home living & seasonal decor)
E0327,ENTER,Catches,Amazon: Industrial & Scientific > Industrial Hardware > Catches,Facilities,Facilities > Heating & Cooling,Facilities > Heating & Cooling > Industrial Fans,0.8342909798214224,1,Amazon,1,1,0,0.0,0.25,0.0,0.5,,Industrial & Scientific > Industrial Hardware > Catches,0.9056603773584906,37.09080972437856,0.0,27.077363896848134,47.104255551908985,0.0,0.0,1.0,0.0,0,Facilities > Heating & Cooling > Industrial Fans,Amazon::Industrial & Scientific > Industrial Hardware > Catches,0,,,,,Technology for work,0.6144526600837708,"Leisure, hobbies & sports",0.5646091103553772,0.049843549728393555,66.40195151016071,39.84117090609643,False,,,75.0,0.6280629634857178,True,0.0,OFF-BRAND,OFF-BRAND,VERTICAL EXTENSION,OFF-BRAND,0.4586676130025342,C,"Pass - real gap, wrong store for Staples",0.748,0.002,,83,Facilities > Hardware,mission similarity,Industrial & Scientific,Competitor dept: Industrial & Scientific,"Health, safety & facilities",1.0,Catches,,adjacency 37 < 40: far from what Staples sells
E0397,ENTER,Bearings,Amazon: Industrial & Scientific > Power Transmission Products > Bearings,"Tools, Parts & Supplies","Tools, Parts & Supplies > Power Tools","Tools, Parts & Supplies > Power Tools",0.8049048237176863,1,Amazon,1,1,0,0.0,0.25,0.0,0.5,,Industrial & Scientific > Power Transmission Products > Bearings,0.9056603773584906,38.76523560055156,0.0,28.677172874880608,48.853298326222514,0.0,0.0,1.0,0.0,0,"Tools, Parts & Supplies > Fittings",Amazon::Industrial & Scientific > Power Transmission Products > Bearings,0,,,,,Retail store & shipping,0.5803985595703125,Backyard & garden living,0.5357974767684937,0.04460108280181885,63.603105912251856,38.16186354735111,False,,,75.0,0.6072129011154175,True,0.0,OFF-BRAND,OFF-BRAND,VERTICAL EXTENSION,OFF-BRAND,0.45782063709930315,C,"Pass - real gap, wrong store for Staples",0.682,0.0,,84,"Tools, Parts & Supplies > Power Tools",graph/vector vote + mission similarity,Industrial & Scientific,Competitor dept: Industrial & Scientific,"Health, safety & facilities",1.0,Bearings,,adjacency 39 < 40: far from what Staples sells
E0271,ENTER,Gears,Amazon: Industrial & Scientific > Power Transmission Products > Gears,"Tools, Parts & Supplies","Tools, Parts & Supplies > Power Tools","Tools, Parts & Supplies > Power Tools",0.7966263063820769,1,Amazon,1,1,0,0.0,0.25,0.0,0.5,,Industrial & Scientific > Power Transmission Products > Gears,0.9056603773584906,34.32994429205108,0.0,19.80659025787965,48.853298326222514,0.0,0.0,1.0,0.0,0,"Tools, Parts & Supplies > Power Tools",Amazon::Industrial & Scientific > Power Transmission Products > Gears,0,,,,,Technology for work,0.591903567314148,"Leisure, hobbies & sports",0.5391390919685364,0.05276447534561157,67.96137380505945,40.77682428303567,False,,,75.0,0.6839712858200073,True,0.0,OFF-BRAND,OFF-BRAND,VERTICAL EXTENSION,OFF-BRAND,0.4563976216079215,C,"Pass - real gap, wrong store for Staples",0.876,0.002,,85,"Tools, Parts & Supplies > Power Tools",graph/vector vote + mission similarity,Industrial & Scientific,Competitor dept: Industrial & Scientific,"Health, safety & facilities",1.0,Gears,,adjacency 34 < 40: far from what Staples sells
E0226,ENTER,Wasabi Peas,Amazon: Grocery & Gourmet Food > Snack Foods > Wasabi Peas,"Coffee, Water & Snacks","Coffee, Water & Snacks > Snacks & Food","Coffee, Water & Snacks > Snacks & Food",0.8593801107922738,1,Amazon,1,1,0,1.0,0.25,0.0,0.5,,Grocery & Gourmet Food > Snack Foods > Wasabi Peas,0.9056603773584906,64.05918272125744,0.0,44.35291308500478,83.76545235751011,0.0,0.0,1.0,0.0,0,"Coffee, Water & Snacks > Snacks & Food",Amazon::Grocery & Gourmet Food > Snack Foods > Wasabi Peas,0,,,,,Breakroom & kitchen,0.5139463543891907,Backyard & garden living,0.5311675071716309,-0.017221152782440186,30.597481968155453,18.358489180893272,True,,,75.0,0.6706327199935913,True,0.0,OFF-BRAND,OFF-BRAND,OFF-BRAND,OFF-BRAND,0.45615480904744626,B,"Pass - real gap, wrong store for Staples",1.0,0.004,,86,"Coffee, Water & Snacks > Snacks & Food",graph/vector vote + mission similarity,Grocery & Gourmet Food,Competitor dept: Grocery & Gourmet Food,"Breakroom, kitchen & hospitality",0.995,Wasabi Peas,,brand fit 18 < 35 (closest mission: Breakroom & kitchen; residential pull: Backyard & garden living)
E0010,ENTER,Fat Burners,Walmart: Health and Medicine > Weight Loss > Non Stimulant Fat Burners | Walmart: Health and Medicine > Weight Loss > Kick Start Fat Burn | Walmart: Health and Medicine > Weight Loss > Fat Burners,Healthcare Supplies,Healthcare Supplies > Patient Care,Healthcare Supplies > Patient Care > Diagnostic & Exam Instruments > Health & Body Weight Scales,0.7828592276643396,2,"Amazon, Walmart",3,1,1,1.0,0.5,0.0,1.0,,Health and Medicine > Weight Loss > Fat Burners,0.8457554365816099,15.366302059897997,2.301347681903587,6.080865966252785,24.65173815354321,0.0,9.205390727614349,3.0,0.0,0,Healthcare Supplies > Patient Care > Diagnostic & Exam Instruments > Health & Body Weight Scales,Walmart::Health and Medicine > Weight Loss > Fat Burners,0,,,,,Commercial grounds & outdoor,0.43732479214668274,Backyard & garden living,0.48648446798324585,-0.04915967583656311,13.546159393165313,8.127695635899187,True,,,100.0,0.5836290121078491,False,4.602695363807174,OFF-BRAND,OFF-BRAND,OFF-BRAND,OFF-BRAND,0.45544000970843185,B,"Pass - real gap, wrong store for Staples",1.0,0.0,,87,Healthcare Supplies > Patient Care,graph/vector vote + mission similarity,Health and Medicine,Competitor dept: Health and Medicine,"Health, safety & facilities",0.96,Fat Burners,,brand fit 8 < 35 (closest mission: Commercial grounds & outdoor; residential pull: Backyard & garden living)
E0038,ENTER,Breakfast finds,Walmart: Food > Breakfast & Cereal > Breakfast Cereal | Walmart: Food > Breakfast & Cereal > Breakfast finds | Walmart: Food > Breakfast & Cereal > Great Value Breakfast | Walmart: Food > Breakfast & Cereal > On the go breakfast | Walmart: Food > Breakfast & Cereal > Breakfast Ideas | Walmart: Food > Breakfast & Cereal > Kid Friendly Breakfast,"Coffee, Water & Snacks","Coffee, Water & Snacks > Snacks & Food","Coffee, Water & Snacks > Snacks & Food",0.8126424132687591,2,"OfficeDepot, Walmart",6,1,1,0.5,0.5,0.3333333333333333,0.5,OfficeDepot,Food > Breakfast & Cereal > Breakfast finds,0.6697714400845711,16.601557002221483,0.07597928536388107,10.61067335243553,22.592440652007443,0.0,0.15195857072776214,8.0,0.0,0,"Coffee, Water & Snacks > Snacks & Food > Popcorn",Walmart::Food > Breakfast & Cereal > Breakfast finds,0,,,,,Breakroom & kitchen,0.5704636573791504,Residential bedroom & bath,0.567822277545929,0.0026413798332214355,41.20168086025759,38.054341849487884,False,,,75.0,0.6229820847511292,True,0.07597928536388107,OFF-BRAND,OFF-BRAND,OFF-BRAND,OFF-BRAND,0.45529720728110296,B,"Pass - real gap, wrong store for Staples",1.0,0.046,,88,"Coffee, Water & Snacks > Snacks & Food",graph/vector vote + mission similarity,Food,Competitor dept: Food,"Breakroom, kitchen & hospitality",1.0,Breakfast finds,,adjacency 17 < 40: far from what Staples sells
E0228,ENTER,Trash Compactors,Amazon: Appliances > Garbage Disposals & Compactors > Trash Compactors,Cleaning Supplies,Cleaning Supplies > Waste & Recycling,Cleaning Supplies > Waste & Recycling > Trash Bags,0.8301768134453875,2,"Amazon, Walmart",1,1,1,0.0,0.5,0.0,1.0,,Appliances > Garbage Disposals & Compactors > Trash Compactors,0.8457554365816099,30.935248286240807,19.545818949973434,40.52053486150908,21.34996171097254,37.95589496279663,1.1357429371502414,1.0,0.0,0,Cleaning Supplies > Waste & Recycling > Trash Bags,Amazon::Appliances > Garbage Disposals & Compactors > Trash Compactors,1,,,,,Janitorial & facilities,0.5934172868728638,Residential bedroom & bath,0.5234567523002625,0.06996053457260132,77.14199722966664,46.28519833779998,False,,,100.0,0.7068026065826416,True,19.545818949973434,OFF-BRAND,VERTICAL EXTENSION,OFF-BRAND,OFF-BRAND,0.45523919021509746,B,"Pass - real gap, wrong store for Staples",0.966,0.004,,89,Cleaning Supplies > Waste & Recycling,graph/vector vote + mission similarity,Appliances,Competitor dept: Appliances,"Health, safety & facilities",1.0,Trash Compactors,,adjacency 31 < 40: far from what Staples sells
E0375,ENTER,Trouser Pressers,Amazon: Home & Kitchen > Irons & Steamers > Trouser Pressers,Appliances & Kitchenware,Appliances & Kitchenware > Small Appliances,Retail Store Supplies > Sewing & Tailoring > Garment Steamers & Irons,0.8938716139372382,1,Amazon,1,1,0,1.0,0.25,0.0,0.5,,Home & Kitchen > Irons & Steamers > Trouser Pressers,0.9056603773584906,55.34636798090658,0.0,37.57163323782235,73.1211027239908,0.0,0.0,1.0,0.0,0,Retail Store Supplies > Sewing & Tailoring > Garment Steamers & Irons,Amazon::Home & Kitchen > Irons & Steamers > Trouser Pressers,0,,,,,Hospitality & foodservice,0.5492916703224182,Home living & seasonal decor,0.5487499237060547,0.0005417466163635254,40.08072973771697,24.048437842630182,False,,,75.0,0.7379171848297119,True,0.0,OFF-BRAND,OFF-BRAND,OFF-BRAND,OFF-BRAND,0.4544654842603938,B,"Pass - real gap, wrong store for Staples",0.988,0.0,,90,Appliances & Kitchenware > Small Appliances,graph/vector vote + mission similarity,Home & Kitchen,Competitor dept: Home & Kitchen,"Breakroom, kitchen & hospitality",1.0,Trouser Pressers,,brand fit 24 < 35 (closest mission: Hospitality & foodservice; residential pull: Home living & seasonal decor)
E0367,ENTER,Fuel & Firestarters,"Amazon: Patio, Lawn & Garden > Grills & Outdoor Cooking > Fuel & Firestarters",Facilities,Facilities > Grounds Maintenance,Gift Shop > Professional Gifts > Compasses > Outdoor Heaters,0.8314060336009168,2,"Amazon, Walmart",1,1,1,0.0,0.5,0.0,1.0,,"Patio, Lawn & Garden > Grills & Outdoor Cooking > Fuel & Firestarters",0.8457554365816099,42.656572422057614,0.0,26.20582617000955,59.10731867410568,0.0,0.0,1.0,0.0,0,Gift Shop > Professional Gifts > Compasses > Outdoor Heaters,"Amazon::Patio, Lawn & Garden > Grills & Outdoor Cooking > Fuel & Firestarters",1,,,,,Commercial grounds & outdoor,0.6397809386253357,Backyard & garden living,0.7256790399551392,-0.08589810132980347,0.0,0.0,True,,regulated,75.0,0.6468873620033264,True,0.0,OFF-BRAND,OFF-BRAND,OFF-BRAND,OFF-BRAND,0.45334817412032785,B,"Pass - real gap, wrong store for Staples",1.0,0.0,,91,Facilities > Grounds Maintenance,graph/vector vote + mission similarity,"Patio, Lawn & Garden","Competitor dept: Patio, Lawn & Garden",Outdoor living & grounds,1.0,Fuel & Firestarters,,brand fit 0 < 35 (closest mission: Commercial grounds & outdoor; residential pull: Backyard & garden living)
E0053,ENTER,Makeup Vanities,Wayfair: Furniture > Bedroom Furniture > Makeup Vanities | WestElm: Bath > Bathroom Furniture > Vanities,Furniture,Furniture > Decor,Furniture > Decor,0.8653476357814242,3,"Walmart, Wayfair, WestElm",2,2,1,0.0,0.5,0.3333333333333333,0.5,Wayfair Professional,Furniture > Bedroom Furniture > Makeup Vanities,0.8136538437279749,54.13399247510117,0.0,43.69627507163324,64.5717098785691,0.0,0.0,2.0,90.0,0,Furniture > Decor,Wayfair::Furniture > Bedroom Furniture > Makeup Vanities,2,,,,,Office & home-office furniture,0.6646490097045898,Residential bedroom & bath,0.7289515733718872,-0.06430256366729736,5.461682077755743,16.610342579986778,True,,install required,50.0,0.7255573272705078,True,0.0,OFF-BRAND,OFF-BRAND,OFF-BRAND,OFF-BRAND,0.4531364170984882,A,"Pass - real gap, wrong store for Staples",1.0,0.022,,92,Furniture > Decor,graph/vector vote + mission similarity,Furniture,Competitor dept: Furniture,Home décor & furnishings,1.0,Makeup Vanities,,brand fit 17 < 35 (closest mission: Office & home-office furniture; residential pull: Residential bedroom & bath)
E0221,ENTER,Boring Bars,Amazon: Industrial & Scientific > Cutting Tools > Boring Bars,"Tools, Parts & Supplies","Tools, Parts & Supplies > Hand Tools","Tools, Parts & Supplies > Hand Tools > Cutters & Cutter Wheels",0.8323274680679291,1,Amazon,1,1,0,0.0,0.25,0.0,0.5,,Industrial & Scientific > Cutting Tools > Boring Bars,0.9056603773584906,45.45688681308245,0.0,42.35912129894938,48.55465232721551,0.0,0.0,1.0,0.0,0,Facilities > Hand & Power Tools > Hand Tools > Crowbars & Pry Bars,Amazon::Industrial & Scientific > Cutting Tools > Boring Bars,1,,,,,Janitorial & facilities,0.5479714274406433,"Leisure, hobbies & sports",0.5276206731796265,0.020350754261016846,50.656352745300815,30.393811647180488,False,,,75.0,0.6850615739822388,True,0.0,OFF-BRAND,OFF-BRAND,OFF-BRAND,OFF-BRAND,0.4523220101177582,B,"Pass - real gap, wrong store for Staples",0.862,0.0,,93,"Tools, Parts & Supplies > Coated Sheet Abrasives",mission similarity,Industrial & Scientific,Competitor dept: Industrial & Scientific,"Health, safety & facilities",1.0,Boring Bars,,"brand fit 30 < 35 (closest mission: Janitorial & facilities; residential pull: Leisure, hobbies & sports)"
E0214,ENTER,Dried & Preserved Flora,Amazon: Home & Kitchen > Home Décor > Dried & Preserved Flora,Furniture,Furniture > Decor,Furniture > Decor > Home & Office Decor,0.8797715373722468,1,Amazon,1,1,0,0.0,0.25,0.0,0.5,,Home & Kitchen > Home Décor > Dried & Preserved Flora,0.9056603773584906,56.31807978724905,0.0,49.83285577841452,62.80330379608358,0.0,0.0,1.0,0.0,0,Furniture > Decor > Home & Office Decor,Amazon::Home & Kitchen > Home Décor > Dried & Preserved Flora,0,,,,,Workspace decor & comfort,0.6288398504257202,Home living & seasonal decor,0.6341630220413208,-0.005323171615600586,36.94957015091663,22.169742090549978,True,,,75.0,0.6647273302078247,True,0.0,OFF-BRAND,OFF-BRAND,OFF-BRAND,OFF-BRAND,0.4521656604657471,B,"Pass - real gap, wrong store for Staples",1.0,0.0,,94,Furniture > Decor,graph/vector vote + mission similarity,Home & Kitchen,Competitor dept: Home & Kitchen,Home décor & furnishings,1.0,Dried & Preserved Flora,,brand fit 22 < 35 (closest mission: Workspace decor & comfort; residential pull: Home living & seasonal decor)
E0251,ENTER,Ads Free Page 21,Walmart: Electronics > Electronics Learning Center > Ads Free Page 21,Computers & Accessories,Computers & Accessories > Computer Parts & Components,Furniture > Storage Furniture > Electronics & Computer Storage Units,0.796092477646471,1,Walmart,1,1,0,0.0,0.25,0.0,0.5,,Electronics > Electronics Learning Center > Ads Free Page 21,0.7858504958047292,31.969051635801918,0.0,16.415950334288443,47.5221529373154,0.0,0.0,1.0,0.0,0,Furniture > Storage Furniture > Electronics & Computer Storage Units,Walmart::Electronics > Electronics Learning Center > Ads Free Page 21,1,,,,,Technology for work,0.6180480718612671,"Leisure, hobbies & sports",0.539962649345398,0.07808542251586914,81.47970830577177,48.887824983463055,False,,,75.0,0.6130096316337585,True,0.0,OFF-BRAND,OFF-BRAND,VERTICAL EXTENSION,OFF-BRAND,0.4511068017913384,C,"Pass - real gap, wrong store for Staples",0.942,0.012,,95,Computers & Accessories > Computer Parts & Components,graph/vector vote + mission similarity,Electronics,Competitor dept: Electronics,Technology & connected workspace,1.0,Ads Free Page 21,,adjacency 32 < 40: far from what Staples sells
D0077,DEEPEN,Cameras & Camcorders,"Phones, Cameras & Electronics > Cameras, Camcorders & Accessories > Cameras & Camcorders","Phones, Cameras & Electronics","Phones, Cameras & Electronics > Cameras, Camcorders & Accessories","Phones, Cameras & Electronics > Cameras, Camcorders & Accessories > Cameras & Camcorders",1.0,2,"Amazon, Walmart",3,2,0,0.0,0.5,0.3333333333333333,1.0,OfficeDepot,"Phones, Cameras & Electronics > Cameras, Camcorders & Accessories > Cameras & Camcorders (competitors: Waterproof Cameras, Drones with Cameras, Camcorders)",0.9225850207964539,90.64329164723426,36.466504139527906,,,,,,,1,"Phones, Cameras & Electronics > Cameras, Camcorders & Accessories > Cameras & Camcorders","Staples::Phones, Cameras & Electronics > Cameras, Camcorders & Accessories > Cameras & Camcorders",0,"Waterproof Cameras, Drones with Cameras, Camcorders",220.0,0.867655456747803,3.0,Technology for work,0.5975831747055054,"Leisure, hobbies & sports",0.6062044501304626,-0.008621275424957275,35.18878015308719,34.44660142518565,True,,,100.0,0.8436951637268066,True,36.466504139527906,OFF-BRAND,,,OFF-BRAND,0.4510322669887794,B,"Pass - real gap, wrong store for Staples",0.384,0.02,,96,"Phones, Cameras & Electronics > Cameras, Camcorders & Accessories",own aisle (DEEPEN),,"Phones, Cameras & Electronics > Cameras, Camcorders & Accessories",Technology & connected workspace,,Cameras & Camcorders,,"brand fit 34 < 35 (closest mission: Technology for work; residential pull: Leisure, hobbies & sports)"
E0344,ENTER,Laminates & Composites,Amazon: Industrial & Scientific > Raw Materials > Laminates & Composites,Laboratory & Scientific Supplies,Laboratory & Scientific Supplies > Lab Safety,Laboratory & Scientific Supplies > Lab Safety > Material Handling & Storage,0.8073085522091134,1,Amazon,1,1,0,1.0,0.25,0.0,0.5,,Industrial & Scientific > Raw Materials > Laminates & Composites,0.9056603773584906,41.86867431166512,0.0,22.743553008595992,60.993795614734246,0.0,0.0,1.0,0.0,0,Laboratory & Scientific Supplies > Lab Safety > Material Handling & Storage,Amazon::Industrial & Scientific > Raw Materials > Laminates & Composites,0,,,,,School & classroom,0.5458852052688599,Home living & seasonal decor,0.5222373008728027,0.02364790439605713,52.416633595967355,31.449980157580413,False,,,75.0,0.6471371650695801,True,0.0,OFF-BRAND,OFF-BRAND,OFF-BRAND,OFF-BRAND,0.44905202838643204,B,"Pass - real gap, wrong store for Staples",0.844,0.0,,97,Laboratory & Scientific Supplies > Lab Safety,graph/vector vote + mission similarity,Industrial & Scientific,Competitor dept: Industrial & Scientific,"Health, safety & facilities",1.0,Laminates & Composites,,brand fit 31 < 35 (closest mission: School & classroom; residential pull: Home living & seasonal decor)
E0297,ENTER,Graphite,Amazon: Industrial & Scientific > Raw Materials > Graphite,Laboratory & Scientific Supplies,Laboratory & Scientific Supplies > Lab Safety,Arts & Crafts > Charcoal,0.7896700865060052,1,Amazon,1,1,0,0.0,0.25,0.0,0.5,,Industrial & Scientific > Raw Materials > Graphite,0.9056603773584906,38.2361869327594,0.0,13.335721107927412,63.13665275759139,0.0,0.0,1.0,0.0,0,Arts & Crafts > Charcoal,Amazon::Industrial & Scientific > Raw Materials > Graphite,0,,,,,School & classroom,0.5435073375701904,"Leisure, hobbies & sports",0.5125038027763367,0.03100353479385376,56.3436538417906,33.806192305074354,False,,,75.0,0.6687766313552856,True,0.0,OFF-BRAND,OFF-BRAND,OFF-BRAND,OFF-BRAND,0.4483157216130614,B,"Pass - real gap, wrong store for Staples",0.842,0.0,,98,Arts & Crafts > Charcoal,mission similarity,Industrial & Scientific,Competitor dept: Industrial & Scientific,"Celebrations, gifting & creativity",1.0,Graphite,,"brand fit 34 < 35 (closest mission: School & classroom; residential pull: Leisure, hobbies & sports)"
E0074,ENTER,Greenhouses,"Amazon: Patio, Lawn & Garden > Gardening & Lawn Care > Greenhouses & Accessories | Walmart: Patio & Garden > Garden Center > Greenhouses | Wayfair: Outdoor > Garden > Greenhouses",Facilities,Facilities > Grounds Maintenance,Facilities > Grounds Maintenance > Outdoor Tools > Lawn & Garden Tools,0.8373891041285474,3,"Amazon, Walmart, Wayfair",3,3,0,0.6000000000000001,0.625,0.0,1.0,,Patio & Garden > Garden Center > Greenhouses,0.893484997333562,27.189457456689453,1.6913098712677261,17.518803724928368,36.86011118845054,0.0,3.3826197425354523,8.0,0.0,0,Facilities > Grounds Maintenance > Watering Equipment,Walmart::Patio & Garden > Garden Center > Greenhouses,2,,,,,Commercial grounds & outdoor,0.6353414058685303,Backyard & garden living,0.6826448440551758,-0.04730343818664551,14.537166613222121,8.722299967933273,True,,bulky freight,75.0,0.6113471984863281,True,1.6913098712677261,OFF-BRAND,OFF-BRAND,OFF-BRAND,OFF-BRAND,0.44706027810754523,A,"Pass - real gap, wrong store for Staples",1.0,0.0,,99,Facilities > Grounds Maintenance,graph/vector vote + mission similarity,"Patio, Lawn & Garden","Competitor dept: Patio, Lawn & Garden",Outdoor living & grounds,1.0,Greenhouses,,brand fit 9 < 35 (closest mission: Commercial grounds & outdoor; residential pull: Backyard & garden living)
E0409,ENTER,"Gearboxes, Gearheads & Speed Reducers","Amazon: Industrial & Scientific > Power Transmission Products > Gearboxes, Gearheads & Speed Reducers","Tools, Parts & Supplies","Tools, Parts & Supplies > Automotive","Tools, Parts & Supplies > Automotive",0.8010948135806744,1,Amazon,1,1,0,0.0,0.25,0.0,0.5,,"Industrial & Scientific > Power Transmission Products > Gearboxes, Gearheads & Speed Reducers",0.9056603773584906,34.54484400551813,0.0,20.23638968481375,48.853298326222514,0.0,0.0,1.0,0.0,0,"Tools, Parts & Supplies > Automotive","Amazon::Industrial & Scientific > Power Transmission Products > Gearboxes, Gearheads & Speed Reducers",0,,,,,Technology for work,0.5873956680297852,"Leisure, hobbies & sports",0.5499470829963684,0.03744858503341675,59.78453401212833,35.870720407277,False,,,75.0,0.6762609481811523,True,0.0,OFF-BRAND,OFF-BRAND,VERTICAL EXTENSION,OFF-BRAND,0.4469077634266047,C,"Pass - real gap, wrong store for Staples",0.918,0.0,,100,"Tools, Parts & Supplies > Automotive",graph/vector vote + mission similarity,Industrial & Scientific,Competitor dept: Industrial & Scientific,"Health, safety & facilities",1.0,"Gearboxes, Gearheads & Speed Reducers",,adjacency 35 < 40: far from what Staples sells
E0093,ENTER,Gazebo Canopies,"Amazon: Patio, Lawn & Garden > Patio Furniture & Accessories > Canopies, Gazebos & Pergolas | Walmart: Patio & Garden > Outdoor Shade > Gazebo Canopies | Wayfair: Outdoor > Outdoor Shades > Gazebos",Gift Shop,Gift Shop > Professional Gifts,Gift Shop > Professional Gifts > Compasses > Outdoor Furniture Covers,0.8697304648215842,3,"Amazon, Walmart, Wayfair",3,3,0,0.0,0.625,0.0,1.0,,Patio & Garden > Outdoor Shade > Gazebo Canopies,0.8527400189455631,36.569817184435635,0.0,28.303088188475005,44.836546180396255,0.0,0.0,3.0,0.0,0,Gift Shop > Professional Gifts > Compasses > Patio Furniture,Walmart::Patio & Garden > Outdoor Shade > Gazebo Canopies,3,,,,,Commercial grounds & outdoor,0.5350246429443359,Backyard & garden living,0.6327823400497437,-0.09775769710540771,0.0,0.0,True,,bulky freight,75.0,0.6330410242080688,True,0.0,OFF-BRAND,OFF-BRAND,OFF-BRAND,OFF-BRAND,0.4452657286184879,A,"Pass - real gap, wrong store for Staples",1.0,0.0,,101,Furniture > Chairs & Seating,mission similarity,"Patio, Lawn & Garden","Competitor dept: Patio, Lawn & Garden",Outdoor living & grounds,1.0,Gazebo Canopies,,brand fit 0 < 35 (closest mission: Commercial grounds & outdoor; residential pull: Backyard & garden living)
E0289,ENTER,Misting Systems,"Amazon: Patio, Lawn & Garden > Outdoor Heating & Cooling > Misting Systems",Facilities,Facilities > Heating & Cooling,Facilities > Heating & Cooling,0.8602246458160934,1,Amazon,1,1,0,1.0,0.25,0.0,0.5,,"Patio, Lawn & Garden > Outdoor Heating & Cooling > Misting Systems",0.9056603773584906,44.320128007287295,0.0,35.804680038204395,52.8355759763702,0.0,0.0,1.0,0.0,0,Facilities > Heating & Cooling,"Amazon::Patio, Lawn & Garden > Outdoor Heating & Cooling > Misting Systems",0,,,,,Commercial grounds & outdoor,0.6514409780502319,Backyard & garden living,0.6403284668922424,0.011112511157989502,45.72424417819654,27.434546506917926,False,,,75.0,0.6774305105209351,True,0.0,OFF-BRAND,OFF-BRAND,OFF-BRAND,OFF-BRAND,0.4446983416285404,B,"Pass - real gap, wrong store for Staples",0.95,0.0,,102,Facilities > Heating & Cooling,graph/vector vote + mission similarity,"Patio, Lawn & Garden","Competitor dept: Patio, Lawn & Garden","Health, safety & facilities",0.645,Misting Systems,,brand fit 27 < 35 (closest mission: Commercial grounds & outdoor; residential pull: Backyard & garden living)
E0236,ENTER,Broaches,Amazon: Industrial & Scientific > Cutting Tools > Broaches,"Tools, Parts & Supplies","Tools, Parts & Supplies > Power Tools","Tools, Parts & Supplies > Power Tools > Finishing Tools",0.844834843976662,1,Amazon,1,1,0,0.0,0.25,0.0,0.5,,Industrial & Scientific > Cutting Tools > Broaches,0.9056603773584906,47.7589770342271,0.0,45.80945558739254,49.70849848106167,0.0,0.0,1.0,0.0,0,"Tools, Parts & Supplies > Hand Tools > Chisels, Punches & Pins",Amazon::Industrial & Scientific > Cutting Tools > Broaches,0,,,,,Hospitality & foodservice,0.5773654580116272,Backyard & garden living,0.5758792757987976,0.0014861822128295898,40.58494453748578,24.350966722491467,False,,,75.0,0.6508209705352783,True,0.0,OFF-BRAND,OFF-BRAND,OFF-BRAND,OFF-BRAND,0.4436894556000971,B,"Pass - real gap, wrong store for Staples",0.984,0.0,,103,"Tools, Parts & Supplies > Power Tools",graph/vector vote + mission similarity,Industrial & Scientific,Competitor dept: Industrial & Scientific,"Health, safety & facilities",1.0,Broaches,,brand fit 24 < 35 (closest mission: Hospitality & foodservice; residential pull: Backyard & garden living)
E0115,ENTER,Tucks,Walmart: Health and Medicine > Pain management > Tucks,Healthcare Supplies,Healthcare Supplies > OTC Pharmaceuticals,Healthcare Supplies > OTC Pharmaceuticals > Medicine & Vitamins > Pain Relievers,0.8352060493632526,1,Walmart,1,1,0,0.0,0.25,0.0,0.5,,Health and Medicine > Pain management > Tucks,0.7858504958047292,34.638177032571605,0.0,18.839541547277936,50.43681251786528,0.0,0.0,1.0,0.0,0,Healthcare Supplies > OTC Pharmaceuticals > Medicine & Vitamins > Pain Relievers,Walmart::Health and Medicine > Pain management > Tucks,1,,,,,Healthcare & clinics,0.5411699414253235,"Personal, fashion & novelty",0.4857041835784912,0.055465757846832275,69.40353314400059,41.64211988640035,False,,,75.0,0.7003799676895142,True,0.0,OFF-BRAND,OFF-BRAND,VERTICAL EXTENSION,OFF-BRAND,0.44061907969236747,C,"Pass - real gap, wrong store for Staples",0.864,0.0,,104,Healthcare Supplies > OTC Pharmaceuticals,graph/vector vote + mission similarity,Health and Medicine,Competitor dept: Health and Medicine,"Health, safety & facilities",1.0,Tucks,,adjacency 35 < 40: far from what Staples sells
E0014,ENTER,FSA/HSA Eligible Brands,Walmart: Health and Medicine > FSA and HSA Store > FSA/HSA Eligible Family Planning & Contraception | Walmart: Health and Medicine > FSA and HSA Store > FSA/HSA Eligible Digestive Health | Walmart: Health and Medicine > FSA and HSA Store > FSA/HSA Eligible Homeopathic Remedies | Walmart: Health and Medicine > FSA and HSA Store > FSA/HSA Eligible Brands,Healthcare Supplies,Healthcare Supplies > Personal Care,Workwear > Occupational Workwear > Healthcare Apparel,0.7245394138856618,1,Walmart,4,1,0,0.17129629629629628,0.25,0.0,0.5,,Health and Medicine > FSA and HSA Store > FSA/HSA Eligible Brands,0.9708237986270023,21.634871770436224,5.044399424630425,9.634173034065585,33.63557050680686,5.453940636011129,4.634858213249722,24.0,0.0,0,Workwear > Occupational Workwear > Healthcare Apparel,Walmart::Health and Medicine > FSA and HSA Store > FSA/HSA Eligible Brands,0,,,,,Healthcare & clinics,0.6651977300643921,"Personal, fashion & novelty",0.5879510045051575,0.07724672555923462,81.03194519769055,48.61916711861433,False,,,75.0,0.6607688665390015,True,5.044399424630425,OFF-BRAND,OFF-BRAND,OFF-BRAND,OFF-BRAND,0.4394680142554898,B,"Pass - real gap, wrong store for Staples",0.998,0.014,,105,Healthcare Supplies > OTC Pharmaceuticals,graph/vector vote + mission similarity,Health and Medicine,Competitor dept: Health and Medicine,"Health, safety & facilities",1.0,FSA/HSA Eligible Brands,,adjacency 22 < 40: far from what Staples sells
E0262,ENTER,Plastics,Amazon: Industrial & Scientific > Raw Materials > Plastics,Laboratory & Scientific Supplies,Laboratory & Scientific Supplies > Controlled Environment Supplies,"Tools, Parts & Supplies > Chemicals, Lubricants & Paints",0.7995099486974306,1,Amazon,1,1,0,0.0,0.25,0.0,0.5,,Industrial & Scientific > Raw Materials > Plastics,0.9056603773584906,44.60864565836999,3.5286127761381225,28.223495702005728,60.993795614734246,0.795196827383911,6.262028724892334,1.0,0.0,0,"Tools, Parts & Supplies > Automotive > Tarps & Plastic Sheeting",Amazon::Industrial & Scientific > Raw Materials > Plastics,1,,,,,Janitorial & facilities,0.5939433574676514,"Leisure, hobbies & sports",0.5669354796409607,0.027007877826690674,54.21045451599055,32.52627270959433,False,,,75.0,0.6593580842018127,True,3.5286127761381225,OFF-BRAND,OFF-BRAND,OFF-BRAND,OFF-BRAND,0.43924828240386465,B,"Pass - real gap, wrong store for Staples",0.754,0.0,,106,Laboratory & Scientific Supplies > Controlled Environment Supplies,graph/vector vote + mission similarity,Industrial & Scientific,Competitor dept: Industrial & Scientific,"Health, safety & facilities",1.0,Plastics,,"brand fit 33 < 35 (closest mission: Janitorial & facilities; residential pull: Leisure, hobbies & sports)"
E0281,ENTER,Breathe Right,Walmart: Health and Medicine > Sleep & Snoring Aids > Breathe Right,Healthcare Supplies,Healthcare Supplies > OTC Pharmaceuticals,Healthcare Supplies > OTC Pharmaceuticals > Medicine & Vitamins > Sleep Aids,0.8689123303688127,1,Walmart,1,1,0,0.0,0.25,0.0,0.5,,Health and Medicine > Sleep & Snoring Aids > Breathe Right,0.7858504958047292,38.849697621691874,0.0,20.176695319961794,57.52269992342195,0.0,0.0,1.0,0.0,0,Healthcare Supplies > OTC Pharmaceuticals > Medicine & Vitamins > Sleep Aids,Walmart::Health and Medicine > Sleep & Snoring Aids > Breathe Right,1,,,,,Healthcare & clinics,0.544920802116394,Residential bedroom & bath,0.5051315426826477,0.03978925943374634,61.034172080094315,36.620503248056586,False,,,75.0,0.6784311532974243,True,0.0,OFF-BRAND,OFF-BRAND,VERTICAL EXTENSION,OFF-BRAND,0.4368931272993603,C,"Pass - real gap, wrong store for Staples",0.718,0.0,,107,Healthcare Supplies > OTC Pharmaceuticals,graph/vector vote + mission similarity,Health and Medicine,Competitor dept: Health and Medicine,"Health, safety & facilities",1.0,Breathe Right,,adjacency 39 < 40: far from what Staples sells
E0305,ENTER,Shafting,Amazon: Industrial & Scientific > Power Transmission Products > Shafting,Facilities,Facilities > Hand & Power Tools,Facilities > Hand & Power Tools,0.7908483329238588,1,Amazon,1,1,0,0.0,0.25,0.0,0.5,,Industrial & Scientific > Power Transmission Products > Shafting,0.9056603773584906,33.29723178011221,0.0,17.74116523400191,48.853298326222514,0.0,0.0,1.0,0.0,0,Facilities > Hand & Power Tools,Amazon::Industrial & Scientific > Power Transmission Products > Shafting,0,,,,,Technology for work,0.5527093410491943,"Leisure, hobbies & sports",0.5291933417320251,0.02351599931716919,52.34621217899743,31.40772730739846,False,,,75.0,0.5786728858947754,False,0.0,OFF-BRAND,OFF-BRAND,OFF-BRAND,OFF-BRAND,0.4361103588887388,B,"Pass - real gap, wrong store for Staples",0.98,0.0,,108,"Tools, Parts & Supplies > Power Tools",mission similarity,Industrial & Scientific,Competitor dept: Industrial & Scientific,"Health, safety & facilities",1.0,Shafting,,"brand fit 31 < 35 (closest mission: Technology for work; residential pull: Leisure, hobbies & sports)"
E0191,ENTER,Insulin,Walmart: Health and Medicine > Diabetes Support > Insulin,Healthcare Supplies,Healthcare Supplies > Personal Care,Healthcare Supplies > Personal Care > Skin Care > Supplements,0.7828002726939213,1,Walmart,1,1,0,0.0,0.25,0.0,0.5,,Health and Medicine > Diabetes Support > Insulin,0.7858504958047292,35.93564794657654,0.0,10.530085959885389,61.34120993326769,0.0,0.0,1.0,0.0,0,Healthcare Supplies > Personal Care > Skin Care > Supplements,Walmart::Health and Medicine > Diabetes Support > Insulin,1,,,,,Healthcare & clinics,0.5699092149734497,"Personal, fashion & novelty",0.5257353782653809,0.04417383670806885,63.375007983268404,38.02500478996104,False,,,75.0,0.6352667808532715,True,0.0,OFF-BRAND,OFF-BRAND,CURATE,OFF-BRAND,0.43533105587049625,C,"Pass - real gap, wrong store for Staples",0.84,0.0,,109,Laboratory & Scientific Supplies > Biochemistry,mission similarity,Health and Medicine,Competitor dept: Health and Medicine,"Health, safety & facilities",1.0,Insulin,,adjacency 36 < 40: far from what Staples sells
E0268,ENTER,Draft Stoppers,Amazon: Home & Kitchen > Home Décor > Draft Stoppers,Furniture,Furniture > Decor,Furniture > Decor > Home & Office Decor,0.8492911327257799,1,Amazon,1,1,0,0.0,0.25,0.0,0.5,,Home & Kitchen > Home Décor > Draft Stoppers,0.9056603773584906,51.59625552745918,0.0,40.38920725883477,62.80330379608358,0.0,0.0,1.0,0.0,0,Arts & Crafts > Drafting Supplies,Amazon::Home & Kitchen > Home Décor > Draft Stoppers,1,,,,,Workspace decor & comfort,0.5653421878814697,Home living & seasonal decor,0.5863226056098938,-0.020980417728424072,28.59048749536159,17.154292497216954,True,,,75.0,0.6870439052581787,True,0.0,OFF-BRAND,OFF-BRAND,OFF-BRAND,OFF-BRAND,0.4350520248893962,B,"Pass - real gap, wrong store for Staples",1.0,0.0,,110,Arts & Crafts > Drafting Supplies,mission similarity,Home & Kitchen,Competitor dept: Home & Kitchen,"Celebrations, gifting & creativity",1.0,Draft Stoppers,,brand fit 17 < 35 (closest mission: Workspace decor & comfort; residential pull: Home living & seasonal decor)
E0062,ENTER,Elmer's Gue Premade Slime,Walmart: Arts Crafts & Sewing > Elmer's > Elmer's Gue Premade Slime,Laboratory & Scientific Supplies,Laboratory & Scientific Supplies > Labware & Consumables,"Office Supplies > Tape, Fasteners & Adhesives > Glue & Glue Sticks",0.7774294654910059,1,Walmart,1,1,0,0.0,0.25,0.0,0.5,,Arts Crafts & Sewing > Elmer's > Elmer's Gue Premade Slime,0.7858504958047292,39.602184468948586,0.0,11.067335243553009,68.13703369434417,0.0,0.0,1.0,0.0,0,"Office Supplies > Tape, Fasteners & Adhesives > Glue & Glue Sticks",Walmart::Arts Crafts & Sewing > Elmer's > Elmer's Gue Premade Slime,0,,,,,School & classroom,0.5752509236335754,"Personal, fashion & novelty",0.5411679744720459,0.03408294916152954,57.987690030825355,34.792614018495215,False,,,75.0,0.6100097894668579,True,0.0,OFF-BRAND,OFF-BRAND,OFF-BRAND,OFF-BRAND,0.4343660791111226,B,"Pass - real gap, wrong store for Staples",0.768,0.0,,111,Arts & Crafts > Crafting,graph/vector vote + mission similarity,"Arts, Crafts & Sewing","Competitor dept: Arts, Crafts & Sewing","Celebrations, gifting & creativity",1.0,Elmer's Gue Premade Slime,,"brand fit 35 < 35 (closest mission: School & classroom; residential pull: Personal, fashion & novelty)"
E0195,ENTER,Alcon,Walmart: Health and Medicine > Eye Care > Alcon,Healthcare Supplies,Healthcare Supplies > Personal Care,Expanded Assortment > Personal Care & Eyewear,0.7953077991733505,1,Walmart,1,1,0,1.0,0.25,0.0,0.5,,Health and Medicine > Eye Care > Alcon,0.7858504958047292,26.567988668610738,0.0,15.353390639923592,37.78258669729789,0.0,0.0,1.0,0.0,0,Expanded Assortment > Personal Care & Eyewear,Walmart::Health and Medicine > Eye Care > Alcon,0,,,,,Healthcare & clinics,0.5698360204696655,"Personal, fashion & novelty",0.5054245591163635,0.064411461353302,74.17946081888238,44.50767649132943,False,,,75.0,0.6176066398620605,True,0.0,OFF-BRAND,OFF-BRAND,OFF-BRAND,OFF-BRAND,0.4342449103562844,B,"Pass - real gap, wrong store for Staples",0.998,0.0,,112,Healthcare Supplies > OTC Pharmaceuticals,graph/vector vote + mission similarity,Health and Medicine,Competitor dept: Health and Medicine,"Health, safety & facilities",0.625,Alcon,,adjacency 27 < 40: far from what Staples sells
E0233,ENTER,Bird Houses,Wayfair: Outdoor > Outdoor Décor > Bird Houses,Furniture,Furniture > Decor,Gift Shop > Professional Gifts > Compasses > Outdoor Decor,0.9266271817470861,2,"Walmart, Wayfair",1,1,0,0.0,0.375,0.0,0.5,,Outdoor > Outdoor Décor > Bird Houses,0.8262798397390994,60.555644081626006,1.9471774438642104,39.36246418338109,81.74882397987092,0.0,3.894354887728421,1.0,0.0,0,Gift Shop > Professional Gifts > Compasses > Outdoor Decor,Wayfair::Outdoor > Outdoor Décor > Bird Houses,1,,,,,Workspace decor & comfort,0.5868492722511292,Backyard & garden living,0.5985491871833801,-0.011699914932250977,33.54515764612229,20.127094587673373,True,,,75.0,0.6298421621322632,True,1.9471774438642104,OFF-BRAND,OFF-BRAND,OFF-BRAND,OFF-BRAND,0.4339127940963667,B,"Pass - real gap, wrong store for Staples",1.0,0.0,,113,Furniture > Decor,graph/vector vote + mission similarity,Outdoor,Competitor dept: Outdoor,Outdoor living & grounds,1.0,Bird Houses,,brand fit 20 < 35 (closest mission: Workspace decor & comfort; residential pull: Backyard & garden living)
D0076,DEEPEN,Party Favors & Costumes,Party Supplies > Party Favors & Costumes,Party Supplies,Party Supplies > Party Favors & Costumes,Party Supplies > Party Favors & Costumes,1.0,2,"Amazon, Walmart",3,2,0,0.0,0.5,0.3333333333333333,1.0,OfficeDepot,"Party Supplies > Party Favors & Costumes (competitors: Favors, Unisex Halloween Costumes, Character Party Favors)",0.9602739519019041,51.11401945366893,33.38149466118851,,,,,,,5,Party Supplies > Party Favors & Costumes,Staples::Party Supplies > Party Favors & Costumes,0,"Favors, Unisex Halloween Costumes, Character Party Favors",439.0,0.7159157544973982,2.0,School & classroom,0.5894490480422974,"Personal, fashion & novelty",0.6096802949905396,-0.020231246948242188,28.99045441352468,30.72760598144814,True,,,100.0,0.8697839975357056,True,33.38149466118851,OFF-BRAND,,,OFF-BRAND,0.43224351332663874,B,"Pass - real gap, wrong store for Staples",0.826,0.004,,114,Party Supplies > Party Favors & Costumes,own aisle (DEEPEN),,Party Supplies > Party Favors & Costumes,"Celebrations, gifting & creativity",,Party Favors & Costumes,,"brand fit 31 < 35 (closest mission: School & classroom; residential pull: Personal, fashion & novelty)"
E0242,ENTER,Macks,Walmart: Health and Medicine > Ear Care > Macks,Healthcare Supplies,Healthcare Supplies > Durable Medical Equipment,Safety Supplies > Personal Protective Equipment (PPE) > Ear Protection,0.794467272041679,1,Walmart,1,1,0,1.0,0.25,0.0,0.5,,Health and Medicine > Ear Care > Macks,0.7858504958047292,33.4920370897875,0.0,17.168099331423115,49.815974848151896,0.0,0.0,1.0,0.0,0,Safety Supplies > Personal Protective Equipment (PPE) > Ear Protection,Walmart::Health and Medicine > Ear Care > Macks,0,,,,,Healthcare & clinics,0.5920525789260864,"Personal, fashion & novelty",0.5476871728897095,0.04436540603637695,63.47728291961785,38.08636975177071,False,,,75.0,0.6679538488388062,True,0.0,OFF-BRAND,OFF-BRAND,VERTICAL EXTENSION,OFF-BRAND,0.43178836950893207,C,"Pass - real gap, wrong store for Staples",0.932,0.0,,115,Audio > Headphones,mission similarity,Health and Medicine,Competitor dept: Health and Medicine,Technology & connected workspace,0.825,Macks,,adjacency 33 < 40: far from what Staples sells
E0049,ENTER,"Halloween Wreaths, Garlands & Flowers","Wayfair: Holiday > Easter > Easter Wreaths, Garlands & Flowers | Wayfair: Holiday > Halloween > Halloween Wreaths, Garlands & Flowers | Wayfair: Holiday > Thanksgiving > Thanksgiving Wreaths, Garlands & Flowers",Furniture,Furniture > Decor,Furniture > Decor > Seasonal Decor,0.819189853994083,3,"Amazon, Walmart, Wayfair",3,1,1,0.6666666666666666,0.625,0.0,1.0,,"Holiday > Halloween > Halloween Wreaths, Garlands & Flowers",0.8527400189455631,27.513695484632304,0.0,10.032632919452404,44.99475804981221,0.0,0.0,3.0,0.0,0,Furniture > Decor > Artificial Plants & Flowers > Artificial Garlands & Swag,"Wayfair::Holiday > Halloween > Halloween Wreaths, Garlands & Flowers",0,,,,,Retail store & shipping,0.563234806060791,"Personal, fashion & novelty",0.637785792350769,-0.07455098628997803,0.0,0.0,True,,perishable,75.0,0.703444242477417,True,0.0,OFF-BRAND,OFF-BRAND,OFF-BRAND,OFF-BRAND,0.4316815460687829,A,"Pass - real gap, wrong store for Staples",1.0,0.0,,116,Party Supplies > Party Décor,mission similarity,Holiday,Competitor dept: Holiday,"Celebrations, gifting & creativity",0.975,"Halloween Wreaths, Garlands & Flowers",,"brand fit 0 < 35 (closest mission: Retail store & shipping; residential pull: Personal, fashion & novelty)"
E0050,ENTER,Pergola Canopies,Walmart: Patio & Garden > Outdoor Shade > Pergola Canopies | Wayfair: Outdoor > Outdoor Shades > Pergolas,Gift Shop,Gift Shop > Professional Gifts,Gift Shop > Professional Gifts > Compasses > Outdoor Decor,0.8423072813863689,3,"Amazon, Walmart, Wayfair",2,2,0,0.5,0.625,0.0,1.0,,Patio & Garden > Outdoor Shade > Pergola Canopies,0.8527400189455631,27.305997777954925,0.0,23.113658070678127,31.49833748523173,0.0,0.0,2.0,0.0,0,Gift Shop > Professional Gifts > Compasses > Outdoor Furniture Covers,Walmart::Patio & Garden > Outdoor Shade > Pergola Canopies,0,,,,,Commercial grounds & outdoor,0.5388445258140564,Backyard & garden living,0.6508470177650452,-0.11200249195098877,0.0,0.0,True,,bulky freight,75.0,0.5973312854766846,False,0.0,OFF-BRAND,OFF-BRAND,OFF-BRAND,OFF-BRAND,0.4313699995087668,A,"Pass - real gap, wrong store for Staples",1.0,0.0,,117,Furniture > Chairs & Seating,mission similarity,Patio & Garden,Competitor dept: Patio & Garden,Outdoor living & grounds,1.0,Pergola Canopies,,brand fit 0 < 35 (closest mission: Commercial grounds & outdoor; residential pull: Backyard & garden living)
E0323,ENTER,Marshmallows,Amazon: Grocery & Gourmet Food > Candy & Chocolate > Marshmallows,"Coffee, Water & Snacks","Coffee, Water & Snacks > Candy, Gum & Mints","Coffee, Water & Snacks > Candy, Gum & Mints > Chocolate",0.8747210163186803,1,Amazon,1,1,0,0.0,0.25,0.0,0.5,,Grocery & Gourmet Food > Candy & Chocolate > Marshmallows,0.9056603773584906,51.85725018329521,0.0,35.685291308500474,68.02920905808993,0.0,0.0,1.0,0.0,0,"Coffee, Water & Snacks > Candy, Gum & Mints > Chocolate",Amazon::Grocery & Gourmet Food > Candy & Chocolate > Marshmallows,0,,,,,School & classroom,0.5450530052185059,"Personal, fashion & novelty",0.57335364818573,-0.02830064296722412,24.68236933796135,14.80942160277681,True,,,75.0,0.7011888027191162,True,0.0,OFF-BRAND,OFF-BRAND,OFF-BRAND,OFF-BRAND,0.43075377508427,B,"Pass - real gap, wrong store for Staples",1.0,0.0,,118,"Coffee, Water & Snacks > Candy, Gum & Mints",graph/vector vote + mission similarity,Grocery & Gourmet Food,Competitor dept: Grocery & Gourmet Food,"Breakroom, kitchen & hospitality",1.0,Marshmallows,,"brand fit 15 < 35 (closest mission: School & classroom; residential pull: Personal, fashion & novelty)"
E0133,ENTER,Blink,Walmart: Health and Medicine > Eye Care > Blink,Healthcare Supplies,Healthcare Supplies > Personal Care,Healthcare Supplies > Personal Care > Skin Care > Eye Cream,0.8035286832753978,1,Walmart,1,1,0,1.0,0.25,0.0,0.5,,Health and Medicine > Eye Care > Blink,0.7858504958047292,27.254473864408254,0.0,16.726361031518625,37.78258669729789,0.0,0.0,1.0,0.0,0,Healthcare Supplies > Personal Care > Skin Care > Eye Cream,Walmart::Health and Medicine > Eye Care > Blink,0,,,,,Healthcare & clinics,0.5491988658905029,"Personal, fashion & novelty",0.49247080087661743,0.0567280650138855,70.07745305750667,42.046471834504004,False,,,75.0,0.6523917317390442,True,0.0,OFF-BRAND,OFF-BRAND,OFF-BRAND,OFF-BRAND,0.43035222883632973,B,"Pass - real gap, wrong store for Staples",0.998,0.0,,119,Healthcare Supplies > Personal Care,graph/vector vote + mission similarity,Health and Medicine,Competitor dept: Health and Medicine,"Health, safety & facilities",0.565,Blink,,adjacency 27 < 40: far from what Staples sells
E0395,ENTER,Springs,Amazon: Industrial & Scientific > Power Transmission Products > Springs,"Tools, Parts & Supplies","Tools, Parts & Supplies > Automotive","Tools, Parts & Supplies > Automotive",0.7783308593084964,1,Amazon,1,1,0,0.0,0.25,0.0,0.5,,Industrial & Scientific > Power Transmission Products > Springs,0.9056603773584906,32.849524043722525,0.0,16.84574976122254,48.853298326222514,0.0,0.0,1.0,0.0,0,"Tools, Parts & Supplies > Fittings",Amazon::Industrial & Scientific > Power Transmission Products > Springs,1,,,,,Technology for work,0.5574758648872375,Backyard & garden living,0.5423192381858826,0.01515662670135498,47.883314544211935,28.72998872652716,False,,,75.0,0.5975543856620789,False,0.0,OFF-BRAND,OFF-BRAND,OFF-BRAND,OFF-BRAND,0.4300833201224116,B,"Pass - real gap, wrong store for Staples",0.99,0.0,,120,"Tools, Parts & Supplies > Automotive",graph/vector vote + mission similarity,Industrial & Scientific,Competitor dept: Industrial & Scientific,"Health, safety & facilities",1.0,Springs,,brand fit 29 < 35 (closest mission: Technology for work; residential pull: Backyard & garden living)
E0248,ENTER,Traditional & International Sweets,Amazon: Grocery & Gourmet Food > Candy & Chocolate > Traditional & International Sweets,"Coffee, Water & Snacks","Coffee, Water & Snacks > Candy, Gum & Mints","Coffee, Water & Snacks > Candy, Gum & Mints > Chocolate",0.8705494797239202,1,Amazon,1,1,0,0.0,0.25,0.0,0.5,,Grocery & Gourmet Food > Candy & Chocolate > Traditional & International Sweets,0.9056603773584906,54.221147031432736,0.0,40.413085004775546,68.02920905808993,0.0,0.0,1.0,0.0,0,"Coffee, Water & Snacks > Snacks & Food > Fresh, Frozen & Dry Groceries > Sugar & Sweeteners",Amazon::Grocery & Gourmet Food > Candy & Chocolate > Traditional & International Sweets,0,,,,,Retail store & shipping,0.5550993084907532,"Personal, fashion & novelty",0.5900164246559143,-0.03491711616516113,21.14996996509064,12.689981979054384,True,,,75.0,0.6524617671966553,True,0.0,OFF-BRAND,OFF-BRAND,OFF-BRAND,OFF-BRAND,0.4300607411090314,B,"Pass - real gap, wrong store for Staples",1.0,0.0,,121,"Coffee, Water & Snacks > Candy, Gum & Mints",graph/vector vote + mission similarity,Grocery & Gourmet Food,Competitor dept: Grocery & Gourmet Food,"Breakroom, kitchen & hospitality",1.0,Traditional & International Sweets,,"brand fit 13 < 35 (closest mission: Retail store & shipping; residential pull: Personal, fashion & novelty)"
E0205,ENTER,Outad,Walmart: Health and Medicine > Foot Care > Outad,Healthcare Supplies,Healthcare Supplies > Personal Care,Furniture > Chairs & Seating > Stools & Ottomans > Foot Rests,0.7867284416473163,1,Walmart,1,1,0,0.0,0.25,0.0,0.5,,Health and Medicine > Foot Care > Outad,0.7858504958047292,27.727151903042888,0.0,13.99235912129895,41.46194468478683,0.0,0.0,1.0,0.0,0,Furniture > Chairs & Seating > Stools & Ottomans > Foot Rests,Walmart::Health and Medicine > Foot Care > Outad,1,,,,,Healthcare & clinics,0.6071431040763855,"Personal, fashion & novelty",0.5523118376731873,0.05483126640319824,69.06479117217738,41.438874703306425,False,,,75.0,0.626128077507019,True,0.0,OFF-BRAND,OFF-BRAND,VERTICAL EXTENSION,OFF-BRAND,0.42984605163188655,C,"Pass - real gap, wrong store for Staples",0.998,0.0,,122,Healthcare Supplies > Personal Care,graph/vector vote + mission similarity,Health and Medicine,Competitor dept: Health and Medicine,"Health, safety & facilities",1.0,Outad,,adjacency 28 < 40: far from what Staples sells
E0266,ENTER,Ensure,Walmart: Health and Medicine > Weight Loss > Ensure,Healthcare Supplies,Healthcare Supplies > Patient Care,Healthcare Supplies > Patient Care > Diagnostic & Exam Instruments > Health & Body Weight Scales,0.7974887990419207,1,Walmart,1,1,0,0.25,0.25,0.0,0.5,,Health and Medicine > Weight Loss > Ensure,0.8951182303585049,14.767409567785709,6.143676470885486,6.356255969436485,23.17856316613493,7.414082012386442,4.873270929384532,5.0,0.0,0,Healthcare Supplies > Patient Care > Diagnostic & Exam Instruments > Health & Body Weight Scales,Walmart::Health and Medicine > Weight Loss > Ensure,0,,,,,Healthcare & clinics,0.5846750140190125,"Personal, fashion & novelty",0.48125743865966797,0.10341757535934448,95.00402528564827,57.00241517138896,False,,,75.0,0.6583837866783142,True,6.143676470885486,OFF-BRAND,OFF-BRAND,OFF-BRAND,OFF-BRAND,0.42979032991164545,B,"Pass - real gap, wrong store for Staples",1.0,0.016,,123,Healthcare Supplies > Patient Care,graph/vector vote + mission similarity,Health and Medicine,Competitor dept: Health and Medicine,"Health, safety & facilities",0.99,Ensure,,adjacency 15 < 40: far from what Staples sells
E0150,ENTER,Children's Immunity Support,Walmart: Health and Medicine > Children's Health > Children's Immunity Support,Healthcare Supplies,Healthcare Supplies > Professional Dental Supplies,Healthcare Supplies > Professional Dental Supplies > Infection Prevention,0.7418560015626006,1,Walmart,1,1,0,1.0,0.25,0.0,0.5,,Health and Medicine > Children's Health > Children's Immunity Support,0.7858504958047292,29.776867675440702,0.0,4.811365807067813,54.74236954381359,0.0,0.0,1.0,0.0,0,Healthcare Supplies > Durable Medical Equipment > Orthopedics > Neck Supports,Walmart::Health and Medicine > Children's Health > Children's Immunity Support,0,,,,,Healthcare & clinics,0.5675035119056702,"Personal, fashion & novelty",0.5183011293411255,0.04920238256454468,66.05964550819714,39.63578730491828,False,,,75.0,0.5725219249725342,False,0.0,OFF-BRAND,OFF-BRAND,VERTICAL EXTENSION,OFF-BRAND,0.429314450493707,C,"Pass - real gap, wrong store for Staples",0.978,0.0,,124,Healthcare Supplies > Patient Care,graph/vector vote + mission similarity,Health and Medicine,Competitor dept: Health and Medicine,"Health, safety & facilities",0.61,Children's Immunity Support,,adjacency 30 < 40: far from what Staples sells
E0008,ENTER,Equate Protein,Walmart: Health and Medicine > Equate > Equate Protein | Walmart: Health and Medicine > Equate > Equate Beauty | Walmart: Health and Medicine > Equate > Equate Assurance,Healthcare Supplies,Healthcare Supplies > Professional Dental Supplies,Retail Store Supplies > Sewing & Tailoring > Elastic,0.7274935675383831,1,Walmart,3,1,0,0.3333333333333333,0.25,0.0,0.5,,Health and Medicine > Equate > Equate Protein,0.7858504958047292,28.728788193452583,0.0,0.883476599808978,56.57409978709618,0.0,0.0,3.0,0.0,0,Retail Store Supplies > Sewing & Tailoring > Elastic,Walmart::Health and Medicine > Equate > Equate Protein,0,,,,,Healthcare & clinics,0.5289938449859619,"Leisure, hobbies & sports",0.47802966833114624,0.050964176654815674,67.00023124827706,40.20013874896623,False,,,75.0,0.47131800651550293,False,0.0,OFF-BRAND,OFF-BRAND,VERTICAL EXTENSION,OFF-BRAND,0.4288710341588207,C,"Pass - real gap, wrong store for Staples",0.99,0.0,,125,Healthcare Supplies > OTC Pharmaceuticals,graph/vector vote + mission similarity,Health and Medicine,Competitor dept: Health and Medicine,"Health, safety & facilities",1.0,Equate Protein,,adjacency 29 < 40: far from what Staples sells
E0350,ENTER,Lawn Mowers & Tractors,"Amazon: Patio, Lawn & Garden > Outdoor Power Tools > Lawn Mowers & Tractors",Facilities,Facilities > Grounds Maintenance,Facilities > Grounds Maintenance > Outdoor Tools > Lawn & Garden Tools,0.9342367346225613,2,"Amazon, Walmart",1,1,1,0.0,0.5,0.0,1.0,,"Patio, Lawn & Garden > Outdoor Power Tools > Lawn Mowers & Tractors",0.9230819049263849,76.83250572297928,30.137932240634875,82.96322827125118,70.70178317470736,56.76955750491639,3.506306976353356,1.0,0.0,0,Facilities > Grounds Maintenance > Outdoor Tools > Lawn & Garden Tools,"Amazon::Patio, Lawn & Garden > Outdoor Power Tools > Lawn Mowers & Tractors",1,,,,,Commercial grounds & outdoor,0.7077720165252686,Backyard & garden living,0.69008868932724,0.017683327198028564,49.23226813064296,29.53936087838577,False,,,100.0,0.8395165205001831,True,30.137932240634875,OFF-BRAND,REVIEW,OFF-BRAND,OFF-BRAND,0.4281076016014031,B,"Pass - real gap, wrong store for Staples",0.824,0.0,,126,"Tools, Parts & Supplies > Power Tools",graph/vector vote + mission similarity,"Patio, Lawn & Garden","Competitor dept: Patio, Lawn & Garden","Health, safety & facilities",1.0,Lawn Mowers & Tractors,,brand fit 30 < 35 (closest mission: Commercial grounds & outdoor; residential pull: Backyard & garden living)
E0408,ENTER,Easter Grass,Walmart: Party & Occasions > Easter Party Supplies > Easter Grass,Party Supplies,Party Supplies > Party Décor,Party Supplies > Party Décor,0.7964025832970218,2,"Walmart, Wayfair",1,1,0,1.0,0.375,0.0,0.5,,Party & Occasions > Easter Party Supplies > Easter Grass,0.8486012683105278,30.34354410635792,0.0,15.830945558739254,44.85614265397659,0.0,0.0,1.0,0.0,0,Party Supplies > Party Décor,Walmart::Party & Occasions > Easter Party Supplies > Easter Grass,0,,,,,Office & business supplies,0.5855486989021301,Home living & seasonal decor,0.5551735162734985,0.030375182628631592,56.00818950482861,33.604913702897164,False,,,75.0,0.7271949052810669,True,0.0,OFF-BRAND,OFF-BRAND,OFF-BRAND,OFF-BRAND,0.42751533381191037,B,"Pass - real gap, wrong store for Staples",0.994,0.0,,127,Party Supplies > Party Décor,graph/vector vote + mission similarity,Party & Occasions,Competitor dept: Party & Occasions,"Celebrations, gifting & creativity",0.625,Easter Grass,,brand fit 34 < 35 (closest mission: Office & business supplies; residential pull: Home living & seasonal decor)
E0382,ENTER,Doctor Easy,Walmart: Health and Medicine > Ear Care > Doctor Easy,Healthcare Supplies,Healthcare Supplies > Patient Care,Healthcare Supplies > Patient Care,0.8017607267202244,1,Walmart,1,1,0,0.0,0.25,0.0,0.5,,Health and Medicine > Ear Care > Doctor Easy,0.7858504958047292,36.3887191212646,0.0,21.65711556829035,51.12032267423886,0.0,0.0,1.0,0.0,0,Healthcare Supplies > OTC Pharmaceuticals > Medicine & Vitamins > Ear Drops & Eye Drops,Walmart::Health and Medicine > Ear Care > Doctor Easy,1,,,,,Healthcare & clinics,0.5851927399635315,"Personal, fashion & novelty",0.5549993515014648,0.03019338846206665,55.91113332689899,33.546679996139396,False,,,75.0,0.7105075120925903,True,0.0,OFF-BRAND,OFF-BRAND,OFF-BRAND,OFF-BRAND,0.42705401304488505,B,"Pass - real gap, wrong store for Staples",0.9,0.0,,128,Healthcare Supplies > Patient Care,graph/vector vote + mission similarity,Health and Medicine,Competitor dept: Health and Medicine,"Health, safety & facilities",1.0,Doctor Easy,,"brand fit 34 < 35 (closest mission: Healthcare & clinics; residential pull: Personal, fashion & novelty)"
E0250,ENTER,Fixatives,"Amazon: Arts, Crafts & Sewing > Fabric Decorating > Fixatives",Arts & Crafts,Arts & Crafts > Crafting,Retail Store Supplies > Sewing & Tailoring > Fabric,0.8313754814731283,1,Amazon,1,1,0,0.0,0.25,0.0,0.5,,"Arts, Crafts & Sewing > Fabric Decorating > Fixatives",0.9056603773584906,43.32419169088922,0.0,36.77172874880611,49.876654632972325,0.0,0.0,1.0,0.0,0,Furniture > Decor > Decorative Accents,"Amazon::Arts, Crafts & Sewing > Fabric Decorating > Fixatives",1,,,,,Workspace decor & comfort,0.6076186299324036,Home living & seasonal decor,0.6227867603302002,-0.01516813039779663,31.693548523108866,19.01612911386532,True,,,75.0,0.662155032157898,True,0.0,OFF-BRAND,OFF-BRAND,OFF-BRAND,OFF-BRAND,0.42636760236783805,B,"Pass - real gap, wrong store for Staples",1.0,0.0,,129,Arts & Crafts > Crafting,graph/vector vote + mission similarity,"Arts, Crafts & Sewing","Competitor dept: Arts, Crafts & Sewing","Celebrations, gifting & creativity",1.0,Fixatives,,brand fit 19 < 35 (closest mission: Workspace decor & comfort; residential pull: Home living & seasonal decor)
E0278,ENTER,Tinsel,Amazon: Home & Kitchen > Seasonal Décor > Tinsel,Furniture,Furniture > Decor,Furniture > Decor > Seasonal Decor,0.9057770074536826,1,Amazon,1,1,0,1.0,0.25,0.0,0.5,,Home & Kitchen > Seasonal Décor > Tinsel,0.9056603773584906,52.756445291229184,0.0,47.52865329512894,57.98423728732942,0.0,0.0,1.0,0.0,0,Furniture > Decor > Seasonal Decor,Amazon::Home & Kitchen > Seasonal Décor > Tinsel,0,,,,,Workspace decor & comfort,0.6321020126342773,Home living & seasonal decor,0.6719127893447876,-0.039810776710510254,18.53734494201593,11.122406965209558,True,,,75.0,0.7617144584655762,True,0.0,OFF-BRAND,OFF-BRAND,OFF-BRAND,OFF-BRAND,0.4247285384710364,B,"Pass - real gap, wrong store for Staples",1.0,0.0,,130,Furniture > Decor,graph/vector vote + mission similarity,Home & Kitchen,Competitor dept: Home & Kitchen,Home décor & furnishings,0.97,Tinsel,,brand fit 11 < 35 (closest mission: Workspace decor & comfort; residential pull: Home living & seasonal decor)
E0243,ENTER,Eas,Walmart: Health and Medicine > Protein > Eas,Healthcare Supplies,Healthcare Supplies > Personal Care,Laboratory & Scientific Supplies > Biochemistry,0.7941677562634166,1,Walmart,1,1,0,1.0,0.25,0.0,0.5,,Health and Medicine > Protein > Eas,0.7858504958047292,17.778964691785152,0.0,8.106494746895892,27.451434636674414,0.0,0.0,1.0,0.0,0,Laboratory & Scientific Supplies > Biochemistry,Walmart::Health and Medicine > Protein > Eas,0,,,,,Healthcare & clinics,0.5558840036392212,Backyard & garden living,0.48596012592315674,0.06992387771606445,77.1224268855923,46.27345613135538,False,,,75.0,0.656317949295044,True,0.0,OFF-BRAND,OFF-BRAND,OFF-BRAND,OFF-BRAND,0.42459293367109785,B,"Pass - real gap, wrong store for Staples",1.0,0.0,,131,Laboratory & Scientific Supplies > Biochemistry,mission similarity,Health and Medicine,Competitor dept: Health and Medicine,"Health, safety & facilities",0.855,Eas,,adjacency 18 < 40: far from what Staples sells
E0363,ENTER,Wax Molding Materials,"Amazon: Arts, Crafts & Sewing > Beading & Jewelry Making > Wax Molding Materials",Arts & Crafts,Arts & Crafts > Crafting,Arts & Crafts > Crafting,0.8564526997058123,1,Amazon,1,1,0,1.0,0.25,0.0,0.5,,"Arts, Crafts & Sewing > Beading & Jewelry Making > Wax Molding Materials",0.9056603773584906,35.00654126422438,0.0,34.909264565425026,35.103817963023744,0.0,0.0,1.0,0.0,0,Healthcare Supplies > Professional Dental Supplies > Impression Material & Accessories,"Amazon::Arts, Crafts & Sewing > Beading & Jewelry Making > Wax Molding Materials",0,,,,,School & classroom,0.6070314049720764,"Personal, fashion & novelty",0.6073048114776611,-0.0002734065055847168,39.645536200220086,23.787321720132052,True,,,75.0,0.6346908807754517,True,0.0,OFF-BRAND,OFF-BRAND,OFF-BRAND,OFF-BRAND,0.4234335119403742,B,"Pass - real gap, wrong store for Staples",1.0,0.0,,132,Arts & Crafts > Crafting,graph/vector vote + mission similarity,"Arts, Crafts & Sewing","Competitor dept: Arts, Crafts & Sewing","Celebrations, gifting & creativity",0.69,Wax Molding Materials,,"brand fit 24 < 35 (closest mission: School & classroom; residential pull: Personal, fashion & novelty)"
E0103,ENTER,Slipcovers,Amazon: Home & Kitchen > Home Décor > Slipcovers | Wayfair: Furniture > Living Room Furniture > Slipcovers | WestElm: Furniture > Featured > Furniture Cushions & Slipcovers,Furniture,Furniture > Decor,Furniture > Decor,0.9239854276280546,4,"Amazon, Walmart, Wayfair, WestElm",3,3,1,0.0,0.75,0.0,1.0,,Furniture > Living Room Furniture > Slipcovers,0.7694041521402067,71.09584055987138,23.333333333333332,74.80499840815027,67.38668271159247,23.333333333333332,23.333333333333332,3.0,24.0,0,Furniture,Wayfair::Furniture > Living Room Furniture > Slipcovers,3,,,,,Office & home-office furniture,0.682152509689331,Home living & seasonal decor,0.7105322480201721,-0.028379738330841064,24.640141945137543,14.784085167082525,True,,,100.0,0.7063199281692505,True,23.333333333333332,OFF-BRAND,OFF-BRAND,OFF-BRAND,OFF-BRAND,0.42291062472950247,A,"Pass - real gap, wrong store for Staples",1.0,0.0,,133,Furniture > Decor,graph/vector vote + mission similarity,Furniture,Competitor dept: Furniture,Home décor & furnishings,1.0,Slipcovers,,brand fit 15 < 35 (closest mission: Office & home-office furniture; residential pull: Home living & seasonal decor)
E0147,ENTER,X-Acto,Walmart: Arts Crafts & Sewing > Elmer's > X-Acto,Healthcare Supplies,Healthcare Supplies > Professional Dental Supplies,Healthcare Supplies > Professional Dental Supplies > Operatory Products,0.7591223005347976,1,Walmart,1,1,0,0.0,0.25,0.0,0.5,,Arts Crafts & Sewing > Elmer's > X-Acto,0.7858504958047292,38.1635502760164,0.0,8.190066857688635,68.13703369434417,0.0,0.0,1.0,0.0,0,Healthcare Supplies > Professional Dental Supplies > Operatory Products,Walmart::Arts Crafts & Sewing > Elmer's > X-Acto,0,,,,,School & classroom,0.5867553949356079,"Personal, fashion & novelty",0.5678013563156128,0.018954038619995117,49.91067490352218,29.946404942113304,False,,,75.0,0.5448824167251587,False,0.0,OFF-BRAND,OFF-BRAND,OFF-BRAND,OFF-BRAND,0.42251570966896057,B,"Pass - real gap, wrong store for Staples",0.954,0.0,,134,Arts & Crafts > Crafting,graph/vector vote + mission similarity,"Arts, Crafts & Sewing","Competitor dept: Arts, Crafts & Sewing","Celebrations, gifting & creativity",1.0,X-Acto,,"brand fit 30 < 35 (closest mission: School & classroom; residential pull: Personal, fashion & novelty)"
E0154,ENTER,Sudafed,Walmart: Health and Medicine > Allergy Medicine > Sudafed,Healthcare Supplies,Healthcare Supplies > OTC Pharmaceuticals,Healthcare Supplies > OTC Pharmaceuticals > Medicine & Vitamins,0.8097024859760797,1,Walmart,1,1,0,1.0,0.25,0.0,0.5,,Health and Medicine > Allergy Medicine > Sudafed,0.7858504958047292,19.2935431189618,0.0,13.920725883476598,24.666360354447,0.0,0.0,1.0,0.0,0,Healthcare Supplies > OTC Pharmaceuticals > Medicine & Vitamins,Walmart::Health and Medicine > Allergy Medicine > Sudafed,0,,,,,Healthcare & clinics,0.5469897985458374,"Personal, fashion & novelty",0.4840832054615021,0.06290659308433533,73.37604250666004,44.025625503996025,False,,,75.0,0.5810417532920837,False,0.0,OFF-BRAND,OFF-BRAND,OFF-BRAND,OFF-BRAND,0.4223691400571441,B,"Pass - real gap, wrong store for Staples",1.0,0.0,,135,Healthcare Supplies > OTC Pharmaceuticals,graph/vector vote + mission similarity,Health and Medicine,Competitor dept: Health and Medicine,"Health, safety & facilities",0.95,Sudafed,,adjacency 19 < 40: far from what Staples sells
E0283,ENTER,Unisom,Walmart: Health and Medicine > Sleep Better > Unisom,Healthcare Supplies,Healthcare Supplies > OTC Pharmaceuticals,Healthcare Supplies > OTC Pharmaceuticals > Medicine & Vitamins > Sleep Aids,0.8407112835859782,1,Walmart,1,1,0,1.0,0.25,0.0,0.5,,Health and Medicine > Sleep Better > Unisom,0.7858504958047292,27.842351943085863,0.0,6.888729703915949,48.795974182255776,0.0,0.0,1.0,0.0,0,Healthcare Supplies > OTC Pharmaceuticals > Medicine & Vitamins > Sleep Aids,Walmart::Health and Medicine > Sleep Better > Unisom,0,,,,,Healthcare & clinics,0.49030327796936035,Home living & seasonal decor,0.44776153564453125,0.0425417423248291,62.50366625734417,37.502199754406504,False,,,75.0,0.7080681324005127,True,0.0,OFF-BRAND,OFF-BRAND,VERTICAL EXTENSION,OFF-BRAND,0.42214550179415117,C,"Pass - real gap, wrong store for Staples",1.0,0.0,,136,Healthcare Supplies > OTC Pharmaceuticals,graph/vector vote + mission similarity,Health and Medicine,Competitor dept: Health and Medicine,"Health, safety & facilities",1.0,Unisom,,adjacency 28 < 40: far from what Staples sells
E0282,ENTER,Wart,Walmart: Health and Medicine > Foot Care > Wart,Healthcare Supplies,Healthcare Supplies > Personal Care,Healthcare Supplies > Personal Care > Skin Care,0.8104555578818423,1,Walmart,1,1,0,0.0,0.25,0.0,0.5,,Health and Medicine > Foot Care > Wart,0.7858504958047292,29.022519620330378,0.0,16.583094555873924,41.46194468478683,0.0,0.0,1.0,0.0,0,Healthcare Supplies > Personal Care > Skin Care,Walmart::Health and Medicine > Foot Care > Wart,1,,,,,Healthcare & clinics,0.5896857976913452,"Personal, fashion & novelty",0.5522283911705017,0.037457406520843506,59.78924362338525,35.87354617403115,False,,,75.0,0.6557257175445557,True,0.0,OFF-BRAND,OFF-BRAND,VERTICAL EXTENSION,OFF-BRAND,0.42065844614926723,C,"Pass - real gap, wrong store for Staples",0.996,0.0,,137,Healthcare Supplies > Personal Care,graph/vector vote + mission similarity,Health and Medicine,Competitor dept: Health and Medicine,"Health, safety & facilities",1.0,Wart,,adjacency 29 < 40: far from what Staples sells
E0172,ENTER,Cabinet Knobs & Pulls,WestElm: Bath > Bathroom Renovation > Cabinet Knobs & Pulls,Facilities,Facilities > Plumbing,Facilities > Plumbing > Bathroom Hardware,0.8656296234390235,2,"Walmart, WestElm",1,1,1,0.0,0.375,0.0,0.5,,Bath > Bathroom Renovation > Cabinet Knobs & Pulls,0.7561145414135038,60.438106092735616,0.0,51.38490926456542,69.49130292090581,0.0,0.0,1.0,28.0,0,Facilities > Hardware > Door Hardware > Push Plates & Pulls,WestElm::Bath > Bathroom Renovation > Cabinet Knobs & Pulls,1,,,,,Workspace decor & comfort,0.5926375985145569,Residential bedroom & bath,0.6230756044387817,-0.030438005924224854,23.54127508078813,14.124765048472877,True,,,75.0,0.6677221059799194,True,0.0,OFF-BRAND,OFF-BRAND,OFF-BRAND,OFF-BRAND,0.41982387044807473,B,"Pass - real gap, wrong store for Staples",1.0,0.0,,138,Facilities > Bathroom Fixtures,graph/vector vote + mission similarity,Bath,Competitor dept: Bath,"Health, safety & facilities",1.0,Cabinet Knobs & Pulls,,brand fit 14 < 35 (closest mission: Workspace decor & comfort; residential pull: Residential bedroom & bath)
E0274,ENTER,Onyx,Walmart: Health and Medicine > Foot Care > Onyx Professional,Healthcare Supplies,Healthcare Supplies > Personal Care,Healthcare Supplies > Personal Care > Skin Care,0.7914718509968012,1,Walmart,1,1,0,0.0,0.25,0.0,0.5,,Health and Medicine > Foot Care > Onyx,0.7858504958047292,28.712108923100196,0.0,15.96227316141356,41.46194468478683,0.0,0.0,1.0,0.0,0,Healthcare Supplies > Personal Care > Skin Care,Walmart::Health and Medicine > Foot Care > Onyx Professional,0,,,,,Healthcare & clinics,0.5689495801925659,"Personal, fashion & novelty",0.5387390851974487,0.030210494995117188,55.92026615413367,33.5521596924802,False,,,75.0,0.5860158205032349,False,0.0,OFF-BRAND,OFF-BRAND,OFF-BRAND,OFF-BRAND,0.41555005714032006,B,"Pass - real gap, wrong store for Staples",1.0,0.0,,139,Healthcare Supplies > Personal Care,graph/vector vote + mission similarity,Health and Medicine,Competitor dept: Health and Medicine,"Health, safety & facilities",1.0,Onyx,,"brand fit 34 < 35 (closest mission: Healthcare & clinics; residential pull: Personal, fashion & novelty)"
E0173,ENTER,Australian Dream,Walmart: Health and Medicine > Pain management > Australian Dream,Healthcare Supplies,Healthcare Supplies > OTC Pharmaceuticals,Healthcare Supplies > OTC Pharmaceuticals > Medicine & Vitamins > Pain Relievers,0.7849290669172622,1,Walmart,1,1,0,1.0,0.25,0.0,0.5,,Health and Medicine > Pain management > Australian Dream,0.7858504958047292,27.850927748903985,0.0,5.265042979942693,50.43681251786528,0.0,0.0,1.0,0.0,0,Healthcare Supplies > OTC Pharmaceuticals > Medicine & Vitamins > Pain Relievers,Walmart::Health and Medicine > Pain management > Australian Dream,0,,,,,Healthcare & clinics,0.5081868171691895,"Leisure, hobbies & sports",0.4771438241004944,0.03104299306869507,56.36471980565598,33.818831883393585,False,,,75.0,0.6062299013137817,True,0.0,OFF-BRAND,OFF-BRAND,OFF-BRAND,OFF-BRAND,0.41479162976085254,B,"Pass - real gap, wrong store for Staples",1.0,0.0,,140,Healthcare Supplies > OTC Pharmaceuticals,graph/vector vote + mission similarity,Health and Medicine,Competitor dept: Health and Medicine,"Health, safety & facilities",0.97,Australian Dream,,"brand fit 34 < 35 (closest mission: Healthcare & clinics; residential pull: Leisure, hobbies & sports)"
E0177,ENTER,Sunbeam,Walmart: Health and Medicine > Pain management > Sunbeam,Healthcare Supplies,Healthcare Supplies > OTC Pharmaceuticals,Healthcare Supplies > OTC Pharmaceuticals > Medicine & Vitamins > Pain Relievers,0.7974220417785408,1,Walmart,1,1,0,1.0,0.25,0.0,0.5,,Health and Medicine > Pain management > Sunbeam,0.7858504958047292,31.032637395513344,0.0,11.628462273161412,50.43681251786528,0.0,0.0,1.0,0.0,0,Healthcare Supplies > Personal Care > Skin Care > Sunscreen & Sunblock,Walmart::Health and Medicine > Pain management > Sunbeam,0,,,,,Healthcare & clinics,0.5308261513710022,"Leisure, hobbies & sports",0.5075194835662842,0.023306667804718018,52.234454376738796,31.340672626043276,False,,,75.0,0.597747802734375,False,0.0,OFF-BRAND,OFF-BRAND,OFF-BRAND,OFF-BRAND,0.4146078757160659,B,"Pass - real gap, wrong store for Staples",0.994,0.0,,141,Healthcare Supplies > OTC Pharmaceuticals,graph/vector vote + mission similarity,Health and Medicine,Competitor dept: Health and Medicine,"Health, safety & facilities",0.55,Sunbeam,,"brand fit 31 < 35 (closest mission: Healthcare & clinics; residential pull: Leisure, hobbies & sports)"
E0180,ENTER,Bathrobes,Wayfair: Bedding & Bath > Bath Rugs & Towels > Bathrobes,Furniture,Furniture > Decor,Furniture > Decor > Bath Mats & Towels,0.9144303094430953,2,"Walmart, Wayfair",1,1,1,0.0,0.375,0.0,0.5,,Bedding & Bath > Bath Rugs & Towels > Bathrobes,0.868216287713671,64.37768066292836,0.0,63.59837631327602,65.15698501258068,0.0,0.0,1.0,0.0,0,Furniture > Decor > Bath Mats & Towels,Wayfair::Bedding & Bath > Bath Rugs & Towels > Bathrobes,1,,,,,Workspace decor & comfort,0.6368507146835327,Residential bedroom & bath,0.7195155024528503,-0.08266478776931763,0.0,0.0,True,,,75.0,0.8426079750061035,True,0.0,OFF-BRAND,OFF-BRAND,OFF-BRAND,OFF-BRAND,0.4142989641514431,B,"Pass - real gap, wrong store for Staples",1.0,0.0,,142,Furniture > Decor,graph/vector vote + mission similarity,Bedding & Bath,Competitor dept: Bedding & Bath,Home décor & furnishings,1.0,Bathrobes,,brand fit 0 < 35 (closest mission: Workspace decor & comfort; residential pull: Residential bedroom & bath)
E0256,ENTER,Ocusoft,Walmart: Health and Medicine > Eye Care > Ocusoft,Healthcare Supplies,Healthcare Supplies > Personal Care,Expanded Assortment > Personal Care & Eyewear,0.8152599594075415,1,Walmart,1,1,0,0.0,0.25,0.0,0.5,,Health and Medicine > Eye Care > Ocusoft,0.7858504958047292,29.130966223529555,0.0,19.854345749761222,38.40758669729789,0.0,0.0,1.0,0.0,0,Expanded Assortment > Personal Care & Eyewear,Walmart::Health and Medicine > Eye Care > Ocusoft,1,,,,,Healthcare & clinics,0.5624428391456604,"Personal, fashion & novelty",0.5355697870254517,0.02687305212020874,54.13847383583421,32.483084301500526,False,,,75.0,0.6401905417442322,True,0.0,OFF-BRAND,OFF-BRAND,OFF-BRAND,OFF-BRAND,0.41404019230900474,B,"Pass - real gap, wrong store for Staples",0.998,0.0,,143,Healthcare Supplies > OTC Pharmaceuticals,graph/vector vote + mission similarity,Health and Medicine,Competitor dept: Health and Medicine,"Health, safety & facilities",1.0,Ocusoft,,"brand fit 32 < 35 (closest mission: Healthcare & clinics; residential pull: Personal, fashion & novelty)"
E0224,ENTER,Superfeet,Walmart: Health and Medicine > Foot Care > Superfeet,Healthcare Supplies,Healthcare Supplies > Durable Medical Equipment,Healthcare Supplies > Durable Medical Equipment > Orthopedics > Ankle & Foot Supports,0.7967926728709276,1,Walmart,1,1,0,1.0,0.25,0.0,0.5,,Health and Medicine > Foot Care > Superfeet,0.7858504958047292,27.34510796799036,0.0,13.228271251193888,41.46194468478683,0.0,0.0,1.0,0.0,0,Healthcare Supplies > Durable Medical Equipment > Orthopedics > Ankle & Foot Supports,Walmart::Health and Medicine > Foot Care > Superfeet,0,,,,,Healthcare & clinics,0.5529764890670776,"Personal, fashion & novelty",0.5223258137702942,0.030650675296783447,56.15526939151408,33.69316163490845,False,,,75.0,0.6238903999328613,True,0.0,OFF-BRAND,OFF-BRAND,OFF-BRAND,OFF-BRAND,0.4137815595925118,B,"Pass - real gap, wrong store for Staples",1.0,0.0,,144,Healthcare Supplies > Wound Care,mission similarity,Health and Medicine,Competitor dept: Health and Medicine,"Health, safety & facilities",0.965,Superfeet,,"brand fit 34 < 35 (closest mission: Healthcare & clinics; residential pull: Personal, fashion & novelty)"
E0174,ENTER,Bengay,Walmart: Health and Medicine > Pain management > Bengay,Healthcare Supplies,Healthcare Supplies > OTC Pharmaceuticals,Healthcare Supplies > OTC Pharmaceuticals > Medicine & Vitamins > Pain Relievers,0.7867973661007204,1,Walmart,1,1,0,1.0,0.25,0.0,0.5,,Health and Medicine > Pain management > Bengay,0.7858504958047292,27.707661273259287,0.0,4.978510028653295,50.43681251786528,0.0,0.0,1.0,0.0,0,Healthcare Supplies > OTC Pharmaceuticals > Medicine & Vitamins > Pain Relievers,Walmart::Health and Medicine > Pain management > Bengay,0,,,,,Healthcare & clinics,0.5281731486320496,"Leisure, hobbies & sports",0.49870264530181885,0.029470503330230713,55.52519977741359,33.31511986644815,False,,,75.0,0.6628561019897461,True,0.0,OFF-BRAND,OFF-BRAND,OFF-BRAND,OFF-BRAND,0.41356930601349456,B,"Pass - real gap, wrong store for Staples",1.0,0.0,,145,Healthcare Supplies > OTC Pharmaceuticals,graph/vector vote + mission similarity,Health and Medicine,Competitor dept: Health and Medicine,"Health, safety & facilities",0.91,Bengay,,"brand fit 33 < 35 (closest mission: Healthcare & clinics; residential pull: Leisure, hobbies & sports)"
E0219,ENTER,Spenco,Walmart: Health and Medicine > Foot Care > Spenco,Healthcare Supplies,Healthcare Supplies > Personal Care,Healthcare Supplies > Personal Care,0.7944728823102302,1,Walmart,1,1,0,0.0,0.25,0.0,0.5,,Health and Medicine > Foot Care > Spenco,0.7858504958047292,28.72404779607059,0.0,15.986150907354348,41.46194468478683,0.0,0.0,1.0,0.0,0,Healthcare Supplies > Personal Care,Walmart::Health and Medicine > Foot Care > Spenco,0,,,,,Healthcare & clinics,0.5864598751068115,"Personal, fashion & novelty",0.55977863073349,0.026681244373321533,54.036071612694045,32.42164296761643,False,,,75.0,0.605300784111023,True,0.0,OFF-BRAND,OFF-BRAND,OFF-BRAND,OFF-BRAND,0.41330693200004814,B,"Pass - real gap, wrong store for Staples",1.0,0.0,,146,Healthcare Supplies > Personal Care,graph/vector vote + mission similarity,Health and Medicine,Competitor dept: Health and Medicine,"Health, safety & facilities",0.895,Spenco,,"brand fit 32 < 35 (closest mission: Healthcare & clinics; residential pull: Personal, fashion & novelty)"
E0135,ENTER,Kaopectate,Walmart: Health and Medicine > Digestive Health > Kaopectate,Healthcare Supplies,Healthcare Supplies > OTC Pharmaceuticals,Healthcare Supplies > OTC Pharmaceuticals > Medicine & Vitamins > Laxatives,0.8070259535477528,1,Walmart,1,1,0,1.0,0.25,0.0,0.5,,Health and Medicine > Digestive Health > Kaopectate,0.7858504958047292,26.38863717133396,0.0,13.16857688634193,39.60869745632599,0.0,0.0,1.0,0.0,0,Healthcare Supplies > OTC Pharmaceuticals > Medicine & Vitamins > Laxatives,Walmart::Health and Medicine > Digestive Health > Kaopectate,0,,,,,Healthcare & clinics,0.5097899436950684,Backyard & garden living,0.4776530861854553,0.03213685750961304,56.94871160151317,34.1692269609079,False,,,75.0,0.6415902376174927,True,0.0,OFF-BRAND,OFF-BRAND,OFF-BRAND,OFF-BRAND,0.4132989840495261,B,"Pass - real gap, wrong store for Staples",1.0,0.0,,147,Healthcare Supplies > OTC Pharmaceuticals,graph/vector vote + mission similarity,Health and Medicine,Competitor dept: Health and Medicine,"Health, safety & facilities",1.0,Kaopectate,,brand fit 34 < 35 (closest mission: Healthcare & clinics; residential pull: Backyard & garden living)
E0346,ENTER,Blue Emu,Walmart: Health and Medicine > Pain management > Blue Emu,Healthcare Supplies,Healthcare Supplies > OTC Pharmaceuticals,Healthcare Supplies > OTC Pharmaceuticals > Medicine & Vitamins > Pain Relievers,0.7846386018690528,1,Walmart,1,1,0,1.0,0.25,0.0,0.5,,Health and Medicine > Pain management > Blue Emu,0.7858504958047292,27.89868324078555,0.0,5.360553963705827,50.43681251786528,0.0,0.0,1.0,0.0,0,Healthcare Supplies > OTC Pharmaceuticals > Medicine & Vitamins > Pain Relievers,Walmart::Health and Medicine > Pain management > Blue Emu,0,,,,,Healthcare & clinics,0.509064793586731,"Leisure, hobbies & sports",0.48218074440956116,0.0268840491771698,54.14434493905651,32.48660696343391,False,,,75.0,0.6601332426071167,True,0.0,OFF-BRAND,OFF-BRAND,OFF-BRAND,OFF-BRAND,0.4121988131587555,B,"Pass - real gap, wrong store for Staples",1.0,0.0,,148,Healthcare Supplies > OTC Pharmaceuticals,graph/vector vote + mission similarity,Health and Medicine,Competitor dept: Health and Medicine,"Health, safety & facilities",0.97,Blue Emu,,"brand fit 32 < 35 (closest mission: Healthcare & clinics; residential pull: Leisure, hobbies & sports)"
E0336,ENTER,Sony PSP,Amazon: Electronics > Video Game Consoles & Accessories > Sony PSP,Gaming,Gaming > Handheld Consoles,Gaming > Handheld Consoles,0.872261401520062,1,Amazon,1,1,0,0.0,0.25,0.0,0.5,,Electronics > Video Game Consoles & Accessories > Sony PSP,0.9056603773584906,26.048962231001166,0.0,34.061604584527224,18.03631987747511,0.0,0.0,1.0,0.0,0,Gaming > Handheld Consoles,Amazon::Electronics > Video Game Consoles & Accessories > Sony PSP,0,,,,,Technology for work,0.5431561470031738,"Leisure, hobbies & sports",0.5404647588729858,0.0026913881301879883,41.228379264612656,24.737027558767593,False,,,75.0,0.7658324837684631,True,0.0,OFF-BRAND,OFF-BRAND,OFF-BRAND,OFF-BRAND,0.4118965550678105,B,"Pass - real gap, wrong store for Staples",1.0,0.0,,149,Gaming > Handheld Consoles,graph/vector vote + mission similarity,Electronics,Competitor dept: Electronics,Technology & connected workspace,1.0,Sony PSP,,"brand fit 25 < 35 (closest mission: Technology for work; residential pull: Leisure, hobbies & sports)"
E0139,ENTER,Mouldings,Walmart: Home Improvement > Building Materials > Mouldings,Facilities,Facilities > Material Handling,School Supplies > Learning at Home > Building Sets,0.8230991917302439,1,Walmart,1,1,0,0.0,0.25,0.0,0.5,,Home Improvement > Building Materials > Mouldings,0.7858504958047292,49.47736026072273,0.0,24.964183381088827,73.99053714035664,0.0,0.0,1.0,0.0,0,School Supplies > Learning at Home > Building Sets,Walmart::Home Improvement > Building Materials > Mouldings,1,,,,,Office & home-office furniture,0.569625735282898,Home living & seasonal decor,0.5955585241317749,-0.025932788848876953,25.946518100070264,15.567910860042158,True,,,75.0,0.632205605506897,True,0.0,OFF-BRAND,OFF-BRAND,OFF-BRAND,OFF-BRAND,0.4107294364818778,B,"Pass - real gap, wrong store for Staples",1.0,0.0,,150,Arts & Crafts > Crafting,mission similarity,Home Improvement,Competitor dept: Home Improvement,"Celebrations, gifting & creativity",1.0,Mouldings,,brand fit 16 < 35 (closest mission: Office & home-office furniture; residential pull: Home living & seasonal decor)
E0372,ENTER,Ppis,Walmart: Health and Medicine > Digestive Health > Ppis,Healthcare Supplies,Healthcare Supplies > OTC Pharmaceuticals,Healthcare Supplies > OTC Pharmaceuticals > Medicine & Vitamins > Probiotics,0.7908374218535397,1,Walmart,1,1,0,0.0,0.25,0.0,0.5,,Health and Medicine > Digestive Health > Ppis,0.7858504958047292,26.108073656529758,0.0,12.607449856733524,39.60869745632599,0.0,0.0,1.0,0.0,0,Healthcare Supplies > OTC Pharmaceuticals > Medicine & Vitamins > Probiotics,Walmart::Health and Medicine > Digestive Health > Ppis,0,,,,,Healthcare & clinics,0.556296169757843,Backyard & garden living,0.5277407765388489,0.02855539321899414,55.03664125290425,33.02198475174255,False,,,75.0,0.6545496582984924,True,0.0,OFF-BRAND,OFF-BRAND,OFF-BRAND,OFF-BRAND,0.41058365435898914,B,"Pass - real gap, wrong store for Staples",1.0,0.0,,151,Healthcare Supplies > OTC Pharmaceuticals,graph/vector vote + mission similarity,Health and Medicine,Competitor dept: Health and Medicine,"Health, safety & facilities",1.0,Ppis,,brand fit 33 < 35 (closest mission: Healthcare & clinics; residential pull: Backyard & garden living)
E0234,ENTER,ZEISS,Walmart: Health and Medicine > Eye Care > ZEISS,Healthcare Supplies,Healthcare Supplies > Personal Care,Expanded Assortment > Personal Care & Eyewear,0.8145132002068861,1,Walmart,1,1,0,1.0,0.25,0.0,0.5,,Health and Medicine > Eye Care > ZEISS,0.7858504958047292,27.19089936584092,0.0,15.974212034383951,38.40758669729789,0.0,0.0,1.0,0.0,0,Expanded Assortment > Personal Care & Eyewear,Walmart::Health and Medicine > Eye Care > ZEISS,0,,,,,Healthcare & clinics,0.5751107931137085,"Personal, fashion & novelty",0.5493786334991455,0.02573215961456299,53.52937472050605,32.117624832303626,False,,,75.0,0.6313838958740234,True,0.0,OFF-BRAND,OFF-BRAND,OFF-BRAND,OFF-BRAND,0.410399173084078,B,"Pass - real gap, wrong store for Staples",1.0,0.0,,152,Healthcare Supplies > Personal Care,graph/vector vote + mission similarity,Health and Medicine,Competitor dept: Health and Medicine,"Health, safety & facilities",0.98,ZEISS,,"brand fit 32 < 35 (closest mission: Healthcare & clinics; residential pull: Personal, fashion & novelty)"
D0078,DEEPEN,Digital Picture Frames,"Phones, Cameras & Electronics > Cameras, Camcorders & Accessories > Digital Picture Frames","Phones, Cameras & Electronics","Phones, Cameras & Electronics > Cameras, Camcorders & Accessories","Phones, Cameras & Electronics > Cameras, Camcorders & Accessories > Digital Picture Frames",1.0,2,"Amazon, OfficeDepot",4,2,0,0.0,0.5,0.3333333333333333,0.5,OfficeDepot,"Phones, Cameras & Electronics > Cameras, Camcorders & Accessories > Digital Picture Frames (competitors: Digital Picture Frames, Picture Frames, Picture Framing)",0.7020727224126225,91.03911454808551,30.10992959328103,,,,,,,1,"Phones, Cameras & Electronics > Cameras, Camcorders & Accessories > Digital Picture Frames","Staples::Phones, Cameras & Electronics > Cameras, Camcorders & Accessories > Digital Picture Frames",0,"Digital Picture Frames, Picture Frames, Picture Framing",24.0,0.501923857294244,3.0,Healthcare & clinics,0.5581589341163635,"Leisure, hobbies & sports",0.5685317516326904,-0.010372817516326904,34.25366774500853,33.88553398033845,True,,,90.0,0.893913745880127,True,30.10992959328103,OFF-BRAND,,,OFF-BRAND,0.4097705951214066,B,"Pass - real gap, wrong store for Staples",0.558,0.002,,153,"Phones, Cameras & Electronics > Cameras, Camcorders & Accessories",own aisle (DEEPEN),,"Phones, Cameras & Electronics > Cameras, Camcorders & Accessories",Technology & connected workspace,,Digital Picture Frames,,"brand fit 34 < 35 (closest mission: Healthcare & clinics; residential pull: Leisure, hobbies & sports)"
E0119,ENTER,Visine,Walmart: Health and Medicine > Eye Care > Visine,Healthcare Supplies,Healthcare Supplies > Personal Care,Healthcare Supplies > Personal Care > Skin Care > Eye Cream,0.8011292043913076,1,Walmart,1,1,0,0.0,0.25,0.0,0.5,,Health and Medicine > Eye Care > Visine,0.7858504958047292,27.16105218341494,0.0,15.914517669531994,38.40758669729789,0.0,0.0,1.0,0.0,0,Healthcare Supplies > Personal Care > Skin Care > Eye Cream,Walmart::Health and Medicine > Eye Care > Visine,0,,,,,Healthcare & clinics,0.5396273732185364,"Personal, fashion & novelty",0.5161803960800171,0.023446977138519287,52.30936265308186,31.385617591849115,False,,,75.0,0.6805368661880493,True,0.0,OFF-BRAND,OFF-BRAND,OFF-BRAND,OFF-BRAND,0.40889038782952997,B,"Pass - real gap, wrong store for Staples",1.0,0.0,,154,Healthcare Supplies > Personal Care,graph/vector vote + mission similarity,Health and Medicine,Competitor dept: Health and Medicine,"Health, safety & facilities",0.99,Visine,,"brand fit 31 < 35 (closest mission: Healthcare & clinics; residential pull: Personal, fashion & novelty)"
D0061,DEEPEN,Jewelry Boxes & Cases,"Gift Shop > Home, Personal & Travel > Jewelry Boxes & Cases",Gift Shop,"Gift Shop > Home, Personal & Travel","Gift Shop > Home, Personal & Travel > Jewelry Boxes & Cases",1.0,4,"Amazon, Walmart, Wayfair, WestElm",4,4,0,0.0,0.75,0.0,1.0,,"Gift Shop > Home, Personal & Travel > Jewelry Boxes & Cases (competitors: Jewelry Armoires, Jewelry Casting Supplies, Jewelry Making Kits)",0.701104650135261,61.282605512374246,17.690979799239496,,,,,,,1,"Gift Shop > Home, Personal & Travel > Jewelry Boxes & Cases","Staples::Gift Shop > Home, Personal & Travel > Jewelry Boxes & Cases",0,"Jewelry Armoires, Jewelry Casting Supplies, Jewelry Making Kits",15.0,0.9621368833723754,3.0,School & classroom,0.6217650175094604,"Personal, fashion & novelty",0.6741403341293335,-0.05237531661987305,11.829394714078703,7.0976368284472215,True,,bulky freight,90.0,0.8727098703384399,True,17.690979799239496,OFF-BRAND,,,OFF-BRAND,0.4084872216763181,A,"Pass - real gap, wrong store for Staples",1.0,0.0,,155,Furniture > Bookcases & Bookshelves,mission similarity,,Furniture > Bookcases & Bookshelves,Home décor & furnishings,,Jewelry Boxes & Cases,,"brand fit 7 < 35 (closest mission: School & classroom; residential pull: Personal, fashion & novelty)"
E0254,ENTER,Costa Del Mar Sunglasses,Walmart: Health and Medicine > Vision Centers > Costa Del Mar Sunglasses,Safety Supplies,Safety Supplies > Personal Protective Equipment (PPE),Expanded Assortment > Personal Care & Eyewear,0.7897513157958114,1,Walmart,1,1,0,0.0,0.25,0.0,0.5,,Health and Medicine > Vision Centers > Costa Del Mar Sunglasses,0.7858504958047292,33.63859698626052,0.0,14.37440305635148,52.90279091616956,0.0,0.0,1.0,0.0,0,Wearable Technology > Camera Glasses,Walmart::Health and Medicine > Vision Centers > Costa Del Mar Sunglasses,1,,,,,Healthcare & clinics,0.5326057076454163,"Personal, fashion & novelty",0.525379478931427,0.007226228713989258,43.64943766764267,26.189662600585603,False,,,75.0,0.5482565760612488,False,0.0,OFF-BRAND,OFF-BRAND,OFF-BRAND,OFF-BRAND,0.40821479505127134,B,"Pass - real gap, wrong store for Staples",0.996,0.0,,156,Healthcare Supplies > OTC Pharmaceuticals,graph/vector vote + mission similarity,Health and Medicine,Competitor dept: Health and Medicine,"Health, safety & facilities",1.0,Costa Del Mar Sunglasses,,"brand fit 26 < 35 (closest mission: Healthcare & clinics; residential pull: Personal, fashion & novelty)"
E0044,ENTER,Nintendo 3DS,Amazon: Electronics > Video Game Consoles & Accessories > Nintendo 3DS | Amazon: Electronics > Video Game Consoles & Accessories > Nintendo DS,Gaming,Gaming > Handheld Consoles,Gaming > Handheld Consoles,0.8824499306126263,1,Amazon,2,1,0,0.0,0.25,0.0,0.5,,Electronics > Video Game Consoles & Accessories > Nintendo 3DS,0.9056603773584906,27.004072068632496,0.0,35.971824259789884,18.03631987747511,0.0,0.0,2.0,0.0,0,Gaming > Handheld Consoles,Amazon::Electronics > Video Game Consoles & Accessories > Nintendo 3DS,0,,,,,Technology for work,0.5449453592300415,"Personal, fashion & novelty",0.5509428977966309,-0.0059975385665893555,36.58953946334425,21.95372367800655,True,,,75.0,0.7804758548736572,True,0.0,OFF-BRAND,OFF-BRAND,OFF-BRAND,OFF-BRAND,0.4077626120627354,B,"Pass - real gap, wrong store for Staples",1.0,0.0,,157,Gaming > Handheld Consoles,graph/vector vote + mission similarity,Electronics,Competitor dept: Electronics,Technology & connected workspace,1.0,Nintendo 3DS,,"brand fit 22 < 35 (closest mission: Technology for work; residential pull: Personal, fashion & novelty)"
E0189,ENTER,Ortopad,Walmart: Health and Medicine > Eye Care > Ortopad,Healthcare Supplies,Healthcare Supplies > OTC Pharmaceuticals,Healthcare Supplies > OTC Pharmaceuticals > Medicine & Vitamins,0.8086932143703592,1,Walmart,1,1,0,0.0,0.25,0.0,0.5,,Health and Medicine > Eye Care > Ortopad,0.7858504958047292,30.026381696308924,0.0,21.64517669531996,38.40758669729789,0.0,0.0,1.0,0.0,0,Healthcare Supplies > OTC Pharmaceuticals > Medicine & Vitamins,Walmart::Health and Medicine > Eye Care > Ortopad,1,,,,,Healthcare & clinics,0.5178161859512329,"Personal, fashion & novelty",0.503468930721283,0.014347255229949951,47.45120771139019,28.470724626834112,False,,,75.0,0.6434046626091003,True,0.0,OFF-BRAND,OFF-BRAND,OFF-BRAND,OFF-BRAND,0.407358596168841,B,"Pass - real gap, wrong store for Staples",0.998,0.0,,158,Healthcare Supplies > OTC Pharmaceuticals,graph/vector vote + mission similarity,Health and Medicine,Competitor dept: Health and Medicine,"Health, safety & facilities",1.0,Ortopad,,"brand fit 28 < 35 (closest mission: Healthcare & clinics; residential pull: Personal, fashion & novelty)"
E0034,ENTER,Beats By Dre,Walmart: Electronics > Apple Brand Shop > Beats By Dre | Walmart: Electronics > Apple Brand Shop > Refurbished Beats by Dr Dre,Audio,Audio > Headphones,Audio > Headphones > Headphones,0.7893618470807942,1,Walmart,2,1,0,0.5,0.25,0.0,0.5,,Electronics > Apple Brand > Beats By Dre,0.7858504958047292,30.96002658334566,0.0,6.393266475644698,55.52678669104662,0.0,0.0,2.0,0.0,0,Audio > Headphones > Headphones,Walmart::Electronics > Apple Brand Shop > Beats By Dre,0,,,,,Technology for work,0.5173166394233704,"Personal, fashion & novelty",0.5051592588424683,0.0121573805809021,46.282078538559254,27.769247123135553,False,,,75.0,0.6663564443588257,True,0.0,OFF-BRAND,OFF-BRAND,OFF-BRAND,OFF-BRAND,0.40735610849199894,B,"Pass - real gap, wrong store for Staples",0.998,0.0,,159,Audio > Headphones,graph/vector vote + mission similarity,Electronics,Competitor dept: Electronics,Technology & connected workspace,1.0,Beats By Dre,,"brand fit 28 < 35 (closest mission: Technology for work; residential pull: Personal, fashion & novelty)"
E0064,ENTER,Manitoba Harvest Hemp Protein,Walmart: Health and Medicine > Cleanses > Manitoba Harvest Hemp Protein | Walmart: Health and Medicine > Cleanses > Manitoba Harvest Hemp Bites | Walmart: Health and Medicine > Cleanses > Manitoba Harvest | Walmart: Health and Medicine > Cleanses > Manitoba Harvest Hemp Seeds,Healthcare Supplies,Healthcare Supplies > Personal Care,Healthcare Supplies > Personal Care > Skin Care > Cleanser,0.7954582129967248,1,Walmart,4,1,0,0.25,0.25,0.0,0.5,,Health and Medicine > Cleanses > Manitoba Harvest Hemp Protein,0.7858504958047292,14.66779780554956,0.0,9.509312320916905,19.82628329018221,0.0,0.0,4.0,0.0,0,Healthcare Supplies > Personal Care > Skin Care > Cleanser,Walmart::Health and Medicine > Cleanses > Manitoba Harvest Hemp Protein,0,,,,,Healthcare & clinics,0.5420172214508057,"Leisure, hobbies & sports",0.49203237891197205,0.04998484253883362,66.47738484451551,39.88643090670931,False,,,75.0,0.6215049028396606,True,0.0,OFF-BRAND,OFF-BRAND,OFF-BRAND,OFF-BRAND,0.40715213289245233,B,"Pass - real gap, wrong store for Staples",1.0,0.0,,160,Healthcare Supplies > Personal Care,graph/vector vote + mission similarity,Health and Medicine,Competitor dept: Health and Medicine,"Health, safety & facilities",1.0,Manitoba Harvest Hemp Protein,,adjacency 15 < 40: far from what Staples sells
E0048,ENTER,Boardwalk,Walmart: Industrial & Scientific > Featured Brands > Boardwalk,Gift Shop,Gift Shop > Professional Gifts,Expanded Assortment > Outdoors & Recreation,0.7813247054473469,1,Walmart,1,1,0,1.0,0.25,0.0,0.5,,Industrial & Scientific > Featured Brands > Boardwalk,0.7858504958047292,19.142780692424857,0.0,14.589302769818527,23.696258615031184,0.0,0.0,1.0,0.0,0,Furniture > Boards & Easels,Walmart::Industrial & Scientific > Featured Brands > Boardwalk,0,,,,,Hospitality & foodservice,0.5544619560241699,"Personal, fashion & novelty",0.5150419473648071,0.03942000865936279,60.8370366629553,36.50222199777318,False,,,75.0,0.5308877825737,False,0.0,OFF-BRAND,OFF-BRAND,OFF-BRAND,OFF-BRAND,0.407096189404893,B,"Pass - real gap, wrong store for Staples",1.0,0.0,,161,Laboratory & Scientific Supplies > Controlled Environment Supplies,mission similarity,Industrial & Scientific,Competitor dept: Industrial & Scientific,"Health, safety & facilities",0.83,Boardwalk,,adjacency 19 < 40: far from what Staples sells
E0260,ENTER,Navage,Walmart: Health and Medicine > Allergy Medicine > Navage,Healthcare Supplies,Healthcare Supplies > OTC Pharmaceuticals,Healthcare Supplies > OTC Pharmaceuticals > Medicine & Vitamins,0.7967998377777082,1,Walmart,1,1,0,1.0,0.25,0.0,0.5,,Health and Medicine > Allergy Medicine > Navage,0.7858504958047292,16.72964627082426,0.0,9.192932187201528,24.266360354447,0.0,0.0,1.0,0.0,0,Healthcare Supplies > OTC Pharmaceuticals > Medicine & Vitamins,Walmart::Health and Medicine > Allergy Medicine > Navage,0,,,,,Healthcare & clinics,0.5783224105834961,"Personal, fashion & novelty",0.5340192914009094,0.04430311918258667,63.44402924554032,38.06641754732419,False,,,75.0,0.5794399976730347,False,0.0,OFF-BRAND,OFF-BRAND,OFF-BRAND,OFF-BRAND,0.40660487887159413,B,"Pass - real gap, wrong store for Staples",1.0,0.0,,162,Healthcare Supplies > OTC Pharmaceuticals,graph/vector vote + mission similarity,Health and Medicine,Competitor dept: Health and Medicine,"Health, safety & facilities",0.715,Navage,,adjacency 17 < 40: far from what Staples sells
E0017,ENTER,Nicotine Lozenges 2 Mg,Walmart: Health and Medicine > Quit Smoking > Nicorette | Walmart: Health and Medicine > Quit Smoking > Nicotine Lozenges 4 Mg | Walmart: Health and Medicine > Quit Smoking > Nicorette Lozenges | Walmart: Health and Medicine > Quit Smoking > Nicotine Lozenges 2 Mg | Walmart: Health and Medicine > Quit Smoking > Equate Nicotine Lozenges 4 Mg | Walmart: Health and Medicine > Quit Smoking > Nicotine Lozenges | Walmart: Health and Medicine > Quit Smoking > Equate Nicotine Lozenges 2 Mg | Walmart: Health and Medicine > Quit Smoking > Nicorette Lozenges 2 Mg | Walmart: Health and Medicine > Quit Smo,Healthcare Supplies,Healthcare Supplies > OTC Pharmaceuticals,Healthcare Supplies > OTC Pharmaceuticals > Medicine & Vitamins > Stop Smoking Aids,0.8547514133693344,1,Walmart,10,1,0,1.0,0.25,0.0,0.5,,Health and Medicine > Quit Smoking > Nicotine Lozenges 2 Mg,0.7858504958047292,16.702086203866692,0.0,3.2008118433619863,30.2033605643714,0.0,0.0,10.0,0.0,0,Healthcare Supplies > OTC Pharmaceuticals > Medicine & Vitamins > Stop Smoking Aids,Walmart::Health and Medicine > Quit Smoking > Nicotine Lozenges 2 Mg,0,,,,,Healthcare & clinics,0.5038661360740662,"Personal, fashion & novelty",0.4602952301502228,0.043570905923843384,63.05311560036772,37.83186936022063,False,,,75.0,0.6542831063270569,True,0.0,OFF-BRAND,OFF-BRAND,OFF-BRAND,OFF-BRAND,0.40609444239695064,B,"Pass - real gap, wrong store for Staples",1.0,0.0,,163,Healthcare Supplies > OTC Pharmaceuticals,graph/vector vote + mission similarity,Health and Medicine,Competitor dept: Health and Medicine,"Health, safety & facilities",1.0,Nicotine Lozenges 2 Mg,,adjacency 17 < 40: far from what Staples sells
E0249,ENTER,Ocean,Walmart: Health and Medicine > Allergy Medicine > Ocean,Healthcare Supplies,Healthcare Supplies > OTC Pharmaceuticals,Healthcare Supplies > OTC Pharmaceuticals > Medicine & Vitamins,0.7933714087085544,1,Walmart,1,1,0,0.0,0.25,0.0,0.5,,Health and Medicine > Allergy Medicine > Ocean,0.7858504958047292,16.237191638541553,0.0,7.808022922636103,24.666360354447,0.0,0.0,1.0,0.0,0,Healthcare Supplies > OTC Pharmaceuticals > Medicine & Vitamins,Walmart::Health and Medicine > Allergy Medicine > Ocean,0,,,,,Healthcare & clinics,0.5299944877624512,"Leisure, hobbies & sports",0.4854027032852173,0.04459178447723389,63.59814172741349,38.15888503644809,False,,,75.0,0.5629339218139648,False,0.0,OFF-BRAND,OFF-BRAND,OFF-BRAND,OFF-BRAND,0.4060511319014179,B,"Pass - real gap, wrong store for Staples",1.0,0.0,,164,Healthcare Supplies > OTC Pharmaceuticals,graph/vector vote + mission similarity,Health and Medicine,Competitor dept: Health and Medicine,"Health, safety & facilities",0.965,Ocean,,adjacency 16 < 40: far from what Staples sells
E0365,ENTER,Pixnor,Walmart: Health and Medicine > Foot Care > Pixnor,Healthcare Supplies,Healthcare Supplies > Personal Care,Healthcare Supplies > Personal Care,0.7965454327397241,1,Walmart,1,1,0,0.0,0.25,0.0,0.5,,Health and Medicine > Foot Care > Pixnor,0.7858504958047292,28.879253144685677,0.0,16.29656160458453,41.46194468478683,0.0,0.0,1.0,0.0,0,Healthcare Supplies > Personal Care,Walmart::Health and Medicine > Foot Care > Pixnor,1,,,,,Healthcare & clinics,0.5697542428970337,"Personal, fashion & novelty",0.5549242496490479,0.01482999324798584,47.70893164091544,28.625358984549262,False,,,75.0,0.592174768447876,False,0.0,OFF-BRAND,OFF-BRAND,OFF-BRAND,OFF-BRAND,0.4059471720568364,B,"Pass - real gap, wrong store for Staples",1.0,0.0,,165,Healthcare Supplies > Personal Care,graph/vector vote + mission similarity,Health and Medicine,Competitor dept: Health and Medicine,"Health, safety & facilities",1.0,Pixnor,,"brand fit 29 < 35 (closest mission: Healthcare & clinics; residential pull: Personal, fashion & novelty)"
E0295,ENTER,Bsn,Walmart: Health and Medicine > Protein > Bsn,Healthcare Supplies,Healthcare Supplies > OTC Pharmaceuticals,Laboratory & Scientific Supplies > Biochemistry,0.8262865002238587,1,Walmart,1,1,0,0.5,0.25,0.0,0.5,,Health and Medicine > Protein > Bsn,0.822463768115942,15.031540436493447,0.0,5.079990448901624,24.983090424085272,0.0,0.0,2.0,0.0,0,Laboratory & Scientific Supplies > Biochemistry,Walmart::Health and Medicine > Protein > Bsn,0,,,,,Healthcare & clinics,0.5544222593307495,"Personal, fashion & novelty",0.516059160232544,0.038363099098205566,60.27277431966085,36.163664591796504,False,,,75.0,0.6837880611419678,True,0.0,OFF-BRAND,OFF-BRAND,OFF-BRAND,OFF-BRAND,0.40574420505572445,B,"Pass - real gap, wrong store for Staples",1.0,0.0,,166,Laboratory & Scientific Supplies > Biochemistry,mission similarity,Health and Medicine,Competitor dept: Health and Medicine,"Health, safety & facilities",1.0,Bsn,,adjacency 15 < 40: far from what Staples sells
E0258,ENTER,Nutiva,Walmart: Health and Medicine > Protein > Nutiva,Healthcare Supplies,Healthcare Supplies > OTC Pharmaceuticals,Laboratory & Scientific Supplies > Biochemistry,0.7799322034510912,1,Walmart,1,1,0,0.0,0.25,0.0,0.5,,Health and Medicine > Protein > Nutiva,0.7858504958047292,19.799162455704476,0.0,11.950811843361986,27.647513068046965,0.0,0.0,1.0,0.0,0,Laboratory & Scientific Supplies > Biochemistry,Walmart::Health and Medicine > Protein > Nutiva,0,,,,,Healthcare & clinics,0.5247174501419067,"Personal, fashion & novelty",0.4896602928638458,0.03505715727806091,58.507799768586246,35.104679861151745,False,,,75.0,0.6360324025154114,True,0.0,OFF-BRAND,OFF-BRAND,OFF-BRAND,OFF-BRAND,0.4052856777765696,B,"Pass - real gap, wrong store for Staples",1.0,0.0,,167,Healthcare Supplies > OTC Pharmaceuticals,graph/vector vote + mission similarity,Health and Medicine,Competitor dept: Health and Medicine,"Health, safety & facilities",1.0,Nutiva,,adjacency 20 < 40: far from what Staples sells
E0120,ENTER,Xlear,Walmart: Health and Medicine > Allergy Medicine > Xlear,Healthcare Supplies,Healthcare Supplies > OTC Pharmaceuticals,Healthcare Supplies > OTC Pharmaceuticals > Medicine & Vitamins,0.8020714800886366,1,Walmart,1,1,0,1.0,0.25,0.0,0.5,,Health and Medicine > Allergy Medicine > Xlear,0.7858504958047292,17.02214865859886,0.0,9.777936962750717,24.266360354447,0.0,0.0,1.0,0.0,0,Healthcare Supplies > OTC Pharmaceuticals > Medicine & Vitamins,Walmart::Health and Medicine > Allergy Medicine > Xlear,0,,,,,Healthcare & clinics,0.5570961833000183,"Personal, fashion & novelty",0.5169765949249268,0.04011958837509155,61.210527928647096,36.72631675718826,False,,,75.0,0.6037333011627197,True,0.0,OFF-BRAND,OFF-BRAND,OFF-BRAND,OFF-BRAND,0.40436343087298415,B,"Pass - real gap, wrong store for Staples",1.0,0.0,,168,Healthcare Supplies > OTC Pharmaceuticals,graph/vector vote + mission similarity,Health and Medicine,Competitor dept: Health and Medicine,"Health, safety & facilities",0.565,Xlear,,adjacency 17 < 40: far from what Staples sells
E0218,ENTER,BCAA,Walmart: Health and Medicine > Protein > BCAA,Healthcare Supplies,Healthcare Supplies > Personal Care,Laboratory & Scientific Supplies > Biochemistry,0.8048998062516579,1,Walmart,1,1,0,1.0,0.25,0.0,0.5,,Health and Medicine > Protein > BCAA,0.7858504958047292,18.408283754653855,0.0,9.169054441260744,27.647513068046965,0.0,0.0,1.0,0.0,0,Laboratory & Scientific Supplies > Biochemistry,Walmart::Health and Medicine > Protein > BCAA,0,,,,,Healthcare & clinics,0.5430508852005005,"Personal, fashion & novelty",0.5073063969612122,0.03574448823928833,58.874751675404426,35.32485100524266,False,,,75.0,0.6831257939338684,True,0.0,OFF-BRAND,OFF-BRAND,OFF-BRAND,OFF-BRAND,0.40363970201317545,B,"Pass - real gap, wrong store for Staples",1.0,0.0,,169,Laboratory & Scientific Supplies > Biochemistry,mission similarity,Health and Medicine,Competitor dept: Health and Medicine,"Health, safety & facilities",1.0,BCAA,,adjacency 18 < 40: far from what Staples sells
E0000,ENTER,Apple iPod,Walmart: Electronics > Apple Brand Shop > Apple iPod | Walmart: Electronics > Apple Brand Shop > Apple AirTags,Tablets & iPads,Tablets & iPads > Digital Notebooks & Accessories,Tablets & iPads > Digital Notebooks & Accessories,0.7375637614108305,1,Walmart,2,1,0,0.0,0.25,0.0,0.5,,Electronics > Apple Brand > Apple iPod,0.7858504958047292,30.79433208204944,0.0,4.990448901623687,56.59821526247519,0.0,0.0,2.0,0.0,0,Tablets & iPads,Walmart::Electronics > Apple Brand Shop > Apple iPod,0,,,,,Technology for work,0.5497602820396423,"Personal, fashion & novelty",0.5440586805343628,0.005701601505279541,42.835470462638796,25.701282277583278,False,,,75.0,0.6589157581329346,True,0.0,OFF-BRAND,OFF-BRAND,OFF-BRAND,OFF-BRAND,0.40297163704895006,B,"Pass - real gap, wrong store for Staples",1.0,0.0,,170,Tablets & iPads > Tablets & iPads,mission similarity,Electronics,Competitor dept: Electronics,Technology & connected workspace,1.0,Apple iPod,,"brand fit 26 < 35 (closest mission: Technology for work; residential pull: Personal, fashion & novelty)"
E0078,ENTER,Mortar & Pestle Sets,Wayfair: Kitchen > Kitchen Utensils & Tools > Mortar & Pestle Sets,Appliances & Kitchenware,Appliances & Kitchenware > Kitchenware,Appliances & Kitchenware > Kitchenware > Kitchen Tools,0.9262752691289526,1,Wayfair,1,1,0,0.0,0.125,0.0,0.0,,Kitchen > Kitchen Utensils & Tools > Mortar & Pestle Sets,0.8667091836734694,85.87658167536985,0.0,83.39302769818528,88.36013565255442,0.0,0.0,1.0,0.0,0,Appliances & Kitchenware > Kitchenware > Kitchen Tools,Wayfair::Kitchen > Kitchen Utensils & Tools > Mortar & Pestle Sets,1,,,,,School & classroom,0.597586452960968,Backyard & garden living,0.5643719434738159,0.0332145094871521,57.5240478956009,34.51442873736054,False,,,50.0,0.7901791930198669,True,0.0,OFF-BRAND,OFF-BRAND,OFF-BRAND,OFF-BRAND,0.4028501075387963,B,"Pass - real gap, wrong store for Staples",0.54,0.01,,171,Appliances & Kitchenware > Kitchenware,graph/vector vote + mission similarity,Kitchen,Competitor dept: Kitchen,"Breakroom, kitchen & hospitality",1.0,Mortar & Pestle Sets,,brand fit 35 < 35 (closest mission: School & classroom; residential pull: Backyard & garden living)
E0296,ENTER,Nasacort,Walmart: Health and Medicine > Allergy Medicine > Nasacort,Healthcare Supplies,Healthcare Supplies > OTC Pharmaceuticals,"Healthcare Supplies > OTC Pharmaceuticals > Medicine & Vitamins > Cough, Cold, Flu & Allergy",0.8073698621334375,1,Walmart,1,1,0,1.0,0.25,0.0,0.5,,Health and Medicine > Allergy Medicine > Nasacort,0.7858504958047292,17.69970357741452,0.0,10.733046800382043,24.666360354447,0.0,0.0,1.0,0.0,0,"Healthcare Supplies > OTC Pharmaceuticals > Medicine & Vitamins > Cough, Cold, Flu & Allergy",Walmart::Health and Medicine > Allergy Medicine > Nasacort,0,,,,,Healthcare & clinics,0.5277807712554932,"Personal, fashion & novelty",0.4935547113418579,0.034226059913635254,58.06409392695947,34.83845635617568,False,,,75.0,0.6714999675750732,True,0.0,OFF-BRAND,OFF-BRAND,OFF-BRAND,OFF-BRAND,0.4016040424491825,B,"Pass - real gap, wrong store for Staples",1.0,0.0,,172,Healthcare Supplies > OTC Pharmaceuticals,graph/vector vote + mission similarity,Health and Medicine,Competitor dept: Health and Medicine,"Health, safety & facilities",0.87,Nasacort,,"brand fit 35 < 35 (closest mission: Healthcare & clinics; residential pull: Personal, fashion & novelty)"
E0107,ENTER,Teenage Mutant Ninja Turtles Books,Walmart: Seasonal > Teenage Mutant Ninja Turtles > Teenage Mutant Ninja Turtles Books | Walmart: Seasonal > Teenage Mutant Ninja Turtles > Teenage Mutant Ninja Turtles Movies | Walmart: Seasonal > Teenage Mutant Ninja Turtles > Teenage Mutant Ninja Turtle Toys | Walmart: Seasonal > Teenage Mutant Ninja Turtles > Teenage Mutant Ninja Turtles Bikes & Rideons,School Supplies,School Supplies > Learning at Home,"Furniture > Lamps & Lighting > Lighting Controls, Dimmers & Accessories > Transformers",0.7399987278991191,1,Walmart,4,1,0,0.6,0.25,0.0,0.5,,Seasonal > Teenage Mutant Ninja Turtles > Teenage Mutant Ninja Turtles Books,0.822463768115942,15.831269032843931,0.0,0.7760267430754537,30.88651132261241,0.0,0.0,5.0,0.0,0,"Furniture > Lamps & Lighting > Lighting Controls, Dimmers & Accessories > Transformers",Walmart::Seasonal > Teenage Mutant Ninja Turtles > Teenage Mutant Ninja Turtles Books,0,,,,,School & classroom,0.5082874894142151,Backyard & garden living,0.4783656597137451,0.02992182970046997,55.76615367226051,33.459692203356305,False,,,75.0,0.511671245098114,False,0.0,OFF-BRAND,OFF-BRAND,OFF-BRAND,OFF-BRAND,0.4015358531733698,B,"Pass - real gap, wrong store for Staples",1.0,0.0,,173,Furniture > Decor,graph/vector vote + mission similarity,Seasonal,Competitor dept: Seasonal,Home décor & furnishings,1.0,Teenage Mutant Ninja Turtles Books,,brand fit 33 < 35 (closest mission: School & classroom; residential pull: Backyard & garden living)
D0048,DEEPEN,Candles,Furniture > Decor > Candles,Furniture,Furniture > Decor,Furniture > Decor > Candles,1.0,2,"Walmart, WestElm",4,2,0,0.0,0.375,0.0,0.5,,"Furniture > Decor > Candles (competitors: Unscented Candles, Scented Candles, Birthday Candles)",0.92079618085694,64.66139642679629,10.043731283302035,,,,,,,1,Furniture > Decor > Candles,Staples::Furniture > Decor > Candles,0,"Unscented Candles, Scented Candles, Birthday Candles",25.0,0.9304536148790432,3.0,Workspace decor & comfort,0.566946268081665,Home living & seasonal decor,0.6481055617332458,-0.08115929365158081,0.0,0.0,True,,,90.0,0.7790908813476562,True,10.043731283302035,OFF-BRAND,,,OFF-BRAND,0.40040571661126717,B,"Pass - real gap, wrong store for Staples",1.0,0.0,,174,Furniture > Decor,own aisle (DEEPEN),,Furniture > Decor,Home décor & furnishings,,Candles,,brand fit 0 < 35 (closest mission: Workspace decor & comfort; residential pull: Home living & seasonal decor)
E0265,ENTER,Mentholatum,Walmart: Health and Medicine > Pain management > Mentholatum,Healthcare Supplies,Healthcare Supplies > OTC Pharmaceuticals,Healthcare Supplies > OTC Pharmaceuticals > Medicine & Vitamins > Pain Relievers,0.7995645186952371,1,Walmart,1,1,0,1.0,0.25,0.0,0.5,,Health and Medicine > Pain management > Mentholatum,0.7858504958047292,29.110478847280298,0.0,7.78414517669532,50.43681251786528,0.0,0.0,1.0,0.0,0,Healthcare Supplies > OTC Pharmaceuticals > Medicine & Vitamins > Pain Relievers,Walmart::Health and Medicine > Pain management > Mentholatum,0,,,,,Healthcare & clinics,0.5158119797706604,"Leisure, hobbies & sports",0.5107660293579102,0.005045950412750244,42.48543178813852,25.49125907288311,False,,,75.0,0.6728484630584717,True,0.0,OFF-BRAND,OFF-BRAND,OFF-BRAND,OFF-BRAND,0.400025810787396,B,"Pass - real gap, wrong store for Staples",1.0,0.0,,175,Healthcare Supplies > OTC Pharmaceuticals,graph/vector vote + mission similarity,Health and Medicine,Competitor dept: Health and Medicine,"Health, safety & facilities",0.635,Mentholatum,,"brand fit 25 < 35 (closest mission: Healthcare & clinics; residential pull: Leisure, hobbies & sports)"
D0050,DEEPEN,Decorative Accents,Furniture > Decor > Decorative Accents,Furniture,Furniture > Decor,Furniture > Decor > Decorative Accents,1.0,3,"Amazon, Wayfair, WestElm",4,3,0,0.0,0.5,0.3333333333333333,0.5,Wayfair Professional,"Furniture > Decor > Decorative Accents (competitors: Decorative Objects, Decorative Trays, Decorative Fences)",0.6459123646205392,89.00662412410477,20.75859973956466,,,,,,,1,Furniture > Decor > Decorative Accents,Staples::Furniture > Decor > Decorative Accents,0,"Decorative Objects, Decorative Trays, Decorative Fences",14.0,1.0274755420027666,3.0,Workspace decor & comfort,0.667689859867096,Home living & seasonal decor,0.7295010685920715,-0.061811208724975586,6.791765397461434,17.408392571810193,True,,bulky freight,65.0,0.8656508922576904,True,20.75859973956466,OFF-BRAND,,,OFF-BRAND,0.3996779669441618,A,"Pass - real gap, wrong store for Staples",1.0,0.002,,176,Furniture > Decor,own aisle (DEEPEN),,Furniture > Decor,Home décor & furnishings,,Decorative Accents,,brand fit 17 < 35 (closest mission: Workspace decor & comfort; residential pull: Home living & seasonal decor)
E0118,ENTER,Loratadine,Walmart: Health and Medicine > Allergy Medicine > Loratadine | Walmart: Health and Medicine > Allergy Medicine > Equate Loratadine,Healthcare Supplies,Healthcare Supplies > OTC Pharmaceuticals,Healthcare Supplies > OTC Pharmaceuticals > Medicine & Vitamins,0.8116670348362902,1,Walmart,2,1,0,1.0,0.25,0.0,0.5,,Health and Medicine > Allergy Medicine > Loratadine,0.7858504958047292,17.950419909792746,0.0,11.234479465138488,24.666360354447,0.0,0.0,2.0,0.0,0,Healthcare Supplies > OTC Pharmaceuticals > Medicine & Vitamins,Walmart::Health and Medicine > Allergy Medicine > Loratadine,0,,,,,Healthcare & clinics,0.5194200277328491,"Personal, fashion & novelty",0.4893646836280823,0.030055344104766846,55.837434275067835,33.5024605650407,False,,,75.0,0.617693305015564,True,0.0,OFF-BRAND,OFF-BRAND,OFF-BRAND,OFF-BRAND,0.3993081253654799,B,"Pass - real gap, wrong store for Staples",1.0,0.0,,177,Healthcare Supplies > OTC Pharmaceuticals,graph/vector vote + mission similarity,Health and Medicine,Competitor dept: Health and Medicine,"Health, safety & facilities",0.955,Loratadine,,"brand fit 34 < 35 (closest mission: Healthcare & clinics; residential pull: Personal, fashion & novelty)"
E0385,ENTER,Pumice Stones,Walmart: Health and Medicine > Foot Care > Pumice Stones,Healthcare Supplies,Healthcare Supplies > Personal Care,Furniture > Chairs & Seating > Stools & Ottomans > Foot Rests,0.7845981088028562,1,Walmart,1,1,0,1.0,0.25,0.0,0.5,,Health and Medicine > Foot Care > Pumice Stones,0.7858504958047292,27.380490446066247,0.0,13.753581661891118,41.007399230241376,0.0,0.0,1.0,0.0,0,Furniture > Chairs & Seating > Stools & Ottomans > Foot Rests,Walmart::Health and Medicine > Foot Care > Pumice Stones,0,,,,,Healthcare & clinics,0.5567601919174194,"Personal, fashion & novelty",0.5488260388374329,0.007934153079986572,44.02738397100992,26.41643038260595,False,,,75.0,0.6031233072280884,True,0.0,OFF-BRAND,OFF-BRAND,OFF-BRAND,OFF-BRAND,0.3992811708050206,B,"Pass - real gap, wrong store for Staples",1.0,0.0,,178,Healthcare Supplies > Personal Care,graph/vector vote + mission similarity,Health and Medicine,Competitor dept: Health and Medicine,"Health, safety & facilities",0.97,Pumice Stones,,"brand fit 26 < 35 (closest mission: Healthcare & clinics; residential pull: Personal, fashion & novelty)"
D0045,DEEPEN,Bath & Shower Accessories,Furniture > Decor > Bath & Shower Accessories,Furniture,Furniture > Decor,Furniture > Decor > Bath & Shower Accessories,1.0,3,"Walmart, Wayfair, WestElm",5,3,0,0.0,0.5,0.3333333333333333,0.5,OfficeDepot,"Furniture > Decor > Bath & Shower Accessories (competitors: Countertop Bath Accessories, Shower & Bathtub Accessories, Bridal Shower Party Wear Accessories)",0.7286560074330898,76.55097332590667,19.05603594103016,,,,,,,1,Furniture > Decor > Bath & Shower Accessories,Staples::Furniture > Decor > Bath & Shower Accessories,0,"Countertop Bath Accessories, Shower & Bathtub Accessories, Bridal Shower Party Wear Accessories",8.0,0.8754687373539001,3.0,Workspace decor & comfort,0.6036097407341003,Residential bedroom & bath,0.6730108857154846,-0.06940114498138428,2.7396540580508564,14.977125768163846,True,,install required,65.0,0.8567906618118286,True,19.05603594103016,OFF-BRAND,,,OFF-BRAND,0.3992526863244963,A,"Pass - real gap, wrong store for Staples",1.0,0.002,,179,Furniture > Decor,own aisle (DEEPEN),,Furniture > Decor,Home décor & furnishings,,Bath & Shower Accessories,,brand fit 15 < 35 (closest mission: Workspace decor & comfort; residential pull: Residential bedroom & bath)
E0085,ENTER,Daybeds,Wayfair: Furniture > Bedroom Furniture > Daybeds | WestElm: Furniture > Living Room > Daybeds,Furniture,Furniture,Furniture,0.8755399094777507,3,"Walmart, Wayfair, WestElm",2,2,1,0.0,0.5,0.0,0.5,,Furniture > Bedroom Furniture > Daybeds,0.7081808126996294,67.45168892987442,0.0,57.63490926456542,77.2684685951834,0.0,0.0,2.0,14.0,0,Furniture > Decor > Beds & Bedding,Wayfair::Furniture > Bedroom Furniture > Daybeds,2,,,,,Office & home-office furniture,0.667822003364563,Residential bedroom & bath,0.6782206892967224,-0.010398685932159424,34.23985712821461,20.543914276928763,True,,bulky freight,50.0,0.7836752533912659,True,0.0,OFF-BRAND,OFF-BRAND,OFF-BRAND,OFF-BRAND,0.3984924838536135,A,"Pass - real gap, wrong store for Staples",1.0,0.0,,180,Furniture > Storage Furniture,graph/vector vote + mission similarity,Furniture,Competitor dept: Furniture,Home décor & furnishings,1.0,Daybeds,,brand fit 21 < 35 (closest mission: Office & home-office furniture; residential pull: Residential bedroom & bath)
E0089,ENTER,Wii,Amazon: Electronics > Video Game Consoles & Accessories > Wii | Amazon: Electronics > Video Game Consoles & Accessories > Wii U,Gaming,Gaming > Gaming Consoles,Gaming > Gaming Consoles,0.8867384259150453,1,Amazon,2,1,0,0.0,0.25,0.0,0.5,,Electronics > Video Game Consoles & Accessories > Wii,0.9056603773584906,30.34397178209954,0.0,42.65162368672397,18.03631987747511,0.0,0.0,2.0,0.0,0,Gaming > Gaming Accessories,Amazon::Electronics > Video Game Consoles & Accessories > Wii,0,,,,,Technology for work,0.5995367765426636,"Leisure, hobbies & sports",0.6281890869140625,-0.028652310371398926,24.494621321638476,14.696772792983085,True,,,75.0,0.7319167852401733,True,0.0,OFF-BRAND,OFF-BRAND,OFF-BRAND,OFF-BRAND,0.39825855986288905,B,"Pass - real gap, wrong store for Staples",1.0,0.0,,181,Gaming > Gaming Consoles,graph/vector vote + mission similarity,Electronics,Competitor dept: Electronics,Technology & connected workspace,1.0,Wii,,"brand fit 15 < 35 (closest mission: Technology for work; residential pull: Leisure, hobbies & sports)"
E0216,ENTER,Kleenex,Walmart: Industrial & Scientific > Featured Brands > Kleenex,"Coffee, Water & Snacks","Coffee, Water & Snacks > Paper Products","Coffee, Water & Snacks > Paper Products",0.7947494211547725,1,Walmart,1,1,0,0.0,0.25,0.0,0.5,,Industrial & Scientific > Featured Brands > Kleenex,0.7858504958047292,22.199729116493625,0.0,16.953199617956066,27.446258615031184,0.0,0.0,1.0,0.0,0,"Coffee, Water & Snacks > Paper Products",Walmart::Industrial & Scientific > Featured Brands > Kleenex,0,,,,,Healthcare & clinics,0.5734364986419678,"Personal, fashion & novelty",0.5565982460975647,0.016838252544403076,48.78110010090978,29.26866006054587,False,,,75.0,0.6225720643997192,True,0.0,OFF-BRAND,OFF-BRAND,OFF-BRAND,OFF-BRAND,0.39721448816654154,B,"Pass - real gap, wrong store for Staples",1.0,0.0,,182,"Coffee, Water & Snacks > Paper Products",graph/vector vote + mission similarity,Industrial & Scientific,Competitor dept: Industrial & Scientific,"Breakroom, kitchen & hospitality",1.0,Kleenex,,"brand fit 29 < 35 (closest mission: Healthcare & clinics; residential pull: Personal, fashion & novelty)"
E0331,ENTER,Wearable Tech - Certified Refurbished,Walmart: Electronics > Certified Refurbished Electronics > Wearable Tech - Certified Refurbished,Computers & Accessories,Computers & Accessories > Computer Accessories & Peripherals,"Phones, Cameras & Electronics",0.7441148192326179,1,Walmart,1,1,0,1.0,0.25,0.0,0.5,,Electronics > Certified Refurbished Electronics > Wearable Tech - Certified Refurbished,0.7858504958047292,26.99979727033558,6.28503781557083,4.954632282712511,49.04496225795865,0.0,12.57007563114166,1.0,0.0,0,"Phones, Cameras & Electronics",Walmart::Electronics > Certified Refurbished Electronics > Wearable Tech - Certified Refurbished,0,,,,,Technology for work,0.603705883026123,"Personal, fashion & novelty",0.5566733479499817,0.04703253507614136,64.90120842578729,38.94072505547237,False,,,75.0,0.640541672706604,True,6.28503781557083,OFF-BRAND,OFF-BRAND,VERTICAL EXTENSION,OFF-BRAND,0.3971253245640456,C,"Pass - real gap, wrong store for Staples",0.998,0.0,,183,Wearable Technology > Heart Rate Monitors,mission similarity,Electronics,Competitor dept: Electronics,Wellness & ergonomics,0.925,Wearable Tech - Certified Refurbished,,adjacency 27 < 40: far from what Staples sells
E0309,ENTER,FreeStyle,Walmart: Health and Medicine > Diabetes Care Brands > FreeStyle,Healthcare Supplies,Healthcare Supplies > Wound Care,Healthcare Supplies > Wound Care,0.7573467918939235,1,Walmart,1,1,0,0.0,0.25,0.0,0.5,,Health and Medicine > Diabetes Care Brands > FreeStyle,0.7858504958047292,18.51559686214916,0.0,7.270773638968482,29.760420085329837,0.0,0.0,1.0,0.0,0,Healthcare Supplies > Wound Care,Walmart::Health and Medicine > Diabetes Care Brands > FreeStyle,0,,,,,Healthcare & clinics,0.566659152507782,"Personal, fashion & novelty",0.541393518447876,0.025265634059906006,53.280306292750254,31.96818377565015,False,,,75.0,0.6161665916442871,True,0.0,OFF-BRAND,OFF-BRAND,OFF-BRAND,OFF-BRAND,0.3970873372152334,B,"Pass - real gap, wrong store for Staples",1.0,0.0,,184,Healthcare Supplies > Wound Care,graph/vector vote + mission similarity,Health and Medicine,Competitor dept: Health and Medicine,"Health, safety & facilities",1.0,FreeStyle,,"brand fit 32 < 35 (closest mission: Healthcare & clinics; residential pull: Personal, fashion & novelty)"
E0210,ENTER,Diatomaceous Earth,Walmart: Household Essentials > Pest Control > Diatomaceous Earth,Cleaning Supplies,Cleaning Supplies > Pest Control,Cleaning Supplies > Pest Control,0.9056402443208224,1,Walmart,1,1,0,0.0,0.25,0.0,0.5,,Household Essentials > Pest Control > Diatomaceous Earth,0.7858504958047292,36.18434850193201,0.0,9.252626552053483,63.11607045181053,0.0,0.0,1.0,0.0,0,Cleaning Supplies > Pest Control,Walmart::Household Essentials > Pest Control > Diatomaceous Earth,1,,,,,Janitorial & facilities,0.5430664420127869,Backyard & garden living,0.5605975985527039,-0.017531156539916992,30.431977318512182,18.25918639110731,True,,,75.0,0.7265633344650269,True,0.0,OFF-BRAND,OFF-BRAND,OFF-BRAND,OFF-BRAND,0.396172469905822,B,"Pass - real gap, wrong store for Staples",1.0,0.0,,185,Cleaning Supplies > Pest Control,graph/vector vote + mission similarity,Household Essentials,Competitor dept: Household Essentials,"Health, safety & facilities",1.0,Diatomaceous Earth,,brand fit 18 < 35 (closest mission: Janitorial & facilities; residential pull: Backyard & garden living)
E0182,ENTER,Home Gyms,Wayfair: Outdoor > Fitness > Home Gyms,Fitness,Fitness,Fitness,0.9361274312589876,2,"Walmart, Wayfair",1,1,0,0.0,0.375,0.0,0.5,,Outdoor > Fitness > Home Gyms,0.9066574141098087,48.423714950964026,0.0,47.07497612225406,49.772453779674,0.0,0.0,1.0,0.0,0,Fitness,Wayfair::Outdoor > Fitness > Home Gyms,1,,,,,Commercial grounds & outdoor,0.5916654467582703,Backyard & garden living,0.6860977411270142,-0.0944322943687439,0.0,0.0,True,,,75.0,0.687281608581543,True,0.0,OFF-BRAND,OFF-BRAND,OFF-BRAND,OFF-BRAND,0.3961341845429173,B,"Pass - real gap, wrong store for Staples",1.0,0.0,,186,Fitness > Fitness Equipment,mission similarity,Outdoor,Competitor dept: Outdoor,Wellness & ergonomics,1.0,Home Gyms,,brand fit 0 < 35 (closest mission: Commercial grounds & outdoor; residential pull: Backyard & garden living)
E0292,ENTER,Dymatize,Walmart: Health and Medicine > Protein > Dymatize,Healthcare Supplies,Healthcare Supplies > Personal Care,Expanded Assortment > Fitness,0.8026727224143823,1,Walmart,1,1,0,0.25,0.25,0.0,0.5,,Health and Medicine > Protein > Dymatize,0.8766209000762777,14.060843759397432,0.0,2.877268385864374,25.24441913293049,0.0,0.0,4.0,0.0,0,Expanded Assortment > Fitness,Walmart::Health and Medicine > Protein > Dymatize,0,,,,,Healthcare & clinics,0.5055223703384399,"Personal, fashion & novelty",0.4929010272026062,0.01262134313583374,46.52977863331473,27.917867179988836,False,,,75.0,0.6359565854072571,True,0.0,OFF-BRAND,OFF-BRAND,OFF-BRAND,OFF-BRAND,0.39592013501051543,B,"Pass - real gap, wrong store for Staples",1.0,0.0,,187,Laboratory & Scientific Supplies > Biochemistry,mission similarity,Health and Medicine,Competitor dept: Health and Medicine,"Health, safety & facilities",1.0,Dymatize,,"brand fit 28 < 35 (closest mission: Healthcare & clinics; residential pull: Personal, fashion & novelty)"
E0315,ENTER,Dixie,Walmart: Industrial & Scientific > Featured Brands > Dixie Professional,Appliances & Kitchenware,Appliances & Kitchenware > Kitchenware,Safety Supplies > Personal Protective Equipment (PPE) > Workwear & Rainwear > Shirts,0.7494031160000303,1,Walmart,1,1,0,0.0,0.25,0.0,0.5,,Industrial & Scientific > Featured Brands > Dixie,0.7858504958047292,16.96453331897691,0.0,6.482808022922636,27.446258615031184,0.0,0.0,1.0,0.0,0,Safety Supplies > Personal Protective Equipment (PPE) > Workwear & Rainwear > Shirts,Walmart::Industrial & Scientific > Featured Brands > Dixie Professional,0,,,,,Hospitality & foodservice,0.5438424348831177,"Personal, fashion & novelty",0.5172023177146912,0.026640117168426514,54.014114641293574,32.40846878477614,False,,,75.0,0.5249955654144287,False,0.0,OFF-BRAND,OFF-BRAND,OFF-BRAND,OFF-BRAND,0.39564131191872703,B,"Pass - real gap, wrong store for Staples",1.0,0.0,,188,Appliances & Kitchenware > Kitchenware,graph/vector vote + mission similarity,Industrial & Scientific,Competitor dept: Industrial & Scientific,"Breakroom, kitchen & hospitality",1.0,Dixie,,"brand fit 32 < 35 (closest mission: Hospitality & foodservice; residential pull: Personal, fashion & novelty)"
E0094,ENTER,Habitrol,Walmart: Health and Medicine > Quit Smoking > Habitrol Patch | Walmart: Health and Medicine > Quit Smoking > Habitrol | Walmart: Health and Medicine > Quit Smoking > Habitrol Lozenge,Healthcare Supplies,Healthcare Supplies > OTC Pharmaceuticals,Healthcare Supplies > OTC Pharmaceuticals > Medicine & Vitamins > Stop Smoking Aids,0.8391872407076807,1,Walmart,3,1,0,1.0,0.25,0.0,0.5,,Health and Medicine > Quit Smoking > Habitrol,0.7858504958047292,17.316341218193344,0.0,4.429321872015282,30.203360564371405,0.0,0.0,3.0,0.0,0,Healthcare Supplies > OTC Pharmaceuticals > Medicine & Vitamins > Stop Smoking Aids,Walmart::Health and Medicine > Quit Smoking > Habitrol,0,,,,,Healthcare & clinics,0.5038745999336243,"Personal, fashion & novelty",0.4793037176132202,0.024570882320404053,52.90939258457069,31.745635550742413,False,,,75.0,0.6834129691123962,True,0.0,OFF-BRAND,OFF-BRAND,OFF-BRAND,OFF-BRAND,0.3948433572994842,B,"Pass - real gap, wrong store for Staples",1.0,0.0,,189,Healthcare Supplies > OTC Pharmaceuticals,graph/vector vote + mission similarity,Health and Medicine,Competitor dept: Health and Medicine,"Health, safety & facilities",1.0,Habitrol,,"brand fit 32 < 35 (closest mission: Healthcare & clinics; residential pull: Personal, fashion & novelty)"
E0155,ENTER,Flonase Sensimist,Walmart: Health and Medicine > Allergy Medicine > Flonase Sensimist | Walmart: Health and Medicine > Allergy Medicine > Flonase,Healthcare Supplies,Healthcare Supplies > OTC Pharmaceuticals,"Healthcare Supplies > OTC Pharmaceuticals > Medicine & Vitamins > Cough, Cold, Flu & Allergy",0.8084986110659335,1,Walmart,2,1,0,0.5,0.25,0.0,0.5,,Health and Medicine > Allergy Medicine > Flonase Sensimist,0.7858504958047292,17.607177311893984,0.0,10.547994269340972,24.666360354447,0.0,0.0,2.0,0.0,0,"Healthcare Supplies > OTC Pharmaceuticals > Medicine & Vitamins > Cough, Cold, Flu & Allergy",Walmart::Health and Medicine > Allergy Medicine > Flonase Sensimist,0,,,,,Healthcare & clinics,0.517828106880188,"Personal, fashion & novelty",0.4940871000289917,0.02374100685119629,52.46633908774639,31.479803452647833,False,,,75.0,0.6263611316680908,True,0.0,OFF-BRAND,OFF-BRAND,OFF-BRAND,OFF-BRAND,0.39474794724384604,B,"Pass - real gap, wrong store for Staples",1.0,0.0,,190,Healthcare Supplies > OTC Pharmaceuticals,graph/vector vote + mission similarity,Health and Medicine,Competitor dept: Health and Medicine,"Health, safety & facilities",0.955,Flonase Sensimist,,"brand fit 31 < 35 (closest mission: Healthcare & clinics; residential pull: Personal, fashion & novelty)"
E0024,ENTER,Fencing Accessories,Wayfair: Outdoor > Outdoor Fencing & Flooring > Fencing Accessories | Wayfair: Home Improvement > Outdoor Remodel > Fence Panels & Border Fencing | Wayfair: Home Improvement > Outdoor Remodel > Fencing Accessories,Gift Shop,Gift Shop > Professional Gifts,Facilities > Grounds Maintenance > Outdoor Tools,0.8454159339519174,2,"Walmart, Wayfair",3,1,0,0.0,0.375,0.0,0.5,,Home Improvement > Outdoor Remodel > Fencing Accessories,0.8262798397390994,59.93493570782473,0.0,63.57051894301177,56.29935247263767,0.0,0.0,3.0,0.0,0,"Facilities > Hardware > Chain, Rope & Tie Downs > Chain Accessories",Wayfair::Home Improvement > Outdoor Remodel > Fencing Accessories,3,,,,,Retail store & shipping,0.6052682399749756,Backyard & garden living,0.6326147317886353,-0.027346491813659668,25.1917710744523,15.11506264467138,True,,bulky freight,50.0,0.7000473141670227,True,0.0,OFF-BRAND,OFF-BRAND,OFF-BRAND,OFF-BRAND,0.3940745048119448,B,"Pass - real gap, wrong store for Staples",1.0,0.0,,191,Smart Home & Security > Security System Accessories,mission similarity,Home Improvement,Competitor dept: Home Improvement,Technology & connected workspace,1.0,Fencing Accessories,,brand fit 15 < 35 (closest mission: Retail store & shipping; residential pull: Backyard & garden living)
E0322,ENTER,Wood,Amazon: Industrial & Scientific > Raw Materials > Wood,Laboratory & Scientific Supplies,Laboratory & Scientific Supplies > Lab Safety,Facilities > Material Handling,0.7931154055912347,1,Amazon,1,1,0,0.0,0.25,0.0,0.5,,Industrial & Scientific > Raw Materials > Wood,0.9056603773584906,43.402819488360436,13.764896776691172,25.811843361986625,60.993795614734246,8.952425839766015,18.57736771361633,1.0,0.0,0,Facilities > Paint Supplies > Wood Care & Maintenance,Amazon::Industrial & Scientific > Raw Materials > Wood,1,,,,,Office & home-office furniture,0.5900157690048218,Home living & seasonal decor,0.5587918162345886,0.031223952770233154,56.46133047981806,33.876798287890836,False,,,75.0,0.6593052744865417,True,13.764896776691172,OFF-BRAND,OFF-BRAND,OFF-BRAND,OFF-BRAND,0.39341047595991,B,"Pass - real gap, wrong store for Staples",0.688,0.0,,192,Laboratory & Scientific Supplies > Lab Safety,graph/vector vote + mission similarity,Industrial & Scientific,Competitor dept: Industrial & Scientific,"Health, safety & facilities",1.0,Wood,,brand fit 34 < 35 (closest mission: Office & home-office furniture; residential pull: Home living & seasonal decor)
E0099,ENTER,Bausch and Lomb,Walmart: Health and Medicine > Eye Care > Bausch and Lomb,Healthcare Supplies,Healthcare Supplies > Patient Care,Expanded Assortment > Personal Care & Eyewear,0.7966188998853989,1,Walmart,1,1,0,0.0,0.25,0.0,0.5,,Health and Medicine > Eye Care > Bausch and Lomb,0.822463768115942,11.404501007714277,0.0,0.5969436485195798,22.212058366908973,0.0,0.0,2.0,0.0,0,Expanded Assortment > Personal Care & Eyewear,Walmart::Health and Medicine > Eye Care > Bausch and Lomb,0,,,,,Healthcare & clinics,0.5431311726570129,"Personal, fashion & novelty",0.5166866183280945,0.026444554328918457,53.90970765119945,32.345824590719666,False,,,75.0,0.61460280418396,True,0.0,OFF-BRAND,OFF-BRAND,OFF-BRAND,OFF-BRAND,0.39266796591040204,B,"Pass - real gap, wrong store for Staples",1.0,0.0,,193,Healthcare Supplies > OTC Pharmaceuticals,graph/vector vote + mission similarity,Health and Medicine,Competitor dept: Health and Medicine,"Health, safety & facilities",0.96,Bausch and Lomb,,"brand fit 32 < 35 (closest mission: Healthcare & clinics; residential pull: Personal, fashion & novelty)"
E0416,ENTER,Truvani,Walmart: Health and Medicine > Protein > Truvani,Healthcare Supplies,Healthcare Supplies > Personal Care,Laboratory & Scientific Supplies > Biochemistry,0.7815902004988071,1,Walmart,1,1,0,0.0,0.25,0.0,0.5,,Health and Medicine > Protein > Truvani,0.7858504958047292,17.769554050737906,0.0,7.891595033428844,27.647513068046965,0.0,0.0,1.0,0.0,0,Laboratory & Scientific Supplies > Biochemistry,Walmart::Health and Medicine > Protein > Truvani,0,,,,,Healthcare & clinics,0.5171157121658325,"Personal, fashion & novelty",0.49748653173446655,0.019629180431365967,50.27111927316442,30.162671563898652,False,,,75.0,0.6373615264892578,True,0.0,OFF-BRAND,OFF-BRAND,OFF-BRAND,OFF-BRAND,0.3923572485746135,B,"Pass - real gap, wrong store for Staples",1.0,0.0,,194,Healthcare Supplies > OTC Pharmaceuticals,graph/vector vote + mission similarity,Health and Medicine,Competitor dept: Health and Medicine,"Health, safety & facilities",1.0,Truvani,,"brand fit 30 < 35 (closest mission: Healthcare & clinics; residential pull: Personal, fashion & novelty)"
E0404,ENTER,90s Pinatas,Walmart: Party & Occasions > 90s Party Supplies > 90s Pinatas,Party Supplies,Party Supplies > Party Supply Kits,Party Supplies > Party Supply Kits,0.7933845221152316,1,Walmart,1,1,0,1.0,0.25,0.0,0.5,,Party & Occasions > 90s Party Supplies > 90s Pinatas,0.7858504958047292,36.40261460926228,0.0,16.63085004775549,56.174379170769065,0.0,0.0,1.0,0.0,0,Party Supplies > Party Supply Kits,Walmart::Party & Occasions > 90s Party Supplies > 90s Pinatas,0,,,,,Retail store & shipping,0.5306169986724854,"Personal, fashion & novelty",0.5556012392044067,-0.024984240531921387,26.45292859697912,15.87175715818747,True,,,75.0,0.6872820854187012,True,0.0,OFF-BRAND,OFF-BRAND,OFF-BRAND,OFF-BRAND,0.3917250106009777,B,"Pass - real gap, wrong store for Staples",1.0,0.0,,195,Party Supplies > Party Supply Kits,graph/vector vote + mission similarity,Party & Occasions,Competitor dept: Party & Occasions,"Celebrations, gifting & creativity",0.825,90s Pinatas,,"brand fit 16 < 35 (closest mission: Retail store & shipping; residential pull: Personal, fashion & novelty)"
E0029,ENTER,Arbors,Walmart: Patio & Garden > Garden Center > Arbors | Wayfair: Outdoor > Garden > Arbors,Facilities,Facilities > Grounds Maintenance,Furniture > Decor > Wall Art > Garden Landscape,0.8332684713571145,2,"Walmart, Wayfair",2,2,0,0.5,0.375,0.0,0.5,,Patio & Garden > Garden Center > Arbors,0.8262798397390994,32.01884095766759,2.0622013595494084,19.239493791786057,44.79818812354914,0.0,4.124402719098817,2.0,0.0,0,Facilities > Grounds Maintenance > Outdoor Tools > Lawn & Garden Tools,Walmart::Patio & Garden > Garden Center > Arbors,0,,,,,Commercial grounds & outdoor,0.646297812461853,Backyard & garden living,0.6595667004585266,-0.013268887996673584,32.707515098043125,19.624509058825875,True,,,75.0,0.6937421560287476,True,2.0622013595494084,OFF-BRAND,OFF-BRAND,OFF-BRAND,OFF-BRAND,0.39049686160700203,B,"Pass - real gap, wrong store for Staples",1.0,0.0,,196,Facilities > Grounds Maintenance,graph/vector vote + mission similarity,Patio & Garden,Competitor dept: Patio & Garden,Outdoor living & grounds,1.0,Arbors,,brand fit 20 < 35 (closest mission: Commercial grounds & outdoor; residential pull: Backyard & garden living)
E0105,ENTER,Almased,Walmart: Health and Medicine > Weight Loss > Almased,Healthcare Supplies,Healthcare Supplies > Patient Care,Healthcare Supplies > Patient Care > Diagnostic & Exam Instruments > Health & Body Weight Scales,0.7694392385373343,1,Walmart,1,1,0,0.0,0.25,0.0,0.5,,Health and Medicine > Weight Loss > Almased,0.7858504958047292,15.004107266471117,0.0,4.894937917860554,25.113276615081677,0.0,0.0,1.0,0.0,0,Healthcare Supplies > Patient Care > Diagnostic & Exam Instruments > Health & Body Weight Scales,Walmart::Health and Medicine > Weight Loss > Almased,0,,,,,Healthcare & clinics,0.4934130311012268,"Leisure, hobbies & sports",0.47133153676986694,0.022081494331359863,51.58035938088851,30.948215628533106,False,,,75.0,0.6122598648071289,True,0.0,OFF-BRAND,OFF-BRAND,OFF-BRAND,OFF-BRAND,0.38978016652748226,B,"Pass - real gap, wrong store for Staples",1.0,0.0,,197,Healthcare Supplies > Patient Care,graph/vector vote + mission similarity,Health and Medicine,Competitor dept: Health and Medicine,"Health, safety & facilities",1.0,Almased,,"brand fit 31 < 35 (closest mission: Healthcare & clinics; residential pull: Leisure, hobbies & sports)"
E0192,ENTER,Fexofenadine,Walmart: Health and Medicine > Allergy Medicine > Fexofenadine,Healthcare Supplies,Healthcare Supplies > OTC Pharmaceuticals,Healthcare Supplies > OTC Pharmaceuticals > Medicine & Vitamins,0.8033167843111182,1,Walmart,1,1,0,1.0,0.25,0.0,0.5,,Health and Medicine > Allergy Medicine > Fexofenadine,0.7858504958047292,16.941585143794654,0.0,9.216809933142311,24.666360354447,0.0,0.0,1.0,0.0,0,Healthcare Supplies > OTC Pharmaceuticals > Medicine & Vitamins,Walmart::Health and Medicine > Allergy Medicine > Fexofenadine,0,,,,,Healthcare & clinics,0.5209044218063354,"Personal, fashion & novelty",0.5039288997650146,0.0169755220413208,48.85438547067107,29.31263128240264,False,,,75.0,0.6213667988777161,True,0.0,OFF-BRAND,OFF-BRAND,OFF-BRAND,OFF-BRAND,0.38941521465120665,B,"Pass - real gap, wrong store for Staples",1.0,0.0,,198,Healthcare Supplies > OTC Pharmaceuticals,graph/vector vote + mission similarity,Health and Medicine,Competitor dept: Health and Medicine,"Health, safety & facilities",0.955,Fexofenadine,,"brand fit 29 < 35 (closest mission: Healthcare & clinics; residential pull: Personal, fashion & novelty)"
E0091,ENTER,The Incredibles Books,Walmart: Seasonal > Incredibles 2 > The Incredibles Books | Walmart: Seasonal > Incredibles 2 > The Incredibles Movies,School Supplies,School Supplies > Learning at Home,"Furniture > Lamps & Lighting > Lighting Controls, Dimmers & Accessories > Transformers",0.6705190194851363,1,Walmart,2,1,0,0.5,0.25,0.0,0.5,,Seasonal > Incredibles 2 > The Incredibles Books,0.7858504958047292,26.87538731788419,0.0,0.2984718242597898,53.45230281150859,0.0,0.0,2.0,0.0,0,Arts & Crafts > Coloring Books,Walmart::Seasonal > Incredibles 2 > The Incredibles Books,0,,,,,School & classroom,0.4918779730796814,Home living & seasonal decor,0.49840763211250305,-0.006529659032821655,36.3054512572896,21.783270754373756,True,,,75.0,0.5748245716094971,False,0.0,OFF-BRAND,OFF-BRAND,OFF-BRAND,OFF-BRAND,0.3892571968562832,B,"Pass - real gap, wrong store for Staples",1.0,0.0,,199,Furniture > Decor,graph/vector vote + mission similarity,Seasonal,Competitor dept: Seasonal,Home décor & furnishings,1.0,The Incredibles Books,,brand fit 22 < 35 (closest mission: School & classroom; residential pull: Home living & seasonal decor)
E0217,ENTER,Labrada,Walmart: Health and Medicine > Weight Loss > Labrada,Healthcare Supplies,Healthcare Supplies > Patient Care,Healthcare Supplies > Patient Care > Diagnostic & Exam Instruments > Health & Body Weight Scales,0.767331749955684,1,Walmart,1,1,0,0.0,0.25,0.0,0.5,,Health and Medicine > Weight Loss > Labrada,0.7858504958047292,15.010076702956312,0.0,4.906876790830945,25.113276615081677,0.0,0.0,1.0,0.0,0,Healthcare Supplies > Patient Care > Diagnostic & Exam Instruments > Health & Body Weight Scales,Walmart::Health and Medicine > Weight Loss > Labrada,0,,,,,Healthcare & clinics,0.5153908133506775,"Leisure, hobbies & sports",0.4944758415222168,0.020914971828460693,50.95757693555715,30.57454616133429,False,,,75.0,0.6023249626159668,True,0.0,OFF-BRAND,OFF-BRAND,OFF-BRAND,OFF-BRAND,0.3890417817478124,B,"Pass - real gap, wrong store for Staples",1.0,0.0,,200,Healthcare Supplies > Patient Care,graph/vector vote + mission similarity,Health and Medicine,Competitor dept: Health and Medicine,"Health, safety & facilities",1.0,Labrada,,"brand fit 31 < 35 (closest mission: Healthcare & clinics; residential pull: Leisure, hobbies & sports)"
E0056,ENTER,Country Farms,Walmart: Health and Medicine > Cleanses > Country Farms | Walmart: Health and Medicine > Cleanses > Country Farms Beets | Walmart: Health and Medicine > Cleanses > Country Farms Superfoods,Healthcare Supplies,Healthcare Supplies > Personal Care,Healthcare Supplies > Personal Care > Skin Care > Cleanser,0.7866987557186427,1,Walmart,3,1,0,0.3333333333333333,0.25,0.0,0.5,,Health and Medicine > Cleanses > Country Farms,0.7858504958047292,14.913619200009924,0.0,10.056510665393187,19.770727734626657,0.0,0.0,3.0,0.0,0,Healthcare Supplies > Personal Care > Skin Care > Cleanser,Walmart::Health and Medicine > Cleanses > Country Farms,0,,,,,Healthcare & clinics,0.5670692920684814,Backyard & garden living,0.5460828542709351,0.020986437797546387,50.99573115107767,30.5974386906466,False,,,75.0,0.6352643966674805,True,0.0,OFF-BRAND,OFF-BRAND,OFF-BRAND,OFF-BRAND,0.3889428805520175,B,"Pass - real gap, wrong store for Staples",1.0,0.0,,201,Healthcare Supplies > Personal Care,graph/vector vote + mission similarity,Health and Medicine,Competitor dept: Health and Medicine,"Health, safety & facilities",1.0,Country Farms,,brand fit 31 < 35 (closest mission: Healthcare & clinics; residential pull: Backyard & garden living)
E0128,ENTER,True Metrix,Walmart: Health and Medicine > Diabetes Care Brands > True Metrix,Healthcare Supplies,Healthcare Supplies > Patient Care,Healthcare Supplies > Patient Care,0.7528431231430801,1,Walmart,1,1,0,0.0,0.25,0.0,0.5,,Health and Medicine > Diabetes Care Brands > True Metrix,0.7858504958047292,18.593199536456705,0.0,7.425978987583572,29.760420085329837,0.0,0.0,1.0,0.0,0,Healthcare Supplies > Patient Care > Diagnostic & Exam Instruments > Glucose Meters & Accessories,Walmart::Health and Medicine > Diabetes Care Brands > True Metrix,0,,,,,Healthcare & clinics,0.5693632960319519,"Personal, fashion & novelty",0.5570577383041382,0.01230555772781372,46.36118727899632,27.81671236739779,False,,,75.0,0.6158913373947144,True,0.0,OFF-BRAND,OFF-BRAND,OFF-BRAND,OFF-BRAND,0.38890079841019,B,"Pass - real gap, wrong store for Staples",1.0,0.0,,202,Healthcare Supplies > Patient Care,graph/vector vote + mission similarity,Health and Medicine,Competitor dept: Health and Medicine,"Health, safety & facilities",1.0,True Metrix,,"brand fit 28 < 35 (closest mission: Healthcare & clinics; residential pull: Personal, fashion & novelty)"
E0252,ENTER,Citrulline,Walmart: Health and Medicine > Protein > Citrulline,Healthcare Supplies,Healthcare Supplies > Personal Care,Laboratory & Scientific Supplies > Biochemistry,0.795801035824975,1,Walmart,1,1,0,0.0,0.25,0.0,0.5,,Health and Medicine > Protein > Citrulline,0.7858504958047292,17.865065034501036,0.0,8.08261700095511,27.647513068046965,0.0,0.0,1.0,0.0,0,Laboratory & Scientific Supplies > Biochemistry,Walmart::Health and Medicine > Protein > Citrulline,0,,,,,Healthcare & clinics,0.4912160634994507,"Leisure, hobbies & sports",0.4775751233100891,0.013640940189361572,47.07412059386034,28.244472356316205,False,,,75.0,0.6504589915275574,True,0.0,OFF-BRAND,OFF-BRAND,OFF-BRAND,OFF-BRAND,0.3886641166350933,B,"Pass - real gap, wrong store for Staples",1.0,0.0,,203,Laboratory & Scientific Supplies > Biochemistry,mission similarity,Health and Medicine,Competitor dept: Health and Medicine,"Health, safety & facilities",1.0,Citrulline,,"brand fit 28 < 35 (closest mission: Healthcare & clinics; residential pull: Leisure, hobbies & sports)"
E0003,ENTER,Diet Shakes,Walmart: Health and Medicine > Weight Loss > Diet Shakes | Walmart: Health and Medicine > Weight Loss > South Beach Diet,Healthcare Supplies,Healthcare Supplies > Patient Care,Healthcare Supplies > Patient Care > Diagnostic & Exam Instruments > Health & Body Weight Scales,0.7883728372647868,1,Walmart,2,1,0,0.5,0.25,0.0,0.5,,Health and Medicine > Weight Loss > Diet Shakes,0.7858504958047292,15.55431481918583,0.0,6.2261222540592165,24.882507384312444,0.0,0.0,2.0,0.0,0,Healthcare Supplies > Patient Care > Diagnostic & Exam Instruments > Health & Body Weight Scales,Walmart::Health and Medicine > Weight Loss > Diet Shakes,0,,,,,Healthcare & clinics,0.5162964463233948,Residential bedroom & bath,0.4974505603313446,0.01884588599205017,49.852934433078474,29.911760659847083,False,,,75.0,0.6103590130805969,True,0.0,OFF-BRAND,OFF-BRAND,OFF-BRAND,OFF-BRAND,0.3885325679191823,B,"Pass - real gap, wrong store for Staples",1.0,0.0,,204,Healthcare Supplies > Patient Care,graph/vector vote + mission similarity,Health and Medicine,Competitor dept: Health and Medicine,"Health, safety & facilities",1.0,Diet Shakes,,brand fit 30 < 35 (closest mission: Healthcare & clinics; residential pull: Residential bedroom & bath)
E0339,ENTER,Tatting & Lacemaking,"Amazon: Arts, Crafts & Sewing > Needlework > Tatting & Lacemaking",Arts & Crafts,Arts & Crafts > Crafting,Retail Store Supplies > Sewing & Tailoring > Needle Arts,0.9087244209905142,1,Amazon,1,1,0,1.0,0.25,0.0,0.5,,"Arts, Crafts & Sewing > Needlework > Tatting & Lacemaking",0.9056603773584906,32.00675757338424,0.0,31.064947468958927,32.94856767780956,0.0,0.0,1.0,0.0,0,Retail Store Supplies > Sewing & Tailoring > Needle Arts,"Amazon::Arts, Crafts & Sewing > Needlework > Tatting & Lacemaking",0,,,,,School & classroom,0.5586704015731812,"Personal, fashion & novelty",0.606731653213501,-0.048061251640319824,14.132585548895166,8.479551329337099,True,,,75.0,0.7383630275726318,True,0.0,OFF-BRAND,OFF-BRAND,OFF-BRAND,OFF-BRAND,0.38831829562252407,B,"Pass - real gap, wrong store for Staples",1.0,0.0,,205,Arts & Crafts > Crafting,graph/vector vote + mission similarity,"Arts, Crafts & Sewing","Competitor dept: Arts, Crafts & Sewing","Celebrations, gifting & creativity",1.0,Tatting & Lacemaking,,"brand fit 8 < 35 (closest mission: School & classroom; residential pull: Personal, fashion & novelty)"
D0042,DEEPEN,Kids Seating,Furniture > Chairs & Seating > Kids Seating,Furniture,Furniture > Chairs & Seating,Furniture > Chairs & Seating > Kids Seating,1.0,2,"Walmart, Wayfair",2,2,0,0.0,0.375,0.3333333333333333,0.5,Wayfair Professional,"Furniture > Chairs & Seating > Kids Seating (competitors: Kids Bedroom Sets, Kids' Dressers, Kids Nightstands Vanities)",0.9220766395803173,53.49717759479082,18.93845202558312,,,,,,,1,Furniture > Chairs & Seating > Kids Seating,Staples::Furniture > Chairs & Seating > Kids Seating,0,"Kids Bedroom Sets, Kids' Dressers, Kids Nightstands Vanities",147.0,1.1725723537064212,3.0,School & classroom,0.6114012598991394,Residential bedroom & bath,0.6364643573760986,-0.02506309747695923,26.41082849094604,29.179830427900956,True,,"bulky freight, install required",40.0,0.8247637748718262,True,18.93845202558312,OFF-BRAND,,,OFF-BRAND,0.3879472662853242,B,"Pass - real gap, wrong store for Staples",0.992,0.002,,206,Furniture > Chairs & Seating,own aisle (DEEPEN),,Furniture > Chairs & Seating,Home décor & furnishings,,Kids Seating,,brand fit 29 < 35 (closest mission: School & classroom; residential pull: Residential bedroom & bath)
E0341,ENTER,"Soils, Fertilizers & Mulches","Amazon: Patio, Lawn & Garden > Farm & Ranch > Soils, Fertilizers & Mulches",Facilities,Facilities > Grounds Maintenance,Facilities > Grounds Maintenance > Outdoor Tools > Lawn & Garden Tools,0.8207264841726667,1,Amazon,1,1,0,0.0,0.25,0.0,0.5,,"Patio, Lawn & Garden > Farm & Ranch > Soils, Fertilizers & Mulches",0.9056603773584906,30.022253322587957,0.0,12.261222540592168,47.78328410458375,0.0,0.0,1.0,0.0,0,Facilities > Grounds Maintenance > Outdoor Tools > Lawn & Garden Tools,"Amazon::Patio, Lawn & Garden > Farm & Ranch > Soils, Fertilizers & Mulches",0,,,,,Commercial grounds & outdoor,0.6386118531227112,Backyard & garden living,0.683283805847168,-0.04467195272445679,15.942062744177829,9.565237646506697,True,,,75.0,0.7014380097389221,True,0.0,OFF-BRAND,OFF-BRAND,OFF-BRAND,OFF-BRAND,0.3875129118806689,B,"Pass - real gap, wrong store for Staples",1.0,0.0,,207,Facilities > Grounds Maintenance,graph/vector vote + mission similarity,"Patio, Lawn & Garden","Competitor dept: Patio, Lawn & Garden",Outdoor living & grounds,1.0,"Soils, Fertilizers & Mulches",,brand fit 10 < 35 (closest mission: Commercial grounds & outdoor; residential pull: Backyard & garden living)
E0294,ENTER,Hydroxycut,Walmart: Health and Medicine > Weight Loss > Hydroxycut,Healthcare Supplies,Healthcare Supplies > Patient Care,Healthcare Supplies > Patient Care > Diagnostic & Exam Instruments > Health & Body Weight Scales,0.7809470403675405,1,Walmart,1,1,0,1.0,0.25,0.0,0.5,,Health and Medicine > Weight Loss > Hydroxycut,0.7858504958047292,17.11932657438383,0.0,9.586914995224452,24.65173815354321,0.0,0.0,1.0,0.0,0,Healthcare Supplies > Patient Care > Diagnostic & Exam Instruments > Health & Body Weight Scales,Walmart::Health and Medicine > Weight Loss > Hydroxycut,0,,,,,Healthcare & clinics,0.49417513608932495,"Personal, fashion & novelty",0.4815328121185303,0.012642323970794678,46.54097987089874,27.924587922539242,False,,,75.0,0.5968949198722839,False,0.0,OFF-BRAND,OFF-BRAND,OFF-BRAND,OFF-BRAND,0.3869057400773636,B,"Pass - real gap, wrong store for Staples",1.0,0.0,,208,Healthcare Supplies > Patient Care,graph/vector vote + mission similarity,Health and Medicine,Competitor dept: Health and Medicine,"Health, safety & facilities",0.995,Hydroxycut,,"brand fit 28 < 35 (closest mission: Healthcare & clinics; residential pull: Personal, fashion & novelty)"
E0196,ENTER,Protein2o,Walmart: Health and Medicine > Protein > Protein2o,Healthcare Supplies,Healthcare Supplies > Personal Care,Laboratory & Scientific Supplies > Biochemistry,0.7988996827709008,1,Walmart,1,1,0,1.0,0.25,0.0,0.5,,Health and Medicine > Protein > Protein2o,0.7858504958047292,16.226911205634245,0.0,5.002387774594078,27.451434636674414,0.0,0.0,1.0,0.0,0,Laboratory & Scientific Supplies > Biochemistry,Walmart::Health and Medicine > Protein > Protein2o,0,,,,,Healthcare & clinics,0.5154094099998474,"Leisure, hobbies & sports",0.5012704730033875,0.014138936996459961,47.339990877992136,28.40399452679528,False,,,75.0,0.6475479602813721,True,0.0,OFF-BRAND,OFF-BRAND,OFF-BRAND,OFF-BRAND,0.3865259302327513,B,"Pass - real gap, wrong store for Staples",1.0,0.0,,209,Laboratory & Scientific Supplies > Biochemistry,mission similarity,Health and Medicine,Competitor dept: Health and Medicine,"Health, safety & facilities",0.605,Protein2o,,"brand fit 28 < 35 (closest mission: Healthcare & clinics; residential pull: Leisure, hobbies & sports)"
E0171,ENTER,Cla,Walmart: Health and Medicine > Weight Loss > Cla,Healthcare Supplies,Healthcare Supplies > Patient Care,Healthcare Supplies > Patient Care > Diagnostic & Exam Instruments > Health & Body Weight Scales,0.7723744715505658,1,Walmart,1,1,0,0.0,0.25,0.0,0.5,,Health and Medicine > Weight Loss > Cla,0.7858504958047292,16.024880905439595,0.0,6.936485195797516,25.113276615081677,0.0,0.0,1.0,0.0,0,Healthcare Supplies > Patient Care > Diagnostic & Exam Instruments > Health & Body Weight Scales,Walmart::Health and Medicine > Weight Loss > Cla,0,,,,,Healthcare & clinics,0.5048059225082397,Residential bedroom & bath,0.49040013551712036,0.014405786991119385,47.48245661851375,28.48947397110825,False,,,75.0,0.6084448099136353,True,0.0,OFF-BRAND,OFF-BRAND,OFF-BRAND,OFF-BRAND,0.38639384367108526,B,"Pass - real gap, wrong store for Staples",1.0,0.0,,210,Healthcare Supplies > Patient Care,graph/vector vote + mission similarity,Health and Medicine,Competitor dept: Health and Medicine,"Health, safety & facilities",1.0,Cla,,brand fit 28 < 35 (closest mission: Healthcare & clinics; residential pull: Residential bedroom & bath)
E0362,ENTER,Blistex,Walmart: Health and Medicine > Lip Care > Blistex,Healthcare Supplies,Healthcare Supplies > Personal Care,Healthcare Supplies > Personal Care > Skin Care > Lip Balm,0.8668975936988684,1,Walmart,1,1,0,1.0,0.25,0.0,0.5,,Health and Medicine > Lip Care > Blistex,0.7858504958047292,35.21283871997102,0.0,26.981852913085007,43.44382452685702,0.0,0.0,1.0,0.0,0,Healthcare Supplies > Personal Care > Skin Care > Lip Balm,Walmart::Health and Medicine > Lip Care > Blistex,0,,,,,Healthcare & clinics,0.5445373058319092,"Personal, fashion & novelty",0.5752204656600952,-0.030683159828186035,23.410392438222708,14.046235462933625,True,,,75.0,0.7621963620185852,True,0.0,OFF-BRAND,OFF-BRAND,OFF-BRAND,OFF-BRAND,0.3862893033765331,B,"Pass - real gap, wrong store for Staples",1.0,0.0,,211,Healthcare Supplies > Personal Care,graph/vector vote + mission similarity,Health and Medicine,Competitor dept: Health and Medicine,"Health, safety & facilities",0.585,Blistex,,"brand fit 14 < 35 (closest mission: Healthcare & clinics; residential pull: Personal, fashion & novelty)"
E0179,ENTER,Nasonex,Walmart: Health and Medicine > Allergy Medicine > Nasonex,Healthcare Supplies,Healthcare Supplies > OTC Pharmaceuticals,Healthcare Supplies > OTC Pharmaceuticals > Medicine & Vitamins,0.8085798662429466,1,Walmart,1,1,0,1.0,0.25,0.0,0.5,,Health and Medicine > Allergy Medicine > Nasonex,0.7858504958047292,18.380219336726842,0.0,12.094078319006684,24.666360354447,0.0,0.0,1.0,0.0,0,Healthcare Supplies > OTC Pharmaceuticals > Medicine & Vitamins,Walmart::Health and Medicine > Allergy Medicine > Nasonex,0,,,,,Healthcare & clinics,0.5087989568710327,"Personal, fashion & novelty",0.500094473361969,0.00870448350906372,44.438647591850064,26.663188555110036,False,,,75.0,0.6150627136230469,True,0.0,OFF-BRAND,OFF-BRAND,OFF-BRAND,OFF-BRAND,0.3862742804860197,B,"Pass - real gap, wrong store for Staples",1.0,0.0,,212,Healthcare Supplies > OTC Pharmaceuticals,graph/vector vote + mission similarity,Health and Medicine,Competitor dept: Health and Medicine,"Health, safety & facilities",0.865,Nasonex,,"brand fit 27 < 35 (closest mission: Healthcare & clinics; residential pull: Personal, fashion & novelty)"
E0220,ENTER,Hobart,Walmart: Industrial & Scientific > Featured Brands > Hobart,Facilities,"Facilities > Commercial Lighting, Ballasts & Bulbs","Facilities > Commercial Lighting, Ballasts & Bulbs",0.7511096015275671,1,Walmart,1,1,0,0.0,0.25,0.0,0.5,,Industrial & Scientific > Featured Brands > Hobart,0.7858504958047292,16.421314598824093,0.0,5.396370582617001,27.446258615031184,0.0,0.0,1.0,0.0,0,"Facilities > Commercial Lighting, Ballasts & Bulbs",Walmart::Industrial & Scientific > Featured Brands > Hobart,0,,,,,Retail store & shipping,0.5312944650650024,"Personal, fashion & novelty",0.5185660123825073,0.012728452682495117,46.586962224049,27.9521773344294,False,,,75.0,0.5640678405761719,False,0.0,OFF-BRAND,OFF-BRAND,OFF-BRAND,OFF-BRAND,0.3859139009378043,B,"Pass - real gap, wrong store for Staples",1.0,0.0,,213,"Facilities > Commercial Lighting, Ballasts & Bulbs",graph/vector vote + mission similarity,Industrial & Scientific,Competitor dept: Industrial & Scientific,Home décor & furnishings,1.0,Hobart,,"brand fit 28 < 35 (closest mission: Retail store & shipping; residential pull: Personal, fashion & novelty)"
E0066,ENTER,Singer Presser Feet,Walmart: Arts Crafts & Sewing > Singer > Singer Presser Feet | Walmart: Arts Crafts & Sewing > Singer > Singer Sergers,Retail Store Supplies,Retail Store Supplies > Sewing & Tailoring,Retail Store Supplies > Sewing & Tailoring > Sewing Machines,0.7401638111997069,1,Walmart,2,1,0,0.5,0.25,0.0,0.5,,Arts Crafts & Sewing > Singer > Singer Presser Feet,0.7858504958047292,28.994695818854325,0.0,1.737106017191977,56.25228562051667,0.0,0.0,2.0,0.0,0,TV & Streaming Media > DJ Equipment & Musical Instruments > Karaoke Machines,Walmart::Arts Crafts & Sewing > Singer > Singer Presser Feet,0,,,,,Healthcare & clinics,0.5408058762550354,"Personal, fashion & novelty",0.5578554272651672,-0.017049551010131836,30.689096635781482,18.413457981468888,True,,,75.0,0.564326286315918,False,0.0,OFF-BRAND,OFF-BRAND,OFF-BRAND,OFF-BRAND,0.38569653406192866,B,"Pass - real gap, wrong store for Staples",1.0,0.0,,214,Retail Store Supplies > Sewing & Tailoring,graph/vector vote + mission similarity,"Arts, Crafts & Sewing","Competitor dept: Arts, Crafts & Sewing","Celebrations, gifting & creativity",1.0,Singer Presser Feet,,"brand fit 18 < 35 (closest mission: Healthcare & clinics; residential pull: Personal, fashion & novelty)"
E0127,ENTER,Cambro,Walmart: Industrial & Scientific > Featured Brands > Cambro,Expanded Assortment,Expanded Assortment > Personal Care & Eyewear,Expanded Assortment > Personal Care & Eyewear,0.7472806901387228,1,Walmart,1,1,0,0.0,0.25,0.0,0.5,,Industrial & Scientific > Featured Brands > Cambro,0.7858504958047292,15.88406531515647,0.0,4.321872015281757,27.446258615031184,0.0,0.0,1.0,0.0,0,Expanded Assortment > Personal Care & Eyewear,Walmart::Industrial & Scientific > Featured Brands > Cambro,0,,,,,Safety & security,0.5417823791503906,"Personal, fashion & novelty",0.5285140872001648,0.01326829195022583,46.875171339953454,28.125102803972073,False,,,75.0,0.542772650718689,False,0.0,OFF-BRAND,OFF-BRAND,OFF-BRAND,OFF-BRAND,0.3854538779513882,B,"Pass - real gap, wrong store for Staples",1.0,0.0,,215,"Tools, Parts & Supplies > Automotive",mission similarity,Industrial & Scientific,Competitor dept: Industrial & Scientific,"Health, safety & facilities",1.0,Cambro,,"brand fit 28 < 35 (closest mission: Safety & security; residential pull: Personal, fashion & novelty)"
E0131,ENTER,Georgia Pacific,Walmart: Industrial & Scientific > Featured Brands > Georgia Pacific Professional,Restaurant & Foodservice Supplies,Restaurant & Foodservice Supplies > Smallwares,Laboratory & Scientific Supplies > Labware & Consumables > Specialty Glassware,0.7563710467681453,1,Walmart,1,1,0,0.0,0.25,0.0,0.5,,Industrial & Scientific > Featured Brands > Georgia Pacific,0.7858504958047292,16.77948078793584,0.0,6.112702960840497,27.446258615031184,0.0,0.0,1.0,0.0,0,Laboratory & Scientific Supplies > Labware & Consumables > Specialty Glassware,Walmart::Industrial & Scientific > Featured Brands > Georgia Pacific Professional,0,,,,,Hospitality & foodservice,0.5290424823760986,Residential bedroom & bath,0.5181134939193726,0.010928988456726074,45.62626517103415,27.37575910262049,False,,,75.0,0.5934525728225708,False,0.0,OFF-BRAND,OFF-BRAND,OFF-BRAND,OFF-BRAND,0.3852983137578541,B,"Pass - real gap, wrong store for Staples",1.0,0.0,,216,Appliances & Kitchenware > Major Appliances,mission similarity,Industrial & Scientific,Competitor dept: Industrial & Scientific,"Breakroom, kitchen & hospitality",1.0,Georgia Pacific,,brand fit 27 < 35 (closest mission: Hospitality & foodservice; residential pull: Residential bedroom & bath)
E0158,ENTER,Nitric Oxide,Walmart: Health and Medicine > Protein > Nitric Oxide,Healthcare Supplies,Healthcare Supplies > Personal Care,Laboratory & Scientific Supplies > Biochemistry,0.803165081981196,1,Walmart,1,1,0,1.0,0.25,0.0,0.5,,Health and Medicine > Protein > Nitric Oxide,0.7858504958047292,17.9998338417374,0.0,8.548233046800382,27.451434636674414,0.0,0.0,1.0,0.0,0,Laboratory & Scientific Supplies > Biochemistry,Walmart::Health and Medicine > Protein > Nitric Oxide,0,,,,,Healthcare & clinics,0.4806734621524811,"Personal, fashion & novelty",0.4735375642776489,0.007135897874832153,43.601211884805835,26.1607271308835,False,,,75.0,0.6509872674942017,True,0.0,OFF-BRAND,OFF-BRAND,OFF-BRAND,OFF-BRAND,0.38469877939508246,B,"Pass - real gap, wrong store for Staples",1.0,0.0,,217,Laboratory & Scientific Supplies > Biochemistry,mission similarity,Health and Medicine,Competitor dept: Health and Medicine,"Health, safety & facilities",0.545,Nitric Oxide,,"brand fit 26 < 35 (closest mission: Healthcare & clinics; residential pull: Personal, fashion & novelty)"
E0215,ENTER,Zoneperfect,Walmart: Health and Medicine > Protein > Zoneperfect,Healthcare Supplies,Healthcare Supplies > Personal Care,Expanded Assortment > Fitness,0.7875355016984094,1,Walmart,1,1,0,0.0,0.25,0.0,0.5,,Health and Medicine > Protein > Zoneperfect,0.7858504958047292,18.03220925608652,0.0,8.416905444126074,27.647513068046965,0.0,0.0,1.0,0.0,0,Expanded Assortment > Fitness,Walmart::Health and Medicine > Protein > Zoneperfect,0,,,,,Janitorial & facilities,0.5053380131721497,"Personal, fashion & novelty",0.4983334243297577,0.007004588842391968,43.531108684812736,26.11866521088764,False,,,75.0,0.5854116678237915,False,0.0,OFF-BRAND,OFF-BRAND,OFF-BRAND,OFF-BRAND,0.3846632186766144,B,"Pass - real gap, wrong store for Staples",1.0,0.0,,218,Laboratory & Scientific Supplies > Biochemistry,mission similarity,Health and Medicine,Competitor dept: Health and Medicine,"Health, safety & facilities",1.0,Zoneperfect,,"brand fit 26 < 35 (closest mission: Janitorial & facilities; residential pull: Personal, fashion & novelty)"
E0052,ENTER,Ayr,Walmart: Health and Medicine > Allergy Medicine > Ayr,Healthcare Supplies,Healthcare Supplies > OTC Pharmaceuticals,"Healthcare Supplies > OTC Pharmaceuticals > Medicine & Vitamins > Cough, Cold, Flu & Allergy",0.8076935768767775,1,Walmart,1,1,0,1.0,0.25,0.0,0.5,,Health and Medicine > Allergy Medicine > Ayr,0.7858504958047292,15.550706442744035,0.0,6.435052531041069,24.666360354447,0.0,0.0,1.0,0.0,0,"Healthcare Supplies > OTC Pharmaceuticals > Medicine & Vitamins > Cough, Cold, Flu & Allergy",Walmart::Health and Medicine > Allergy Medicine > Ayr,0,,,,,Healthcare & clinics,0.5351487398147583,"Personal, fashion & novelty",0.5224404335021973,0.012708306312561035,46.576206490232536,27.945723894139523,False,,,75.0,0.6977385878562927,True,0.0,OFF-BRAND,OFF-BRAND,OFF-BRAND,OFF-BRAND,0.3845950818231045,B,"Pass - real gap, wrong store for Staples",1.0,0.0,,219,Healthcare Supplies > OTC Pharmaceuticals,graph/vector vote + mission similarity,Health and Medicine,Competitor dept: Health and Medicine,"Health, safety & facilities",0.965,Ayr,,"brand fit 28 < 35 (closest mission: Healthcare & clinics; residential pull: Personal, fashion & novelty)"
E0023,ENTER,Benadryl Children Syrup,Walmart: Health and Medicine > Allergy Medicine > Benadryl Children Syrup | Walmart: Health and Medicine > Allergy Medicine > Benadryl | Walmart: Health and Medicine > Allergy Medicine > Benadryl Children | Walmart: Health and Medicine > Allergy Medicine > Benadryl Syrups,Healthcare Supplies,Healthcare Supplies > OTC Pharmaceuticals,"Healthcare Supplies > OTC Pharmaceuticals > Medicine & Vitamins > Cough, Cold, Flu & Allergy",0.8213089206008359,1,Walmart,4,1,0,1.0,0.25,0.0,0.5,,Health and Medicine > Allergy Medicine > Benadryl Children Syrup,0.7858504958047292,18.75330911705158,0.0,12.840257879656159,24.666360354447,0.0,0.0,4.0,0.0,0,"Healthcare Supplies > OTC Pharmaceuticals > Medicine & Vitamins > Cough, Cold, Flu & Allergy",Walmart::Health and Medicine > Allergy Medicine > Benadryl Children Syrup,0,,,,,Healthcare & clinics,0.4979093074798584,Residential bedroom & bath,0.4930227994918823,0.004886507987976074,42.400308746839585,25.44018524810375,False,,,75.0,0.6431547403335571,True,0.0,OFF-BRAND,OFF-BRAND,OFF-BRAND,OFF-BRAND,0.3843879085424942,B,"Pass - real gap, wrong store for Staples",1.0,0.0,,220,Healthcare Supplies > OTC Pharmaceuticals,graph/vector vote + mission similarity,Health and Medicine,Competitor dept: Health and Medicine,"Health, safety & facilities",0.965,Benadryl Children Syrup,,brand fit 25 < 35 (closest mission: Healthcare & clinics; residential pull: Residential bedroom & bath)
E0026,ENTER,Cricut,Walmart: Arts Crafts & Sewing > Cricut > Cricut Explore | Walmart: Arts Crafts & Sewing > Cricut > Cricut Mug Press | Walmart: Arts Crafts & Sewing > Cricut > Cricut EasyPress,Arts & Crafts,Arts & Crafts > Crafting,Arts & Crafts > Crafting > Craft Kits,0.8235438257747542,1,Walmart,3,1,0,0.6666666666666666,0.25,0.0,0.5,,Arts Crafts & Sewing > Cricut,0.7858504958047292,30.622491269380777,0.0,26.826647564469912,34.41833497429165,0.0,0.0,3.0,0.0,0,Arts & Crafts,Walmart::Arts Crafts & Sewing > Cricut > Cricut Explore,0,,,,,School & classroom,0.5886213183403015,"Personal, fashion & novelty",0.6117286682128906,-0.02310734987258911,27.454962035282687,16.47297722116961,True,,,75.0,0.8050655126571655,True,0.0,OFF-BRAND,OFF-BRAND,OFF-BRAND,OFF-BRAND,0.38425726571711977,B,"Pass - real gap, wrong store for Staples",1.0,0.0,,221,Arts & Crafts > Crayons,graph/vector vote + mission similarity,"Arts, Crafts & Sewing","Competitor dept: Arts, Crafts & Sewing","Celebrations, gifting & creativity",1.0,Cricut,,"brand fit 16 < 35 (closest mission: School & classroom; residential pull: Personal, fashion & novelty)"
E0059,ENTER,Roofing,Walmart: Home Improvement > Building Materials > Roofing | Walmart: Home Improvement > Weatherproofing > Roofing,Facilities,Facilities > Paint Supplies,Facilities > Paint Supplies > Surface Protection,0.8106854705953144,1,Walmart,2,1,0,0.0,0.25,0.0,0.5,,Home Improvement > Building Materials > Roofing,0.7858504958047292,38.21613149013121,0.0,12.595510983763134,63.83675199649929,0.0,0.0,2.0,0.0,0,School Supplies > Learning at Home > Building Sets,Walmart::Home Improvement > Building Materials > Roofing,2,,,,,Janitorial & facilities,0.5506909489631653,Backyard & garden living,0.5921294689178467,-0.041438519954681396,17.66832620002247,10.600995720013481,True,,,75.0,0.5932712554931641,False,0.0,OFF-BRAND,OFF-BRAND,OFF-BRAND,OFF-BRAND,0.38390376304593316,B,"Pass - real gap, wrong store for Staples",1.0,0.0,,222,Furniture > Decor,graph/vector vote + mission similarity,Home Improvement,Competitor dept: Home Improvement,Home décor & furnishings,1.0,Roofing,,brand fit 11 < 35 (closest mission: Janitorial & facilities; residential pull: Backyard & garden living)
E0097,ENTER,Duck Weatherproofing,Walmart: Home Improvement > Weatherproofing > Duck Weatherproofing,Facilities,Facilities > Paint Supplies,Facilities > Paint Supplies > Surface Protection,0.7854270876945485,1,Walmart,1,1,0,1.0,0.25,0.0,0.5,,Home Improvement > Weatherproofing > Duck Weatherproofing,0.7858504958047292,29.757433760609413,0.0,7.831900668576885,51.68296685264194,0.0,0.0,1.0,0.0,0,Furniture > Decor > Weather Instruments,Walmart::Home Improvement > Weatherproofing > Duck Weatherproofing,0,,,,,Commercial grounds & outdoor,0.4886442720890045,Backyard & garden living,0.510919988155365,-0.022275716066360474,27.898954272188607,16.739372563313164,True,,,75.0,0.596528172492981,False,0.0,OFF-BRAND,OFF-BRAND,OFF-BRAND,OFF-BRAND,0.38349247013824983,B,"Pass - real gap, wrong store for Staples",1.0,0.0,,223,"Facilities > Adhesives, Sealants and Patching",mission similarity,Home Improvement,Competitor dept: Home Improvement,"Health, safety & facilities",0.55,Duck Weatherproofing,,brand fit 17 < 35 (closest mission: Commercial grounds & outdoor; residential pull: Backyard & garden living)
E0122,ENTER,Amazing Grass,Walmart: Health and Medicine > Cleanses > Amazing Grass,Retail Store Supplies,Retail Store Supplies > Spa & Salon,Healthcare Supplies > Personal Care > Skin Care > Cleanser,0.7745068080618718,1,Walmart,1,1,0,0.0,0.25,0.0,0.5,,Health and Medicine > Cleanses > Amazing Grass,0.8501144164759725,9.796792234537593,0.0,0.37806431072906727,19.21552015834612,0.0,0.0,3.0,0.0,0,Healthcare Supplies > Personal Care > Skin Care > Cleanser,Walmart::Health and Medicine > Cleanses > Amazing Grass,0,,,,,Healthcare & clinics,0.5007641315460205,Backyard & garden living,0.4923110008239746,0.008453130722045898,44.30445549272573,26.582673295635438,False,,,75.0,0.5668569803237915,False,0.0,OFF-BRAND,OFF-BRAND,OFF-BRAND,OFF-BRAND,0.38287769741447314,B,"Pass - real gap, wrong store for Staples",1.0,0.0,,224,Cleaning Supplies > Natural Cleaning Supplies,mission similarity,Health and Medicine,Competitor dept: Health and Medicine,"Health, safety & facilities",1.0,Amazing Grass,,brand fit 27 < 35 (closest mission: Healthcare & clinics; residential pull: Backyard & garden living)
E0412,ENTER,Muscletech,Walmart: Health and Medicine > Protein > Muscletech,Fitness,Fitness > Fitness Equipment,Expanded Assortment > Fitness,0.8155362863425906,1,Walmart,1,1,0,0.20000000000000004,0.25,0.0,0.5,,Health and Medicine > Protein > Muscletech,0.9080854309687262,20.466909448615745,7.758409785932723,8.287567653613499,32.64625124361799,7.758409785932723,7.758409785932723,6.0,0.0,0,Expanded Assortment > Fitness,Walmart::Health and Medicine > Protein > Muscletech,0,,,,,Healthcare & clinics,0.5508847236633301,"Leisure, hobbies & sports",0.5307916402816772,0.020093083381652832,50.518787546222214,30.311272527733326,False,,,75.0,0.6413178443908691,True,7.758409785932723,OFF-BRAND,OFF-BRAND,OFF-BRAND,OFF-BRAND,0.38283555165756544,B,"Pass - real gap, wrong store for Staples",1.0,0.0,,225,Fitness > Fitness Equipment,graph/vector vote + mission similarity,Health and Medicine,Competitor dept: Health and Medicine,Wellness & ergonomics,0.95,Muscletech,,"brand fit 30 < 35 (closest mission: Healthcare & clinics; residential pull: Leisure, hobbies & sports)"
E0279,ENTER,Soylent,Walmart: Health and Medicine > Weight Loss > Soylent,Healthcare Supplies,Healthcare Supplies > Patient Care,Healthcare Supplies > Patient Care > Diagnostic & Exam Instruments > Health & Body Weight Scales,0.7763848349032862,1,Walmart,1,1,0,0.0,0.25,0.0,0.5,,Health and Medicine > Weight Loss > Soylent,0.7858504958047292,17.02774623495249,0.0,8.942215854823305,25.113276615081677,0.0,0.0,1.0,0.0,0,Healthcare Supplies > Patient Care > Diagnostic & Exam Instruments > Health & Body Weight Scales,Walmart::Health and Medicine > Weight Loss > Soylent,0,,,,,Healthcare & clinics,0.49189284443855286,Backyard & garden living,0.48559069633483887,0.006302148103713989,43.15608997763221,25.893653986579327,False,,,75.0,0.6163275241851807,True,0.0,OFF-BRAND,OFF-BRAND,OFF-BRAND,OFF-BRAND,0.3827065016962968,B,"Pass - real gap, wrong store for Staples",1.0,0.0,,226,Healthcare Supplies > Patient Care,graph/vector vote + mission similarity,Health and Medicine,Competitor dept: Health and Medicine,"Health, safety & facilities",1.0,Soylent,,brand fit 26 < 35 (closest mission: Healthcare & clinics; residential pull: Backyard & garden living)
E0036,ENTER,Fly Swatter,Walmart: Household Essentials > Pest Control > Fly Swatter | Walmart: Household Essentials > Pest Control > Bug Zappers Swatters,Cleaning Supplies,Cleaning Supplies > Pest Control,Cleaning Supplies > Pest Control,0.9302483906752932,1,Walmart,2,1,0,1.0,0.25,0.0,0.5,,Household Essentials > Pest Control > Fly Swatter,0.7858504958047292,37.15139721253372,5.9571289680013555,11.186723973256925,63.11607045181053,11.914257936002711,0.0,2.0,0.0,0,Cleaning Supplies > Pest Control,Walmart::Household Essentials > Pest Control > Fly Swatter,0,,,,,Janitorial & facilities,0.5409411787986755,"Leisure, hobbies & sports",0.544148325920105,-0.0032071471214294434,38.07927224031975,22.84756334419185,True,,,75.0,0.7231485247612,True,5.9571289680013555,OFF-BRAND,OFF-BRAND,OFF-BRAND,OFF-BRAND,0.38256620833630994,B,"Pass - real gap, wrong store for Staples",1.0,0.0,,227,Cleaning Supplies > Pest Control,graph/vector vote + mission similarity,Household Essentials,Competitor dept: Household Essentials,"Health, safety & facilities",0.93,Fly Swatter,,"brand fit 23 < 35 (closest mission: Janitorial & facilities; residential pull: Leisure, hobbies & sports)"
E0080,ENTER,Meal Replacement Shakes,Walmart: Health and Medicine > Weight Loss > Meal Replacement Shakes | Walmart: Health and Medicine > Weight Loss > Meal Replacement Bars,Healthcare Supplies,Healthcare Supplies > Patient Care,Healthcare Supplies > Patient Care > Feeding Tubes & Nutrients > Eating & Drinking Aids,0.7923924705313714,1,Walmart,2,1,0,1.0,0.25,0.0,0.5,,Health and Medicine > Weight Loss > Meal Replacement Shakes,0.7858504958047292,17.862521416790706,5.17630545299569,11.073304680038204,24.65173815354321,0.0,20.70522181198276,2.0,0.0,0,Healthcare Supplies > Patient Care > Feeding Tubes & Nutrients > Eating & Drinking Aids,Walmart::Health and Medicine > Weight Loss > Meal Replacement Shakes,0,,,,,Hospitality & foodservice,0.51948082447052,Backyard & garden living,0.48455947637557983,0.034921348094940186,58.43529403041817,35.0611764182509,False,,,75.0,0.5749155282974243,False,10.35261090599138,OFF-BRAND,OFF-BRAND,OFF-BRAND,OFF-BRAND,0.3814697581191657,B,"Pass - real gap, wrong store for Staples",1.0,0.0,,228,Healthcare Supplies > Patient Care,graph/vector vote + mission similarity,Health and Medicine,Competitor dept: Health and Medicine,"Health, safety & facilities",0.955,Meal Replacement Shakes,,adjacency 18 < 40: far from what Staples sells
E0151,ENTER,Data Plans,Walmart: Cell Phones > Phone & Data Plans > Data Plans | Walmart: Cell Phones > Phone & Data Plans > Family Plans,"Phones, Cameras & Electronics","Phones, Cameras & Electronics > Cell Phones","Phones, Cameras & Electronics > Cell Phones",0.8130342138191011,1,Walmart,2,1,0,0.5,0.25,0.0,0.5,,Cell Phones > Phone & Data Plans > Data Plans,0.7858504958047292,23.855043666418094,7.479905527371628,11.461318051575931,36.24876928126026,0.0,14.959811054743255,2.0,0.0,0,"Phones, Cameras & Electronics > Phones & Accessories > Landline Phones",Walmart::Cell Phones > Phone & Data Plans > Data Plans,1,,,,,Technology for work,0.5689461827278137,"Personal, fashion & novelty",0.5328686237335205,0.03607755899429321,59.05257132205056,35.431542793230335,False,,,75.0,0.6673246026039124,True,7.479905527371628,OFF-BRAND,OFF-BRAND,OFF-BRAND,OFF-BRAND,0.3812042774417993,B,"Pass - real gap, wrong store for Staples",1.0,0.0,,229,"Phones, Cameras & Electronics > Cell Phones",graph/vector vote + mission similarity,Cell Phones,Competitor dept: Cell Phones,Technology & connected workspace,1.0,Data Plans,,adjacency 24 < 40: far from what Staples sells
E0386,ENTER,Day of the Dead Pinatas,Walmart: Party & Occasions > Day of the Dead Party Supplies > Day of the Dead Pinatas,Party Supplies,Party Supplies > Party Décor,Party Supplies > Party Décor,0.7808457904109833,1,Walmart,1,1,0,1.0,0.25,0.0,0.5,,Party & Occasions > Day of the Dead Party Supplies > Day of the Dead Pinatas,0.7858504958047292,31.588730158431623,0.0,12.73877745940783,50.43868285745542,0.0,0.0,1.0,0.0,0,Party Supplies > Party Décor,Walmart::Party & Occasions > Day of the Dead Party Supplies > Day of the Dead Pinatas,0,,,,,School & classroom,0.5125195980072021,"Personal, fashion & novelty",0.5426920652389526,-0.03017246723175049,23.68304074396074,14.209824446376443,True,,,75.0,0.7146379947662354,True,0.0,OFF-BRAND,OFF-BRAND,OFF-BRAND,OFF-BRAND,0.38118031850110967,B,"Pass - real gap, wrong store for Staples",1.0,0.0,,230,Party Supplies > Party Décor,graph/vector vote + mission similarity,Party & Occasions,Competitor dept: Party & Occasions,"Celebrations, gifting & creativity",0.995,Day of the Dead Pinatas,,"brand fit 14 < 35 (closest mission: School & classroom; residential pull: Personal, fashion & novelty)"
E0277,ENTER,Cellucor,Walmart: Health and Medicine > Protein > Cellucor,Healthcare Supplies,Healthcare Supplies > OTC Pharmaceuticals,Laboratory & Scientific Supplies > Biochemistry,0.795879810629724,1,Walmart,1,1,0,0.6,0.25,0.0,0.5,,Health and Medicine > Protein > Cellucor,0.9080854309687262,21.837259052203947,7.758409785932723,11.337949697548552,32.33656840685934,7.758409785932723,7.758409785932723,6.0,0.0,0,Laboratory & Scientific Supplies > Biochemistry,Walmart::Health and Medicine > Protein > Cellucor,0,,,,,Healthcare & clinics,0.5004684329032898,"Personal, fashion & novelty",0.48748520016670227,0.012983232736587524,46.722984070790034,28.033790442474018,False,,,75.0,0.6296780109405518,True,7.758409785932723,OFF-BRAND,OFF-BRAND,OFF-BRAND,OFF-BRAND,0.3805300286717609,B,"Pass - real gap, wrong store for Staples",1.0,0.0,,231,Healthcare Supplies > OTC Pharmaceuticals,graph/vector vote + mission similarity,Health and Medicine,Competitor dept: Health and Medicine,"Health, safety & facilities",0.705,Cellucor,,"brand fit 28 < 35 (closest mission: Healthcare & clinics; residential pull: Personal, fashion & novelty)"
E0366,ENTER,Nicoderm Cq,Walmart: Health and Medicine > Quit Smoking > Nicoderm Cq,Healthcare Supplies,Healthcare Supplies > OTC Pharmaceuticals,Healthcare Supplies > OTC Pharmaceuticals > Medicine & Vitamins > Stop Smoking Aids,0.8237274652892357,1,Walmart,1,1,0,1.0,0.25,0.0,0.5,,Health and Medicine > Quit Smoking > Nicoderm Cq,0.7858504958047292,17.03577770338914,0.0,3.8681948424068766,30.2033605643714,0.0,0.0,1.0,0.0,0,Healthcare Supplies > OTC Pharmaceuticals > Medicine & Vitamins > Stop Smoking Aids,Walmart::Health and Medicine > Quit Smoking > Nicoderm Cq,0,,,,,Healthcare & clinics,0.48224377632141113,"Personal, fashion & novelty",0.4796918034553528,0.0025519728660583496,41.15394831373482,24.692368988240894,False,,,75.0,0.6925992965698242,True,0.0,OFF-BRAND,OFF-BRAND,OFF-BRAND,OFF-BRAND,0.38031597890227486,B,"Pass - real gap, wrong store for Staples",1.0,0.0,,232,Healthcare Supplies > OTC Pharmaceuticals,graph/vector vote + mission similarity,Health and Medicine,Competitor dept: Health and Medicine,"Health, safety & facilities",1.0,Nicoderm Cq,,"brand fit 25 < 35 (closest mission: Healthcare & clinics; residential pull: Personal, fashion & novelty)"
E0187,ENTER,Cetirizine,Walmart: Health and Medicine > Allergy Medicine > Cetirizine | Walmart: Health and Medicine > Allergy Medicine > Equate Cetirizine,Healthcare Supplies,Healthcare Supplies > OTC Pharmaceuticals,"Healthcare Supplies > OTC Pharmaceuticals > Medicine & Vitamins > Cough, Cold, Flu & Allergy",0.8058566689497615,1,Walmart,2,1,0,0.5,0.25,0.0,0.5,,Health and Medicine > Allergy Medicine > Cetirizine,0.7858504958047292,16.634159164807073,0.0,8.601957975167146,24.666360354447,0.0,0.0,2.0,0.0,0,"Healthcare Supplies > OTC Pharmaceuticals > Medicine & Vitamins > Cough, Cold, Flu & Allergy",Walmart::Health and Medicine > Allergy Medicine > Cetirizine,0,,,,,Healthcare & clinics,0.47802454233169556,"Personal, fashion & novelty",0.4751910865306854,0.002833455801010132,41.30422628103733,24.7825357686224,False,,,75.0,0.6527955532073975,True,0.0,OFF-BRAND,OFF-BRAND,OFF-BRAND,OFF-BRAND,0.37989388465516477,B,"Pass - real gap, wrong store for Staples",1.0,0.0,,233,Healthcare Supplies > OTC Pharmaceuticals,graph/vector vote + mission similarity,Health and Medicine,Competitor dept: Health and Medicine,"Health, safety & facilities",0.965,Cetirizine,,"brand fit 25 < 35 (closest mission: Healthcare & clinics; residential pull: Personal, fashion & novelty)"
E0188,ENTER,Zyrtec,Walmart: Health and Medicine > Allergy Medicine > Zyrtec | Walmart: Health and Medicine > Allergy Medicine > Zyrtec Children,Healthcare Supplies,Healthcare Supplies > OTC Pharmaceuticals,Healthcare Supplies > OTC Pharmaceuticals > Medicine & Vitamins,0.81176638183579,1,Walmart,2,1,0,0.5,0.25,0.0,0.5,,Health and Medicine > Allergy Medicine > Zyrtec,0.7858504958047292,17.028141972829996,0.0,9.389923591212991,24.666360354447,0.0,0.0,2.0,0.0,0,Healthcare Supplies > OTC Pharmaceuticals > Medicine & Vitamins,Walmart::Health and Medicine > Allergy Medicine > Zyrtec,0,,,,,Healthcare & clinics,0.5040351152420044,"Personal, fashion & novelty",0.5026487112045288,0.001386404037475586,40.53167501556638,24.319005009339826,False,,,75.0,0.6235955953598022,True,0.0,OFF-BRAND,OFF-BRAND,OFF-BRAND,OFF-BRAND,0.37955779734863404,B,"Pass - real gap, wrong store for Staples",1.0,0.0,,234,Healthcare Supplies > OTC Pharmaceuticals,graph/vector vote + mission similarity,Health and Medicine,Competitor dept: Health and Medicine,"Health, safety & facilities",0.965,Zyrtec,,"brand fit 24 < 35 (closest mission: Healthcare & clinics; residential pull: Personal, fashion & novelty)"
E0175,ENTER,Oatmeal Grits,Walmart: Food > Breakfast & Cereal > Oatmeal Grits | Walmart: Food > Breakfast & Cereal > Oatmeal & Grits,"Coffee, Water & Snacks","Coffee, Water & Snacks > Snacks & Food","Coffee, Water & Snacks > Snacks & Food",0.813308378358713,1,Walmart,2,1,0,0.3333333333333333,0.25,0.0,0.5,,Food > Breakfast & Cereal > Oatmeal Grits,0.822463768115942,13.124731353876596,0.0,5.846068131168418,20.403394576584773,0.0,0.0,3.0,0.0,0,"Coffee, Water & Snacks > Snacks & Food",Walmart::Food > Breakfast & Cereal > Oatmeal Grits,0,,,,,Breakroom & kitchen,0.4695819616317749,Backyard & garden living,0.46844351291656494,0.001138448715209961,40.39929675320991,24.239578051925946,False,,,75.0,0.6097080707550049,True,0.0,OFF-BRAND,OFF-BRAND,OFF-BRAND,OFF-BRAND,0.3790358183520581,B,"Pass - real gap, wrong store for Staples",1.0,0.0,,235,"Coffee, Water & Snacks > Snacks & Food",graph/vector vote + mission similarity,Food,Competitor dept: Food,"Breakroom, kitchen & hospitality",1.0,Oatmeal Grits,,brand fit 24 < 35 (closest mission: Breakroom & kitchen; residential pull: Backyard & garden living)
E0136,ENTER,Chimineas,Wayfair: Outdoor > Outdoor Heating > Chimineas,Gift Shop,Gift Shop > Professional Gifts,Gift Shop > Professional Gifts > Compasses > Outdoor Heaters,0.868657046590227,2,"Walmart, Wayfair",1,1,0,0.0,0.375,0.0,0.5,,Outdoor > Outdoor Heating > Chimineas,0.8262798397390994,41.24135205561767,0.0,16.881566380133712,65.60113773110163,0.0,0.0,1.0,0.0,0,Gift Shop > Professional Gifts > Compasses > Outdoor Heaters,Wayfair::Outdoor > Outdoor Heating > Chimineas,1,,,,,Commercial grounds & outdoor,0.5838770270347595,Backyard & garden living,0.649960994720459,-0.06608396768569946,4.510626999138488,2.7063761994830924,True,,,75.0,0.6669834852218628,True,0.0,OFF-BRAND,OFF-BRAND,OFF-BRAND,OFF-BRAND,0.37871675644325753,B,"Pass - real gap, wrong store for Staples",1.0,0.0,,236,Facilities > Heating & Cooling,mission similarity,Outdoor,Competitor dept: Outdoor,Outdoor living & grounds,1.0,Chimineas,,brand fit 3 < 35 (closest mission: Commercial grounds & outdoor; residential pull: Backyard & garden living)
E0392,ENTER,Belvita,Walmart: Food > Breakfast & Cereal > Belvita,"Coffee, Water & Snacks","Coffee, Water & Snacks > Snacks & Food","Coffee, Water & Snacks > Snacks & Food",0.7779640036485587,1,Walmart,1,1,0,0.0,0.25,0.0,0.5,,Food > Breakfast & Cereal > Belvita,0.7858504958047292,17.843619258173995,0.0,10.756924546322828,24.93031397002516,0.0,0.0,1.0,0.0,0,"Coffee, Water & Snacks > Snacks & Food",Walmart::Food > Breakfast & Cereal > Belvita,0,,,,,Breakroom & kitchen,0.5032340884208679,Residential bedroom & bath,0.5058066844940186,-0.0025725960731506348,38.41804603384065,23.050827620304393,True,,,75.0,0.5879021883010864,False,0.0,OFF-BRAND,OFF-BRAND,OFF-BRAND,OFF-BRAND,0.37824465849857913,B,"Pass - real gap, wrong store for Staples",1.0,0.0,,237,"Coffee, Water & Snacks > Snacks & Food",graph/vector vote + mission similarity,Food,Competitor dept: Food,"Breakroom, kitchen & hospitality",1.0,Belvita,,brand fit 23 < 35 (closest mission: Breakroom & kitchen; residential pull: Residential bedroom & bath)
E0406,ENTER,Flamingo Pinatas,Walmart: Party & Occasions > Flamingo Party Supplies > Flamingo Pinatas,Party Supplies,Party Supplies > Party Décor,Party Supplies > Party Décor,0.7938581103442285,1,Walmart,1,1,0,1.0,0.25,0.0,0.5,,Party & Occasions > Flamingo Party Supplies > Flamingo Pinatas,0.7858504958047292,36.43553564985868,0.0,17.15616045845272,55.71491084126463,0.0,0.0,1.0,0.0,0,Party Supplies > Party Décor,Walmart::Party & Occasions > Flamingo Party Supplies > Flamingo Pinatas,0,,,,,Retail store & shipping,0.5390945672988892,"Personal, fashion & novelty",0.5862180590629578,-0.047123491764068604,14.633236318523608,8.779941791114164,True,,,75.0,0.702860951423645,True,0.0,OFF-BRAND,OFF-BRAND,OFF-BRAND,OFF-BRAND,0.37759076142772574,B,"Pass - real gap, wrong store for Staples",1.0,0.0,,238,Party Supplies > Party Décor,graph/vector vote + mission similarity,Party & Occasions,Competitor dept: Party & Occasions,"Celebrations, gifting & creativity",0.825,Flamingo Pinatas,,"brand fit 9 < 35 (closest mission: Retail store & shipping; residential pull: Personal, fashion & novelty)"
D0060,DEEPEN,Greeting Cards,Gift Shop > Greeting Cards,Gift Shop,Gift Shop > Greeting Cards,Gift Shop > Greeting Cards,1.0,2,"OfficeDepot, Walmart",2,2,0,0.0,0.5,0.3333333333333333,0.5,OfficeDepot,"Gift Shop > Greeting Cards (competitors: Graduation Cards, Greeting & Note Cards, Bridal Shower Party Gift Wrap Greeting Cards)",0.7232842705820226,56.995163378903165,22.412957322257526,,,,,,,1,Gift Shop > Greeting Cards,Staples::Gift Shop > Greeting Cards,0,"Graduation Cards, Greeting & Note Cards, Bridal Shower Party Gift Wrap Greeting Cards",105.0,2.986108329766144,2.0,Office & business supplies,0.5926271677017212,"Personal, fashion & novelty",0.6259615421295166,-0.03333437442779541,21.99496332533431,26.53031132853392,True,,install required,65.0,0.8147810101509094,True,22.412957322257526,OFF-BRAND,,,OFF-BRAND,0.37723803564085473,B,"Pass - real gap, wrong store for Staples",0.992,0.0,,239,Paper > Business & Loyalty Cards,mission similarity,,Paper > Business & Loyalty Cards,Core office & business supplies,,Greeting Cards,,"brand fit 27 < 35 (closest mission: Office & business supplies; residential pull: Personal, fashion & novelty)"
E0072,ENTER,Built-In Wine Cellars,Amazon: Appliances > Wine Cellars > Built-In Wine Cellars | Amazon: Appliances > Wine Cellars > Freestanding Wine Cellars | Amazon: Appliances > Wine Cellars > Wine Cellar Cooling Systems,Furniture,Furniture > Storage Furniture,Restaurant & Foodservice Supplies > Smallwares > Wine Stands & Chiller Buckets,0.7834610893763119,1,Amazon,3,1,0,0.3333333333333333,0.25,0.0,0.5,,Appliances > Wine Cellars > Built-In Wine Cellars,0.9056603773584906,20.263148642194498,0.0,11.787647246099967,28.738650038289023,0.0,0.0,3.0,0.0,0,Gift Shop > Professional Gifts > Wine Accessories,Amazon::Appliances > Wine Cellars > Built-In Wine Cellars,0,,,,,Hospitality & foodservice,0.5519193410873413,Residential bedroom & bath,0.5313363075256348,0.020583033561706543,50.78036190116696,30.468217140700176,False,,install required,50.0,0.6093379855155945,True,0.0,OFF-BRAND,OFF-BRAND,OFF-BRAND,OFF-BRAND,0.3771802138484657,B,"Pass - real gap, wrong store for Staples",1.0,0.0,,240,Appliances & Kitchenware > Major Appliances,graph/vector vote + mission similarity,Appliances,Competitor dept: Appliances,"Breakroom, kitchen & hospitality",1.0,Built-In Wine Cellars,,brand fit 30 < 35 (closest mission: Hospitality & foodservice; residential pull: Residential bedroom & bath)
E0352,ENTER,Wind Turbines,Walmart: Home Improvement > Renewable Energy > Wind Turbines,Facilities,Facilities > Air Quality,Gift Shop > Professional Gifts > Compasses > Solar Panels,0.8055302831431971,1,Walmart,1,1,0,0.0,0.25,0.0,0.5,,Home Improvement > Renewable Energy > Wind Turbines,0.7858504958047292,34.61716889081562,0.0,6.458930276981853,62.775407504649394,0.0,0.0,1.0,0.0,0,Gift Shop > Professional Gifts > Compasses > Solar Panels,Walmart::Home Improvement > Renewable Energy > Wind Turbines,1,,,,,Commercial grounds & outdoor,0.543433666229248,Backyard & garden living,0.5872024893760681,-0.04376882314682007,16.42422510745312,9.85453506447187,True,,,75.0,0.6060374975204468,True,0.0,OFF-BRAND,OFF-BRAND,OFF-BRAND,OFF-BRAND,0.37701239783587653,B,"Pass - real gap, wrong store for Staples",1.0,0.0,,241,Appliances & Kitchenware > Kitchenware,mission similarity,Home Improvement,Competitor dept: Home Improvement,"Breakroom, kitchen & hospitality",1.0,Wind Turbines,,brand fit 10 < 35 (closest mission: Commercial grounds & outdoor; residential pull: Backyard & garden living)
E0009,ENTER,"Easter Books, Movies & Music","Walmart: Seasonal > Easter > Easter Books, Movies & Music | Walmart: Seasonal > Disney Frozen > Movies, Music & Books",School Supplies,School Supplies > Teacher Supplies,"Gift Shop > Home, Personal & Travel > Sculptures & Figurines",0.7671521704969892,2,"Walmart, Wayfair",2,1,0,1.0,0.375,0.0,0.5,,"Seasonal > Easter > Easter Books, Movies & Music",0.8486012683105278,26.03460057706828,1.6944352597971934,5.127745940783191,46.94145521335337,0.0,6.777741039188774,2.0,0.0,0,Arts & Crafts > Sketch Pads & Books,"Walmart::Seasonal > Easter > Easter Books, Movies & Music",0,,,,,School & classroom,0.5294458270072937,Home living & seasonal decor,0.5578252077102661,-0.028379380702972412,24.640332875323637,14.784199725194181,True,,,75.0,0.5832281112670898,False,3.388870519594387,OFF-BRAND,OFF-BRAND,OFF-BRAND,OFF-BRAND,0.3769138480207164,B,"Pass - real gap, wrong store for Staples",1.0,0.0,,242,"Coffee, Water & Snacks > Snacks & Food",graph/vector vote + mission similarity,Seasonal,Competitor dept: Seasonal,"Breakroom, kitchen & hospitality",0.935,"Easter Books, Movies & Music",,brand fit 15 < 35 (closest mission: School & classroom; residential pull: Home living & seasonal decor)
E0326,ENTER,Polishing & Buffing,"Amazon: Arts, Crafts & Sewing > Beading & Jewelry Making > Polishing & Buffing",Retail Store Supplies,Retail Store Supplies > Sewing & Tailoring,Retail Store Supplies > Sewing & Tailoring > Trim & Embellishments,0.8384050105175628,1,Amazon,1,1,0,0.0,0.25,0.0,0.5,,"Arts, Crafts & Sewing > Beading & Jewelry Making > Polishing & Buffing",0.9056603773584906,34.72908185639248,0.0,32.35434574976122,37.103817963023744,0.0,0.0,1.0,0.0,0,Retail Store Supplies > Sewing & Tailoring > Trim & Embellishments,"Amazon::Arts, Crafts & Sewing > Beading & Jewelry Making > Polishing & Buffing",0,,,,,Janitorial & facilities,0.600316047668457,"Personal, fashion & novelty",0.6732844114303589,-0.07296836376190186,0.8351890951878913,0.5011134571127348,True,,,75.0,0.6720495223999023,True,0.0,OFF-BRAND,OFF-BRAND,OFF-BRAND,OFF-BRAND,0.37644490630258776,B,"Pass - real gap, wrong store for Staples",1.0,0.0,,243,Arts & Crafts > Crafting,mission similarity,"Arts, Crafts & Sewing","Competitor dept: Arts, Crafts & Sewing","Celebrations, gifting & creativity",1.0,Polishing & Buffing,,"brand fit 1 < 35 (closest mission: Janitorial & facilities; residential pull: Personal, fashion & novelty)"
E0114,ENTER,Genuine Joe,Walmart: Industrial & Scientific > Featured Brands > Genuine Joe,"Coffee, Water & Snacks","Coffee, Water & Snacks > Coffee, Coffee Makers & Supplies",Expanded Assortment > Personal Care & Eyewear,0.7647764045144955,1,Walmart,1,1,0,0.0,0.25,0.0,0.5,,Industrial & Scientific > Featured Brands > Genuine Joe,0.7858504958047292,17.69877400665599,0.0,7.951289398280801,27.446258615031184,0.0,0.0,1.0,0.0,0,Expanded Assortment > Personal Care & Eyewear,Walmart::Industrial & Scientific > Featured Brands > Genuine Joe,0,,,,,Hospitality & foodservice,0.5417051315307617,"Personal, fashion & novelty",0.5470303893089294,-0.005325257778167725,36.948456391497764,22.169073834898658,True,,,75.0,0.5374002456665039,False,0.0,OFF-BRAND,OFF-BRAND,OFF-BRAND,OFF-BRAND,0.3762638830504907,B,"Pass - real gap, wrong store for Staples",1.0,0.0,,244,"Coffee, Water & Snacks > Coffee, Coffee Makers & Supplies",graph/vector vote + mission similarity,Industrial & Scientific,Competitor dept: Industrial & Scientific,"Breakroom, kitchen & hospitality",1.0,Genuine Joe,,"brand fit 22 < 35 (closest mission: Hospitality & foodservice; residential pull: Personal, fashion & novelty)"
E0239,ENTER,Nla for Her,Walmart: Health and Medicine > Weight Loss > Nla for Her,Healthcare Supplies,Healthcare Supplies > Patient Care,Healthcare Supplies > Patient Care > Diagnostic & Exam Instruments > Health & Body Weight Scales,0.7744726752652626,1,Walmart,1,1,0,0.0,0.25,0.0,0.5,,Health and Medicine > Weight Loss > Nla for Her,0.7858504958047292,16.56213018910722,0.0,8.01098376313276,25.113276615081677,0.0,0.0,1.0,0.0,0,Healthcare Supplies > Patient Care > Diagnostic & Exam Instruments > Health & Body Weight Scales,Walmart::Health and Medicine > Weight Loss > Nla for Her,0,,,,,Healthcare & clinics,0.533555805683136,"Personal, fashion & novelty",0.536988377571106,-0.0034325718879699707,37.95892257968702,22.775353547812212,True,,,75.0,0.5930471420288086,False,0.0,OFF-BRAND,OFF-BRAND,OFF-BRAND,OFF-BRAND,0.3757714767499946,B,"Pass - real gap, wrong store for Staples",1.0,0.0,,245,Healthcare Supplies > Patient Care,graph/vector vote + mission similarity,Health and Medicine,Competitor dept: Health and Medicine,"Health, safety & facilities",1.0,Nla for Her,,"brand fit 23 < 35 (closest mission: Healthcare & clinics; residential pull: Personal, fashion & novelty)"
E0061,ENTER,Awnings,Wayfair: Outdoor > Outdoor Shades > Awnings,Gift Shop,Gift Shop > Professional Gifts,Gift Shop > Professional Gifts > Compasses > Outdoor Decor,0.8613681253061519,2,"Walmart, Wayfair",1,1,0,0.0,0.375,0.0,0.5,,Outdoor > Outdoor Shades > Awnings,0.858411800074721,34.47023729479793,0.0,31.88872970391596,37.05174488567991,0.0,0.0,1.0,0.0,0,Gift Shop > Professional Gifts > Compasses > Outdoor Decor,Wayfair::Outdoor > Outdoor Shades > Awnings,0,,,,,Retail store & shipping,0.5608424544334412,Backyard & garden living,0.6237504482269287,-0.06290799379348755,6.206214338417833,3.7237286030507,True,,,75.0,0.6599863171577454,True,0.0,OFF-BRAND,OFF-BRAND,OFF-BRAND,OFF-BRAND,0.37541458315950643,B,"Pass - real gap, wrong store for Staples",1.0,0.0,,246,Furniture > Decor,mission similarity,Outdoor,Competitor dept: Outdoor,Outdoor living & grounds,0.99,Awnings,,brand fit 4 < 35 (closest mission: Retail store & shipping; residential pull: Backyard & garden living)
E0238,ENTER,Carmex,Walmart: Health and Medicine > Lip Care > Carmex,Healthcare Supplies,Healthcare Supplies > Personal Care,Healthcare Supplies > Personal Care > Skin Care > Lip Balm,0.8246682259495283,1,Walmart,1,1,0,1.0,0.25,0.0,0.5,,Health and Medicine > Lip Care > Carmex,0.7858504958047292,31.61326851939795,0.0,19.782712511938872,43.44382452685702,0.0,0.0,1.0,0.0,0,Healthcare Supplies > Personal Care > Skin Care > Lip Balm,Walmart::Health and Medicine > Lip Care > Carmex,0,,,,,Healthcare & clinics,0.5297619104385376,"Personal, fashion & novelty",0.5699477791786194,-0.04018586874008179,18.33709099850409,11.002254599102455,True,,,75.0,0.7428536415100098,True,0.0,OFF-BRAND,OFF-BRAND,OFF-BRAND,OFF-BRAND,0.3748019863480112,B,"Pass - real gap, wrong store for Staples",1.0,0.0,,247,Healthcare Supplies > Personal Care,graph/vector vote + mission similarity,Health and Medicine,Competitor dept: Health and Medicine,"Health, safety & facilities",0.885,Carmex,,"brand fit 11 < 35 (closest mission: Healthcare & clinics; residential pull: Personal, fashion & novelty)"
E0013,ENTER,Hanukkah Decorations,Walmart: Party & Occasions > Hanukkah > Hanukkah Party Decorations | Wayfair: Holiday > Hanukkah > Hanukkah Menorahs | Wayfair: Holiday > Hanukkah > Hanukkah Decorations,Furniture,Furniture > Decor,Gift Shop > Holiday Cards,0.7527454223055599,2,"Walmart, Wayfair",3,2,0,0.6666666666666666,0.375,0.0,0.5,,Holiday > Hanukkah > Hanukkah Decorations,0.8262798397390994,24.637479994779863,0.0,7.175262655205349,42.099697334354374,0.0,0.0,3.0,0.0,0,Party Supplies > Party Décor,Wayfair::Holiday > Hanukkah > Hanukkah Decorations,1,,,,,Workspace decor & comfort,0.5876579880714417,Home living & seasonal decor,0.6221520900726318,-0.034494102001190186,21.375808553538683,12.825485132123209,True,,,75.0,0.6718645095825195,True,0.0,OFF-BRAND,OFF-BRAND,OFF-BRAND,OFF-BRAND,0.37404916621728107,B,"Pass - real gap, wrong store for Staples",1.0,0.0,,248,Furniture > Decor,graph/vector vote + mission similarity,Holiday,Competitor dept: Holiday,Home décor & furnishings,1.0,Hanukkah Decorations,,brand fit 13 < 35 (closest mission: Workspace decor & comfort; residential pull: Home living & seasonal decor)
E0377,ENTER,Alli,Walmart: Health and Medicine > Weight Loss > Alli,Healthcare Supplies,Healthcare Supplies > Patient Care,Healthcare Supplies > Patient Care > Diagnostic & Exam Instruments > Health & Body Weight Scales,0.7714844801926364,1,Walmart,1,1,0,0.0,0.25,0.0,0.5,,Health and Medicine > Weight Loss > Alli,0.7858504958047292,15.14140430563062,0.0,5.16953199617956,25.113276615081677,0.0,0.0,1.0,0.0,0,Healthcare Supplies > Patient Care > Diagnostic & Exam Instruments > Health & Body Weight Scales,Walmart::Health and Medicine > Weight Loss > Alli,0,,,,,Healthcare & clinics,0.4896811842918396,"Personal, fashion & novelty",0.49266692996025085,-0.002985745668411255,38.19747393635895,22.91848436181537,True,,,75.0,0.6262946128845215,True,0.0,OFF-BRAND,OFF-BRAND,OFF-BRAND,OFF-BRAND,0.37392664955278604,B,"Pass - real gap, wrong store for Staples",1.0,0.0,,249,Healthcare Supplies > Patient Care,graph/vector vote + mission similarity,Health and Medicine,Competitor dept: Health and Medicine,"Health, safety & facilities",1.0,Alli,,"brand fit 23 < 35 (closest mission: Healthcare & clinics; residential pull: Personal, fashion & novelty)"
E0063,ENTER,Rain Barrels,Wayfair: Outdoor > Garden > Rain Barrels,Facilities,Facilities > Grounds Maintenance,Facilities > Grounds Maintenance > Watering Equipment,0.8296882870845517,2,"Walmart, Wayfair",1,1,0,0.0,0.375,0.0,0.5,,Outdoor > Garden > Rain Barrels,0.8262798397390994,41.6086195594564,0.0,29.71585482330468,53.50138429560812,0.0,0.0,1.0,0.0,0,Facilities > Grounds Maintenance > Watering Equipment,Wayfair::Outdoor > Garden > Rain Barrels,1,,,,,Commercial grounds & outdoor,0.5432829856872559,Backyard & garden living,0.6305193305015564,-0.08723634481430054,0.0,0.0,True,,,75.0,0.6867989301681519,True,0.0,OFF-BRAND,OFF-BRAND,OFF-BRAND,OFF-BRAND,0.37385490530004944,B,"Pass - real gap, wrong store for Staples",1.0,0.0,,250,Facilities > Grounds Maintenance,graph/vector vote + mission similarity,Outdoor,Competitor dept: Outdoor,Outdoor living & grounds,1.0,Rain Barrels,,brand fit 0 < 35 (closest mission: Commercial grounds & outdoor; residential pull: Backyard & garden living)
E0206,ENTER,Luau Pinatas,Walmart: Party & Occasions > Luau Party Supplies > Luau Pinatas,Party Supplies,Party Supplies,Party Supplies,0.7956319158046063,1,Walmart,1,1,0,1.0,0.25,0.0,0.5,,Party & Occasions > Luau Party Supplies > Luau Pinatas,0.7858504958047292,31.502552418979445,0.0,17.08452722063037,45.92057761732852,0.0,0.0,1.0,0.0,0,Party Supplies,Walmart::Party & Occasions > Luau Party Supplies > Luau Pinatas,0,,,,,Retail store & shipping,0.5688726902008057,"Personal, fashion & novelty",0.6114017963409424,-0.04252910614013672,17.08608459753778,10.251650758522668,True,,,75.0,0.7571101188659668,True,0.0,OFF-BRAND,OFF-BRAND,OFF-BRAND,OFF-BRAND,0.3731347045162239,B,"Pass - real gap, wrong store for Staples",1.0,0.0,,251,Party Supplies > Balloons & Accessories,mission similarity,Party & Occasions,Competitor dept: Party & Occasions,"Celebrations, gifting & creativity",0.625,Luau Pinatas,,"brand fit 10 < 35 (closest mission: Retail store & shipping; residential pull: Personal, fashion & novelty)"
E0126,ENTER,Six Star Pro,Walmart: Health and Medicine > Protein > Six Star Pro,Healthcare Supplies,Healthcare Supplies > OTC Pharmaceuticals,Expanded Assortment > Fitness,0.7949000620566846,1,Walmart,1,1,0,0.0,0.25,0.0,0.5,,Health and Medicine > Protein > Six Star Pro,0.7858504958047292,13.080011766831113,0.0,1.062559694364852,25.097463839297376,0.0,0.0,1.0,0.0,0,Expanded Assortment > Fitness,Walmart::Health and Medicine > Protein > Six Star Pro,0,,,,,Healthcare & clinics,0.5154916048049927,"Personal, fashion & novelty",0.5151067972183228,0.0003848075866699219,39.99694320772068,23.99816592463241,False,,,75.0,0.5917158722877502,False,0.0,OFF-BRAND,OFF-BRAND,OFF-BRAND,OFF-BRAND,0.37299392387022084,B,"Pass - real gap, wrong store for Staples",1.0,0.0,,252,Healthcare Supplies > OTC Pharmaceuticals,graph/vector vote + mission similarity,Health and Medicine,Competitor dept: Health and Medicine,"Health, safety & facilities",1.0,Six Star Pro,,"brand fit 24 < 35 (closest mission: Healthcare & clinics; residential pull: Personal, fashion & novelty)"
E0361,ENTER,Lysine,Walmart: Health and Medicine > Protein > Lysine,Healthcare Supplies,Healthcare Supplies > Personal Care,Laboratory & Scientific Supplies > Biochemistry,0.8097622445677608,1,Walmart,1,1,0,1.0,0.25,0.0,0.5,,Health and Medicine > Protein > Lysine,0.7858504958047292,17.411387861626157,0.0,7.175262655205349,27.647513068046965,0.0,0.0,1.0,0.0,0,Laboratory & Scientific Supplies > Biochemistry,Walmart::Health and Medicine > Protein > Lysine,0,,,,,Healthcare & clinics,0.5014466643333435,"Personal, fashion & novelty",0.5116500854492188,-0.010203421115875244,34.34410500982033,20.6064630058922,True,,,75.0,0.6963471174240112,True,0.0,OFF-BRAND,OFF-BRAND,OFF-BRAND,OFF-BRAND,0.372707582174933,B,"Pass - real gap, wrong store for Staples",1.0,0.0,,253,Laboratory & Scientific Supplies > Biochemistry,mission similarity,Health and Medicine,Competitor dept: Health and Medicine,"Health, safety & facilities",1.0,Lysine,,"brand fit 21 < 35 (closest mission: Healthcare & clinics; residential pull: Personal, fashion & novelty)"
E0161,ENTER,Trellises,Walmart: Patio & Garden > Garden Center > Trellises | Wayfair: Outdoor > Garden > Trellises,Furniture,Furniture > Decor,Furniture > Decor > Wall Art > Garden Landscape,0.8311761188519338,2,"Walmart, Wayfair",2,2,0,0.0,0.375,0.0,0.5,,Patio & Garden > Garden Center > Trellises,0.8262798397390994,34.32024177302169,0.0,18.547039159503342,50.09344438654006,0.0,0.0,2.0,0.0,0,Furniture > Decor > Artificial Plants & Flowers,Walmart::Patio & Garden > Garden Center > Trellises,0,,,,,Retail store & shipping,0.5866184234619141,Backyard & garden living,0.6470299959182739,-0.06041157245635986,7.539002502426481,4.523401501455888,True,,,75.0,0.6418197154998779,True,0.0,OFF-BRAND,OFF-BRAND,OFF-BRAND,OFF-BRAND,0.3719691416233092,B,"Pass - real gap, wrong store for Staples",1.0,0.0,,254,Furniture > Decor,graph/vector vote + mission similarity,Patio & Garden,Competitor dept: Patio & Garden,Outdoor living & grounds,1.0,Trellises,,brand fit 5 < 35 (closest mission: Retail store & shipping; residential pull: Backyard & garden living)
E0364,ENTER,Lenny and Larrys,Walmart: Health and Medicine > Protein > Lenny and Larrys,Healthcare Supplies,Healthcare Supplies > OTC Pharmaceuticals,Laboratory & Scientific Supplies > Biochemistry,0.7681733959433605,1,Walmart,1,1,0,0.0,0.25,0.0,0.5,,Health and Medicine > Protein > Lenny and Larrys,0.7858504958047292,17.89491221692702,0.0,8.142311365807068,27.647513068046965,0.0,0.0,1.0,0.0,0,Laboratory & Scientific Supplies > Biochemistry,Walmart::Health and Medicine > Protein > Lenny and Larrys,0,,,,,Healthcare & clinics,0.4998016953468323,"Personal, fashion & novelty",0.5125116109848022,-0.01270991563796997,33.00593897890345,19.80356338734207,True,,,75.0,0.6326723098754883,True,0.0,OFF-BRAND,OFF-BRAND,OFF-BRAND,OFF-BRAND,0.37182706947078403,B,"Pass - real gap, wrong store for Staples",1.0,0.0,,255,Laboratory & Scientific Supplies > Biochemistry,mission similarity,Health and Medicine,Competitor dept: Health and Medicine,"Health, safety & facilities",1.0,Lenny and Larrys,,"brand fit 20 < 35 (closest mission: Healthcare & clinics; residential pull: Personal, fashion & novelty)"
E0035,ENTER,Jurassic World Toys,Walmart: Seasonal > Jurassic World > Jurassic Park - Toys | Walmart: Seasonal > Jurassic World > Jurassic World Camp Cretaceous | Walmart: Seasonal > Jurassic World > Jurassic World Toys | Walmart: Seasonal > Jurassic World > Jurassic World Merchandise,Furniture,Furniture > Lamps & Lighting,School Supplies > Learning at Home > Pretend Play > Toy Vehicles,0.7145491458635513,1,Walmart,4,1,0,0.75,0.25,0.0,0.5,,Seasonal > Jurassic World > Jurassic World Toys,0.7858504958047292,21.809067505451843,0.09985195821643157,1.3998328557784145,42.218302155125265,0.0,0.3994078328657263,4.0,0.0,0,Retail Store Supplies > Store Fixtures & Retail Displays > Merchandisers,Walmart::Seasonal > Jurassic World > Jurassic World Toys,0,,,,,School & classroom,0.5524225831031799,Home living & seasonal decor,0.5747993588447571,-0.02237677574157715,27.845000583769043,16.707000350261424,True,,,75.0,0.49278414249420166,False,0.19970391643286314,OFF-BRAND,OFF-BRAND,OFF-BRAND,OFF-BRAND,0.37113422113596967,B,"Pass - real gap, wrong store for Staples",1.0,0.0,,256,Furniture > Decor,graph/vector vote + mission similarity,Seasonal,Competitor dept: Seasonal,Home décor & furnishings,0.945,Jurassic World Toys,,brand fit 17 < 35 (closest mission: School & classroom; residential pull: Home living & seasonal decor)
E0201,ENTER,Seesaws & Teeter-Totters,Wayfair: Outdoor > Backyard Play > Seesaws & Teeter-Totters | Wayfair: School Spaces > Outdoor Playground & Recreation > Seesaws & Teeter-Totters,School Supplies,School Supplies > Teacher Supplies,School Supplies > Teacher Supplies > Physical Education & Recreation > Outdoor Games,0.8740856944731342,1,Wayfair,2,1,0,0.0,0.125,0.3333333333333333,0.0,Wayfair Professional,Outdoor > Backyard Play > Seesaws & Teeter-Totters,0.8667091836734694,46.356929850498375,0.0,29.035339063992353,63.6785206370044,0.0,0.0,2.0,0.0,0,School Supplies > Teacher Supplies > Physical Education & Recreation > Outdoor Games,Wayfair::Outdoor > Backyard Play > Seesaws & Teeter-Totters,0,,,,,Commercial grounds & outdoor,0.5394846796989441,Backyard & garden living,0.6093412637710571,-0.06985658407211304,2.496504466063891,14.831236012971667,True,,,50.0,0.6740862131118774,True,0.0,OFF-BRAND,OFF-BRAND,OFF-BRAND,OFF-BRAND,0.37087091101937797,B,"Pass - real gap, wrong store for Staples",1.0,0.006,,257,Furniture > Boards & Easels,mission similarity,Outdoor,Competitor dept: Outdoor,Home décor & furnishings,1.0,Seesaws & Teeter-Totters,,brand fit 15 < 35 (closest mission: Commercial grounds & outdoor; residential pull: Backyard & garden living)
E0349,ENTER,Arginine Capsules,Walmart: Health and Medicine > Protein > Arginine Capsules,Healthcare Supplies,Healthcare Supplies > Personal Care,Laboratory & Scientific Supplies > Biochemistry,0.8210304795581931,1,Walmart,1,1,0,1.0,0.25,0.0,0.5,,Health and Medicine > Protein > Arginine Capsules,0.7858504958047292,20.479678215016797,0.0,13.311843361986629,27.647513068046965,0.0,0.0,1.0,0.0,0,Laboratory & Scientific Supplies > Biochemistry,Walmart::Health and Medicine > Protein > Arginine Capsules,0,,,,,Healthcare & clinics,0.48534825444221497,"Personal, fashion & novelty",0.5057607889175415,-0.020412534475326538,28.89366872002535,17.33620123201521,True,,,75.0,0.6317324042320251,True,0.0,OFF-BRAND,OFF-BRAND,OFF-BRAND,OFF-BRAND,0.370769494157265,B,"Pass - real gap, wrong store for Staples",1.0,0.0,,258,Laboratory & Scientific Supplies > Biochemistry,mission similarity,Health and Medicine,Competitor dept: Health and Medicine,"Health, safety & facilities",0.935,Arginine Capsules,,"brand fit 17 < 35 (closest mission: Healthcare & clinics; residential pull: Personal, fashion & novelty)"
E0088,ENTER,Pseudoephedrine,Walmart: Health and Medicine > Allergy Medicine > Pseudoephedrine | Walmart: Health and Medicine > Allergy Medicine > Equate Pseudoephedrine,Healthcare Supplies,Healthcare Supplies > OTC Pharmaceuticals,Healthcare Supplies > OTC Pharmaceuticals > Medicine & Vitamins,0.8173890766630155,1,Walmart,2,1,0,1.0,0.25,0.0,0.5,,Health and Medicine > Allergy Medicine > Pseudoephedrine,0.7858504958047292,18.475730320489976,0.0,12.285100286532952,24.666360354447,0.0,0.0,2.0,0.0,0,Healthcare Supplies > OTC Pharmaceuticals > Medicine & Vitamins,Walmart::Health and Medicine > Allergy Medicine > Pseudoephedrine,0,,,,,Healthcare & clinics,0.48911619186401367,"Personal, fashion & novelty",0.5049405097961426,-0.015824317932128906,31.343223453329454,18.805934071997672,True,,,75.0,0.5948458909988403,False,0.0,OFF-BRAND,OFF-BRAND,OFF-BRAND,OFF-BRAND,0.3707030379954397,B,"Pass - real gap, wrong store for Staples",1.0,0.0,,259,Healthcare Supplies > OTC Pharmaceuticals,graph/vector vote + mission similarity,Health and Medicine,Competitor dept: Health and Medicine,"Health, safety & facilities",0.945,Pseudoephedrine,,"brand fit 19 < 35 (closest mission: Healthcare & clinics; residential pull: Personal, fashion & novelty)"
E0197,ENTER,Llama Pinatas,Walmart: Party & Occasions > Llama Party Supplies > Llama Pinatas,Party Supplies,Party Supplies > Party Favors & Costumes,Party Supplies > Party Favors & Costumes > Party Hats,0.7903790222002691,1,Walmart,1,1,0,1.0,0.25,0.0,0.5,,Party & Occasions > Llama Party Supplies > Llama Pinatas,0.7858504958047292,31.493364149496163,0.0,14.577363896848135,48.40936440214419,0.0,0.0,1.0,0.0,0,Party Supplies > Party Favors & Costumes > Party Hats,Walmart::Party & Occasions > Llama Party Supplies > Llama Pinatas,0,,,,,Retail store & shipping,0.5468679666519165,"Personal, fashion & novelty",0.5932028293609619,-0.04633486270904541,15.054269200552078,9.032561520331246,True,,,75.0,0.7562340497970581,True,0.0,OFF-BRAND,OFF-BRAND,OFF-BRAND,OFF-BRAND,0.3706827436356161,B,"Pass - real gap, wrong store for Staples",1.0,0.0,,260,Party Supplies > Party Favors & Costumes,graph/vector vote + mission similarity,Party & Occasions,Competitor dept: Party & Occasions,"Celebrations, gifting & creativity",0.845,Llama Pinatas,,"brand fit 9 < 35 (closest mission: Retail store & shipping; residential pull: Personal, fashion & novelty)"
E0071,ENTER,Fourth of July Decorations,"Wayfair: Holiday > Fourth of July > Fourth of July Decorations | Wayfair: Holiday > Fourth of July > Fourth of July Wreaths, Garlands & Flowers | Wayfair: Holiday > Fourth of July > Fourth of July Bedding & Bath",Furniture,Furniture > Decor,Furniture > Decor > Seasonal Decor > Holiday Lighting,0.7448736991390286,2,"Walmart, Wayfair",3,1,0,0.6666666666666666,0.375,0.0,0.5,,Holiday > Fourth of July > Fourth of July Decorations,0.8262798397390994,22.68705017967997,0.5191327611787603,7.46577523081821,37.90832512854174,0.0,2.076531044715041,3.0,0.0,0,Furniture > Decor > Beds & Bedding > Bedding,Wayfair::Holiday > Fourth of July > Fourth of July Decorations,0,,,,,Workspace decor & comfort,0.5534121990203857,Home living & seasonal decor,0.5855878591537476,-0.032175660133361816,22.61357712826935,13.568146276961608,True,,,75.0,0.5507378578186035,False,1.0382655223575206,OFF-BRAND,OFF-BRAND,OFF-BRAND,OFF-BRAND,0.3706745092051743,B,"Pass - real gap, wrong store for Staples",1.0,0.0,,261,Furniture > Decor,graph/vector vote + mission similarity,Holiday,Competitor dept: Holiday,Home décor & furnishings,1.0,Fourth of July Decorations,,brand fit 14 < 35 (closest mission: Workspace decor & comfort; residential pull: Home living & seasonal decor)
E0051,ENTER,Boost Mobile Prepaid Plans,Walmart: Cell Phones > Phone & Data Plans > Straight Talk Prepaid Plans | Walmart: Cell Phones > Phone & Data Plans > Boost Mobile Prepaid Plans | Walmart: Cell Phones > Phone & Data Plans > Verizon Prepaid Plans | Walmart: Cell Phones > Phone & Data Plans > Walmart Family Mobile Prepaid Plans | Walmart: Cell Phones > Phone & Data Plans > Tracfone Prepaid Plans | Walmart: Cell Phones > Phone & Data Plans > Metro by T-Mobile Prepaid Plans | Walmart: Cell Phones > Phone & Data Plans > AT&T Prepaid Plans,"Phones, Cameras & Electronics","Phones, Cameras & Electronics > Phones & Accessories","Phones, Cameras & Electronics > Phones & Accessories > Landline Phones",0.8130722582990269,1,Walmart,7,1,0,0.8571428571428571,0.25,0.0,0.5,,Cell Phones > Phone & Data Plans > Boost Mobile Prepaid Plans,0.7858504958047292,21.749538140425464,0.0,7.250306999590667,36.24876928126026,0.0,0.0,7.0,0.0,0,"Phones, Cameras & Electronics > Phones & Accessories > Landline Phones",Walmart::Cell Phones > Phone & Data Plans > Boost Mobile Prepaid Plans,1,,,,,Technology for work,0.4961761236190796,"Personal, fashion & novelty",0.5218586325645447,-0.025682508945465088,26.080137408636322,15.648082445181792,True,,,75.0,0.6183613538742065,True,0.0,OFF-BRAND,OFF-BRAND,OFF-BRAND,OFF-BRAND,0.36929804647171116,B,"Pass - real gap, wrong store for Staples",1.0,0.0,,262,"Phones, Cameras & Electronics > Phones & Accessories",graph/vector vote + mission similarity,Cell Phones,Competitor dept: Cell Phones,Technology & connected workspace,0.59,Boost Mobile Prepaid Plans,,"brand fit 16 < 35 (closest mission: Technology for work; residential pull: Personal, fashion & novelty)"
E0108,ENTER,Monistat,Walmart: Personal Care > Feminine Care > Monistat,Healthcare Supplies,Healthcare Supplies > Personal Care,Healthcare Supplies > Personal Care,0.8482661895809155,1,Walmart,1,1,0,0.0,0.25,0.0,0.5,,Personal Care > Feminine Care > Monistat,0.7858504958047292,42.406734446820614,0.0,24.391117478510026,60.4223514151312,0.0,0.0,1.0,0.0,0,Healthcare Supplies > Personal Care,Walmart::Personal Care > Feminine Care > Monistat,1,,,,,Healthcare & clinics,0.5565240383148193,"Personal, fashion & novelty",0.6725480556488037,-0.11602401733398438,0.0,0.0,True,,,75.0,0.7012888193130493,True,0.0,OFF-BRAND,OFF-BRAND,OFF-BRAND,OFF-BRAND,0.3689876760409403,B,"Pass - real gap, wrong store for Staples",1.0,0.0,,263,Healthcare Supplies > Personal Care,graph/vector vote + mission similarity,Personal Care,Competitor dept: Personal Care,"Health, safety & facilities",1.0,Monistat,,"brand fit 0 < 35 (closest mission: Healthcare & clinics; residential pull: Personal, fashion & novelty)"
D0049,DEEPEN,"Curtains, Blinds & Shades","Furniture > Decor > Curtains, Blinds & Shades",Furniture,Furniture > Decor,"Furniture > Decor > Curtains, Blinds & Shades",1.0,2,"Wayfair, WestElm",4,2,0,0.0,0.25,0.3333333333333333,0.0,Wayfair Professional,"Furniture > Decor > Curtains, Blinds & Shades (competitors: Curtains & Drapes, Valances & Kitchen Curtains, Blinds & Shades)",0.8661813863476424,62.941264316415115,11.483381570985884,,,,,,,1,"Furniture > Decor > Curtains, Blinds & Shades","Staples::Furniture > Decor > Curtains, Blinds & Shades",0,"Curtains & Drapes, Valances & Kitchen Curtains, Blinds & Shades",2.0,0.5705859515434528,3.0,Office & home-office furniture,0.6380389332771301,Home living & seasonal decor,0.7119340300559998,-0.07389509677886963,0.3404253396305898,13.537588537111686,True,,,65.0,0.8607336282730103,True,11.483381570985884,OFF-BRAND,,,OFF-BRAND,0.36785820215324566,B,"Pass - real gap, wrong store for Staples",1.0,0.0,,264,Furniture > Decor,own aisle (DEEPEN),,Furniture > Decor,Home décor & furnishings,,"Curtains, Blinds & Shades",,brand fit 14 < 35 (closest mission: Office & home-office furniture; residential pull: Home living & seasonal decor)
E0207,ENTER,Teen Bed in a Bag,Wayfair: Baby & Kids > Teen Bedding > Teen Bed in a Bag,Furniture,Furniture > Decor,Furniture > Decor > Beds & Bedding > Bedding,0.8079231582029722,2,"Walmart, Wayfair",1,1,1,1.0,0.375,0.0,0.5,,Baby & Kids > Teen Bedding > Teen Bed in a Bag,0.8262798397390994,37.02128684985843,0.0,20.893027698185293,53.14954600153156,0.0,0.0,1.0,0.0,0,Furniture > Decor > Beds & Bedding,Wayfair::Baby & Kids > Teen Bedding > Teen Bed in a Bag,0,,,,,School & classroom,0.5455846190452576,Residential bedroom & bath,0.6745965480804443,-0.12901192903518677,0.0,0.0,True,,,75.0,0.641704797744751,True,0.0,OFF-BRAND,OFF-BRAND,OFF-BRAND,OFF-BRAND,0.3669739062356525,B,"Pass - real gap, wrong store for Staples",1.0,0.0,,265,Furniture > Decor,graph/vector vote + mission similarity,Baby & Kids,Competitor dept: Baby & Kids,Home décor & furnishings,0.655,Teen Bed in a Bag,,brand fit 0 < 35 (closest mission: School & classroom; residential pull: Residential bedroom & bath)
E0181,ENTER,Hotspots,Walmart: Cell Phones > Mobile Hotspots & Signal Boosters > Hotspots,Networking & WiFi,Networking & WiFi > Wireless Access Points,Networking & WiFi > Wireless Access Points,0.7552823903897663,1,Walmart,1,1,0,0.0,0.25,0.0,0.5,,Cell Phones > Mobile Hotspots & Signal Boosters > Hotspots,0.7858504958047292,23.762362826385356,0.0,2.01766953199618,45.507056120774536,0.0,0.0,1.0,0.0,0,Networking & WiFi > Wireless Access Points,Walmart::Cell Phones > Mobile Hotspots & Signal Boosters > Hotspots,0,,,,,Technology for work,0.525876522064209,Backyard & garden living,0.5599129796028137,-0.034036457538604736,21.620135548339878,12.972081329003926,True,,,75.0,0.6858651638031006,True,0.0,OFF-BRAND,OFF-BRAND,OFF-BRAND,OFF-BRAND,0.36696528126829525,B,"Pass - real gap, wrong store for Staples",1.0,0.0,,266,Networking & WiFi > Wireless Access Points,graph/vector vote + mission similarity,Cell Phones,Competitor dept: Cell Phones,Technology & connected workspace,1.0,Hotspots,,brand fit 13 < 35 (closest mission: Technology for work; residential pull: Backyard & garden living)
E0019,ENTER,Fat Blockers,Walmart: Health and Medicine > Weight Loss > Fat Blockers | Walmart: Health and Medicine > Digestive Health > H2 Blockers,Healthcare Supplies,Healthcare Supplies > OTC Pharmaceuticals,Healthcare Supplies > OTC Pharmaceuticals > Medicine & Vitamins > Laxatives,0.8083524512963554,1,Walmart,2,1,0,1.0,0.25,0.0,0.5,,Health and Medicine > Weight Loss > Fat Blockers,0.7858504958047292,21.555055548055684,0.7585184296241627,11.497134670487107,31.612976425624254,0.0,3.034073718496651,2.0,0.0,0,Healthcare Supplies > OTC Pharmaceuticals > Medicine & Vitamins > Laxatives,Walmart::Health and Medicine > Weight Loss > Fat Blockers,0,,,,,Technology for work,0.45577967166900635,Backyard & garden living,0.48114076256752014,-0.025361090898513794,26.251735913385666,15.751041548031399,True,,,75.0,0.5804646611213684,False,1.5170368592483254,OFF-BRAND,OFF-BRAND,OFF-BRAND,OFF-BRAND,0.36641169789804384,B,"Pass - real gap, wrong store for Staples",1.0,0.0,,267,Healthcare Supplies > OTC Pharmaceuticals,graph/vector vote + mission similarity,Health and Medicine,Competitor dept: Health and Medicine,"Health, safety & facilities",0.95,Fat Blockers,,brand fit 16 < 35 (closest mission: Technology for work; residential pull: Backyard & garden living)
E0110,ENTER,Douches,Walmart: Personal Care > Feminine Care > Douches,Healthcare Supplies,Healthcare Supplies > Personal Care,Healthcare Supplies > Personal Care,0.831721943676188,1,Walmart,1,1,0,0.0,0.25,0.0,0.5,,Personal Care > Feminine Care > Douches,0.7858504958047292,40.592025755321096,0.0,20.761700095510985,60.4223514151312,0.0,0.0,1.0,0.0,0,Healthcare Supplies > Personal Care,Walmart::Personal Care > Feminine Care > Douches,1,,,,,Janitorial & facilities,0.5567532777786255,"Personal, fashion & novelty",0.641258180141449,-0.08450490236282349,0.0,0.0,True,,,75.0,0.6454744338989258,True,0.0,OFF-BRAND,OFF-BRAND,OFF-BRAND,OFF-BRAND,0.366265613003691,B,"Pass - real gap, wrong store for Staples",1.0,0.0,,268,Healthcare Supplies > Personal Care,graph/vector vote + mission similarity,Personal Care,Competitor dept: Personal Care,"Health, safety & facilities",1.0,Douches,,"brand fit 0 < 35 (closest mission: Janitorial & facilities; residential pull: Personal, fashion & novelty)"
E0360,ENTER,Expert Gardener,Walmart: Home > @ Manual Shelves - Home > Expert Gardener,Facilities,Facilities > Hardware,Facilities > Hardware > Door Hardware > Push Plates & Pulls,0.7367788158455284,1,Walmart,1,1,0,1.0,0.25,0.0,0.5,,Home > @ Manual Shelves - Home > Expert Gardener,0.7858504958047292,24.510101845991908,0.0,6.423113658070678,42.59709003391314,0.0,0.0,1.0,0.0,0,Facilities > Grounds Maintenance > Outdoor Tools > Lawn & Garden Tools,Walmart::Home > @ Manual Shelves - Home > Expert Gardener,0,,,,,Retail store & shipping,0.5252730846405029,Backyard & garden living,0.5639373660087585,-0.038664281368255615,19.14943529692619,11.489661178155712,True,,,75.0,0.5617961287498474,False,0.0,OFF-BRAND,OFF-BRAND,OFF-BRAND,OFF-BRAND,0.3651220494960087,B,"Pass - real gap, wrong store for Staples",1.0,0.0,,269,Furniture > Decor,graph/vector vote + mission similarity,Home,Competitor dept: Home,Outdoor living & grounds,0.56,Expert Gardener,,brand fit 11 < 35 (closest mission: Retail store & shipping; residential pull: Backyard & garden living)
E0157,ENTER,Basketball Hoops,Wayfair: Outdoor > Backyard Play > Basketball Hoops,School Supplies,School Supplies > Teacher Supplies,School Supplies > Teacher Supplies > Physical Education & Recreation > Outdoor Games,0.8559013333945252,2,"Walmart, Wayfair",1,1,0,0.0,0.375,0.0,0.5,,Outdoor > Backyard Play > Basketball Hoops,0.8262798397390994,35.65829962640603,0.0,18.39780324737345,52.91879600543861,0.0,0.0,1.0,0.0,0,School Supplies > Teacher Supplies > Physical Education & Recreation > Outdoor Games,Wayfair::Outdoor > Backyard Play > Basketball Hoops,1,,,,,Commercial grounds & outdoor,0.5320714116096497,Backyard & garden living,0.6834391355514526,-0.15136772394180298,0.0,0.0,True,,,75.0,0.6828440427780151,True,0.0,OFF-BRAND,OFF-BRAND,OFF-BRAND,OFF-BRAND,0.3649294254004739,B,"Pass - real gap, wrong store for Staples",1.0,0.0,,270,Wearable Technology > Sports & Handheld GPS,mission similarity,Outdoor,Competitor dept: Outdoor,Wellness & ergonomics,1.0,Basketball Hoops,,brand fit 0 < 35 (closest mission: Commercial grounds & outdoor; residential pull: Backyard & garden living)
E0240,ENTER,Referee & Scorekeeping,Walmart: Sports & Outdoors > Sports > Referee & Scorekeeping,School Supplies,School Supplies > Teacher Supplies,Gift Shop > Game Room & Toys > Game Room > Sports Displays & Collectibles,0.7553665819896767,1,Walmart,1,1,0,1.0,0.25,0.0,0.5,,Sports & Outdoors > Sports > Referee & Scorekeeping,0.7858504958047292,26.43018813290901,0.0,3.939828080229226,48.92054818558879,0.0,0.0,1.0,0.0,0,Gift Shop > Game Room & Toys > Game Room > Sports Displays & Collectibles,Walmart::Sports & Outdoors > Sports > Referee & Scorekeeping,0,,,,,Commercial grounds & outdoor,0.5325596332550049,"Leisure, hobbies & sports",0.5767229795455933,-0.04416334629058838,16.213597290497,9.728158374298198,True,,,75.0,0.5723663568496704,False,0.0,OFF-BRAND,OFF-BRAND,OFF-BRAND,OFF-BRAND,0.36447917331866925,B,"Pass - real gap, wrong store for Staples",1.0,0.0,,271,Wearable Technology > Sports & Handheld GPS,mission similarity,Sports & Outdoors,Competitor dept: Sports & Outdoors,Wellness & ergonomics,1.0,Referee & Scorekeeping,,"brand fit 10 < 35 (closest mission: Commercial grounds & outdoor; residential pull: Leisure, hobbies & sports)"
E0160,ENTER,Exogenous Ketones,Walmart: Health and Medicine > Weight Loss > Exogenous Ketones,Healthcare Supplies,Healthcare Supplies > Patient Care,Healthcare Supplies > Patient Care > Diagnostic & Exam Instruments > Health & Body Weight Scales,0.7803204384546216,1,Walmart,1,1,0,0.0,0.25,0.0,0.5,,Health and Medicine > Weight Loss > Exogenous Ketones,0.7858504958047292,17.17101271059719,0.0,9.228748806112703,25.113276615081677,0.0,0.0,1.0,0.0,0,Healthcare Supplies > Patient Care > Diagnostic & Exam Instruments > Health & Body Weight Scales,Walmart::Health and Medicine > Weight Loss > Exogenous Ketones,0,,,,,Healthcare & clinics,0.45245361328125,Backyard & garden living,0.474938303232193,-0.022484689950942993,27.787387400116064,16.672432440069638,True,,,75.0,0.5648171305656433,False,0.0,OFF-BRAND,OFF-BRAND,OFF-BRAND,OFF-BRAND,0.36447895831674443,B,"Pass - real gap, wrong store for Staples",1.0,0.0,,272,Healthcare Supplies > Patient Care,graph/vector vote + mission similarity,Health and Medicine,Competitor dept: Health and Medicine,"Health, safety & facilities",1.0,Exogenous Ketones,,brand fit 17 < 35 (closest mission: Healthcare & clinics; residential pull: Backyard & garden living)
E0081,ENTER,Total by Verizon,Walmart: Cell Phones > Shop Phones by Carrier > Total by Verizon,"Phones, Cameras & Electronics","Phones, Cameras & Electronics > Cell Phones","Phones, Cameras & Electronics > Cell Phones",0.8178792820515398,1,Walmart,1,1,0,0.0,0.25,0.0,0.5,,Cell Phones > Phones by Carrier > Total by Verizon,0.7858504958047292,23.592989910692374,0.0,11.473256924546323,35.71272289683842,0.0,0.0,1.0,0.0,0,"Phones, Cameras & Electronics > Cell Phones",Walmart::Cell Phones > Shop Phones by Carrier > Total by Verizon,1,,,,,Retail store & shipping,0.4885820150375366,Residential bedroom & bath,0.5270001888275146,-0.03841817378997803,19.280827086654522,11.568496251992713,True,,,75.0,0.6169525384902954,True,0.0,OFF-BRAND,OFF-BRAND,OFF-BRAND,OFF-BRAND,0.36390405174073337,B,"Pass - real gap, wrong store for Staples",1.0,0.0,,273,"Phones, Cameras & Electronics > Cell Phones",graph/vector vote + mission similarity,Cell Phones,Competitor dept: Cell Phones,Technology & connected workspace,1.0,Total by Verizon,,brand fit 12 < 35 (closest mission: Retail store & shipping; residential pull: Residential bedroom & bath)
E0402,ENTER,Ladybug Pinatas,Walmart: Party & Occasions > Ladybug Party Supplies > Ladybug Pinatas,Party Supplies,Party Supplies > Party Favors & Costumes,Party Supplies > Party Favors & Costumes,0.8035131262726352,1,Walmart,1,1,0,1.0,0.25,0.0,0.5,,Party & Occasions > Ladybug Party Supplies > Ladybug Pinatas,0.7858504958047292,35.167255891385174,0.0,20.14087870105062,50.193633081719724,0.0,0.0,1.0,0.0,0,Party Supplies > Party Favors & Costumes,Walmart::Party & Occasions > Ladybug Party Supplies > Ladybug Pinatas,0,,,,,School & classroom,0.5496211051940918,"Personal, fashion & novelty",0.6159244179725647,-0.0663033127784729,4.393523151669305,2.6361138910015827,True,,,75.0,0.7314186096191406,True,0.0,OFF-BRAND,OFF-BRAND,OFF-BRAND,OFF-BRAND,0.3634006859897903,B,"Pass - real gap, wrong store for Staples",1.0,0.0,,274,Party Supplies > Party Favors & Costumes,graph/vector vote + mission similarity,Party & Occasions,Competitor dept: Party & Occasions,"Celebrations, gifting & creativity",0.545,Ladybug Pinatas,,"brand fit 3 < 35 (closest mission: School & classroom; residential pull: Personal, fashion & novelty)"
E0124,ENTER,Curb Your Craving,Walmart: Health and Medicine > Keto Diet > Curb Your Craving,Healthcare Supplies,Healthcare Supplies > Patient Care,Healthcare Supplies > Patient Care > Feeding Tubes & Nutrients > Eating & Drinking Aids,0.7576841278244193,1,Walmart,1,1,0,1.0,0.25,0.0,0.5,,Health and Medicine > Keto Diet > Curb Your Craving,0.7858504958047292,20.872403939679188,0.0,5.563514804202483,36.18129307515589,0.0,0.0,1.0,0.0,0,Healthcare Supplies > Patient Care > Feeding Tubes & Nutrients > Eating & Drinking Aids,Walmart::Health and Medicine > Keto Diet > Curb Your Craving,0,,,,,School & classroom,0.4128454625606537,"Leisure, hobbies & sports",0.4457053542137146,-0.03285989165306091,22.248279949730627,13.348967969838375,True,,,75.0,0.48710542917251587,False,0.0,OFF-BRAND,OFF-BRAND,OFF-BRAND,OFF-BRAND,0.3633841162199049,B,"Pass - real gap, wrong store for Staples",1.0,0.0,,275,"Coffee, Water & Snacks > Snacks & Food",mission similarity,Health and Medicine,Competitor dept: Health and Medicine,"Breakroom, kitchen & hospitality",0.995,Curb Your Craving,,"brand fit 13 < 35 (closest mission: School & classroom; residential pull: Leisure, hobbies & sports)"
E0087,ENTER,Sandboxes,Wayfair: Outdoor > Backyard Play > Sandboxes | Wayfair: School Spaces > Outdoor Playground & Recreation > Sandboxes,School Supplies,School Supplies > Teacher Supplies,School Supplies > Teacher Supplies > Physical Education & Recreation > Outdoor Games,0.8589113977861293,1,Wayfair,2,1,0,0.5,0.125,0.3333333333333333,0.0,Wayfair Professional,Outdoor > Backyard Play > Sandboxes,0.8667091836734694,43.10716862795778,0.0,25.035816618911173,61.1785206370044,0.0,0.0,2.0,0.0,0,School Supplies > Teacher Supplies > Physical Education & Recreation > Outdoor Games,Wayfair::Outdoor > Backyard Play > Sandboxes,0,,,,,Commercial grounds & outdoor,0.5475298762321472,Backyard & garden living,0.6718746423721313,-0.12434476613998413,0.0,13.333333333333332,True,,,50.0,0.6538359522819519,True,0.0,OFF-BRAND,OFF-BRAND,OFF-BRAND,OFF-BRAND,0.3630004638262904,B,"Pass - real gap, wrong store for Staples",1.0,0.004,,276,Gaming > Handheld Consoles,mission similarity,Outdoor,Competitor dept: Outdoor,Technology & connected workspace,0.935,Sandboxes,,brand fit 13 < 35 (closest mission: Commercial grounds & outdoor; residential pull: Backyard & garden living)
E0146,ENTER,Shutters,Wayfair: Outdoor > Front Door Décor & Curb Appeal > Shutters | Wayfair: Outdoor > Outdoor Shades > Shutters | Wayfair: Home Improvement > Outdoor Remodel > Shutters,Furniture,Furniture > Decor,Gift Shop > Professional Gifts > Compasses > Outdoor Decor,0.8734169070323385,2,"Walmart, Wayfair",3,1,0,0.0,0.375,0.0,0.5,,Outdoor > Front Door Décor & Curb Appeal > Shutters,0.8262798397390994,44.07578890673964,0.0,31.97230181470869,56.179275998770585,0.0,0.0,3.0,0.0,0,Gift Shop > Professional Gifts > Compasses > Outdoor Decor,Wayfair::Outdoor > Front Door Décor & Curb Appeal > Shutters,3,,,,,Workspace decor & comfort,0.5923671722412109,Home living & seasonal decor,0.6316380500793457,-0.039270877838134766,18.82558587961807,11.295351527770842,True,,install required,50.0,0.6648569107055664,True,0.0,OFF-BRAND,OFF-BRAND,OFF-BRAND,OFF-BRAND,0.36264636237651604,B,"Pass - real gap, wrong store for Staples",1.0,0.0,,277,Furniture > Decor,graph/vector vote + mission similarity,Outdoor,Competitor dept: Outdoor,Outdoor living & grounds,1.0,Shutters,,brand fit 11 < 35 (closest mission: Workspace decor & comfort; residential pull: Home living & seasonal decor)
E0203,ENTER,Pavers & Cobblestone,Wayfair: Outdoor > Outdoor Fencing & Flooring > Pavers & Cobblestone,Facilities,Facilities > Grounds Maintenance,Facilities > Grounds Maintenance > Outdoor Tools,0.8312673631870435,2,"Walmart, Wayfair",1,1,0,0.0,0.375,0.0,0.5,,Outdoor > Outdoor Fencing & Flooring > Pavers & Cobblestone,0.8262798397390994,39.421155479155125,0.0,21.107927411652337,57.73438354665791,0.0,0.0,1.0,0.0,0,Facilities > Grounds Maintenance > Outdoor Tools,Wayfair::Outdoor > Outdoor Fencing & Flooring > Pavers & Cobblestone,0,,,,,Commercial grounds & outdoor,0.6068669557571411,Backyard & garden living,0.5767749547958374,0.03009200096130371,55.85700461914217,33.5142027714853,False,,"bulky freight, install required",25.0,0.6518787145614624,True,0.0,OFF-BRAND,OFF-BRAND,OFF-BRAND,OFF-BRAND,0.3626021147225682,B,"Pass - real gap, wrong store for Staples",0.818,0.0,,278,Facilities > Grounds Maintenance,graph/vector vote + mission similarity,Outdoor,Competitor dept: Outdoor,Outdoor living & grounds,1.0,Pavers & Cobblestone,,brand fit 34 < 35 (closest mission: Commercial grounds & outdoor; residential pull: Backyard & garden living)
E0270,ENTER,Garcinia Cambogia,Walmart: Health and Medicine > Weight Loss > Garcinia Cambogia,Healthcare Supplies,Healthcare Supplies > Patient Care,Healthcare Supplies > Patient Care > Diagnostic & Exam Instruments > Health & Body Weight Scales,0.7674320753287904,1,Walmart,1,1,0,0.0,0.25,0.0,0.5,,Health and Medicine > Weight Loss > Garcinia Cambogia,0.7858504958047292,14.801146425974459,0.0,4.48901623686724,25.113276615081677,0.0,0.0,1.0,0.0,0,Healthcare Supplies > Patient Care > Diagnostic & Exam Instruments > Health & Body Weight Scales,Walmart::Health and Medicine > Weight Loss > Garcinia Cambogia,0,,,,,Healthcare & clinics,0.4611847996711731,Backyard & garden living,0.48211395740509033,-0.020929157733917236,28.617854155367972,17.170712493220783,True,,,75.0,0.5881710648536682,False,0.0,OFF-BRAND,OFF-BRAND,OFF-BRAND,OFF-BRAND,0.36192071899611267,B,"Pass - real gap, wrong store for Staples",1.0,0.0,,279,Healthcare Supplies > Patient Care,graph/vector vote + mission similarity,Health and Medicine,Competitor dept: Health and Medicine,"Health, safety & facilities",1.0,Garcinia Cambogia,,brand fit 17 < 35 (closest mission: Healthcare & clinics; residential pull: Backyard & garden living)
E0237,ENTER,Brother Sergers,Walmart: Arts Crafts & Sewing > Brother > Brother Sergers,Retail Store Supplies,Retail Store Supplies > Sewing & Tailoring,Retail Store Supplies > Sewing & Tailoring > Thread,0.7373926640575962,1,Walmart,1,1,0,0.0,0.25,0.0,0.5,,Arts Crafts & Sewing > Brother > Brother Sergers,0.7858504958047292,29.50918066810043,0.0,3.211556829035339,55.80680450716552,0.0,0.0,1.0,0.0,0,Retail Store Supplies > Sewing & Tailoring > Sewing Machines,Walmart::Arts Crafts & Sewing > Brother > Brother Sergers,0,,,,,Healthcare & clinics,0.5207324624061584,"Personal, fashion & novelty",0.5773766040802002,-0.05664414167404175,9.550356547802759,5.730213928681655,True,,,75.0,0.6521762609481812,True,0.0,OFF-BRAND,OFF-BRAND,OFF-BRAND,OFF-BRAND,0.36110177323022336,B,"Pass - real gap, wrong store for Staples",1.0,0.0,,280,Arts & Crafts > Crafting,graph/vector vote + mission similarity,"Arts, Crafts & Sewing","Competitor dept: Arts, Crafts & Sewing","Celebrations, gifting & creativity",1.0,Brother Sergers,,"brand fit 6 < 35 (closest mission: Healthcare & clinics; residential pull: Personal, fashion & novelty)"
E0261,ENTER,Crosman Favorites,Walmart: Sports & Outdoors > @ Manual Shelves - Sports & Outdoors > Crosman Favorites,Gift Shop,Gift Shop > Game Room & Toys,School Supplies > Teacher Supplies > Physical Education & Recreation > Sporting Goods,0.7870004312371088,1,Walmart,1,1,0,1.0,0.25,0.0,0.5,,Sports & Outdoors > @ Manual Shelves - Sports & Outdoors > Crosman Favorites,0.7858504958047292,27.973856101590833,0.0,12.010506208213943,43.93720599496773,0.0,0.0,1.0,0.0,0,School Supplies > Teacher Supplies > Physical Education & Recreation > Sporting Goods,Walmart::Sports & Outdoors > @ Manual Shelves - Sports & Outdoors > Crosman Favorites,0,,,,,Retail store & shipping,0.5242556929588318,"Leisure, hobbies & sports",0.5773250460624695,-0.053069353103637695,11.458862866271318,6.875317719762791,True,,,75.0,0.5692094564437866,False,0.0,OFF-BRAND,OFF-BRAND,OFF-BRAND,OFF-BRAND,0.36108899396262123,B,"Pass - real gap, wrong store for Staples",1.0,0.0,,281,Safety Supplies > Safety Storage,mission similarity,Sports & Outdoors,Competitor dept: Sports & Outdoors,"Health, safety & facilities",0.91,Crosman Favorites,,"brand fit 7 < 35 (closest mission: Retail store & shipping; residential pull: Leisure, hobbies & sports)"
E0101,ENTER,St. Patrick's Day Decorations,"Wayfair: Holiday > St. Patrick's Day > St. Patrick's Day Decorations | Wayfair: Holiday > St. Patrick's Day > St. Patrick's Day Wreaths, Garlands & Flowers | Wayfair: Holiday > St. Patrick's Day > St. Patrick's Day Tableware & Linens",Furniture,Furniture > Decor,Gift Shop > Holiday Cards,0.7399271479347477,2,"Walmart, Wayfair",3,1,1,0.6666666666666666,0.375,0.0,0.5,,Holiday > St. Patrick's Day > St. Patrick's Day Decorations,0.8262798397390994,23.488506160568164,0.814001883206382,7.963228271251193,39.01378404988514,0.0,3.256007532825528,3.0,0.0,0,Appliances & Kitchenware > Kitchenware > Dining & Tableware > Tableware,Wayfair::Holiday > St. Patrick's Day > St. Patrick's Day Decorations,0,,,,,Workspace decor & comfort,0.5608195066452026,Home living & seasonal decor,0.6089203953742981,-0.04810088872909546,14.11142411993674,8.466854471962042,True,,,75.0,0.5010591745376587,False,1.628003766412764,OFF-BRAND,OFF-BRAND,OFF-BRAND,OFF-BRAND,0.36064866456279826,B,"Pass - real gap, wrong store for Staples",1.0,0.0,,282,Furniture > Decor,graph/vector vote + mission similarity,Holiday,Competitor dept: Holiday,Home décor & furnishings,1.0,St. Patrick's Day Decorations,,brand fit 8 < 35 (closest mission: Workspace decor & comfort; residential pull: Home living & seasonal decor)
E0280,ENTER,Netball,Amazon: Sports & Outdoors > Sports & Fitness > Netball,School Supplies,School Supplies > Teacher Supplies,Expanded Assortment > Fitness,0.7871425940012535,1,Amazon,1,1,0,0.0,0.25,0.0,0.5,,Sports & Outdoors > Sports & Fitness > Netball,0.9056603773584906,24.842630216390212,0.0,12.631327602674308,37.05393283010612,0.0,0.0,1.0,0.0,0,Expanded Assortment > Fitness,Amazon::Sports & Outdoors > Sports & Fitness > Netball,0,,,,,Healthcare & clinics,0.52656489610672,"Leisure, hobbies & sports",0.6050026416778564,-0.07843774557113647,0.0,0.0,True,,,75.0,0.6016905307769775,True,0.0,OFF-BRAND,OFF-BRAND,OFF-BRAND,OFF-BRAND,0.3606130019283589,B,"Pass - real gap, wrong store for Staples",1.0,0.0,,283,Fitness > Fitness Equipment,mission similarity,Sports & Outdoors,Competitor dept: Sports & Outdoors,Wellness & ergonomics,1.0,Netball,,"brand fit 0 < 35 (closest mission: Healthcare & clinics; residential pull: Leisure, hobbies & sports)"
E0095,ENTER,AcuRite,Walmart: Industrial & Scientific > Featured Brands > AcuRite,Laboratory & Scientific Supplies,Laboratory & Scientific Supplies > Labware & Consumables,Laboratory & Scientific Supplies > Labware & Consumables > Specialty Glassware,0.7604971489699781,1,Walmart,1,1,0,1.0,0.25,0.0,0.5,,Industrial & Scientific > Featured Brands > AcuRite,0.7858504958047292,14.755244875805944,0.0,5.814231136580706,23.696258615031184,0.0,0.0,1.0,0.0,0,Laboratory & Scientific Supplies > Labware & Consumables > Specialty Glassware,Walmart::Industrial & Scientific > Featured Brands > AcuRite,0,,,,,Hospitality & foodservice,0.5243360996246338,"Personal, fashion & novelty",0.5492486357688904,-0.024912536144256592,26.49121009929038,15.894726059574229,True,,,75.0,0.6370075345039368,True,0.0,OFF-BRAND,OFF-BRAND,OFF-BRAND,OFF-BRAND,0.35929989380356675,B,"Pass - real gap, wrong store for Staples",1.0,0.0,,284,Laboratory & Scientific Supplies > Labware & Consumables,graph/vector vote + mission similarity,Industrial & Scientific,Competitor dept: Industrial & Scientific,"Health, safety & facilities",1.0,AcuRite,,"brand fit 16 < 35 (closest mission: Hospitality & foodservice; residential pull: Personal, fashion & novelty)"
E0211,ENTER,Jasmine Pinatas,Walmart: Party & Occasions > Jasmine Party Supplies > Jasmine Pinatas,Party Supplies,Party Supplies > Party Décor,Party Supplies > Party Décor,0.7995007957124355,1,Walmart,1,1,0,1.0,0.25,0.0,0.5,,Party & Occasions > Jasmine Party Supplies > Jasmine Pinatas,0.7858504958047292,35.93186253627897,0.0,19.47230181470869,52.39142325784925,0.0,0.0,1.0,0.0,0,Party Supplies > Party Décor,Walmart::Party & Occasions > Jasmine Party Supplies > Jasmine Pinatas,0,,,,,School & classroom,0.5332282781600952,"Personal, fashion & novelty",0.6277300715446472,-0.094501793384552,0.0,0.0,True,,,75.0,0.7017284631729126,True,0.0,OFF-BRAND,OFF-BRAND,OFF-BRAND,OFF-BRAND,0.35927536817512784,B,"Pass - real gap, wrong store for Staples",1.0,0.0,,285,Party Supplies > Party Décor,graph/vector vote + mission similarity,Party & Occasions,Competitor dept: Party & Occasions,"Celebrations, gifting & creativity",0.595,Jasmine Pinatas,,"brand fit 0 < 35 (closest mission: School & classroom; residential pull: Personal, fashion & novelty)"
E0082,ENTER,Natural Appetite Suppressants,Walmart: Health and Medicine > Weight Loss > Natural Appetite Suppressants | Walmart: Health and Medicine > Weight Loss > Appetite Suppressants,Healthcare Supplies,Healthcare Supplies > Patient Care,Healthcare Supplies > Patient Care > Diagnostic & Exam Instruments > Health & Body Weight Scales,0.7869921967445133,1,Walmart,2,1,0,0.5,0.25,0.0,0.5,,Health and Medicine > Weight Loss > Natural Appetite Suppressants,0.7858504958047292,17.151139078975707,0.0,9.41977077363897,24.882507384312444,0.0,0.0,2.0,0.0,0,Healthcare Supplies > Patient Care > Diagnostic & Exam Instruments > Health & Body Weight Scales,Walmart::Health and Medicine > Weight Loss > Natural Appetite Suppressants,0,,,,,School & classroom,0.4692342281341553,Backyard & garden living,0.5005577206611633,-0.03132349252700806,23.068531940026663,13.841119164015998,True,,,75.0,0.589282751083374,False,0.0,OFF-BRAND,OFF-BRAND,OFF-BRAND,OFF-BRAND,0.35878652131720495,B,"Pass - real gap, wrong store for Staples",1.0,0.0,,286,Healthcare Supplies > Patient Care,graph/vector vote + mission similarity,Health and Medicine,Competitor dept: Health and Medicine,"Health, safety & facilities",1.0,Natural Appetite Suppressants,,brand fit 14 < 35 (closest mission: School & classroom; residential pull: Backyard & garden living)
E0068,ENTER,Thanksgiving Decorations,Wayfair: Holiday > Thanksgiving > Thanksgiving Decorations,Furniture,Furniture > Decor,Furniture > Decor > Seasonal Decor > Holiday Lighting,0.7973511734051191,2,"Walmart, Wayfair",1,1,0,1.0,0.375,0.0,0.5,,Holiday > Thanksgiving > Thanksgiving Decorations,0.8262798397390994,28.567870474943806,0.0,15.663801337153773,41.47193961273384,0.0,0.0,1.0,0.0,0,Furniture > Decor > Seasonal Decor > Holiday Lighting,Wayfair::Holiday > Thanksgiving > Thanksgiving Decorations,0,,,,,Workspace decor & comfort,0.6013765335083008,Home living & seasonal decor,0.6691059470176697,-0.0677294135093689,3.632157212933519,2.1792943277601116,True,,,75.0,0.7953755259513855,True,0.0,OFF-BRAND,OFF-BRAND,OFF-BRAND,OFF-BRAND,0.3586523703288008,B,"Pass - real gap, wrong store for Staples",1.0,0.0,,287,Furniture > Decor,graph/vector vote + mission similarity,Holiday,Competitor dept: Holiday,Home décor & furnishings,0.98,Thanksgiving Decorations,,brand fit 2 < 35 (closest mission: Workspace decor & comfort; residential pull: Home living & seasonal decor)
E0390,ENTER,Musclepharm,Walmart: Health and Medicine > Protein > Musclepharm,Healthcare Supplies,Healthcare Supplies > Personal Care,Expanded Assortment > Fitness,0.7842802644005515,1,Walmart,1,1,0,0.5,0.25,0.0,0.5,,Health and Medicine > Protein > Musclepharm,0.8766209000762777,13.25645025414433,2.565040909992359,1.468481375358166,25.044419132930493,0.0,5.130081819984718,4.0,0.0,0,Expanded Assortment > Fitness,Walmart::Health and Medicine > Protein > Musclepharm,0,,,,,Healthcare & clinics,0.4987056851387024,"Leisure, hobbies & sports",0.5287811160087585,-0.030075430870056152,23.73484646778678,14.240907880672069,True,,,75.0,0.6375872492790222,True,2.565040909992359,OFF-BRAND,OFF-BRAND,OFF-BRAND,OFF-BRAND,0.35793670145635714,B,"Pass - real gap, wrong store for Staples",1.0,0.0,,288,Healthcare Supplies > OTC Pharmaceuticals,graph/vector vote + mission similarity,Health and Medicine,Competitor dept: Health and Medicine,"Health, safety & facilities",1.0,Musclepharm,,"brand fit 14 < 35 (closest mission: Healthcare & clinics; residential pull: Leisure, hobbies & sports)"
E0272,ENTER,Sunwarrior,Walmart: Health and Medicine > Protein > Sunwarrior,Healthcare Supplies,Healthcare Supplies > Personal Care,Expanded Assortment > Fitness,0.7672761768794018,1,Walmart,1,1,0,0.0,0.25,0.0,0.5,,Health and Medicine > Protein > Sunwarrior,0.7858504958047292,17.614348702122815,0.0,7.581184336198662,27.647513068046965,0.0,0.0,1.0,0.0,0,Expanded Assortment > Fitness,Walmart::Health and Medicine > Protein > Sunwarrior,0,,,,,Healthcare & clinics,0.4901374578475952,Backyard & garden living,0.524364709854126,-0.03422725200653076,21.518274294060298,12.910964576436179,True,,,75.0,0.5548255443572998,False,0.0,OFF-BRAND,OFF-BRAND,OFF-BRAND,OFF-BRAND,0.3576210265767659,B,"Pass - real gap, wrong store for Staples",1.0,0.0,,289,Healthcare Supplies > OTC Pharmaceuticals,graph/vector vote + mission similarity,Health and Medicine,Competitor dept: Health and Medicine,"Health, safety & facilities",1.0,Sunwarrior,,brand fit 13 < 35 (closest mission: Healthcare & clinics; residential pull: Backyard & garden living)
E0190,ENTER,Harry Potter Books,Walmart: Seasonal > Harry Potter > Harry Potter Books | Walmart: Seasonal > Harry Potter > Harry Potter Movies,School Supplies,School Supplies > Teacher Supplies,"Furniture > Lamps & Lighting > Lighting Controls, Dimmers & Accessories > Transformers",0.6635638297333423,1,Walmart,2,1,0,1.0,0.25,0.0,0.5,,Seasonal > Harry Potter > Harry Potter Books,0.7858504958047292,23.59938153738517,0.0,0.8416905444126074,46.35707253035773,0.0,0.0,2.0,0.0,0,Arts & Crafts > Coloring Books,Walmart::Seasonal > Harry Potter > Harry Potter Books,0,,,,,School & classroom,0.529492974281311,Home living & seasonal decor,0.5783982276916504,-0.048905253410339355,13.681990309720263,8.209194185832157,True,,,75.0,0.6351727247238159,True,0.0,OFF-BRAND,OFF-BRAND,OFF-BRAND,OFF-BRAND,0.35719503504845146,B,"Pass - real gap, wrong store for Staples",1.0,0.0,,290,Furniture > Decor,graph/vector vote + mission similarity,Seasonal,Competitor dept: Seasonal,Home décor & furnishings,1.0,Harry Potter Books,,brand fit 8 < 35 (closest mission: School & classroom; residential pull: Home living & seasonal decor)
E0040,ENTER,Trampolines,Wayfair: Outdoor > Backyard Play > Trampolines | Wayfair: Outdoor > Backyard Play > Trampoline Accessories,School Supplies,School Supplies > Teacher Supplies,School Supplies > Teacher Supplies > Physical Education & Recreation > Outdoor Games,0.8662676254776369,2,"Walmart, Wayfair",2,1,0,0.0,0.375,0.0,0.5,,Outdoor > Backyard Play > Trampolines,0.8970273607154533,48.3896579290394,0.0,44.931948424068764,51.84736743401003,0.0,0.0,2.0,0.0,0,School Supplies > Teacher Supplies > Physical Education & Recreation > Outdoor Games,Wayfair::Outdoor > Backyard Play > Trampolines,1,,,,,Commercial grounds & outdoor,0.5113787055015564,Backyard & garden living,0.6516586542129517,-0.14027994871139526,0.0,0.0,True,,bulky freight,50.0,0.707294225692749,True,0.0,OFF-BRAND,OFF-BRAND,OFF-BRAND,OFF-BRAND,0.35713859100087714,B,"Pass - real gap, wrong store for Staples",1.0,0.0,,291,"Safety Supplies > Fall Protection Kits, Parts & Accessories",mission similarity,Outdoor,Competitor dept: Outdoor,"Health, safety & facilities",1.0,Trampolines,,brand fit 0 < 35 (closest mission: Commercial grounds & outdoor; residential pull: Backyard & garden living)
E0012,ENTER,Valentine's Day Wreath,"Walmart: Seasonal > Valentine's Day > Valentine's Day self-care & wellness for Teens | Walmart: Seasonal > Valentine's Day > Valentine's Day self-care & wellness | Walmart: Seasonal > Valentine's Day > Valentine's Day Present | Walmart: Seasonal > Valentine's Day > Valentine's Mugs | Walmart: Seasonal > Valentine's Day > Valentine's Day Wreath | Wayfair: Holiday > Valentine's Day > Valentine's Day Decorations | Wayfair: Holiday > Valentine's Day > Valentine's Day Wreaths, Garlands & Flowers",Furniture,Furniture > Decor,Gift Shop > Holiday Cards,0.7397259981604234,2,"Walmart, Wayfair",7,2,0,0.8571428571428571,0.375,0.0,0.5,,Seasonal > Valentine's Day > Valentine's Day Wreath,0.8262798397390994,29.09262792621974,0.0,4.5145995360895075,53.67065631634997,0.0,0.0,7.0,0.0,0,Gift Shop > Holiday Cards,Walmart::Seasonal > Valentine's Day > Valentine's Day Wreath,0,,,,,Workspace decor & comfort,0.498211145401001,Home living & seasonal decor,0.5791968107223511,-0.0809856653213501,0.0,0.0,True,,,75.0,0.5524100661277771,False,0.0,OFF-BRAND,OFF-BRAND,OFF-BRAND,OFF-BRAND,0.35508091785019447,B,"Pass - real gap, wrong store for Staples",1.0,0.0,,292,Furniture > Decor,graph/vector vote + mission similarity,Seasonal,Competitor dept: Seasonal,Home décor & furnishings,1.0,Valentine's Day Wreath,,brand fit 0 < 35 (closest mission: Workspace decor & comfort; residential pull: Home living & seasonal decor)
E0246,ENTER,Clogging,Walmart: Sports & Outdoors > Sports > Clogging,School Supplies,School Supplies > Teacher Supplies,School Supplies > Teacher Supplies > Physical Education & Recreation > Outdoor Games,0.7598007426344962,1,Walmart,1,1,0,1.0,0.25,0.0,0.5,,Sports & Outdoors > Sports > Clogging,0.7858504958047292,27.456931208362686,0.0,5.99331423113658,48.92054818558879,0.0,0.0,1.0,0.0,0,School Supplies > Teacher Supplies > Physical Education & Recreation > Outdoor Games,Walmart::Sports & Outdoors > Sports > Clogging,0,,,,,Janitorial & facilities,0.5152873396873474,"Leisure, hobbies & sports",0.5765625238418579,-0.0612751841545105,7.077937924714252,4.246762754828551,True,,,75.0,0.546376645565033,False,0.0,OFF-BRAND,OFF-BRAND,OFF-BRAND,OFF-BRAND,0.3550564966929105,B,"Pass - real gap, wrong store for Staples",1.0,0.0,,293,Facilities > Grounds Maintenance,mission similarity,Sports & Outdoors,Competitor dept: Sports & Outdoors,Outdoor living & grounds,1.0,Clogging,,"brand fit 4 < 35 (closest mission: Janitorial & facilities; residential pull: Leisure, hobbies & sports)"
E0328,ENTER,Cleats,Walmart: Sports & Outdoors > Sports > Cleats,School Supplies,School Supplies > Teacher Supplies,School Supplies > Teacher Supplies > Physical Education & Recreation > Sporting Goods,0.7872930673696465,1,Walmart,1,1,0,1.0,0.25,0.0,0.5,,Sports & Outdoors > Sports > Cleats,0.7858504958047292,28.149385840645397,0.0,7.378223495702005,48.92054818558879,0.0,0.0,1.0,0.0,0,School Supplies > Teacher Supplies > Physical Education & Recreation > Sporting Goods,Walmart::Sports & Outdoors > Sports > Cleats,0,,,,,Retail store & shipping,0.5448055863380432,"Leisure, hobbies & sports",0.6098352670669556,-0.06502968072891235,5.073489187734935,3.0440935126409605,True,,,75.0,0.6172836422920227,True,0.0,OFF-BRAND,OFF-BRAND,OFF-BRAND,OFF-BRAND,0.35368984015695937,B,"Pass - real gap, wrong store for Staples",1.0,0.0,,294,Wearable Technology > Sports & Handheld GPS,mission similarity,Sports & Outdoors,Competitor dept: Sports & Outdoors,Wellness & ergonomics,0.855,Cleats,,"brand fit 3 < 35 (closest mission: Retail store & shipping; residential pull: Leisure, hobbies & sports)"
E0073,ENTER,Gender Reveal Baking,Walmart: Party & Occasions > Gender Reveal Party Supplies > Gender Reveal Baking | Walmart: Party & Occasions > Gender Reveal Party Supplies > Gender Reveal Pinatas,Party Supplies,Party Supplies > Party Favors & Costumes,Party Supplies > Party Favors & Costumes,0.7901162880956896,1,Walmart,2,1,0,1.0,0.25,0.0,0.5,,Party & Occasions > Gender Reveal Party Supplies > Gender Reveal Baking,0.7858504958047292,25.342734010530346,0.0,12.935768863419291,37.7496991576414,0.0,0.0,2.0,0.0,0,Party Supplies > Party Supply Kits,Walmart::Party & Occasions > Gender Reveal Party Supplies > Gender Reveal Baking,0,,,,,School & classroom,0.5619143843650818,"Personal, fashion & novelty",0.6218098402023315,-0.059895455837249756,7.814546582653563,4.6887279495921375,True,,,75.0,0.7076576352119446,True,0.0,OFF-BRAND,OFF-BRAND,OFF-BRAND,OFF-BRAND,0.35276913128568915,B,"Pass - real gap, wrong store for Staples",1.0,0.0,,295,Party Supplies > Party Favors & Costumes,graph/vector vote + mission similarity,Party & Occasions,Competitor dept: Party & Occasions,"Celebrations, gifting & creativity",0.995,Gender Reveal Baking,,"brand fit 5 < 35 (closest mission: School & classroom; residential pull: Personal, fashion & novelty)"
E0325,ENTER,Festival Outfits,Walmart: Party & Occasions > Halloween Costumes > Festival Outfits,Party Supplies,Party Supplies > Party Favors & Costumes,Party Supplies > Party Favors & Costumes > Costumes & Accessories,0.8809491252534873,1,Walmart,1,1,0,1.0,0.25,0.0,0.5,,Party & Occasions > Halloween Costumes > Festival Outfits,0.7858504958047292,31.23159897353508,0.0,22.56446991404012,39.89872803303003,0.0,0.0,1.0,0.0,0,Party Supplies > Party Favors & Costumes > Costumes & Accessories,Walmart::Party & Occasions > Halloween Costumes > Festival Outfits,0,,,,,School & classroom,0.49848490953445435,"Personal, fashion & novelty",0.6298757791519165,-0.13139086961746216,0.0,0.0,True,,,75.0,0.767113208770752,True,0.0,OFF-BRAND,OFF-BRAND,OFF-BRAND,OFF-BRAND,0.352224972831012,B,"Pass - real gap, wrong store for Staples",1.0,0.0,,296,Party Supplies > Party Favors & Costumes,graph/vector vote + mission similarity,Party & Occasions,Competitor dept: Party & Occasions,"Celebrations, gifting & creativity",0.775,Festival Outfits,,"brand fit 0 < 35 (closest mission: School & classroom; residential pull: Personal, fashion & novelty)"
E0011,ENTER,Halloween Decorations,Walmart: Party & Occasions > Halloween > Halloween Entertainment | Walmart: Party & Occasions > Halloween > Halloween Pumpkin Carving | Wayfair: Holiday > Halloween > Halloween Decorations | Wayfair: Holiday > Halloween > Halloween Lights,Furniture,Furniture > Decor,Furniture > Decor > Seasonal Decor > Holiday Lighting,0.7889293193158309,2,"Walmart, Wayfair",4,2,0,1.0,0.375,0.0,0.5,,Holiday > Halloween > Halloween Decorations,0.8262798397390994,26.59490158011591,0.0,14.705706781279847,38.484096378951975,0.0,0.0,4.0,0.0,0,Party Supplies > Party Favors & Costumes > Costumes & Accessories,Wayfair::Holiday > Halloween > Halloween Decorations,0,,,,,Workspace decor & comfort,0.5711560249328613,Home living & seasonal decor,0.6720550060272217,-0.10089898109436035,0.0,0.0,True,,,75.0,0.6430807113647461,True,0.0,OFF-BRAND,OFF-BRAND,OFF-BRAND,OFF-BRAND,0.3513343283310387,B,"Pass - real gap, wrong store for Staples",1.0,0.0,,297,Furniture > Decor,graph/vector vote + mission similarity,Party & Occasions,Competitor dept: Party & Occasions,Home décor & furnishings,1.0,Halloween Decorations,,brand fit 0 < 35 (closest mission: Workspace decor & comfort; residential pull: Home living & seasonal decor)
E0028,ENTER,Empowering Women Friends Handicrafts,Walmart: Seasonal > Women Owned Businesses > Empowering Women Friends Handicrafts | Walmart: Seasonal > Women Owned Businesses > Empowering Women Home,Gift Shop,"Gift Shop > Home, Personal & Travel","Gift Shop > Home, Personal & Travel",0.721433342830566,1,Walmart,2,1,0,1.0,0.25,0.0,0.5,,Seasonal > Women Owned Businesses > Empowering Women Friends Handicrafts,0.7858504958047292,30.55467839254419,0.0,4.536771728748806,56.57258505633958,0.0,0.0,2.0,0.0,0,Facilities > Material Handling > Hand Trucks & Dollies,Walmart::Seasonal > Women Owned Businesses > Empowering Women Friends Handicrafts,0,,,,,Office & business supplies,0.5030942559242249,"Personal, fashion & novelty",0.6164546012878418,-0.11336034536361694,0.0,0.0,True,,,75.0,0.5733509659767151,False,0.0,OFF-BRAND,OFF-BRAND,OFF-BRAND,OFF-BRAND,0.35120959195952567,B,"Pass - real gap, wrong store for Staples",1.0,0.0,,298,Furniture > Decor,graph/vector vote + mission similarity,Seasonal,Competitor dept: Seasonal,Home décor & furnishings,1.0,Empowering Women Friends Handicrafts,,"brand fit 0 < 35 (closest mission: Office & business supplies; residential pull: Personal, fashion & novelty)"
E0098,ENTER,ND Test,Walmart: Seasonal > ND Test,Retail Store Supplies,Retail Store Supplies > Sewing & Tailoring,Furniture > Decor > Seasonal Decor,0.7716521409364958,1,Walmart,1,1,0,1.0,0.25,0.0,0.5,,Seasonal > ND Test,0.7270319764406477,24.07128903818005,0.0,5.933619866284623,42.20895821007548,0.0,0.0,1.0,32668.0,0,Healthcare Supplies > Patient Care > Diagnostic & Exam Instruments > Testing Kits,Walmart::Seasonal > ND Test,0,,,,,Healthcare & clinics,0.4577120840549469,Home living & seasonal decor,0.5036386251449585,-0.0459265410900116,15.272263740521547,9.163358244312928,True,,,75.0,0.5116532444953918,False,0.0,OFF-BRAND,OFF-BRAND,OFF-BRAND,OFF-BRAND,0.35098844651199307,B,"Pass - real gap, wrong store for Staples",1.0,0.0,,299,Furniture > Decor,graph/vector vote + mission similarity,Seasonal,Competitor dept: Seasonal,Home décor & furnishings,0.995,ND Test,,brand fit 9 < 35 (closest mission: Healthcare & clinics; residential pull: Home living & seasonal decor)
E0002,ENTER,BMX Bikes,Walmart: Sports & Outdoors > Bikes > Fixie Bikes | Walmart: Sports & Outdoors > Bikes > BMX Bikes | Walmart: Sports & Outdoors > Bikes > Commuter Bikes | Walmart: Sports & Outdoors > Bikes > Cruiser Bikes | Walmart: Sports & Outdoors > Bikes > Road Bikes,Facilities,Facilities > Hardware,"School Supplies > Teacher Supplies > Physical Education & Recreation > Bicycles, Tricycles & Accessories",0.8436097469758718,1,Walmart,5,1,0,1.0,0.25,0.0,0.5,,Sports & Outdoors > Bikes > BMX Bikes,0.7858504958047292,27.884578926986034,0.0,10.434574976122255,45.33458287784982,0.0,0.0,5.0,0.0,0,"School Supplies > Teacher Supplies > Physical Education & Recreation > Bicycles, Tricycles & Accessories",Walmart::Sports & Outdoors > Bikes > BMX Bikes,0,,,,,Retail store & shipping,0.5079665184020996,"Leisure, hobbies & sports",0.58134526014328,-0.07337874174118042,0.6160967066483993,0.3696580239890396,True,,,75.0,0.6277920007705688,True,0.0,OFF-BRAND,OFF-BRAND,OFF-BRAND,OFF-BRAND,0.3479437588091665,B,"Pass - real gap, wrong store for Staples",1.0,0.0,,300,Facilities > Grounds Maintenance,graph/vector vote + mission similarity,Sports & Outdoors,Competitor dept: Sports & Outdoors,Outdoor living & grounds,1.0,BMX Bikes,,"brand fit 0 < 35 (closest mission: Retail store & shipping; residential pull: Leisure, hobbies & sports)"
E0193,ENTER,Other Scoreboad Equiptment,Walmart: Sports & Outdoors > Sports > Other Scoreboad Equiptment,School Supplies,School Supplies > Teacher Supplies,School Supplies > Teacher Supplies > Physical Education & Recreation > Outdoor Games,0.7837305696742812,1,Walmart,1,1,0,1.0,0.25,0.0,0.5,,Sports & Outdoors > Sports > Other Scoreboad Equiptment,0.7858504958047292,28.334438371686467,0.0,7.748328557784145,48.92054818558879,0.0,0.0,1.0,0.0,0,School Supplies > Teacher Supplies > Physical Education & Recreation > Outdoor Games,Walmart::Sports & Outdoors > Sports > Other Scoreboad Equiptment,0,,,,,Safety & security,0.5194446444511414,"Leisure, hobbies & sports",0.6452281475067139,-0.1257835030555725,0.0,0.0,True,,,75.0,0.6292724609375,True,0.0,OFF-BRAND,OFF-BRAND,OFF-BRAND,OFF-BRAND,0.34787923192823905,B,"Pass - real gap, wrong store for Staples",1.0,0.0,,301,Wearable Technology > Sports & Handheld GPS,mission similarity,Sports & Outdoors,Competitor dept: Sports & Outdoors,Wellness & ergonomics,0.99,Other Scoreboad Equiptment,,"brand fit 0 < 35 (closest mission: Safety & security; residential pull: Leisure, hobbies & sports)"
E0376,ENTER,Gymnastics,Walmart: Sports & Outdoors > Sports > Gymnastics,School Supplies,School Supplies > Teacher Supplies,School Supplies > Teacher Supplies > Physical Education & Recreation > Outdoor Games,0.7677815407267495,1,Walmart,1,1,0,1.0,0.25,0.0,0.5,,Sports & Outdoors > Sports > Gymnastics,0.7858504958047292,27.641983739403756,0.0,6.363419293218719,48.92054818558879,0.0,0.0,1.0,0.0,0,School Supplies > Teacher Supplies > Physical Education & Recreation > Outdoor Games,Walmart::Sports & Outdoors > Sports > Gymnastics,0,,,,,Safety & security,0.5368202328681946,"Leisure, hobbies & sports",0.6428029537200928,-0.1059827208518982,0.0,0.0,True,,,75.0,0.6309889554977417,True,0.0,OFF-BRAND,OFF-BRAND,OFF-BRAND,OFF-BRAND,0.346840549979815,B,"Pass - real gap, wrong store for Staples",1.0,0.0,,302,Fitness > Fitness Equipment,mission similarity,Sports & Outdoors,Competitor dept: Sports & Outdoors,Wellness & ergonomics,0.995,Gymnastics,,"brand fit 0 < 35 (closest mission: Safety & security; residential pull: Leisure, hobbies & sports)"
E0394,ENTER,Tumbling,Walmart: Sports & Outdoors > Sports > Tumbling,School Supplies,School Supplies > Teacher Supplies,School Supplies > Teacher Supplies > Physical Education & Recreation > Outdoor Games,0.7859786722695478,1,Walmart,1,1,0,1.0,0.25,0.0,0.5,,Sports & Outdoors > Sports > Tumbling,0.7858504958047292,27.63601430291856,0.0,6.351480420248329,48.92054818558879,0.0,0.0,1.0,0.0,0,School Supplies > Teacher Supplies > Physical Education & Recreation > Outdoor Games,Walmart::Sports & Outdoors > Sports > Tumbling,0,,,,,Safety & security,0.4770164489746094,"Leisure, hobbies & sports",0.5566487908363342,-0.07963234186172485,0.0,0.0,True,,,75.0,0.5837340354919434,False,0.0,OFF-BRAND,OFF-BRAND,OFF-BRAND,OFF-BRAND,0.3468315958250872,B,"Pass - real gap, wrong store for Staples",1.0,0.0,,303,Wearable Technology > Sports & Handheld GPS,mission similarity,Sports & Outdoors,Competitor dept: Sports & Outdoors,Wellness & ergonomics,0.94,Tumbling,,"brand fit 0 < 35 (closest mission: Safety & security; residential pull: Leisure, hobbies & sports)"
E0186,ENTER,Dodgeball,Walmart: Sports & Outdoors > Sports > Dodgeball,Gift Shop,Gift Shop > Game Room & Toys,School Supplies > Teacher Supplies > Physical Education & Recreation > Outdoor Games,0.8015994934095906,1,Walmart,1,1,0,1.0,0.25,0.0,0.5,,Sports & Outdoors > Sports > Dodgeball,0.7858504958047292,26.991315162517413,0.0,5.062082139446036,48.92054818558879,0.0,0.0,1.0,0.0,0,School Supplies > Teacher Supplies > Physical Education & Recreation > Outdoor Games,Walmart::Sports & Outdoors > Sports > Dodgeball,0,,,,,Janitorial & facilities,0.43994009494781494,"Leisure, hobbies & sports",0.6120582818984985,-0.1721181869506836,0.0,0.0,True,,,75.0,0.6447031497955322,True,0.0,OFF-BRAND,OFF-BRAND,OFF-BRAND,OFF-BRAND,0.3458645471144855,B,"Pass - real gap, wrong store for Staples",1.0,0.0,,304,Wearable Technology > Sports & Handheld GPS,mission similarity,Sports & Outdoors,Competitor dept: Sports & Outdoors,Wellness & ergonomics,0.72,Dodgeball,,"brand fit 0 < 35 (closest mission: Janitorial & facilities; residential pull: Leisure, hobbies & sports)"
E0401,ENTER,Kiss My Keto,Walmart: Health and Medicine > Weight Loss > Kiss My Keto,Healthcare Supplies,Healthcare Supplies > Patient Care,Healthcare Supplies > Patient Care > Diagnostic & Exam Instruments > Health & Body Weight Scales,0.7625022472294058,1,Walmart,1,1,0,0.0,0.25,0.0,0.5,,Health and Medicine > Weight Loss > Kiss My Keto,0.7858504958047292,14.777268680033675,0.0,4.441260744985674,25.113276615081677,0.0,0.0,1.0,0.0,0,Healthcare Supplies > Patient Care > Diagnostic & Exam Instruments > Health & Body Weight Scales,Walmart::Health and Medicine > Weight Loss > Kiss My Keto,0,,,,,Technology for work,0.42606422305107117,"Personal, fashion & novelty",0.4724332392215729,-0.04636901617050171,15.036035367780382,9.021621220668228,True,,,75.0,0.5076505541801453,False,0.0,OFF-BRAND,OFF-BRAND,OFF-BRAND,OFF-BRAND,0.3455867198320963,B,"Pass - real gap, wrong store for Staples",1.0,0.0,,305,Healthcare Supplies > Patient Care,graph/vector vote + mission similarity,Health and Medicine,Competitor dept: Health and Medicine,"Health, safety & facilities",1.0,Kiss My Keto,,"brand fit 9 < 35 (closest mission: Technology for work; residential pull: Personal, fashion & novelty)"
E0318,ENTER,Field Hockey,Walmart: Sports & Outdoors > Sports > Field Hockey,School Supplies,School Supplies > Teacher Supplies,School Supplies > Teacher Supplies > Physical Education & Recreation > Outdoor Games,0.7704205415507664,1,Walmart,1,1,0,1.0,0.25,0.0,0.5,,Sports & Outdoors > Sports > Field Hockey,0.7858504958047292,25.8750305397858,0.0,2.829512893982808,48.92054818558879,0.0,0.0,1.0,0.0,0,School Supplies > Teacher Supplies > Physical Education & Recreation > Outdoor Games,Walmart::Sports & Outdoors > Sports > Field Hockey,0,,,,,Healthcare & clinics,0.4757648706436157,"Leisure, hobbies & sports",0.614050567150116,-0.13828569650650024,0.0,0.0,True,,,75.0,0.6123777627944946,True,0.0,OFF-BRAND,OFF-BRAND,OFF-BRAND,OFF-BRAND,0.3441901201803881,B,"Pass - real gap, wrong store for Staples",1.0,0.0,,306,Wearable Technology > Sports & Handheld GPS,mission similarity,Sports & Outdoors,Competitor dept: Sports & Outdoors,Wellness & ergonomics,0.995,Field Hockey,,"brand fit 0 < 35 (closest mission: Healthcare & clinics; residential pull: Leisure, hobbies & sports)"
E0407,ENTER,US Military,Walmart: Seasonal > US Military,Furniture,Furniture > Decor,Furniture > Decor > Seasonal Decor,0.7965549669394884,1,Walmart,1,1,0,0.2,0.25,0.0,0.5,,Seasonal > US Military,0.7399025026502501,17.4591525641322,0.0,0.276981852913085,34.64132327535132,0.0,0.0,5.0,15202.0,0,Furniture > Decor > Seasonal Decor,Walmart::Seasonal > US Military,0,,,,,Safety & security,0.5310095548629761,"Leisure, hobbies & sports",0.5761889219284058,-0.04517936706542969,15.671164631812296,9.402698779087377,True,,,75.0,0.6991621255874634,True,0.0,OFF-BRAND,OFF-BRAND,OFF-BRAND,OFF-BRAND,0.34347950180191056,B,"Pass - real gap, wrong store for Staples",1.0,0.0,,307,Furniture > Decor,graph/vector vote + mission similarity,Seasonal,Competitor dept: Seasonal,Home décor & furnishings,0.61,US Military,,"brand fit 9 < 35 (closest mission: Safety & security; residential pull: Leisure, hobbies & sports)"
E0148,ENTER,Outdoor Planters,WestElm: Outdoor > Planters & Garden > Outdoor Planters,Facilities,Facilities > Grounds Maintenance,Gift Shop > Professional Gifts > Compasses > Outdoor Decor,0.8127594097022312,3,"Walmart, Wayfair, WestElm",1,1,1,0.0,0.5,0.0,0.5,,Outdoor > Planters & Garden > Outdoor Planters,0.8085401724934167,87.85064042826035,26.25822428114917,82.29465138490927,93.40662947161142,6.883421039362567,45.63302752293578,1.0,67.0,0,Gift Shop > Professional Gifts > Compasses > Outdoor Decor,WestElm::Outdoor > Planters & Garden > Outdoor Planters,1,,,,,Commercial grounds & outdoor,0.6377483606338501,Backyard & garden living,0.6729816794395447,-0.03523331880569458,20.98115585888846,12.588693515333075,True,,,75.0,0.6808561086654663,True,26.25822428114917,OFF-BRAND,OFF-BRAND,REVIEW,OFF-BRAND,0.3434407971866747,B,"Pass - real gap, wrong store for Staples",0.984,0.0,,308,Facilities > Grounds Maintenance,graph/vector vote + mission similarity,Outdoor,Competitor dept: Outdoor,Outdoor living & grounds,1.0,Outdoor Planters,,brand fit 13 < 35 (closest mission: Commercial grounds & outdoor; residential pull: Backyard & garden living)
E0164,ENTER,Cricket,Walmart: Sports & Outdoors > Sports > Cricket,School Supplies,School Supplies > Teacher Supplies,School Supplies > Teacher Supplies > Physical Education & Recreation > Outdoor Games,0.7365377224825517,1,Walmart,1,1,0,1.0,0.25,0.0,0.5,,Sports & Outdoors > Sports > Cricket,0.7858504958047292,25.284056327751415,0.0,1.64756446991404,48.92054818558879,0.0,0.0,1.0,0.0,0,School Supplies > Teacher Supplies > Physical Education & Recreation > Outdoor Games,Walmart::Sports & Outdoors > Sports > Cricket,0,,,,,Healthcare & clinics,0.4704466760158539,"Leisure, hobbies & sports",0.6080619692802429,-0.13761529326438904,0.0,0.0,True,,,75.0,0.6055046319961548,True,0.0,OFF-BRAND,OFF-BRAND,OFF-BRAND,OFF-BRAND,0.3433036588623365,B,"Pass - real gap, wrong store for Staples",1.0,0.0,,309,Wearable Technology > Sports & Handheld GPS,mission similarity,Sports & Outdoors,Competitor dept: Sports & Outdoors,Wellness & ergonomics,1.0,Cricket,,"brand fit 0 < 35 (closest mission: Healthcare & clinics; residential pull: Leisure, hobbies & sports)"
E0235,ENTER,Cribs,Wayfair: Baby & Kids > Nursery Furniture > Cribs,Furniture,Furniture > Daycare & Nursery,Furniture > Daycare & Nursery > Nursery Furniture,0.9422259802031542,1,Wayfair,1,1,0,0.0,0.125,0.0,0.0,,Baby & Kids > Nursery Furniture > Cribs,0.8667091836734694,57.11202463537656,0.0,41.53533906399235,72.68871020676076,0.0,0.0,1.0,0.0,0,Furniture > Daycare & Nursery > Nursery Furniture,Wayfair::Baby & Kids > Nursery Furniture > Cribs,1,,,,,Office & home-office furniture,0.6622885465621948,Residential bedroom & bath,0.6556828618049622,0.006605684757232666,43.318141973077,25.9908851838462,False,,,50.0,0.8868559002876282,True,0.0,OFF-BRAND,OFF-BRAND,OFF-BRAND,OFF-BRAND,0.3426561848717776,B,"Pass - real gap, wrong store for Staples",0.966,0.0,,310,Furniture > Daycare & Nursery,graph/vector vote + mission similarity,Baby & Kids,Competitor dept: Baby & Kids,Home décor & furnishings,1.0,Cribs,,brand fit 26 < 35 (closest mission: Office & home-office furniture; residential pull: Residential bedroom & bath)
D0059,DEEPEN,Artificial Christmas Trees,Gift Shop > Artificial Christmas Trees,Gift Shop,Gift Shop > Artificial Christmas Trees,Gift Shop > Artificial Christmas Trees,1.0,2,"Walmart, Wayfair",2,2,0,0.0,0.375,0.0,0.5,,"Gift Shop > Artificial Christmas Trees (competitors: Christmas Lights, Christmas Tree Decorations, Christmas Trees)",0.9147670223695885,60.38374352981261,23.654223299542952,,,,,,,1,Gift Shop > Artificial Christmas Trees,Staples::Gift Shop > Artificial Christmas Trees,0,"Christmas Lights, Christmas Tree Decorations, Christmas Trees",288.0,1.1058066573941594,2.0,Retail store & shipping,0.5509861707687378,Home living & seasonal decor,0.6089707016944885,-0.05798453092575073,8.834750210333464,5.3008501262000784,True,,,90.0,0.8629392385482788,True,23.654223299542952,OFF-BRAND,,,OFF-BRAND,0.342328636704236,B,"Pass - real gap, wrong store for Staples",1.0,0.0,,311,Retail Store Supplies > Store Fixtures & Retail Displays,mission similarity,,Retail Store Supplies > Store Fixtures & Retail Displays,"Celebrations, gifting & creativity",,Artificial Christmas Trees,,brand fit 5 < 35 (closest mission: Retail store & shipping; residential pull: Home living & seasonal decor)
D0052,DEEPEN,Shower Curtains & Accessories,Furniture > Decor > Shower Curtains & Accessories,Furniture,Furniture > Decor,Furniture > Decor > Shower Curtains & Accessories,1.0,3,"Walmart, Wayfair, WestElm",3,3,0,0.0,0.5,0.0,0.5,,"Furniture > Decor > Shower Curtains & Accessories (competitors: Shower Curtains & Shower Liners, Shower Curtains, Kids Shower Curtains)",0.846335044973038,80.40990381034122,18.611232554607383,,,,,,,1,Furniture > Decor > Shower Curtains & Accessories,Staples::Furniture > Decor > Shower Curtains & Accessories,0,"Shower Curtains & Shower Liners, Shower Curtains, Kids Shower Curtains",6.0,1.6519975268528966,3.0,School & classroom,0.616881251335144,Residential bedroom & bath,0.720733106136322,-0.10385185480117798,0.0,0.0,True,,install required,65.0,0.8869568109512329,True,18.611232554607383,OFF-BRAND,,,OFF-BRAND,0.34188581750049074,A,"Pass - real gap, wrong store for Staples",1.0,0.0,,312,Furniture > Decor,own aisle (DEEPEN),,Furniture > Decor,Home décor & furnishings,,Shower Curtains & Accessories,,brand fit 0 < 35 (closest mission: School & classroom; residential pull: Residential bedroom & bath)
E0015,ENTER,G Fuel,Walmart: Health and Medicine > Protein > Fuel Your Workout | Walmart: Health and Medicine > Protein > Jocko Fuel | Walmart: Health and Medicine > Protein > G Fuel,Healthcare Supplies,Healthcare Supplies > Personal Care,Expanded Assortment > Fitness,0.8137864184818298,1,Walmart,3,1,0,0.3333333333333333,0.25,0.0,0.5,,Health and Medicine > Protein > G Fuel,0.7858504958047292,18.76446013160387,0.0,9.881407195160776,27.647513068046965,0.0,0.0,3.0,0.0,0,Expanded Assortment > Fitness,Walmart::Health and Medicine > Protein > G Fuel,0,,,,,Healthcare & clinics,0.5144047141075134,"Leisure, hobbies & sports",0.5189793109893799,-0.004574596881866455,37.3492188521029,22.40953131126174,True,,regulated,50.0,0.5946178436279297,False,0.0,OFF-BRAND,OFF-BRAND,OFF-BRAND,OFF-BRAND,0.3408433271906387,B,"Pass - real gap, wrong store for Staples",1.0,0.0,,313,Healthcare Supplies > OTC Pharmaceuticals,graph/vector vote + mission similarity,Health and Medicine,Competitor dept: Health and Medicine,"Health, safety & facilities",1.0,G Fuel,,"brand fit 22 < 35 (closest mission: Healthcare & clinics; residential pull: Leisure, hobbies & sports)"
E0288,ENTER,Disney Princess Characters,Walmart: Seasonal > Disney Princess > Disney Princess Characters,School Supplies,School Supplies > Learning at Home,School Supplies > Learning at Home > Pretend Play > Stuffed Animals & Puppets,0.6716569306049843,1,Walmart,1,1,0,0.0,0.25,0.0,0.5,,Seasonal > Disney Princess > Disney Princess Characters,0.8501144164759725,17.00815369776714,0.0,0.0955109837631327,33.92079641177114,0.0,0.0,3.0,0.0,0,School Supplies > Learning at Home > Pretend Play > Stuffed Animals & Puppets,Walmart::Seasonal > Disney Princess > Disney Princess Characters,0,,,,,School & classroom,0.4915461242198944,"Personal, fashion & novelty",0.5961089134216309,-0.10456278920173645,0.0,0.0,True,,,75.0,0.5377647876739502,False,0.0,OFF-BRAND,OFF-BRAND,OFF-BRAND,OFF-BRAND,0.3405293930180466,B,"Pass - real gap, wrong store for Staples",1.0,0.0,,314,Furniture > Decor,graph/vector vote + mission similarity,Seasonal,Competitor dept: Seasonal,Home décor & furnishings,1.0,Disney Princess Characters,,"brand fit 0 < 35 (closest mission: School & classroom; residential pull: Personal, fashion & novelty)"
E0227,ENTER,Shower Curtain Rods,Wayfair: Bedding & Bath > Shower Curtains & Accessories > Shower Curtain Rods,Furniture,Furniture > Decor,Furniture > Decor > Shower Curtains & Accessories,0.9620597028422327,3,"Walmart, Wayfair, WestElm",1,1,2,0.0,0.5,0.0,0.5,,Bedding & Bath > Shower Curtains & Accessories > Shower Curtain Rods,0.7534394333892847,85.78328410458374,13.104675605079594,100.0,71.5665682091675,16.375388946008243,9.833962264150944,1.0,0.0,0,Retail Store Supplies > Spa & Salon > Bath & Body > Shower Caps,Wayfair::Bedding & Bath > Shower Curtains & Accessories > Shower Curtain Rods,1,,,,,Retail store & shipping,0.5672731995582581,Residential bedroom & bath,0.661655068397522,-0.09438186883926392,0.0,0.0,True,,install required,50.0,0.6729968786239624,True,13.104675605079594,OFF-BRAND,OFF-BRAND,OFF-BRAND,OFF-BRAND,0.3403610270557524,A,"Pass - real gap, wrong store for Staples",1.0,0.0,,315,"Tools, Parts & Supplies > Drill Rods",mission similarity,Bedding & Bath,Competitor dept: Bedding & Bath,Home décor & furnishings,1.0,Shower Curtain Rods,,brand fit 0 < 35 (closest mission: Retail store & shipping; residential pull: Residential bedroom & bath)
E0039,ENTER,Boys Birthday,Walmart: Party & Occasions > Birthday Shop > Girls Birthday | Walmart: Party & Occasions > Birthday Shop > Boys Birthday | Walmart: Party & Occasions > Birthday Shop > Birthday Yard Signs | Walmart: Party & Occasions > Birthday Shop > Milestone Birthdays,Gift Shop,Gift Shop > Invitations,Gift Shop > Invitations,0.7639105477180803,1,Walmart,4,1,0,0.25,0.25,0.0,0.5,,Party & Occasions > Birthday > Boys Birthday,0.7858504958047292,19.515854550007543,0.0,2.5041786055396376,36.52753049447545,0.0,0.0,4.0,0.0,0,Gift Shop > Invitations,Walmart::Party & Occasions > Birthday Shop > Boys Birthday,0,,,,,School & classroom,0.4996403455734253,"Personal, fashion & novelty",0.5654021501541138,-0.06576180458068848,4.682623275108852,2.809573965065311,True,,,75.0,0.6486676931381226,True,0.0,OFF-BRAND,OFF-BRAND,OFF-BRAND,OFF-BRAND,0.3402705041258513,B,"Pass - real gap, wrong store for Staples",1.0,0.0,,316,Party Supplies > Party Favors & Costumes,mission similarity,Party & Occasions,Competitor dept: Party & Occasions,"Celebrations, gifting & creativity",1.0,Boys Birthday,,"brand fit 3 < 35 (closest mission: School & classroom; residential pull: Personal, fashion & novelty)"
E0411,ENTER,De'Longhi,Walmart: Home > Featured Shops > De'Longhi,Restaurant & Foodservice Supplies,Restaurant & Foodservice Supplies > Commercial Restaurant Equipment,Retail Store Supplies > Spa & Salon,0.7301108680366608,1,Walmart,1,1,0,0.0,0.25,0.0,0.5,,Home > Featured Shops > De'Longhi,0.7858504958047292,22.557806279432867,0.0,2.7698185291308497,42.34579402973488,0.0,0.0,1.0,0.0,0,Retail Store Supplies > Spa & Salon,Walmart::Home > Featured Shops > De'Longhi,0,,,,,Retail store & shipping,0.5714274644851685,"Personal, fashion & novelty",0.646250307559967,-0.07482284307479858,0.0,0.0,True,,,75.0,0.5675464272499084,False,0.0,OFF-BRAND,OFF-BRAND,OFF-BRAND,OFF-BRAND,0.3392142837898587,B,"Pass - real gap, wrong store for Staples",1.0,0.0,,317,Appliances & Kitchenware > Kitchenware,mission similarity,Home,Competitor dept: Home,"Breakroom, kitchen & hospitality",1.0,De'Longhi,,"brand fit 0 < 35 (closest mission: Retail store & shipping; residential pull: Personal, fashion & novelty)"
E0342,ENTER,Libby Langdon,Walmart: Home > Featured Shops > Libby Langdon,Gift Shop,"Gift Shop > Home, Personal & Travel","Gift Shop > Home, Personal & Travel > Sculptures & Figurines",0.7437101290095094,1,Walmart,1,1,0,0.0,0.25,0.0,0.5,,Home > Featured Shops > Libby Langdon,0.7858504958047292,22.551836842947672,0.0,2.7578796561604584,42.34579402973488,0.0,0.0,1.0,0.0,0,"Gift Shop > Home, Personal & Travel > Sculptures & Figurines",Walmart::Home > Featured Shops > Libby Langdon,0,,,,,Retail store & shipping,0.5302962064743042,"Personal, fashion & novelty",0.6406522989273071,-0.11035609245300293,0.0,0.0,True,,,75.0,0.5542571544647217,False,0.0,OFF-BRAND,OFF-BRAND,OFF-BRAND,OFF-BRAND,0.3392053296351309,B,"Pass - real gap, wrong store for Staples",1.0,0.0,,318,Retail Store Supplies > Spa & Salon,mission similarity,Home,Competitor dept: Home,Core office & business supplies,1.0,Libby Langdon,,"brand fit 0 < 35 (closest mission: Retail store & shipping; residential pull: Personal, fashion & novelty)"
E0369,ENTER,Outdoor Deck Tiles & Planks,Wayfair: Outdoor > Outdoor Fencing & Flooring > Outdoor Deck Tiles & Planks,Facilities,Facilities > Grounds Maintenance,Gift Shop > Professional Gifts > Compasses > Outdoor Decor,0.8247255474113921,2,"Walmart, Wayfair",1,1,1,0.0,0.375,0.0,0.5,,Outdoor > Outdoor Fencing & Flooring > Outdoor Deck Tiles & Planks,0.8262798397390994,61.67857928743854,0.09015935703838635,68.35004775549189,55.00711081938518,0.1803187140767727,0.0,1.0,0.0,0,Gift Shop > Professional Gifts > Compasses > Outdoor Decor,Wayfair::Outdoor > Outdoor Fencing & Flooring > Outdoor Deck Tiles & Planks,1,,,,,Commercial grounds & outdoor,0.574015736579895,Backyard & garden living,0.6329022645950317,-0.05888652801513672,8.353192459314126,5.011915475588475,True,,"bulky freight, install required",25.0,0.6210819482803345,True,0.09015935703838635,OFF-BRAND,OFF-BRAND,OFF-BRAND,OFF-BRAND,0.3386780503405943,B,"Pass - real gap, wrong store for Staples",1.0,0.0,,319,Facilities > Grounds Maintenance,graph/vector vote + mission similarity,Outdoor,Competitor dept: Outdoor,Outdoor living & grounds,1.0,Outdoor Deck Tiles & Planks,,brand fit 5 < 35 (closest mission: Commercial grounds & outdoor; residential pull: Backyard & garden living)
E0021,ENTER,Trolls Party,Walmart: Seasonal > Dreamworks Trolls > Trolls Books | Walmart: Seasonal > Dreamworks Trolls > Trolls Movies | Walmart: Seasonal > Dreamworks Trolls > Trolls Party,Furniture,Furniture > Decor,Gift Shop > Professional Gifts > Paperweights,0.6924828927041862,1,Walmart,3,1,0,1.0,0.25,0.0,0.5,,Seasonal > Dreamworks Trolls > Trolls Party,0.7858504958047292,22.596873485927308,0.31324107561806863,0.42184017828716963,44.771906793567446,0.0,1.2529643024722745,3.0,0.0,0,"Shipping, Packing & Mailing Supplies > Shipping Supplies > Cushioning & Void Fill > Bubble Rolls",Walmart::Seasonal > Dreamworks Trolls > Trolls Party,0,,,,,Workspace decor & comfort,0.42669612169265747,"Personal, fashion & novelty",0.5156362652778625,-0.08894014358520508,0.0,0.0,True,,,75.0,0.4889783561229706,False,0.6264821512361373,OFF-BRAND,OFF-BRAND,OFF-BRAND,OFF-BRAND,0.3382101425666001,B,"Pass - real gap, wrong store for Staples",1.0,0.0,,320,Furniture > Decor,graph/vector vote + mission similarity,Seasonal,Competitor dept: Seasonal,"Celebrations, gifting & creativity",0.98,Trolls Party,,"brand fit 0 < 35 (closest mission: Workspace decor & comfort; residential pull: Personal, fashion & novelty)"
E0020,ENTER,Easter Eggs,Walmart: Seasonal > Easter > Easter Egg Hunt | Walmart: Seasonal > Easter > Easter Eggs | Walmart: Seasonal > Easter > Easter Baking | Walmart: Seasonal > Easter > Easter Character Shop | Walmart: Seasonal > Easter > Easter Pets Shop | Wayfair: Holiday > Easter > Easter Decorations | Wayfair: Holiday > Easter > Easter Wall Décor,Furniture,Furniture > Decor,Furniture > Decor > Seasonal Decor,0.7129242220571588,2,"Walmart, Wayfair",7,2,0,0.8571428571428571,0.375,0.0,0.5,,Seasonal > Easter > Easter Eggs,0.8262798397390994,20.788475122580003,1.3695988745407206,5.897803247373448,35.67914699778656,0.0,5.478395498162882,7.0,0.0,0,Furniture > Decor > Wall Art,Walmart::Seasonal > Easter > Easter Eggs,0,,,,,School & classroom,0.48425713181495667,Home living & seasonal decor,0.5739537477493286,-0.08969661593437195,0.0,0.0,True,,,75.0,0.5587019920349121,False,2.739197749081441,OFF-BRAND,OFF-BRAND,OFF-BRAND,OFF-BRAND,0.33793210476515795,B,"Pass - real gap, wrong store for Staples",1.0,0.0,,321,Furniture > Decor,graph/vector vote + mission similarity,Seasonal,Competitor dept: Seasonal,Home décor & furnishings,1.0,Easter Eggs,,brand fit 0 < 35 (closest mission: School & classroom; residential pull: Home living & seasonal decor)
E0316,ENTER,Religious Items,Walmart: Seasonal > Easter > Religious Items,Furniture,Furniture > Decor,Furniture > Decor > Seasonal Decor,0.7607511365366997,1,Walmart,1,1,0,0.0,0.25,0.0,0.5,,Seasonal > Easter > Religious Items,0.7858504958047292,19.340122840656655,0.0,6.208213944603629,32.47203173670968,0.0,0.0,1.0,0.0,0,Furniture > Decor > Seasonal Decor,Walmart::Seasonal > Easter > Religious Items,0,,,,,School & classroom,0.6009868383407593,Home living & seasonal decor,0.671500027179718,-0.07051318883895874,2.1459566444007034,1.287573986640422,True,,,75.0,0.7075093388557434,True,0.0,OFF-BRAND,OFF-BRAND,OFF-BRAND,OFF-BRAND,0.3369629066049752,B,"Pass - real gap, wrong store for Staples",1.0,0.0,,322,Furniture > Decor,graph/vector vote + mission similarity,Seasonal,Competitor dept: Seasonal,Home décor & furnishings,1.0,Religious Items,,brand fit 1 < 35 (closest mission: School & classroom; residential pull: Home living & seasonal decor)
E0079,ENTER,Father's Day,Wayfair: Holiday > Father's Day | Wayfair: Holiday > Mother's Day,Gift Shop,Gift Shop > Holiday Cards,Gift Shop > Holiday Cards,0.806068237015638,2,"Walmart, Wayfair",2,1,0,0.5,0.375,0.0,0.5,,Holiday > Father's Day,0.6626961351937655,31.99135707656055,0.0,3.0265042979942693,60.95620985512683,0.0,0.0,2.0,0.0,0,Gift Shop > Holiday Cards,Wayfair::Holiday > Father's Day,0,,,,,Technology for work,0.45921212434768677,Home living & seasonal decor,0.5316948890686035,-0.07248276472091675,1.0944404662018696,0.6566642797211217,True,,,75.0,0.581478476524353,False,0.0,OFF-BRAND,OFF-BRAND,OFF-BRAND,OFF-BRAND,0.3362047844533479,B,"Pass - real gap, wrong store for Staples",1.0,0.0,,323,Hard Drives & Data Storage > External Hard Drives,mission similarity,Holiday,Competitor dept: Holiday,Technology & connected workspace,0.99,Father's Day,,brand fit 1 < 35 (closest mission: Technology for work; residential pull: Home living & seasonal decor)
E0007,ENTER,Minions - Movies,Walmart: Seasonal > Minions > Minions - Movies | Walmart: Seasonal > Minions > Minions Only at Walmart,School Supplies,School Supplies > Learning at Home,School Supplies > Learning at Home > Pretend Play > Stuffed Animals & Puppets,0.7051156331709534,1,Walmart,2,1,0,0.5,0.25,0.0,0.5,,Seasonal > Minions > Minions - Movies,0.7858504958047292,19.841596271592238,0.0,0.45367717287488063,39.2295153703096,0.0,0.0,2.0,0.0,0,School Supplies > Learning at Home > Pretend Play > Stuffed Animals & Puppets,Walmart::Seasonal > Minions > Minions - Movies,0,,,,,Janitorial & facilities,0.4426366090774536,"Personal, fashion & novelty",0.5449240207672119,-0.1022874116897583,0.0,0.0,True,,,75.0,0.5231661796569824,False,0.0,OFF-BRAND,OFF-BRAND,OFF-BRAND,OFF-BRAND,0.3351399687780977,B,"Pass - real gap, wrong store for Staples",1.0,0.0,,324,Furniture > Decor,graph/vector vote + mission similarity,Seasonal,Competitor dept: Seasonal,Home décor & furnishings,1.0,Minions - Movies,,"brand fit 0 < 35 (closest mission: Janitorial & facilities; residential pull: Personal, fashion & novelty)"
E0113,ENTER,Conversion Rails,Wayfair: Baby & Kids > Nursery Furniture > Conversion Rails,Furniture,Furniture > Daycare & Nursery,Furniture > Daycare & Nursery > Nursery Furniture,0.8973465928047448,1,Wayfair,1,1,0,0.0,0.125,0.0,0.0,,Baby & Kids > Nursery Furniture > Conversion Rails,0.8667091836734694,49.30997114922565,0.0,25.931232091690543,72.68871020676076,0.0,0.0,1.0,0.0,0,Furniture > Daycare & Nursery > Nursery Furniture,Wayfair::Baby & Kids > Nursery Furniture > Conversion Rails,1,,,,,Office & home-office furniture,0.605475902557373,Home living & seasonal decor,0.5963782072067261,0.009097695350646973,44.64857533145719,26.789145198874312,False,,,50.0,0.7672395706176758,True,0.0,OFF-BRAND,OFF-BRAND,OFF-BRAND,OFF-BRAND,0.3325496246726075,B,"Pass - real gap, wrong store for Staples",0.946,0.0,,325,Furniture > Daycare & Nursery,graph/vector vote + mission similarity,Baby & Kids,Competitor dept: Baby & Kids,Home décor & furnishings,1.0,Conversion Rails,,brand fit 27 < 35 (closest mission: Office & home-office furniture; residential pull: Home living & seasonal decor)
E0033,ENTER,Porch & Stair Railings,Wayfair: Outdoor > Outdoor Fencing & Flooring > Porch & Stair Railings | Wayfair: Home Improvement > Outdoor Remodel > Porch & Stair Railings,Gift Shop,Gift Shop > Professional Gifts,Gift Shop > Professional Gifts > Compasses > Outdoor Decor,0.8395413174697786,2,"Walmart, Wayfair",2,1,0,0.0,0.375,0.0,0.5,,Outdoor > Outdoor Fencing & Flooring > Porch & Stair Railings,0.8262798397390994,41.623556106691254,0.0,23.764326647564467,59.48278556581805,0.0,0.0,2.0,0.0,0,Gift Shop > Professional Gifts > Compasses > Outdoor Decor,Wayfair::Outdoor > Outdoor Fencing & Flooring > Porch & Stair Railings,2,,,,,Retail store & shipping,0.5743826031684875,Backyard & garden living,0.6016075611114502,-0.027224957942962646,25.256655516025578,15.153993309615347,True,,"bulky freight, install required",25.0,0.5883317589759827,False,0.0,OFF-BRAND,OFF-BRAND,OFF-BRAND,OFF-BRAND,0.3291852967401324,B,"Pass - real gap, wrong store for Staples",1.0,0.0,,326,Facilities > Ladders & Step Stools,mission similarity,Outdoor,Competitor dept: Outdoor,Outdoor living & grounds,1.0,Porch & Stair Railings,,brand fit 15 < 35 (closest mission: Retail store & shipping; residential pull: Backyard & garden living)
E0140,ENTER,House Plans,Walmart: Home Improvement > House Plans,Furniture,Furniture > Decor,Furniture > Decor > Home & Office Decor > Home Accents,0.7969759276169698,1,Walmart,1,1,0,1.0,0.25,0.0,0.5,,Home Improvement > House Plans,0.49733360057057807,40.05991396277582,0.0,9.372015281757404,70.74781264379425,0.0,0.0,1.0,234.0,0,Furniture > Decor > Home & Office Decor > Home Accents,Walmart::Home Improvement > House Plans,0,,,,,Retail store & shipping,0.5513014793395996,Home living & seasonal decor,0.6181740760803223,-0.06687259674072266,4.089594117110018,2.4537564702660104,True,,,75.0,0.6317884922027588,True,0.0,OFF-BRAND,OFF-BRAND,OFF-BRAND,OFF-BRAND,0.32709742397028246,B,"Pass - real gap, wrong store for Staples",1.0,0.0,,327,Furniture > Decor,graph/vector vote + mission similarity,Home Improvement,Competitor dept: Home Improvement,Home décor & furnishings,0.545,House Plans,,brand fit 2 < 35 (closest mission: Retail store & shipping; residential pull: Home living & seasonal decor)
E0156,ENTER,Carports,Wayfair: Outdoor > Outdoor Shades > Carports | Wayfair: Organization > Garage & Outdoor Storage & Organization > Carports,Gift Shop,Gift Shop > Professional Gifts,Facilities > Grounds Maintenance > Outdoor Tools,0.8490999128599355,2,"Walmart, Wayfair",2,1,0,0.0,0.375,0.0,0.5,,Outdoor > Outdoor Shades > Carports,0.4345941036597705,49.48676168238507,0.0,36.198662846227315,62.77486051854283,0.0,0.0,2.0,0.0,0,Gift Shop > Professional Gifts > Compasses > Outdoor Decor,Wayfair::Outdoor > Outdoor Shades > Carports,2,,,,,Workspace decor & comfort,0.58975750207901,Backyard & garden living,0.607210636138916,-0.017453134059906006,30.473631920777716,18.284179152466628,True,,bulky freight,50.0,0.669574499130249,True,0.0,OFF-BRAND,OFF-BRAND,OFF-BRAND,OFF-BRAND,0.3259876163774765,B,"Pass - real gap, wrong store for Staples",1.0,0.0,,328,Furniture > Carts & Stands,mission similarity,Outdoor,Competitor dept: Outdoor,Home décor & furnishings,1.0,Carports,,brand fit 18 < 35 (closest mission: Workspace decor & comfort; residential pull: Backyard & garden living)
E0005,ENTER,Keto,Walmart: Health and Medicine > Keto Diet > Keto | Walmart: Health and Medicine > Keto Diet > Working Out Keto | Walmart: Health and Medicine > Keto Diet > Keto Science | Walmart: Health and Medicine > Keto Diet > Keto Basics | Walmart: Health and Medicine > Keto Diet > Keto Friendly Proteins,Healthcare Supplies,Healthcare Supplies > OTC Pharmaceuticals,Healthcare Supplies > OTC Pharmaceuticals > Medicine & Vitamins > Probiotics,0.7386400185271003,1,Walmart,5,1,0,0.6,0.25,0.0,0.5,,Health and Medicine > Keto Diet > Keto,0.7858504958047292,19.400369555725035,8.759479904866785,2.1394460362941734,36.66129307515589,0.0,17.51895980973357,5.0,0.0,0,Healthcare Supplies > OTC Pharmaceuticals > Medicine & Vitamins > Probiotics,Walmart::Health and Medicine > Keto Diet > Keto,1,,,,,Healthcare & clinics,0.48415258526802063,Backyard & garden living,0.5242406129837036,-0.04008802771568298,18.389326315248837,11.033595789149302,True,,,75.0,0.6054114699363708,True,8.759479904866785,OFF-BRAND,OFF-BRAND,OFF-BRAND,OFF-BRAND,0.32531380460069864,B,"Pass - real gap, wrong store for Staples",1.0,0.0,,329,Healthcare Supplies > OTC Pharmaceuticals,graph/vector vote + mission similarity,Health and Medicine,Competitor dept: Health and Medicine,"Health, safety & facilities",1.0,Keto,,brand fit 11 < 35 (closest mission: Healthcare & clinics; residential pull: Backyard & garden living)
E0141,ENTER,Lalaloopsy,Walmart: Seasonal > Character Corner > Lalaloopsy,School Supplies,School Supplies > Preschool Supplies,Furniture > Decor > Wall Art > Kids & Whimsical Art,0.7365138380199945,1,Walmart,1,1,0,0.0,0.25,0.0,0.5,,Seasonal > Character Corner > Lalaloopsy,0.7858504958047292,12.555043415650825,0.0,3.701050620821394,21.409036210480256,0.0,0.0,1.0,0.0,0,Furniture > Decor > Wall Art > Kids & Whimsical Art,Walmart::Seasonal > Character Corner > Lalaloopsy,0,,,,,School & classroom,0.49166423082351685,"Personal, fashion & novelty",0.5915864706039429,-0.09992223978042603,0.0,0.0,True,,,75.0,0.5835719108581543,False,0.0,OFF-BRAND,OFF-BRAND,OFF-BRAND,OFF-BRAND,0.3242101394941856,B,"Pass - real gap, wrong store for Staples",1.0,0.0,,330,Furniture > Decor,graph/vector vote + mission similarity,Seasonal,Competitor dept: Seasonal,Home décor & furnishings,1.0,Lalaloopsy,,"brand fit 0 < 35 (closest mission: School & classroom; residential pull: Personal, fashion & novelty)"
D0023,DEEPEN,Energy & Sports Drinks,"Coffee, Water & Snacks > Water & Beverages > Energy & Sports Drinks","Coffee, Water & Snacks","Coffee, Water & Snacks > Water & Beverages","Coffee, Water & Snacks > Water & Beverages > Energy & Sports Drinks",1.0,2,"OfficeDepot, Walmart",3,2,0,0.0,0.5,0.3333333333333333,0.5,OfficeDepot,"Coffee, Water & Snacks > Water & Beverages > Energy & Sports Drinks (competitors: V8 Energy, Hydration Drinks, Energy & Nutrition Drinks)",0.6019493081513542,41.25849425552259,29.70527717841004,,,,,,,1,"Coffee, Water & Snacks > Water & Beverages > Energy & Sports Drinks","Staples::Coffee, Water & Snacks > Water & Beverages > Energy & Sports Drinks",0,"V8 Energy, Hydration Drinks, Energy & Nutrition Drinks",103.0,0.955749568614702,3.0,Breakroom & kitchen,0.5355738401412964,"Leisure, hobbies & sports",0.6013954877853394,-0.06582164764404297,4.650674290636282,16.1237379077151,True,,,90.0,0.893409788608551,True,29.70527717841004,OFF-BRAND,,,OFF-BRAND,0.32412494613412424,B,"Pass - real gap, wrong store for Staples",0.956,0.0,,331,"Coffee, Water & Snacks > Water & Beverages",own aisle (DEEPEN),,"Coffee, Water & Snacks > Water & Beverages","Breakroom, kitchen & hospitality",,Energy & Sports Drinks,,"brand fit 16 < 35 (closest mission: Breakroom & kitchen; residential pull: Leisure, hobbies & sports)"
D0015,DEEPEN,Gum & Mints,"Coffee, Water & Snacks > Candy, Gum & Mints > Gum & Mints","Coffee, Water & Snacks","Coffee, Water & Snacks > Candy, Gum & Mints","Coffee, Water & Snacks > Candy, Gum & Mints > Gum & Mints",1.0,2,"OfficeDepot, Walmart",3,2,0,0.0,0.5,0.3333333333333333,0.5,OfficeDepot,"Coffee, Water & Snacks > Candy, Gum & Mints > Gum & Mints (competitors: Gum & Mints, Gum, Mints)",0.5877650303212291,49.26276077769478,36.75340125503224,,,,,,,1,"Coffee, Water & Snacks > Candy, Gum & Mints > Gum & Mints","Staples::Coffee, Water & Snacks > Candy, Gum & Mints > Gum & Mints",0,"Gum & Mints, Gum, Mints",57.0,0.8754687373539001,3.0,Breakroom & kitchen,0.5509440302848816,"Personal, fashion & novelty",0.5568686127662659,-0.005924582481384277,36.62848922130683,35.310426866117425,True,,,90.0,0.914887547492981,True,36.75340125503224,OFF-BRAND,,,OFF-BRAND,0.32214428402126016,B,"Pass - real gap, wrong store for Staples",0.668,0.0,,332,"Coffee, Water & Snacks > Candy, Gum & Mints",own aisle (DEEPEN),,"Coffee, Water & Snacks > Candy, Gum & Mints","Breakroom, kitchen & hospitality",,Gum & Mints,,"residential-lifestyle category (Personal, fashion & novelty) - downgraded one zone"
E0357,ENTER,Jacuzzi,Walmart: Patio & Garden > Hot Tubs > Jacuzzi,Facilities,Facilities > Plumbing,Facilities > Plumbing > Tubs and Showers,0.813868085628749,1,Walmart,1,1,0,0.0,0.25,0.0,0.5,,Patio & Garden > Hot Tubs > Jacuzzi,0.7858504958047292,35.74709682030237,0.0,13.658070678127984,57.83612296247675,0.0,0.0,1.0,0.0,0,Facilities > Plumbing > Tubs and Showers,Walmart::Patio & Garden > Hot Tubs > Jacuzzi,1,,,,,Commercial grounds & outdoor,0.5693999528884888,Backyard & garden living,0.6797482967376709,-0.11034834384918213,0.0,0.0,True,,bulky freight,50.0,0.6589063405990601,True,0.0,OFF-BRAND,OFF-BRAND,OFF-BRAND,OFF-BRAND,0.3214982196011629,B,"Pass - real gap, wrong store for Staples",1.0,0.0,,333,Facilities > Plumbing,graph/vector vote + mission similarity,Patio & Garden,Competitor dept: Patio & Garden,"Health, safety & facilities",1.0,Jacuzzi,,brand fit 0 < 35 (closest mission: Commercial grounds & outdoor; residential pull: Backyard & garden living)
D0025,DEEPEN,Milk & Creamer,"Coffee, Water & Snacks > Water & Beverages > Milk & Creamer","Coffee, Water & Snacks","Coffee, Water & Snacks > Water & Beverages","Coffee, Water & Snacks > Water & Beverages > Milk & Creamer",1.0,2,"OfficeDepot, Walmart",2,2,0,0.0,0.5,0.3333333333333333,0.5,OfficeDepot,"Coffee, Water & Snacks > Water & Beverages > Milk & Creamer (competitors: Creamers, Dairy, Plant Based Milk)",0.7639173892581148,39.01282880112814,39.255392291278,,,,,,,1,"Coffee, Water & Snacks > Water & Beverages > Milk & Creamer","Staples::Coffee, Water & Snacks > Water & Beverages > Milk & Creamer",0,"Creamers, Dairy, Plant Based Milk",118.0,0.9837081771381383,3.0,Breakroom & kitchen,0.5633416771888733,Backyard & garden living,0.5121574401855469,0.051184237003326416,67.11771695611843,53.603963507004394,False,,perishable,65.0,0.8871716260910034,True,39.255392291278,OFF-BRAND,,,OFF-BRAND,0.31555696604951994,B,"Pass - real gap, wrong store for Staples",0.316,0.0,,334,"Coffee, Water & Snacks > Water & Beverages",own aisle (DEEPEN),,"Coffee, Water & Snacks > Water & Beverages","Breakroom, kitchen & hospitality",,Milk & Creamer,,adjacency 39 < 40: far from what Staples sells
E0027,ENTER,Sheds,Wayfair: Organization > Garage & Outdoor Storage & Organization > Sheds | Wayfair: Organization > Garage & Outdoor Storage & Organization > Shed Accessories,Office Supplies,Office Supplies > Storage & Organization,"Tools, Parts & Supplies > Tool & Garage Organization > Garage Storage Equipment",0.8696610820869746,2,"Walmart, Wayfair",2,1,0,0.5,0.375,0.0,0.5,,Organization > Garage & Outdoor Storage & Organization > Sheds,0.4345941036597705,74.26618005278024,20.473661301227715,62.03438395415473,86.49797615140575,0.0,40.94732260245543,2.0,0.0,0,"Tools, Parts & Supplies > Hand Tools > Pullers & Accessories",Wayfair::Organization > Garage & Outdoor Storage & Organization > Sheds,1,,,,,Office & home-office furniture,0.5900882482528687,Backyard & garden living,0.6218593716621399,-0.03177112340927124,22.82955099043602,13.69773059426161,True,,bulky freight,50.0,0.6101971864700317,True,20.473661301227715,OFF-BRAND,OFF-BRAND,REVIEW,OFF-BRAND,0.28151039295835956,B,"Pass - real gap, wrong store for Staples",1.0,0.0,,335,Office Supplies > Storage & Organization,graph/vector vote + mission similarity,Organization,Competitor dept: Organization,Core office & business supplies,1.0,Sheds,,brand fit 14 < 35 (closest mission: Office & home-office furniture; residential pull: Backyard & garden living)
E0090,ENTER,New Year's Eve,Wayfair: Holiday > New Year's Eve,Gift Shop,Gift Shop > Holiday Cards,Gift Shop > Holiday Cards,0.7815507599761466,1,Wayfair,1,1,0,0.0,0.125,0.0,0.0,,Holiday > New Year's Eve,0.8667091836734694,31.779100970679803,0.0,2.363896848137536,61.19430509322207,0.0,0.0,1.0,0.0,0,Gift Shop > Holiday Cards,Wayfair::Holiday > New Year's Eve,0,,,,,Workspace decor & comfort,0.4698747992515564,Home living & seasonal decor,0.5235733985900879,-0.053698599338531494,11.122921203844097,6.673752722306458,True,,,50.0,0.5833690166473389,False,0.0,OFF-BRAND,OFF-BRAND,OFF-BRAND,OFF-BRAND,0.266022534451653,B,"Pass - real gap, wrong store for Staples",1.0,0.0,,336,Party Supplies > Anniversary Supplies,mission similarity,Holiday,Competitor dept: Holiday,"Celebrations, gifting & creativity",1.0,New Year's Eve,,brand fit 7 < 35 (closest mission: Workspace decor & comfort; residential pull: Home living & seasonal decor)
E0069,ENTER,Passover,Wayfair: Holiday > Passover,Gift Shop,Gift Shop > Holiday Cards,Gift Shop > Holiday Cards,0.7918026775984957,1,Wayfair,1,1,0,0.0,0.125,0.0,0.0,,Holiday > Passover,0.8667091836734694,31.719406605827846,0.0,2.24450811843362,61.19430509322207,0.0,0.0,1.0,0.0,0,Gift Shop > Holiday Cards,Wayfair::Holiday > Passover,0,,,,,Workspace decor & comfort,0.4680989980697632,Home living & seasonal decor,0.5500710606575012,-0.08197206258773804,0.0,0.0,True,,,50.0,0.63832026720047,True,0.0,OFF-BRAND,OFF-BRAND,OFF-BRAND,OFF-BRAND,0.25258548745976217,B,"Pass - real gap, wrong store for Staples",1.0,0.0,,337,Arts & Crafts > Pastels,mission similarity,Holiday,Competitor dept: Holiday,"Celebrations, gifting & creativity",1.0,Passover,,brand fit 0 < 35 (closest mission: Workspace decor & comfort; residential pull: Home living & seasonal decor)
E0086,ENTER,Turf,Wayfair: Outdoor > Outdoor Fencing & Flooring > Turf,Facilities,Facilities > Grounds Maintenance,Facilities > Grounds Maintenance > Outdoor Tools,0.8392543619460371,1,Wayfair,1,1,0,0.0,0.125,0.0,0.0,,Outdoor > Outdoor Fencing & Flooring > Turf,0.8667091836734694,42.32230161096028,0.0,26.910219675262653,57.73438354665791,0.0,0.0,1.0,0.0,0,Facilities > Grounds Maintenance > Outdoor Tools,Wayfair::Outdoor > Outdoor Fencing & Flooring > Turf,1,,,,,Commercial grounds & outdoor,0.6519920825958252,Backyard & garden living,0.6450904607772827,0.0069016218185424805,43.47613670206735,26.08568202124041,False,,"bulky freight, install required",0.0,0.6775709390640259,True,0.0,OFF-BRAND,OFF-BRAND,OFF-BRAND,OFF-BRAND,0.24566119400994166,B,"Pass - real gap, wrong store for Staples",0.978,0.0,,338,Facilities > Grounds Maintenance,graph/vector vote + mission similarity,Outdoor,Competitor dept: Outdoor,Outdoor living & grounds,1.0,Turf,,brand fit 26 < 35 (closest mission: Commercial grounds & outdoor; residential pull: Backyard & garden living)
E0202,ENTER,Cold Plunges,"Wayfair: Outdoor > Hot Tubs, Saunas & Pools > Cold Plunges",Facilities,Facilities > Plumbing,Gift Shop > Professional Gifts > Compasses > Outdoor Heaters,0.7915759339855932,1,Wayfair,1,1,0,1.0,0.125,0.0,0.0,,"Outdoor > Hot Tubs, Saunas & Pools > Cold Plunges",0.8667091836734694,41.17807339805726,0.0,26.81470869149952,55.541438104615,0.0,0.0,1.0,0.0,0,Healthcare Supplies > OTC Pharmaceuticals > Hot & Cold Therapy,"Wayfair::Outdoor > Hot Tubs, Saunas & Pools > Cold Plunges",0,,,,,Commercial grounds & outdoor,0.5223619341850281,Backyard & garden living,0.5837986469268799,-0.06143671274185181,6.991701123996457,4.195020674397874,True,,bulky freight,25.0,0.576488196849823,False,0.0,OFF-BRAND,OFF-BRAND,OFF-BRAND,OFF-BRAND,0.23766352899690205,B,"Pass - real gap, wrong store for Staples",1.0,0.0,,339,Facilities > Plumbing,graph/vector vote + mission similarity,Outdoor,Competitor dept: Outdoor,"Health, safety & facilities",0.71,Cold Plunges,,brand fit 4 < 35 (closest mission: Commercial grounds & outdoor; residential pull: Backyard & garden living)
E0209,ENTER,Cal King,Wayfair: Bedding & Bath > Mattresses & Foundations > Cal King,Furniture,Furniture > Decor,Furniture > Decor > Beds & Bedding > Beds & Mattresses,0.8318230241941611,1,Wayfair,1,1,0,0.0,0.125,0.0,0.0,,Bedding & Bath > Mattresses & Foundations > Cal King,0.8667091836734694,41.9461599537836,0.0,25.46561604584528,58.42670386172192,0.0,0.0,1.0,0.0,0,Furniture > Decor > Beds & Bedding,Wayfair::Bedding & Bath > Mattresses & Foundations > Cal King,0,,,,,Workspace decor & comfort,0.5649780035018921,Residential bedroom & bath,0.6690654754638672,-0.1040874719619751,0.0,0.0,True,,bulky freight,25.0,0.7142410278320312,True,0.0,OFF-BRAND,OFF-BRAND,OFF-BRAND,OFF-BRAND,0.2304256174816958,B,"Pass - real gap, wrong store for Staples",1.0,0.0,,340,Furniture > Decor,graph/vector vote + mission similarity,Bedding & Bath,Competitor dept: Bedding & Bath,Home décor & furnishings,1.0,Cal King,,brand fit 0 < 35 (closest mission: Workspace decor & comfort; residential pull: Residential bedroom & bath)
E0070,ENTER,Dog Kennels & Pens,Wayfair: Outdoor > Outdoor Fencing & Flooring > Dog Kennels & Pens,Facilities,Facilities > Grounds Maintenance,Facilities > Grounds Maintenance > Outdoor Tools,0.8231313739996626,1,Wayfair,1,1,0,1.0,0.125,0.0,0.0,,Outdoor > Outdoor Fencing & Flooring > Dog Kennels & Pens,0.8667091836734694,41.59739495123987,4.39216933722766,28.18767908309456,55.00711081938518,0.0,8.78433867445532,1.0,0.0,0,Expanded Assortment > Pet Supplies & Accessories > Dog & Cat Supplies,Wayfair::Outdoor > Outdoor Fencing & Flooring > Dog Kennels & Pens,0,,,,,Office & business supplies,0.5865710973739624,Backyard & garden living,0.5856003165245056,0.0009707808494567871,40.309782317630884,24.185869390578528,False,,"bulky freight, install required",0.0,0.6053584814071655,True,4.39216933722766,OFF-BRAND,OFF-BRAND,OFF-BRAND,OFF-BRAND,0.23019899778997033,B,"Pass - real gap, wrong store for Staples",0.994,0.0,,341,Arts & Crafts > Art & Drawing Pens,mission similarity,Outdoor,Competitor dept: Outdoor,"Celebrations, gifting & creativity",0.645,Dog Kennels & Pens,,brand fit 24 < 35 (closest mission: Office & business supplies; residential pull: Backyard & garden living)
D0056,DEEPEN,Outdoor Lighting,Furniture > Lamps & Lighting > Outdoor Lighting,Furniture,Furniture > Lamps & Lighting,Furniture > Lamps & Lighting > Outdoor Lighting,1.0,3,"Amazon, Walmart, Wayfair",3,3,0,0.0,0.625,0.3333333333333333,1.0,Wayfair Professional,"Furniture > Lamps & Lighting > Outdoor Lighting (competitors: Outdoor Lighting, Lighting, Job Site Lighting)",0.8978609349558512,85.43641987191891,41.35758854196425,,,,,,,1,Furniture > Lamps & Lighting > Outdoor Lighting,Staples::Furniture > Lamps & Lighting > Outdoor Lighting,0,"Outdoor Lighting, Lighting, Job Site Lighting",18.0,0.867655456747803,3.0,Retail store & shipping,0.6378757357597351,Backyard & garden living,0.612192690372467,0.025683045387268066,53.50315364161621,45.435225518303056,False,,,100.0,0.8726515769958496,True,41.35758854196425,REVIEW,,,REVIEW,0.42244286002091563,A,Merchant decision - sits next to a 1P line,0.57,0.57,,1,Furniture > Lamps & Lighting,own aisle (DEEPEN),,Furniture > Lamps & Lighting,Outdoor living & grounds,,Outdoor Lighting,OP22,CRS 41 between 40 and 60: next to a 1P line
D0091,DEEPEN,Educational & STEM Toys,School Supplies > Learning at Home > Educational & STEM Toys,School Supplies,School Supplies > Learning at Home,School Supplies > Learning at Home > Educational & STEM Toys,1.0,3,"Amazon, Walmart, Wayfair",3,3,0,0.0,0.625,0.3333333333333333,1.0,Wayfair Professional,"School Supplies > Learning at Home > Educational & STEM Toys (competitors: Insects & Insect Kits, Counting & Math Toys, Science Kits & Toys)",0.9090251355712615,75.39548544800081,45.79397079900521,,,,,,,1,School Supplies > Learning at Home > Educational & STEM Toys,Staples::School Supplies > Learning at Home > Educational & STEM Toys,0,"Insects & Insect Kits, Counting & Math Toys, Science Kits & Toys",887.0,0.867655456747803,3.0,School & classroom,0.7423407435417175,"Leisure, hobbies & sports",0.5818210244178772,0.16051971912384033,100.0,73.33333333333333,False,,,100.0,0.8707443475723267,True,45.79397079900521,REVIEW,,,REVIEW,0.4134729294171903,A,Merchant decision - sits next to a 1P line,0.728,0.728,,2,School Supplies > Learning at Home,own aisle (DEEPEN),,School Supplies > Learning at Home,"Celebrations, gifting & creativity",,Educational & STEM Toys,OP28,CRS 46 between 40 and 60: next to a 1P line
D0031,DEEPEN,"Electrical (competitors: Jewelry Making Wire, Loading Dock Plates, Shock & Vibration Control)",Facilities > Electrical and Wiring > Electrical,Facilities,Facilities > Electrical and Wiring,Facilities > Electrical and Wiring > Electrical,1.0,2,"Amazon, OfficeDepot",4,2,0,0.0,0.5,1.0,0.5,"OfficeDepot, Walmart for Business, Wayfair Professional","Facilities > Electrical and Wiring > Electrical (competitors: Jewelry Making Wire, Loading Dock Plates, Shock & Vibration Control)",0.6123492415834259,82.52959545750018,48.571261919682094,,,,,,,6,Facilities > Electrical and Wiring > Electrical,Staples::Facilities > Electrical and Wiring > Electrical,0,"Jewelry Making Wire, Loading Dock Plates, Shock & Vibration Control",18.0,0.42995137525835747,3.0,Technology for work,0.5869887471199036,"Personal, fashion & novelty",0.5653517842292786,0.021636962890625,51.34303315957731,70.80581989574638,False,,,90.0,0.7365236282348633,True,48.571261919682094,REVIEW,,,REVIEW,0.39459132281740206,B,Merchant decision - sits next to a 1P line,0.774,0.774,,3,Facilities > Electrical and Wiring,own aisle (DEEPEN),,Facilities > Electrical and Wiring,"Health, safety & facilities",,Electrical (e.g. Jewelry Making Wire),OP23,CRS 49 between 40 and 60: next to a 1P line
D0009,DEEPEN,Pest Control,Cleaning Supplies > Pest Control,Cleaning Supplies,Cleaning Supplies > Pest Control,Cleaning Supplies > Pest Control,1.0,2,"Amazon, Walmart",3,2,0,0.0,0.5,0.3333333333333333,1.0,OfficeDepot,"Cleaning Supplies > Pest Control (competitors: Pest Control, Insect & Pest Repellents, Indoor Insect & Pest Control)",0.9114012060504009,50.505117466054344,42.93973289897032,,,,,,,1,Cleaning Supplies > Pest Control,Staples::Cleaning Supplies > Pest Control,0,"Pest Control, Insect & Pest Repellents, Indoor Insect & Pest Control",128.0,0.7884573603642704,2.0,Janitorial & facilities,0.624071478843689,Residential bedroom & bath,0.5797137022018433,0.0443577766418457,63.47320974231457,51.41725917872208,False,,,100.0,0.871955394744873,True,42.93973289897032,REVIEW,,,REVIEW,0.38913335698614104,B,Merchant decision - sits next to a 1P line,0.624,0.624,,4,Cleaning Supplies > Pest Control,own aisle (DEEPEN),,Cleaning Supplies > Pest Control,"Health, safety & facilities",,Pest Control,OP29,CRS 43 between 40 and 60: next to a 1P line
D0079,DEEPEN,Cell Phone Accessories,"Phones, Cameras & Electronics > Cell Phone Accessories","Phones, Cameras & Electronics","Phones, Cameras & Electronics > Cell Phone Accessories","Phones, Cameras & Electronics > Cell Phone Accessories",1.0,2,"OfficeDepot, Walmart",3,2,0,0.0,0.5,0.3333333333333333,0.5,OfficeDepot,"Phones, Cameras & Electronics > Cell Phone Accessories (competitors: Cell Phone Parts, Cell Phone Chargers & Adapters, Cell Phone Corded Headsets)",0.8894486086108444,91.0597506348825,43.55307011074675,,,,,,,1,"Phones, Cameras & Electronics > Cell Phone Accessories","Staples::Phones, Cameras & Electronics > Cell Phone Accessories",0,"Cell Phone Parts, Cell Phone Chargers & Adapters, Cell Phone Corded Headsets",227.0,0.7884573603642704,2.0,Technology for work,0.667885422706604,"Personal, fashion & novelty",0.591675877571106,0.07620954513549805,80.47821583632879,61.6202628351306,False,,,90.0,0.8606923222541809,True,43.55307011074675,REVIEW,,,REVIEW,0.37814594775333354,B,Merchant decision - sits next to a 1P line,0.692,0.692,,5,"Phones, Cameras & Electronics > Cell Phone Accessories",own aisle (DEEPEN),,"Phones, Cameras & Electronics > Cell Phone Accessories",Technology & connected workspace,,Cell Phone Accessories,OP30,CRS 44 between 40 and 60: next to a 1P line
D0083,DEEPEN,Dinnerware,Restaurant & Foodservice Supplies > Tabletop > Dinnerware,Restaurant & Foodservice Supplies,Restaurant & Foodservice Supplies > Tabletop,Restaurant & Foodservice Supplies > Tabletop > Dinnerware,1.0,2,"Wayfair, WestElm",4,2,0,0.0,0.25,0.6666666666666666,0.0,"OfficeDepot, Wayfair Professional","Restaurant & Foodservice Supplies > Tabletop > Dinnerware (competitors: Dinnerware, Dinnerware Sets, Dinnerware & Stemware Storage)",0.7886501583391977,86.0872602486406,42.3418627481499,,,,,,,1,Restaurant & Foodservice Supplies > Tabletop > Dinnerware,Staples::Restaurant & Foodservice Supplies > Tabletop > Dinnerware,0,"Dinnerware, Dinnerware Sets, Dinnerware & Stemware Storage",23.0,0.9171595418234256,3.0,Hospitality & foodservice,0.6704015731811523,Home living & seasonal decor,0.5910845398902893,0.07931703329086304,82.13724004497169,75.94901069364968,False,,,65.0,0.8652620315551758,True,42.3418627481499,REVIEW,,,REVIEW,0.3633383844262877,B,Merchant decision - sits next to a 1P line,0.636,0.636,,6,Restaurant & Foodservice Supplies > Tabletop,own aisle (DEEPEN),,Restaurant & Foodservice Supplies > Tabletop,"Breakroom, kitchen & hospitality",,Dinnerware,OP25,CRS 42 between 40 and 60: next to a 1P line
D0063,DEEPEN,Cleaning Supplies,Laboratory & Scientific Supplies > Labware & Consumables > Cleaning Supplies,Laboratory & Scientific Supplies,Laboratory & Scientific Supplies > Labware & Consumables,Laboratory & Scientific Supplies > Labware & Consumables > Cleaning Supplies,1.0,2,"Amazon, Walmart",2,2,0,0.0,0.5,0.3333333333333333,1.0,Walmart for Business,"Laboratory & Scientific Supplies > Labware & Consumables > Cleaning Supplies (competitors: Commercial Mopping Supplies, Commercial Sweeping Supplies, Zep Cleaning Supplies)",0.9248048443504167,83.67748492988005,53.773310439026595,,,,,,,1,Laboratory & Scientific Supplies > Labware & Consumables > Cleaning Supplies,Staples::Laboratory & Scientific Supplies > Labware & Consumables > Cleaning Supplies,0,"Commercial Mopping Supplies, Commercial Sweeping Supplies, Zep Cleaning Supplies",5.0,1.1143160049417018,3.0,Janitorial & facilities,0.6754361391067505,Residential bedroom & bath,0.5693210363388062,0.10611510276794434,96.44417985763545,71.19984124791459,False,,,100.0,0.8578858971595764,True,53.773310439026595,REVIEW,,,REVIEW,0.3574725173395834,B,Merchant decision - sits next to a 1P line,0.718,0.716,,7,Laboratory & Scientific Supplies > Labware & Consumables,own aisle (DEEPEN),,Laboratory & Scientific Supplies > Labware & Consumables,"Health, safety & facilities",,Cleaning Supplies,OP31,CRS 54 between 40 and 60: next to a 1P line
E0032,ENTER,Bathroom Tiles & Flooring,Wayfair: Shop Contractor Spaces > Bathroom Renovation > Bathroom Tiles & Flooring | WestElm: Bath > Bathroom Renovation > Bathroom Hardware,Facilities,Facilities > Plumbing,Facilities > Plumbing > Bathroom Hardware,0.9060895810651379,4,"Amazon, Walmart, Wayfair, WestElm",2,2,2,0.0,0.75,0.3333333333333333,1.0,Wayfair Professional,Contractor Spaces > Bathroom Renovation > Bathroom Tiles & Flooring,0.8135790219421478,86.72618569034192,47.40698600614086,96.65114613180516,76.80122524887868,60.30388026916246,34.51009174311926,2.0,64.0,0,Facilities > Plumbing > Bathroom Hardware > Bathroom Safety Hardware,Wayfair::Shop Contractor Spaces > Bathroom Renovation > Bathroom Tiles & Flooring,2,,,,,Workspace decor & comfort,0.5913479924201965,Residential bedroom & bath,0.5980224609375,-0.006674468517303467,36.228140442771554,35.070217598996265,True,,install required,75.0,0.6677550673484802,True,47.40698600614086,REVIEW,1P-CORE GAP,VERTICAL EXTENSION,REVIEW,0.3426083717560167,B,Merchant decision - sits next to a 1P line,0.784,0.782,,8,Facilities > Bathroom Fixtures,graph/vector vote + mission similarity,Shop Contractor Spaces,Facilities > Bathroom Fixtures,"Health, safety & facilities",1.0,Bathroom Tiles & Flooring,OP23,CRS 47 between 40 and 60: next to a 1P line
E0204,ENTER,Patio Heater Replacement Parts,"Amazon: Patio, Lawn & Garden > Outdoor Heating & Cooling > Patio Heater Replacement Parts",Facilities,Facilities > Heating & Cooling,Gift Shop > Professional Gifts > Compasses > Outdoor Heaters,0.8650261911404183,4,"Amazon, OfficeDepot, Walmart, Wayfair",1,1,3,0.0,0.875,0.6666666666666666,1.0,"OfficeDepot, Wayfair Professional","Patio, Lawn & Garden > Outdoor Heating & Cooling > Patio Heater Replacement Parts",0.8064068510977739,57.50064376659962,51.26119532675113,62.16571155682904,52.8355759763702,39.010793194081046,63.51159745942121,1.0,0.0,0,Facilities > Heating & Cooling > Heaters,"Amazon::Patio, Lawn & Garden > Outdoor Heating & Cooling > Patio Heater Replacement Parts",1,,,,,Commercial grounds & outdoor,0.6063734889030457,Backyard & garden living,0.6688601970672607,-0.06248670816421509,6.431130097633103,30.525344725246526,True,,,100.0,0.6899493932723999,True,51.26119532675113,REVIEW,OFF-BRAND,1P-CORE GAP,REVIEW,0.341949511881491,B,Merchant decision - sits next to a 1P line,0.802,0.788,,9,Facilities > Heating & Cooling,graph/vector vote + mission similarity,"Patio, Lawn & Garden",Facilities > Heating & Cooling,Outdoor living & grounds,1.0,Patio Heater Replacement Parts,OP23,CRS 51 between 40 and 60: next to a 1P line
D0039,DEEPEN,TV Stands,Furniture > Carts & Stands > TV Stands,Furniture,Furniture > Carts & Stands,Furniture > Carts & Stands > TV Stands,1.0,4,"OfficeDepot, Walmart, Wayfair, WestElm",5,4,0,0.0,0.75,0.6666666666666666,0.5,"OfficeDepot, Wayfair Professional","Furniture > Carts & Stands > TV Stands (competitors: Printer Stands, TV Stands, Night Stands)",0.6785531642884348,87.23275501910847,52.1500542204175,,,,,,,1,Furniture > Carts & Stands > TV Stands,Staples::Furniture > Carts & Stands > TV Stands,0,"Printer Stands, TV Stands, Night Stands",62.0,0.9473866994104032,3.0,Office & home-office furniture,0.6358784437179565,Home living & seasonal decor,0.5941251516342163,0.041753292083740234,62.08272884040874,63.916303970911905,False,,,90.0,0.8762902021408081,True,52.1500542204175,REVIEW,,,REVIEW,0.33676698457969,A,Merchant decision - sits next to a 1P line,0.79,0.78,,10,Furniture > Carts & Stands,own aisle (DEEPEN),,Furniture > Carts & Stands,Home décor & furnishings,,TV Stands,OP22,CRS 52 between 40 and 60: next to a 1P line
E0163,ENTER,Personal Safety,Walmart: Home Improvement > Home Safety > Personal Safety,Safety Supplies,Safety Supplies > Fire Protection,Workwear > Occupational Workwear > Safety,0.8539620199595659,2,"Amazon, Walmart",1,1,1,0.0,0.5,0.3333333333333333,1.0,Walmart for Business,Home Improvement > Home Safety > Personal Safety,0.8457554365816099,100.0,57.77626682903727,100.0,100.0,48.68073878627968,66.87179487179486,1.0,0.0,0,Healthcare Supplies > Personal Care,Walmart::Home Improvement > Home Safety > Personal Safety,1,,,,,Safety & security,0.7142832279205322,Home living & seasonal decor,0.5884508490562439,0.12583237886428833,100.0,73.33333333333333,False,,,100.0,0.6633774638175964,True,57.77626682903727,REVIEW,REVIEW,1P-CORE GAP,REVIEW,0.33365052452388894,B,Merchant decision - sits next to a 1P line,0.576,0.574,,11,Safety Supplies > Personal Protective Equipment (PPE),mission similarity,Home Improvement,Safety Supplies > Personal Protective Equipment (PPE),"Health, safety & facilities",1.0,Personal Safety,OP32,CRS 58 between 40 and 60: next to a 1P line
D0035,DEEPEN,Ladders & Step Stools,Facilities > Ladders & Step Stools,Facilities,Facilities > Ladders & Step Stools,Facilities > Ladders & Step Stools,1.0,2,"Walmart, Wayfair",4,2,0,0.0,0.375,0.3333333333333333,0.5,OfficeDepot,"Facilities > Ladders & Step Stools (competitors: Ladders, Blanket Ladders, Kids Step Stools)",0.881551462118028,69.35240442755895,42.702928081143696,,,,,,,1,Facilities > Ladders & Step Stools,Staples::Facilities > Ladders & Step Stools,0,"Ladders, Blanket Ladders, Kids Step Stools",96.0,0.43382772837390166,2.0,Retail store & shipping,0.5659639835357666,Residential bedroom & bath,0.5757929086685181,-0.009828925132751465,34.544040736355356,34.059757775146544,True,,,90.0,0.8335888385772705,True,42.702928081143696,REVIEW,,,REVIEW,0.3329232086423266,B,Merchant decision - sits next to a 1P line,0.642,0.642,,12,Facilities > Ladders & Step Stools,own aisle (DEEPEN),,Facilities > Ladders & Step Stools,"Health, safety & facilities",,Ladders & Step Stools,OP23,CRS 43 between 40 and 60: next to a 1P line
D0084,DEEPEN,Flatware,Restaurant & Foodservice Supplies > Tabletop > Flatware,Restaurant & Foodservice Supplies,Restaurant & Foodservice Supplies > Tabletop,Restaurant & Foodservice Supplies > Tabletop > Flatware,1.0,2,"Walmart, Wayfair",2,2,0,0.0,0.375,0.3333333333333333,0.5,Wayfair Professional,"Restaurant & Foodservice Supplies > Tabletop > Flatware (competitors: Flatware & Silverware, Flatware, Outdoor Flatware)",0.6411907464887233,95.78657173065643,49.86993006857007,,,,,,,1,Restaurant & Foodservice Supplies > Tabletop > Flatware,Staples::Restaurant & Foodservice Supplies > Tabletop > Flatware,0,"Flatware & Silverware, Flatware, Outdoor Flatware",10.0,2.394947973864525,3.0,Hospitality & foodservice,0.6447944641113281,Backyard & garden living,0.577861487865448,0.06693297624588013,75.5256459176151,58.648720883902385,False,,,90.0,0.8561028838157654,True,49.86993006857007,REVIEW,,,REVIEW,0.31773570159447917,B,Merchant decision - sits next to a 1P line,0.802,0.79,,13,Restaurant & Foodservice Supplies > Tabletop,own aisle (DEEPEN),,Restaurant & Foodservice Supplies > Tabletop,"Breakroom, kitchen & hospitality",,Flatware,OP25,CRS 50 between 40 and 60: next to a 1P line
E0306,ENTER,Wall Ovens,"Amazon: Appliances > Ranges, Ovens & Cooktops > Wall Ovens",Appliances & Kitchenware,Appliances & Kitchenware > Major Appliances,"Coffee, Water & Snacks > Breakroom Appliances > Toaster Ovens",0.8798142904736903,3,"Amazon, Walmart, Wayfair",1,1,2,0.0,0.625,0.6666666666666666,1.0,"Walmart for Business, Wayfair Professional","Appliances > Ranges, Ovens & Cooktops > Wall Ovens",0.7588879061490285,58.71504108351522,54.36507037900529,73.19723018147087,44.23285198555956,78.0880503144654,30.642090443545168,1.0,0.0,0,"Coffee, Water & Snacks > Breakroom Appliances > Toaster Ovens","Amazon::Appliances > Ranges, Ovens & Cooktops > Wall Ovens",1,,,,,Hospitality & foodservice,0.5612895488739014,Backyard & garden living,0.5778021216392517,-0.016512572765350342,30.975778310197207,45.25213365278499,True,,install required,75.0,0.6926102042198181,True,54.36507037900529,REVIEW,1P-CORE GAP,OFF-BRAND,REVIEW,0.3140793675661008,B,Merchant decision - sits next to a 1P line,0.7,0.676,,14,Appliances & Kitchenware > Major Appliances,graph/vector vote + mission similarity,Appliances,Appliances & Kitchenware > Major Appliances,"Breakroom, kitchen & hospitality",1.0,Wall Ovens,OP26,CRS 54 between 40 and 60: next to a 1P line
D0003,DEEPEN,Microwaves,Appliances & Kitchenware > Small Appliances > Microwaves,Appliances & Kitchenware,Appliances & Kitchenware > Small Appliances,Appliances & Kitchenware > Small Appliances > Microwaves,1.0,2,"OfficeDepot, Wayfair",3,2,0,0.0,0.375,0.6666666666666666,0.0,"OfficeDepot, Wayfair Professional",Appliances & Kitchenware > Small Appliances > Microwaves (competitors: Microwaves),0.5644599185828177,91.79878123484382,44.48251656151195,,,,,,,1,Appliances & Kitchenware > Small Appliances > Microwaves,Staples::Appliances & Kitchenware > Small Appliances > Microwaves,0,Microwaves,105.0,0.7765287894989964,3.0,Technology for work,0.568211019039154,Backyard & garden living,0.5639223456382751,0.004288673400878906,42.0811371190907,51.915348938121085,False,,,65.0,0.903827428817749,True,44.48251656151195,REVIEW,,,REVIEW,0.3092496991269529,B,Merchant decision - sits next to a 1P line,0.722,0.7,,15,Appliances & Kitchenware > Small Appliances,own aisle (DEEPEN),,Appliances & Kitchenware > Small Appliances,"Breakroom, kitchen & hospitality",,Microwaves,OP26,CRS 44 between 40 and 60: next to a 1P line
D0038,DEEPEN,Bookcases & Bookshelves,Furniture > Bookcases & Bookshelves,Furniture,Furniture > Bookcases & Bookshelves,Furniture > Bookcases & Bookshelves,1.0,3,"OfficeDepot, Walmart, Wayfair",4,3,0,0.0,0.625,0.6666666666666666,0.5,"OfficeDepot, Wayfair Professional","Furniture > Bookcases & Bookshelves (competitors: Bookcases, Baby & Kids Bookcases, Metal Bookcases)",0.8474463774831061,86.58748035383115,58.788092414233226,,,,,,,1,Furniture > Bookcases & Bookshelves,Staples::Furniture > Bookcases & Bookshelves,0,"Bookcases, Baby & Kids Bookcases, Metal Bookcases",384.0,0.7823386771674584,2.0,Office & home-office furniture,0.6811329126358032,Residential bedroom & bath,0.6047348976135254,0.07639801502227783,80.57883604439878,75.01396829330594,False,,,90.0,0.8313688635826111,True,58.788092414233226,REVIEW,,,REVIEW,0.3092374418888603,A,Merchant decision - sits next to a 1P line,0.542,0.526,,16,Furniture > Bookcases & Bookshelves,own aisle (DEEPEN),,Furniture > Bookcases & Bookshelves,Home décor & furnishings,,Bookcases & Bookshelves,OP22,CRS 59 between 40 and 60: next to a 1P line
D0054,DEEPEN,Accent & Coffee Tables,Furniture > Home & Office Tables > Accent & Coffee Tables,Furniture,Furniture > Home & Office Tables,Furniture > Home & Office Tables > Accent & Coffee Tables,1.0,2,"Wayfair, WestElm",3,2,0,0.0,0.25,0.3333333333333333,0.0,Wayfair Professional,"Furniture > Home & Office Tables > Accent & Coffee Tables (competitors: Coffee Tables & End Tables, Table Accents, Coffee Tables)",0.8768802779732583,94.34273410232123,40.51916144286673,,,,,,,1,Furniture > Home & Office Tables > Accent & Coffee Tables,Staples::Furniture > Home & Office Tables > Accent & Coffee Tables,0,"Coffee Tables & End Tables, Table Accents, Coffee Tables",203.0,0.7765287894989964,3.0,Office & home-office furniture,0.6786826848983765,Home living & seasonal decor,0.6699423789978027,0.00874030590057373,44.45777243215686,40.007996792627445,False,,,65.0,0.9123523831367493,True,40.51916144286673,REVIEW,,,REVIEW,0.30765202934373176,B,Merchant decision - sits next to a 1P line,0.542,0.524,,17,Furniture > Home & Office Tables,own aisle (DEEPEN),,Furniture > Home & Office Tables,Home décor & furnishings,,Accent & Coffee Tables,OP22,CRS 41 between 40 and 60: next to a 1P line
D0022,DEEPEN,Popcorn,"Coffee, Water & Snacks > Snacks & Food > Popcorn","Coffee, Water & Snacks","Coffee, Water & Snacks > Snacks & Food","Coffee, Water & Snacks > Snacks & Food > Popcorn",1.0,2,"OfficeDepot, Walmart",3,2,0,0.0,0.5,0.6666666666666666,0.5,"OfficeDepot, Walmart for Business","Coffee, Water & Snacks > Snacks & Food > Popcorn (competitors: Popcorn, Jolly Time, Movie Theater Butter Popcorn)",0.5632552263996604,68.06623357721767,54.354224577048704,,,,,,,1,"Coffee, Water & Snacks > Snacks & Food > Popcorn","Staples::Coffee, Water & Snacks > Snacks & Food > Popcorn",0,"Popcorn, Jolly Time, Movie Theater Butter Popcorn",18.0,0.8754687373539001,3.0,Breakroom & kitchen,0.5669436454772949,"Leisure, hobbies & sports",0.5446194410324097,0.022324204444885254,51.70993733384896,57.69262906697604,False,,,90.0,0.8674238920211792,True,54.354224577048704,REVIEW,,,REVIEW,0.2945550306158236,B,Merchant decision - sits next to a 1P line,0.698,0.666,,18,"Coffee, Water & Snacks > Snacks & Food",own aisle (DEEPEN),,"Coffee, Water & Snacks > Snacks & Food","Breakroom, kitchen & hospitality",,Popcorn,OP24,CRS 54 between 40 and 60: next to a 1P line
E0041,ENTER,Furniture Cushion & Cushion Covers,WestElm: Outdoor > Outdoor Solutions > Furniture Cushion & Cushion Covers | WestElm: Outdoor > Outdoor Solutions > Furniture Cushions,Gift Shop,Gift Shop > Professional Gifts,Gift Shop > Professional Gifts > Compasses > Outdoor Furniture Covers,0.9040627596893309,4,"Amazon, Walmart, Wayfair, WestElm",2,1,1,0.0,0.75,0.0,1.0,,Outdoor > Outdoor Solutions > Furniture Cushion & Cushion Covers,0.8836315779010105,97.00388360135652,54.24087078746306,100.0,94.00776720271305,38.48174157492612,70.0,2.0,299.0,0,Gift Shop > Professional Gifts > Compasses > Outdoor Furniture Covers,WestElm::Outdoor > Outdoor Solutions > Furniture Cushion & Cushion Covers,2,,,,,Office & home-office furniture,0.6153609752655029,Home living & seasonal decor,0.6579182744026184,-0.04255729913711548,17.07103293453427,10.242619760720562,True,,,100.0,0.7863906621932983,True,54.24087078746306,REVIEW,OFF-BRAND,1P-CORE GAP,REVIEW,0.27388477084138557,B,Merchant decision - sits next to a 1P line,0.706,0.616,,19,Furniture > Chairs & Seating,mission similarity,Outdoor,Furniture > Chairs & Seating,Home décor & furnishings,1.0,Furniture Cushion & Cushion Covers,OP22,CRS 54 between 40 and 60: next to a 1P line
D0016,DEEPEN,Gummy & Chewy Candy,"Coffee, Water & Snacks > Candy, Gum & Mints > Gummy & Chewy Candy","Coffee, Water & Snacks","Coffee, Water & Snacks > Candy, Gum & Mints","Coffee, Water & Snacks > Candy, Gum & Mints > Gummy & Chewy Candy",1.0,2,"OfficeDepot, Walmart",3,2,0,0.0,0.5,0.3333333333333333,0.5,OfficeDepot,"Coffee, Water & Snacks > Candy, Gum & Mints > Gummy & Chewy Candy (competitors: Licorice & Gummy Snacks, Chewy and gummy candy, Gummy Bears)",0.5818707697830057,65.20249791553438,53.15274652093649,,,,,,,1,"Coffee, Water & Snacks > Candy, Gum & Mints > Gummy & Chewy Candy","Staples::Coffee, Water & Snacks > Candy, Gum & Mints > Gummy & Chewy Candy",0,"Licorice & Gummy Snacks, Chewy and gummy candy, Gummy Bears",124.0,0.7884573603642704,3.0,Breakroom & kitchen,0.5356035828590393,"Personal, fashion & novelty",0.5273749232292175,0.008228659629821777,44.18461497925591,39.844102320886876,False,,,90.0,0.9302703738212585,True,53.15274652093649,REVIEW,,,REVIEW,0.25364941022273635,B,Merchant decision - sits next to a 1P line,0.736,0.608,,20,"Coffee, Water & Snacks > Candy, Gum & Mints",own aisle (DEEPEN),,"Coffee, Water & Snacks > Candy, Gum & Mints","Breakroom, kitchen & hospitality",,Gummy & Chewy Candy,OP24,CRS 53 between 40 and 60: next to a 1P line
D0069,DEEPEN,Storage Baskets,Office Supplies > Storage & Organization > Storage Baskets,Office Supplies,Office Supplies > Storage & Organization,Office Supplies > Storage & Organization > Storage Baskets,1.0,2,"Walmart, Wayfair",3,2,0,0.0,0.375,0.3333333333333333,0.5,Wayfair Professional,"Office Supplies > Storage & Organization > Storage Baskets (competitors: Wire Baskets, Under Bed Storage Baskets Bins, Seagrass Baskets)",0.9324580375628513,75.56259463968577,59.97819887045941,,,,,,,1,Office Supplies > Storage & Organization > Storage Baskets,Staples::Office Supplies > Storage & Organization > Storage Baskets,0,"Wire Baskets, Under Bed Storage Baskets Bins, Seagrass Baskets",95.0,1.246532418744732,3.0,Retail store & shipping,0.604057788848877,Residential bedroom & bath,0.5615889430046082,0.0424688458442688,62.46474832107928,50.8121823259809,False,,,90.0,0.8330013751983643,True,59.97819887045941,REVIEW,,,REVIEW,0.2527391264892267,B,Merchant decision - sits next to a 1P line,0.526,0.476,,21,Office Supplies > Storage & Organization,own aisle (DEEPEN),,Office Supplies > Storage & Organization,Core office & business supplies,,Storage Baskets,OP27,CRS 60 between 40 and 60: next to a 1P line
D0093,DEEPEN,Projector Screens,"Shredders, Projectors & Office Machines > Projectors & Accessories > Projector Screens","Shredders, Projectors & Office Machines","Shredders, Projectors & Office Machines > Projectors & Accessories","Shredders, Projectors & Office Machines > Projectors & Accessories > Projector Screens",1.0,2,"OfficeDepot, Wayfair",3,2,0,0.0,0.375,0.6666666666666666,0.0,"OfficeDepot, Wayfair Professional","Shredders, Projectors & Office Machines > Projectors & Accessories > Projector Screens (competitors: Projection & Screens, Projector Screens, Projection Screens)",0.5210964193369656,80.86447791440395,56.032755867115355,,,,,,,1,"Shredders, Projectors & Office Machines > Projectors & Accessories > Projector Screens","Staples::Shredders, Projectors & Office Machines > Projectors & Accessories > Projector Screens",0,"Projection & Screens, Projector Screens, Projection Screens",14.0,0.7765287894989964,3.0,Retail store & shipping,0.594877302646637,Home living & seasonal decor,0.531555712223053,0.06332159042358398,73.59760107676988,70.82522731272859,False,,,65.0,0.9188920259475708,True,56.032755867115355,REVIEW,,,REVIEW,0.25146844026801124,B,Merchant decision - sits next to a 1P line,0.622,0.51,,22,"Shredders, Projectors & Office Machines > Projectors & Accessories",own aisle (DEEPEN),,"Shredders, Projectors & Office Machines > Projectors & Accessories",Technology & connected workspace,,Projector Screens,OP33,CRS 56 between 40 and 60: next to a 1P line
D0030,DEEPEN,Humidifiers,Facilities > Air Quality > Humidifiers,Facilities,Facilities > Air Quality,Facilities > Air Quality > Humidifiers,1.0,2,"OfficeDepot, Walmart",3,2,0,0.0,0.5,0.3333333333333333,0.5,OfficeDepot,"Facilities > Air Quality > Humidifiers (competitors: Humidifiers, FSA HSA Eligible Humidifiers Vaporizers, Honeywell Humidifiers)",0.5184490095985587,86.40741064015214,58.84785821235746,,,,,,,1,Facilities > Air Quality > Humidifiers,Staples::Facilities > Air Quality > Humidifiers,0,"Humidifiers, FSA HSA Eligible Humidifiers Vaporizers, Honeywell Humidifiers",42.0,0.6931471805599456,3.0,Janitorial & facilities,0.6208279132843018,Residential bedroom & bath,0.5394601225852966,0.08136779069900513,83.2320973754132,63.27259175858126,False,,,90.0,0.8210923075675964,True,58.84785821235746,REVIEW,,,REVIEW,0.2512709932337192,B,Merchant decision - sits next to a 1P line,0.552,0.488,,23,Facilities > Air Quality,own aisle (DEEPEN),,Facilities > Air Quality,"Health, safety & facilities",,Humidifiers,OP23,CRS 59 between 40 and 60: next to a 1P line
D0021,DEEPEN,Nuts & Seeds,"Coffee, Water & Snacks > Snacks & Food > Nuts & Seeds","Coffee, Water & Snacks","Coffee, Water & Snacks > Snacks & Food","Coffee, Water & Snacks > Snacks & Food > Nuts & Seeds",1.0,2,"OfficeDepot, Walmart",3,2,0,0.0,0.5,0.3333333333333333,0.5,OfficeDepot,"Coffee, Water & Snacks > Snacks & Food > Nuts & Seeds (competitors: Nuts & Bars, Grow Media Seeds Supplies, Almond Nuts)",0.6541956159334003,51.95744025669635,49.62785644396823,,,,,,,1,"Coffee, Water & Snacks > Snacks & Food > Nuts & Seeds","Staples::Coffee, Water & Snacks > Snacks & Food > Nuts & Seeds",0,"Nuts & Bars, Grow Media Seeds Supplies, Almond Nuts",65.0,0.6931471805599456,3.0,Breakroom & kitchen,0.6076592206954956,Backyard & garden living,0.5953999757766724,0.012259244918823242,46.33646181989753,41.13521042527185,False,,perishable,65.0,0.9017989039421082,True,49.62785644396823,REVIEW,,,REVIEW,0.25060271897699626,B,Merchant decision - sits next to a 1P line,0.798,0.634,,24,"Coffee, Water & Snacks > Snacks & Food",own aisle (DEEPEN),,"Coffee, Water & Snacks > Snacks & Food","Breakroom, kitchen & hospitality",,Nuts & Seeds,OP24,CRS 50 between 40 and 60: next to a 1P line
D0046,DEEPEN,Bath Mats & Towels,Furniture > Decor > Bath Mats & Towels,Furniture,Furniture > Decor,Furniture > Decor > Bath Mats & Towels,1.0,4,"OfficeDepot, Walmart, Wayfair, WestElm",5,4,0,0.0,0.75,0.3333333333333333,0.5,OfficeDepot,"Furniture > Decor > Bath Mats & Towels (competitors: Beach Towels, Towel Storage, Towels)",0.7974767804028421,72.51149030228423,53.74155980904235,,,,,,,1,Furniture > Decor > Bath Mats & Towels,Staples::Furniture > Decor > Bath Mats & Towels,0,"Beach Towels, Towel Storage, Towels",3.0,1.4696759700589421,3.0,Workspace decor & comfort,0.6088653206825256,Residential bedroom & bath,0.688892126083374,-0.08002680540084839,0.0,13.333333333333332,True,,,90.0,0.8692758083343506,True,53.74155980904235,REVIEW,,,REVIEW,0.245966343063733,A,Merchant decision - sits next to a 1P line,0.718,0.572,,25,Furniture > Decor,own aisle (DEEPEN),,Furniture > Decor,Home décor & furnishings,,Bath Mats & Towels,OP22,CRS 54 between 40 and 60: next to a 1P line
D0055,DEEPEN,Ceiling Lighting,Furniture > Lamps & Lighting > Ceiling Lighting,Furniture,Furniture > Lamps & Lighting,Furniture > Lamps & Lighting > Ceiling Lighting,1.0,2,"Wayfair, WestElm",4,2,0,0.0,0.25,0.3333333333333333,0.0,Wayfair Professional,"Furniture > Lamps & Lighting > Ceiling Lighting (competitors: Chandeliers, Pendant Lighting, Flush Mount Lighting)",0.8940226952850105,93.35413399518546,51.1003956197126,,,,,,,1,Furniture > Lamps & Lighting > Ceiling Lighting,Staples::Furniture > Lamps & Lighting > Ceiling Lighting,0,"Chandeliers, Pendant Lighting, Flush Mount Lighting",56.0,1.1411013084541692,3.0,Workspace decor & comfort,0.6183640956878662,Home living & seasonal decor,0.6064750552177429,0.011889040470123291,46.1388172555956,41.01662368669069,False,,install required,40.0,0.815039873123169,True,51.1003956197126,REVIEW,,,REVIEW,0.23610416976166987,B,Merchant decision - sits next to a 1P line,0.77,0.58,,26,Furniture > Lamps & Lighting,own aisle (DEEPEN),,Furniture > Lamps & Lighting,Home décor & furnishings,,Ceiling Lighting,OP22,CRS 51 between 40 and 60: next to a 1P line
E0165,ENTER,Natural Material Storage,Wayfair: Organization > Garage & Outdoor Storage & Organization > Natural Material Storage,Office Supplies,Office Supplies > Storage & Organization,Office Supplies > Storage & Organization,0.8837075167732896,2,"Walmart, Wayfair",1,1,1,0.0,0.375,0.0,0.5,,Organization > Garage & Outdoor Storage & Organization > Natural Material Storage,0.4345941036597705,98.95022426430367,59.7286224545173,100.0,97.90044852860736,31.471698113207548,87.98554679582705,1.0,0.0,0,Laboratory & Scientific Supplies > Lab Safety > Material Handling & Storage,Wayfair::Organization > Garage & Outdoor Storage & Organization > Natural Material Storage,1,,,,,Commercial grounds & outdoor,0.5765817761421204,Backyard & garden living,0.5973328948020935,-0.020751118659973145,28.71290556634364,17.22774333980618,True,,,75.0,0.6936739087104797,True,59.7286224545173,REVIEW,OFF-BRAND,1P-CORE GAP,REVIEW,0.17541001445831447,B,Merchant decision - sits next to a 1P line,0.49,0.258,,27,Office Supplies > Storage & Organization,graph/vector vote + mission similarity,Organization,Office Supplies > Storage & Organization,Core office & business supplies,1.0,Natural Material Storage,OP27,CRS 60 between 40 and 60: next to a 1P line
V0050,ENTER,Ironing & Steaming,Wayfair: Organization > Cleaning & Laundry Organization > Ironing & Steaming | Wayfair: Shop Contractor Spaces > Laundry & Utility Room > Ironing & Steaming,Cleaning Supplies,Cleaning Supplies > Laundry Care,Cleaning Supplies > Laundry Care > Laundry Room Organization > Laundry Accessories,0.8820421846711806,3,"Amazon, Walmart, Wayfair",2,1,0,1.0,0.625,0.3333333333333333,1.0,Wayfair Professional,Organization > Cleaning & Laundry Organization > Ironing & Steaming,0.8527400189455631,68.46273551356667,0.0,50.33428844317097,86.59118258396236,0.0,0.0,2.0,0.0,0,Retail Store Supplies > Sewing & Tailoring > Garment Steamers & Irons,Wayfair::Organization > Cleaning & Laundry Organization > Ironing & Steaming,0,,,,,Janitorial & facilities,0.6720786094665527,Residential bedroom & bath,0.5997198224067688,0.07235878705978394,78.4223750575933,60.386758367889314,False,,,100.0,0.7543669939041138,True,0.0,VERIFY,VERTICAL EXTENSION,CURATE,CURATE,0.7180452895146298,B,"Already sold - fix naming / navigation so customers find it (findability, not assortment)",,,already carried: Cleaning Supplies > Laundry Care > Laundry Room Organization > Laundry Accessories,1,Cleaning Supplies > Laundry Care,where it was found (VERIFY),Organization,Cleaning Supplies > Laundry Care,"Health, safety & facilities",0.59,Ironing & Steaming,,"flagged as missing, but probably sold under another name - check first"
E0145,ENTER,Reception Sets,Wayfair: Shop Office Spaces > Reception Sets,Furniture,Furniture > Desks,Furniture > Desks > Office Desks,0.8394753732507648,2,"Walmart, Wayfair",1,1,1,1.0,0.375,0.6666666666666666,0.5,"Walmart for Business, Wayfair Professional",Office Spaces > Reception Sets,0.8262798397390994,58.47582634868124,0.0,34.50334288443171,82.44830981293076,0.0,0.0,1.0,0.0,0,School Supplies > Learning at Home > Building Sets,Wayfair::Shop Office Spaces > Reception Sets,0,,,,,Workspace decor & comfort,0.7268297672271729,Home living & seasonal decor,0.58899986743927,0.13782989978790283,100.0,86.66666666666666,False,,,75.0,0.6104182004928589,True,0.0,VERIFY,OFF-BRAND,CURATE,VERTICAL EXTENSION,0.7058223821505535,B,Check first - Staples may already carry it under another name (findability),1.0,1.0,to check,2,Furniture > Desks,graph/vector vote + mission similarity,Shop Office Spaces,Furniture > Desks,Home décor & furnishings,0.695,Reception Sets,,"flagged as missing, but probably sold under another name - check first"
E0353,ENTER,Printmaking Inks,"Amazon: Arts, Crafts & Sewing > Printmaking > Printmaking Inks",Arts & Crafts,Arts & Crafts > Crafting,Printers & Scanners > Printers,0.8170058303954667,2,"Amazon, Walmart",1,1,0,1.0,0.5,0.3333333333333333,1.0,Walmart for Business,"Arts, Crafts & Sewing > Printmaking > Printmaking Inks",0.8457554365816099,40.67692116723387,0.0,32.56924546322827,48.78459687123947,0.0,0.0,1.0,0.0,0,Printers & Scanners > Printers,"Amazon::Arts, Crafts & Sewing > Printmaking > Printmaking Inks",0,,,,,Office & business supplies,0.6470496654510498,Home living & seasonal decor,0.5338732004165649,0.11317646503448486,100.0,73.33333333333333,False,,,100.0,0.7063714265823364,True,0.0,VERIFY,OFF-BRAND,VERTICAL EXTENSION,VERTICAL EXTENSION,0.7012120305714257,B,Check first - Staples may already carry it under another name (findability),1.0,1.0,to check,3,Arts & Crafts > Crafting,graph/vector vote + mission similarity,"Arts, Crafts & Sewing",Arts & Crafts > Crafting,"Celebrations, gifting & creativity",0.955,Printmaking Inks,,"flagged as missing, but probably sold under another name - check first"
E0159,ENTER,Anatomy Models,Walmart: Industrial & Scientific > Science Education > Anatomy Models,Laboratory & Scientific Supplies,Laboratory & Scientific Supplies > Educational Materials & Accessories,School Supplies > Learning at Home > Educational & STEM Toys,0.795824907166033,2,"Amazon, Walmart",1,1,0,1.0,0.5,0.3333333333333333,1.0,Walmart for Business,Industrial & Scientific > Science Education > Anatomy Models,0.8457554365816099,55.09789875835721,0.0,10.19579751671442,100.0,0.0,0.0,1.0,0.0,0,School Supplies > Learning at Home > Educational & STEM Toys,Walmart::Industrial & Scientific > Science Education > Anatomy Models,0,,,,,School & classroom,0.5608341693878174,"Personal, fashion & novelty",0.492879718542099,0.06795445084571838,76.07099026163769,58.97592749031594,False,,,100.0,0.5628122687339783,False,0.0,VERIFY,OFF-BRAND,CURATE,VERTICAL EXTENSION,0.6941286852720759,B,Check first - Staples may already carry it under another name (findability),1.0,1.0,to check,4,Laboratory & Scientific Supplies > Educational Materials & Accessories,graph/vector vote + mission similarity,Industrial & Scientific,Laboratory & Scientific Supplies > Educational Materials & Accessories,"Health, safety & facilities",0.625,Anatomy Models,,"flagged as missing, but probably sold under another name - check first"
V0367,ENTER,Boomboxes,Amazon: Electronics > Portable Audio & Video > Boomboxes,Audio,Audio > Portable Audio,Audio > Portable Audio > Portable Speakers & Radios,0.8985559651197832,3,"Amazon, OfficeDepot, Walmart",1,1,1,1.0,0.75,0.3333333333333333,1.0,OfficeDepot,Electronics > Portable Audio & Video > Boomboxes,0.7219521268656542,63.498412251360335,0.0,45.06924546322827,81.9275790394924,0.0,0.0,1.0,0.0,0,Audio > Portable Audio > Portable Speakers & Radios,Amazon::Electronics > Portable Audio & Video > Boomboxes,0,,,,,Technology for work,0.5886295437812805,"Leisure, hobbies & sports",0.5354018211364746,0.05322772264480591,68.20869203944274,54.258548556998974,False,,,100.0,0.7682241201400757,True,0.0,VERIFY,VERTICAL EXTENSION,CURATE,CURATE,0.6787242011875533,B,"Already sold - fix naming / navigation so customers find it (findability, not assortment)",,,already carried: Audio > Portable Audio > Portable Speakers & Radios,5,Audio > Portable Audio,where it was found (VERIFY),Electronics,Audio > Portable Audio,Technology & connected workspace,0.91,Boomboxes,,"flagged as missing, but probably sold under another name - check first"
V0038,ENTER,Evaporative Coolers,"Amazon: Home & Kitchen > Heating, Cooling & Air Quality > Evaporative Coolers | Wayfair: Outdoor > Camping & Hiking > Coolers",Facilities,Facilities > Heating & Cooling,Facilities > Heating & Cooling > Air Conditioners,0.8896534885671924,3,"Amazon, Walmart, Wayfair",2,2,0,0.5,0.625,0.3333333333333333,1.0,Wayfair Professional,"Home & Kitchen > Heating, Cooling & Air Quality > Evaporative Coolers",0.8527400189455631,61.92677011913639,0.0,44.418576886341924,79.43496335193086,0.0,0.0,2.0,0.0,0,Facilities > Heating & Cooling,"Amazon::Home & Kitchen > Heating, Cooling & Air Quality > Evaporative Coolers",0,,,,,Janitorial & facilities,0.6044276356697083,Backyard & garden living,0.5830032825469971,0.02142435312271118,51.22952516394618,44.07104843170104,False,,,100.0,0.7136091589927673,True,0.0,VERIFY,VERTICAL EXTENSION,CURATE,CURATE,0.6756099215506078,B,"Already sold - fix naming / navigation so customers find it (findability, not assortment)",,,already carried: Facilities > Heating & Cooling > Air Conditioners,6,Facilities > Heating & Cooling,where it was found (VERIFY),Home & Kitchen,Facilities > Heating & Cooling,"Health, safety & facilities",1.0,Evaporative Coolers,,"flagged as missing, but probably sold under another name - check first"
V0267,ENTER,Substance Analysis Instrumentation,"Amazon: Industrial & Scientific > Test, Measure & Inspect > Substance Analysis Instrumentation",Laboratory & Scientific Supplies,Laboratory & Scientific Supplies > Lab Instruments & Equipment,Laboratory & Scientific Supplies > PH & Electrochemistry,0.8630549507206846,2,"Amazon, Walmart",1,1,0,1.0,0.5,0.0,1.0,,"Industrial & Scientific > Test, Measure & Inspect > Substance Analysis Instrumentation",0.8640620727372164,65.13275297950699,0.0,67.92024832855779,62.34525763045619,0.0,0.0,1.0,0.0,0,"Safety Supplies > Test Instruments, Meters & Precision Tools","Amazon::Industrial & Scientific > Test, Measure & Inspect > Substance Analysis Instrumentation",0,,,,,Janitorial & facilities,0.6237813234329224,"Leisure, hobbies & sports",0.5023442506790161,0.12143707275390625,100.0,60.0,False,,,100.0,0.7271711826324463,True,0.0,VERIFY,CURATE,CURATE,CURATE,0.6473084403798429,B,"Already sold - fix naming / navigation so customers find it (findability, not assortment)",,,already carried: Laboratory & Scientific Supplies > PH & Electrochemistry,7,Laboratory & Scientific Supplies > PH & Electrochemistry,where it was found (VERIFY),Industrial & Scientific,Laboratory & Scientific Supplies > PH & Electrochemistry,"Health, safety & facilities",0.93,Substance Analysis Instrumentation,,"flagged as missing, but probably sold under another name - check first"
E0286,ENTER,Knives & Blades,OfficeDepot: Office Supplies > Drafting > Knives & Blades,"Tools, Parts & Supplies","Tools, Parts & Supplies > Hand Tools",Arts & Crafts > Drafting Supplies,0.8721361452594178,3,"OfficeDepot, Walmart, Wayfair",1,1,2,1.0,0.625,0.3333333333333333,0.5,OfficeDepot,Office Supplies > Drafting > Knives & Blades,0.7413967515950816,81.05529841461797,0.0,62.6313276026743,99.47926922656164,0.0,0.0,1.0,37.0,0,Facilities > Hand & Power Tools > Hand Tools > Box Cutters & Utility Knives,OfficeDepot::Office Supplies > Drafting > Knives & Blades,0,,,,,Office & business supplies,0.6927928328514099,"Personal, fashion & novelty",0.5615376234054565,0.13125520944595337,100.0,73.33333333333333,False,,,75.0,0.706964373588562,True,0.0,VERIFY,CURATE,CURATE,CURATE,0.6336257936945225,A,Check first - Staples may already carry it under another name (findability),1.0,1.0,to check,8,Arts & Crafts > Drafting Supplies,graph/vector vote + mission similarity,Office Supplies,Arts & Crafts > Drafting Supplies,"Celebrations, gifting & creativity",0.9,Knives & Blades,,"flagged as missing, but probably sold under another name - check first"
V0393,ENTER,Bundles,Amazon: Electronics > eBook Readers & Accessories > Bundles,Laboratory & Scientific Supplies,Laboratory & Scientific Supplies > Educational Materials & Accessories,Tablets & iPads > E-Readers,0.8644379375541307,2,"Amazon, Walmart",1,1,1,0.0,0.5,0.0,1.0,,Electronics > eBook Readers & Accessories > Bundles,0.7908241351362281,59.43239690565728,0.0,31.638013371537728,87.22678043977683,0.0,0.0,1.0,0.0,0,Tablets & iPads > E-Readers,Amazon::Electronics > eBook Readers & Accessories > Bundles,0,,,,,Technology for work,0.6672286987304688,"Personal, fashion & novelty",0.5848644375801086,0.08236426115036011,83.76409251725826,50.258455510354956,False,,,100.0,0.7563585042953491,True,0.0,VERIFY,OFF-BRAND,CURATE,VERTICAL EXTENSION,0.60828912664963,B,"Already sold - fix naming / navigation so customers find it (findability, not assortment)",,,already carried: Tablets & iPads > E-Readers,9,Tablets & iPads > E-Readers,where it was found (VERIFY),Electronics,Tablets & iPads > E-Readers,Technology & connected workspace,0.99,Bundles,,"flagged as missing, but probably sold under another name - check first"
V0423,ENTER,Sweepers,Amazon: Appliances > Vacuums & Floor Care > Sweepers,Cleaning Supplies,Cleaning Supplies > Floor & Carpet Cleaning Equipment,Cleaning Supplies > Floor & Carpet Cleaning Equipment > Vacuums,0.9245102246858382,2,"Amazon, Walmart",1,1,0,1.0,0.5,0.0,1.0,,Appliances > Vacuums & Floor Care > Sweepers,0.8457554365816099,56.44742593667061,0.0,61.544890162368674,51.34996171097254,0.0,0.0,1.0,0.0,0,Cleaning Supplies > Floor & Carpet Cleaning Equipment > Vacuums,Amazon::Appliances > Vacuums & Floor Care > Sweepers,0,,,,,Janitorial & facilities,0.6543587446212769,Residential bedroom & bath,0.5988373160362244,0.05552142858505249,69.43325460963544,41.65995276578126,False,,,100.0,0.8578968048095703,True,0.0,VERIFY,CURATE,VERTICAL EXTENSION,VERTICAL EXTENSION,0.59485435992381,B,"Already sold - fix naming / navigation so customers find it (findability, not assortment)",,,already carried: Cleaning Supplies > Floor & Carpet Cleaning Equipment > Vacuums,10,Cleaning Supplies > Floor & Carpet Cleaning Equipment,where it was found (VERIFY),Appliances,Cleaning Supplies > Floor & Carpet Cleaning Equipment,"Health, safety & facilities",1.0,Sweepers,,"flagged as missing, but probably sold under another name - check first"
V0053,ENTER,Pull Out Pantries,Wayfair: Restaurant Storage > Cabinet & Pantry Organization > Pull Out Pantries,Office Supplies,Office Supplies > Storage & Organization,Appliances & Kitchenware > Kitchenware > Kitchen Accessories > Kitchen Storage & Organization,0.8428093039900664,2,"Walmart, Wayfair",1,1,1,0.0,0.375,0.3333333333333333,0.5,Wayfair Professional,Restaurant Storage > Cabinet & Pantry Organization > Pull Out Pantries,0.8262798397390994,62.12955757757564,0.0,36.87917860553964,87.37993654961164,0.0,0.0,1.0,0.0,0,Facilities > Hardware > Door Hardware > Push Plates & Pulls,Wayfair::Restaurant Storage > Cabinet & Pantry Organization > Pull Out Pantries,0,,,,,Hospitality & foodservice,0.56556236743927,"Personal, fashion & novelty",0.5006853342056274,0.06487703323364258,74.42802009947526,57.990145393018494,False,,,75.0,0.5907454490661621,False,0.0,VERIFY,OFF-BRAND,CURATE,CURATE,0.5872832697799321,B,"Already sold - fix naming / navigation so customers find it (findability, not assortment)",,,already carried: Appliances & Kitchenware > Kitchenware > Kitchen Accessories > Kitchen Storage & Organization,11,Appliances & Kitchenware > Kitchenware,where it was found (VERIFY),Restaurant Storage,Appliances & Kitchenware > Kitchenware,"Breakroom, kitchen & hospitality",0.765,Pull Out Pantries,,"flagged as missing, but probably sold under another name - check first"
V0229,ENTER,Sneeze Guards,Wayfair: Facilities & Maintenance > Safety & Emergency Supplies > Sneeze Guards,Safety Supplies,Safety Supplies,Furniture > Cubicle & Panel Systems > Desktop Privacy Panels,0.8966304810299099,2,"OfficeDepot, Wayfair",1,1,0,1.0,0.375,0.6666666666666666,0.0,"OfficeDepot, Wayfair Professional",Facilities & Maintenance > Safety & Emergency Supplies > Sneeze Guards,0.6150974813002124,75.91830503894886,0.0,60.07640878701051,91.7602012908872,0.0,0.0,1.0,0.0,0,Laboratory & Scientific Supplies > Lab Safety > Maintenance & Safety Supplies,Wayfair::Facilities & Maintenance > Safety & Emergency Supplies > Sneeze Guards,0,,,,,Safety & security,0.6477904319763184,"Personal, fashion & novelty",0.5371565222740173,0.11063390970230103,98.85667822398905,85.98067360106009,False,,,50.0,0.6972448229789734,True,0.0,VERIFY,CURATE,CURATE,CURATE,0.5864367602889087,B,"Already sold - fix naming / navigation so customers find it (findability, not assortment)",,,already carried: Furniture > Cubicle & Panel Systems > Desktop Privacy Panels,12,Furniture > Cubicle & Panel Systems,where it was found (VERIFY),Facilities & Maintenance,Furniture > Cubicle & Panel Systems,Home décor & furnishings,0.615,Sneeze Guards,,"flagged as missing, but probably sold under another name - check first"
V0351,ENTER,Workholding,Amazon: Industrial & Scientific > Power & Hand Tools > Workholding,Facilities,Facilities > Hand & Power Tools,Facilities > Hand & Power Tools > Hand Tools > Clamps,0.9242342972457358,1,Amazon,1,1,0,1.0,0.25,0.0,0.5,,Industrial & Scientific > Power & Hand Tools > Workholding,0.9056603773584906,81.98424068767909,0.0,63.96848137535817,100.0,0.0,0.0,1.0,0.0,0,Facilities > Hand & Power Tools,Amazon::Industrial & Scientific > Power & Hand Tools > Workholding,0,,,,,Technology for work,0.6444855332374573,"Leisure, hobbies & sports",0.5240046977996826,0.12048083543777466,100.0,60.0,False,,,75.0,0.7820560932159424,True,0.0,VERIFY,CURATE,CURATE,CURATE,0.5663254176352922,B,"Already sold - fix naming / navigation so customers find it (findability, not assortment)",,,already carried: Facilities > Hand & Power Tools > Hand Tools > Clamps,13,Facilities > Hand & Power Tools,where it was found (VERIFY),Industrial & Scientific,Facilities > Hand & Power Tools,"Health, safety & facilities",0.74,Workholding,,"flagged as missing, but probably sold under another name - check first"
V0337,ENTER,HVAC,Amazon: Tools & Home Improvement > Building Supplies > HVAC,"Tools, Parts & Supplies","Tools, Parts & Supplies > Fittings",Facilities > Heating & Cooling,0.8160571304845015,2,"Amazon, Wayfair",1,1,0,0.0,0.375,0.3333333333333333,0.5,Wayfair Professional,Tools & Home Improvement > Building Supplies > HVAC,0.8973454948016943,54.44327863785727,0.0,30.82617000955109,78.06038726616345,0.0,0.0,1.0,0.0,0,Laboratory & Scientific Supplies > Lab Safety > Maintenance & Safety Supplies,Amazon::Tools & Home Improvement > Building Supplies > HVAC,0,,,,,Janitorial & facilities,0.6798837780952454,Backyard & garden living,0.603735625743866,0.0761481523513794,80.44543948771648,61.600597025963225,False,,install required,50.0,0.6659820079803467,True,0.0,VERIFY,OFF-BRAND,CURATE,VERTICAL EXTENSION,0.5561346028956332,B,"Already sold - fix naming / navigation so customers find it (findability, not assortment)",,,already carried: Facilities > Heating & Cooling,14,Facilities > Heating & Cooling,where it was found (VERIFY),Tools & Home Improvement,Facilities > Heating & Cooling,"Health, safety & facilities",1.0,HVAC,,"flagged as missing, but probably sold under another name - check first"
V0416,ENTER,Federal & State Poster Kits,OfficeDepot: Office Supplies > Labor Law & Workplace Posters > Federal & State Poster Kits,Retail Store Supplies,Retail Store Supplies > Retail Signage,Facilities > Facilities Signs > Labor Law Posters,0.9260247740663554,2,"OfficeDepot, Walmart",1,1,1,1.0,0.5,0.3333333333333333,0.5,OfficeDepot,Office Supplies > Labor Law & Workplace Posters > Federal & State Poster Kits,0.7349245476222526,69.26098376313276,13.30816898255978,53.52196752626551,85.0,26.61633796511956,0.0,1.0,97.0,0,Facilities > Facilities Signs > Labor Law Posters,OfficeDepot::Office Supplies > Labor Law & Workplace Posters > Federal & State Poster Kits,0,,,,,Office & business supplies,0.6392871737480164,Residential bedroom & bath,0.5211051106452942,0.11818206310272217,100.0,73.33333333333333,False,,,75.0,0.798302948474884,True,13.30816898255978,VERIFY,VERTICAL EXTENSION,CURATE,CURATE,0.5331231105418894,B,"Already sold - fix naming / navigation so customers find it (findability, not assortment)",,,already carried: Facilities > Facilities Signs > Labor Law Posters,15,Facilities > Facilities Signs,where it was found (VERIFY),Office Supplies,Facilities > Facilities Signs,"Health, safety & facilities",1.0,Federal & State Poster Kits,,"flagged as missing, but probably sold under another name - check first"
V0217,ENTER,Sinus,Walmart: Health and Medicine > Caregiver > Sinus,Healthcare Supplies,Healthcare Supplies > Patient Care,"Healthcare Supplies > OTC Pharmaceuticals > Medicine & Vitamins > Cough, Cold, Flu & Allergy",0.779862592324915,2,"OfficeDepot, Walmart",1,1,0,0.0,0.5,0.3333333333333333,0.5,OfficeDepot,Health and Medicine > Caregiver > Sinus,0.6432955883462345,43.457586556241296,0.0,8.655682903533906,78.25949020894869,0.0,0.0,1.0,0.0,0,Healthcare Supplies > Patient Care,Walmart::Health and Medicine > Caregiver > Sinus,0,,,,,Healthcare & clinics,0.5836728811264038,"Personal, fashion & novelty",0.5390117168426514,0.04466116428375244,63.63518218351516,51.51444264344242,False,,,75.0,0.6122744083404541,True,0.0,VERIFY,OFF-BRAND,CURATE,VERTICAL EXTENSION,0.5188762700398486,B,"Already sold - fix naming / navigation so customers find it (findability, not assortment)",,,"already carried: Healthcare Supplies > OTC Pharmaceuticals > Medicine & Vitamins > Cough, Cold, Flu & Allergy",16,Healthcare Supplies > OTC Pharmaceuticals,where it was found (VERIFY),Health and Medicine,Healthcare Supplies > OTC Pharmaceuticals,"Health, safety & facilities",1.0,Sinus,,"flagged as missing, but probably sold under another name - check first"
V0473,ENTER,Contact Cements,"Amazon: Industrial & Scientific > Adhesives, Sealants & Lubricants > Contact Cements",Facilities,"Facilities > Adhesives, Sealants and Patching","Facilities > Adhesives, Sealants and Patching > Adhesives > Commercial Adhesives",0.8872866430198486,1,Amazon,1,1,0,1.0,0.25,0.0,0.5,,"Industrial & Scientific > Adhesives, Sealants & Lubricants > Contact Cements",0.9056603773584906,69.29758472121492,0.0,55.79035339063992,82.80481605178993,0.0,0.0,1.0,0.0,0,"Tools, Parts & Supplies > Industrial Adhesives, Sealants & Tapes","Amazon::Industrial & Scientific > Adhesives, Sealants & Lubricants > Contact Cements",0,,,,,Janitorial & facilities,0.5721680521965027,"Personal, fashion & novelty",0.5121726989746094,0.05999535322189331,71.8217912376346,43.09307474258076,False,,,75.0,0.7715397477149963,True,0.0,VERIFY,VERTICAL EXTENSION,CURATE,CURATE,0.5134815831707574,C,"Already sold - fix naming / navigation so customers find it (findability, not assortment)",,,"already carried: Facilities > Adhesives, Sealants and Patching > Adhesives > Commercial Adhesives",17,"Facilities > Adhesives, Sealants and Patching",where it was found (VERIFY),Industrial & Scientific,"Facilities > Adhesives, Sealants and Patching","Health, safety & facilities",0.95,Contact Cements,,"flagged as missing, but probably sold under another name - check first"
E0178,ENTER,Meeting Space Storage,Wayfair: Shop Office Spaces > Meeting & Collaborative Spaces > Meeting Space Storage,Furniture,Furniture > Home & Office Tables,Furniture > Home & Office Tables > Conference Room Tables,0.8175302875471101,1,Wayfair,1,1,0,1.0,0.125,0.3333333333333333,0.0,Wayfair Professional,Office Spaces > Meeting & Collaborative Spaces > Meeting Space Storage,0.8667091836734694,57.94594687996931,0.0,49.89255014326648,65.99934361667214,0.0,0.0,1.0,0.0,0,Furniture > Storage Furniture > Storage Cubes,Wayfair::Shop Office Spaces > Meeting & Collaborative Spaces > Meeting Space Storage,0,,,,,Office & home-office furniture,0.6264540553092957,Residential bedroom & bath,0.47219741344451904,0.1542566418647766,100.0,73.33333333333333,False,,,50.0,0.6593981981277466,True,0.0,VERIFY,VERTICAL EXTENSION,CURATE,VERTICAL EXTENSION,0.5052586312043077,C,Check first - Staples may already carry it under another name (findability),1.0,1.0,to check,18,Office Supplies > Storage & Organization,mission similarity,Shop Office Spaces,Office Supplies > Storage & Organization,Core office & business supplies,0.68,Meeting Space Storage,,"flagged as missing, but probably sold under another name - check first"
E0030,ENTER,Sous Vide,Wayfair: Restaurant Appliances & Equipment > Food Preparation Tools > Sous Vide,Appliances & Kitchenware,Appliances & Kitchenware > Kitchenware,Appliances & Kitchenware > Kitchenware > Kitchen Tools > Meat Preparation Equipment,0.8913075919716142,1,Wayfair,1,1,0,1.0,0.125,0.3333333333333333,0.0,Wayfair Professional,Restaurant Appliances & Equipment > Food Preparation Tools > Sous Vide,0.8667091836734694,58.22848557884453,0.0,44.99761222540592,71.45935893228312,0.0,0.0,1.0,0.0,0,Appliances & Kitchenware > Kitchenware > Kitchen Tools > Meat Preparation Equipment,Wayfair::Restaurant Appliances & Equipment > Food Preparation Tools > Sous Vide,0,,,,,Hospitality & foodservice,0.6837937235832214,Backyard & garden living,0.5726014971733093,0.11119222640991211,99.15475206617488,72.82618457303826,False,,,50.0,0.7741961479187012,True,0.0,VERIFY,VERTICAL EXTENSION,CURATE,VERTICAL EXTENSION,0.5046681417320303,C,Check first - Staples may already carry it under another name (findability),1.0,1.0,to check,19,Appliances & Kitchenware > Kitchenware,graph/vector vote + mission similarity,Restaurant Appliances & Equipment,Appliances & Kitchenware > Kitchenware,"Breakroom, kitchen & hospitality",0.98,Sous Vide,,"flagged as missing, but probably sold under another name - check first"
E0313,ENTER,Open Floor Workspace Storage,Wayfair: Shop Office Spaces > Open Floor Workspaces > Open Floor Workspace Storage,Furniture,Furniture > Cubicle & Panel Systems,Furniture > Cubicle & Panel Systems > Office Partitions & Dividers,0.7743397520805547,1,Wayfair,1,1,0,1.0,0.125,0.3333333333333333,0.0,Wayfair Professional,Office Spaces > Open Floor Workspaces > Open Floor Workspace Storage,0.8667091836734694,56.3178599740644,0.0,35.49426934097421,77.14145060715458,0.0,0.0,1.0,0.0,0,Cleaning Supplies > Floor & Carpet Cleaning Equipment > Floor Pads,Wayfair::Shop Office Spaces > Open Floor Workspaces > Open Floor Workspace Storage,0,,,,,Office & home-office furniture,0.629091739654541,Residential bedroom & bath,0.47836971282958984,0.15072202682495117,100.0,73.33333333333333,False,,,50.0,0.5512553453445435,False,0.0,VERIFY,OFF-BRAND,CURATE,VERTICAL EXTENSION,0.5028165008454503,C,Check first - Staples may already carry it under another name (findability),1.0,1.0,to check,20,Office Supplies > Storage & Organization,mission similarity,Shop Office Spaces,Office Supplies > Storage & Organization,Core office & business supplies,0.725,Open Floor Workspace Storage,,"flagged as missing, but probably sold under another name - check first"
E0389,ENTER,Biometrics,Amazon: Electronics > Security & Surveillance > Biometrics,Smart Home & Security,Smart Home & Security > Security Cameras & Systems,Smart Home & Security > Security Cameras & Systems,0.8943770479382138,1,Amazon,1,1,0,1.0,0.25,0.0,0.5,,Electronics > Security & Surveillance > Biometrics,0.9056603773584906,55.00475881271191,0.0,35.63753581661891,74.37198180880492,0.0,0.0,1.0,0.0,0,Smart Home & Security > Security Cameras & Systems,Amazon::Electronics > Security & Surveillance > Biometrics,0,,,,,Technology for work,0.6176888942718506,"Personal, fashion & novelty",0.5440894961357117,0.07359939813613892,79.08471187314319,47.450827123885915,False,,,75.0,0.7133921384811401,True,0.0,VERIFY,OFF-BRAND,CURATE,VERTICAL EXTENSION,0.5007578490706133,C,Check first - Staples may already carry it under another name (findability),1.0,1.0,to check,21,Smart Home & Security > Security Cameras & Systems,graph/vector vote + mission similarity,Electronics,Smart Home & Security > Security Cameras & Systems,Technology & connected workspace,1.0,Biometrics,,"flagged as missing, but probably sold under another name - check first"
V0186,ENTER,MSA,Walmart: Industrial & Scientific > Occupational Health & Safety Products > MSA,Laboratory & Scientific Supplies,Laboratory & Scientific Supplies > Lab Safety,Safety Supplies > Personal Protective Equipment (PPE) > Head & Face Protection > Hard Hats & Safety Helmets,0.8045502806440504,1,Walmart,1,1,0,1.0,0.25,0.0,0.5,,Industrial & Scientific > Occupational Health & Safety Products > MSA,0.7858504958047292,51.17981129136054,0.0,19.579751671442217,82.77987091127886,0.0,0.0,1.0,0.0,0,Healthcare Supplies > Professional Dental Supplies > Lab Products,Walmart::Industrial & Scientific > Occupational Health & Safety Products > MSA,0,,,,,Safety & security,0.6423757076263428,"Leisure, hobbies & sports",0.5365301370620728,0.10584557056427002,96.30028214071815,57.78016928443089,False,,,75.0,0.6497029662132263,True,0.0,VERIFY,OFF-BRAND,CURATE,VERTICAL EXTENSION,0.49770762987661193,C,"Already sold - fix naming / navigation so customers find it (findability, not assortment)",,,already carried: Safety Supplies > Personal Protective Equipment (PPE) > Head & Face Protection > Hard Hats & Safety Helmets,22,Safety Supplies > Personal Protective Equipment (PPE),where it was found (VERIFY),Industrial & Scientific,Safety Supplies > Personal Protective Equipment (PPE),"Health, safety & facilities",0.855,MSA,,"flagged as missing, but probably sold under another name - check first"
V0079,ENTER,Moldex,Walmart: Industrial & Scientific > Occupational Health & Safety Products > Moldex,Laboratory & Scientific Supplies,Laboratory & Scientific Supplies > Lab Safety,Safety Supplies > Personal Protective Equipment (PPE) > Face Masks & Respirators,0.8044971649443776,1,Walmart,1,1,0,1.0,0.25,0.0,0.5,,Industrial & Scientific > Occupational Health & Safety Products > Moldex,0.7858504958047292,52.361759715429315,0.0,21.94364851957976,82.77987091127886,0.0,0.0,1.0,0.0,0,Healthcare Supplies > Professional Dental Supplies > Lab Products,Walmart::Industrial & Scientific > Occupational Health & Safety Products > Moldex,0,,,,,Safety & security,0.627755880355835,"Leisure, hobbies & sports",0.5303980708122253,0.09735780954360962,91.76884056912597,55.061304341475584,False,,,75.0,0.6202038526535034,True,0.0,VERIFY,OFF-BRAND,CURATE,VERTICAL EXTENSION,0.4940428226268045,C,"Already sold - fix naming / navigation so customers find it (findability, not assortment)",,,already carried: Safety Supplies > Personal Protective Equipment (PPE) > Face Masks & Respirators,23,Safety Supplies > Personal Protective Equipment (PPE),where it was found (VERIFY),Industrial & Scientific,Safety Supplies > Personal Protective Equipment (PPE),"Health, safety & facilities",0.855,Moldex,,"flagged as missing, but probably sold under another name - check first"
E0317,ENTER,Wastebaskets,OfficeDepot: Cleaning > Trash Cans & Bags > Wastebaskets,Cleaning Supplies,Cleaning Supplies > Waste & Recycling,Cleaning Supplies > Waste & Recycling > Trash Bags,0.9435667952756557,1,OfficeDepot,1,1,0,1.0,0.25,0.3333333333333333,0.0,OfficeDepot,Cleaning > Trash Cans & Bags > Wastebaskets,0.6771978021978022,77.69093654992511,0.0,70.58261700095511,84.7992560988951,0.0,0.0,1.0,0.0,0,Cleaning Supplies > Waste & Recycling > Trash Bags,OfficeDepot::Cleaning > Trash Cans & Bags > Wastebaskets,0,,,,,Janitorial & facilities,0.6298475861549377,Residential bedroom & bath,0.5368642807006836,0.09298330545425415,89.43338253286012,66.9933628530494,False,,,50.0,0.8305327892303467,True,0.0,VERIFY,CURATE,CURATE,CURATE,0.4937694675273235,B,Check first - Staples may already carry it under another name (findability),1.0,1.0,to check,24,Cleaning Supplies > Waste & Recycling,graph/vector vote + mission similarity,Cleaning,Cleaning Supplies > Waste & Recycling,"Health, safety & facilities",1.0,Wastebaskets,,"flagged as missing, but probably sold under another name - check first"
E0355,ENTER,Toothpicks,Amazon: Health & Personal Care > Household Supplies > Toothpicks,Healthcare Supplies,Healthcare Supplies > Personal Dental Care,Laboratory & Scientific Supplies > Labware & Consumables > Cleaning Supplies,0.8494721583343936,1,Amazon,1,1,0,1.0,0.25,0.0,0.5,,Health & Personal Care > Household Supplies > Toothpicks,0.9056603773584906,59.47800912103251,0.0,54.65616045845272,64.2998577836123,0.0,0.0,1.0,0.0,0,Expanded Assortment > Personal Care & Eyewear > Toothpaste,Amazon::Health & Personal Care > Household Supplies > Toothpicks,0,,,,,Healthcare & clinics,0.71568363904953,"Personal, fashion & novelty",0.6661312580108643,0.04955238103866577,66.2465025169849,39.74790151019094,False,,,75.0,0.7629144787788391,True,0.0,VERIFY,VERTICAL EXTENSION,CURATE,VERTICAL EXTENSION,0.4920618733057042,C,Check first - Staples may already carry it under another name (findability),1.0,1.0,to check,25,Healthcare Supplies > Personal Dental Care,graph/vector vote + mission similarity,Health & Personal Care,Healthcare Supplies > Personal Dental Care,"Health, safety & facilities",0.73,Toothpicks,,"flagged as missing, but probably sold under another name - check first"
V0361,ENTER,Stir Sticks,OfficeDepot: Breakroom > Coffee & Coffee Supplies > Stir Sticks,"Coffee, Water & Snacks","Coffee, Water & Snacks > Coffee, Coffee Makers & Supplies",Party Supplies > Stirrers & Straws,0.8894187535302368,1,OfficeDepot,1,1,0,1.0,0.25,0.3333333333333333,0.0,OfficeDepot,Breakroom > Coffee & Coffee Supplies > Stir Sticks,0.4894284636931696,82.90378624096417,0.0,72.49283667621778,93.31473580571054,0.0,0.0,1.0,13.0,0,"Coffee, Water & Snacks > Snacks & Food > Jerky & Meat Sticks",OfficeDepot::Breakroom > Coffee & Coffee Supplies > Stir Sticks,0,,,,,Breakroom & kitchen,0.7105002403259277,Home living & seasonal decor,0.5300508737564087,0.18044936656951904,100.0,73.33333333333333,False,,,50.0,0.7105438709259033,True,0.0,VERIFY,CURATE,CURATE,CURATE,0.48610328224875504,B,"Already sold - fix naming / navigation so customers find it (findability, not assortment)",,,already carried: Party Supplies > Stirrers & Straws,26,Party Supplies > Stirrers & Straws,where it was found (VERIFY),Breakroom,Party Supplies > Stirrers & Straws,"Celebrations, gifting & creativity",0.58,Stir Sticks,,"flagged as missing, but probably sold under another name - check first"
E0275,ENTER,Dvd Rw Rewritable Discs,OfficeDepot: Computers & Accessories > Data Storage & Media > Dvd Rw Rewritable Discs,Hard Drives & Data Storage,Hard Drives & Data Storage > Disc Drives & Burners,Hard Drives & Data Storage > Disc Drives & Burners,0.8726823318294349,1,OfficeDepot,1,1,0,1.0,0.25,0.3333333333333333,0.0,OfficeDepot,Computers & Accessories > Data Storage & Media > Dvd Rw Rewritable Discs,0.6771978021978022,74.41642788920726,0.0,62.33285577841452,86.5,0.0,0.0,1.0,0.0,0,Hard Drives & Data Storage > Disc Duplicators,OfficeDepot::Computers & Accessories > Data Storage & Media > Dvd Rw Rewritable Discs,0,,,,,Office & business supplies,0.5612815022468567,"Personal, fashion & novelty",0.47588762640953064,0.08539387583732605,85.38154167787984,64.56225834006123,False,,,50.0,0.7078808546066284,True,0.0,VERIFY,CURATE,CURATE,CURATE,0.4839954955102704,B,Check first - Staples may already carry it under another name (findability),1.0,1.0,to check,27,Hard Drives & Data Storage > Disc Drives & Burners,graph/vector vote + mission similarity,Computers & Accessories,Hard Drives & Data Storage > Disc Drives & Burners,Technology & connected workspace,0.725,Dvd Rw Rewritable Discs,,"flagged as missing, but probably sold under another name - check first"
V0238,ENTER,Marpac,Walmart: Health and Medicine > Home Health Care > Marpac,Healthcare Supplies,Healthcare Supplies > Personal Care,Audio > Portable Audio > Portable Speakers & Radios,0.7835553827547065,1,Walmart,1,1,0,0.0,0.25,0.0,0.5,,Health and Medicine > Home Health Care > Marpac,0.7858504958047292,43.255179242551876,0.0,8.369149952244507,78.14120853285924,0.0,0.0,1.0,0.0,0,Healthcare Supplies > Personal Care,Walmart::Health and Medicine > Home Health Care > Marpac,0,,,,,Healthcare & clinics,0.6372325420379639,Residential bedroom & bath,0.5517256855964661,0.0855068564414978,85.44185970583578,51.26511582350147,False,,,75.0,0.6548398733139038,True,0.0,VERIFY,OFF-BRAND,CURATE,VERTICAL EXTENSION,0.47279057488154014,C,"Already sold - fix naming / navigation so customers find it (findability, not assortment)",,,already carried: Audio > Portable Audio > Portable Speakers & Radios,28,Audio > Portable Audio,where it was found (VERIFY),Health and Medicine,Audio > Portable Audio,Technology & connected workspace,1.0,Marpac,,"flagged as missing, but probably sold under another name - check first"
E0170,ENTER,"Pet Gates, Fences & Doors","Wayfair: Shop Contractor Spaces > Hallway & Mudroom > Pet Gates, Fences & Doors",Facilities,Facilities > Hardware,"Furniture > Decor > Curtains, Blinds & Shades",0.8109061899035523,2,"Walmart, Wayfair",1,1,1,0.0,0.375,0.3333333333333333,0.5,Wayfair Professional,"Contractor Spaces > Hallway & Mudroom > Pet Gates, Fences & Doors",0.8262798397390994,42.59365463427094,0.0,36.46131805157593,48.72599121696595,0.0,0.0,1.0,0.0,0,Facilities > Hardware > Door Hardware > Door Strips,"Wayfair::Shop Contractor Spaces > Hallway & Mudroom > Pet Gates, Fences & Doors",0,,,,,Workspace decor & comfort,0.5967108011245728,Backyard & garden living,0.5688256025314331,0.02788519859313965,54.6788380841696,46.140636183835085,False,,"bulky freight, install required",25.0,0.6424851417541504,True,0.0,VERIFY,OFF-BRAND,VERTICAL EXTENSION,VERTICAL EXTENSION,0.45928039694660816,B,Check first - Staples may already carry it under another name (findability),1.0,1.0,to check,29,Facilities > Hardware,graph/vector vote + mission similarity,Shop Contractor Spaces,Facilities > Hardware,"Health, safety & facilities",0.81,"Pet Gates, Fences & Doors",,"flagged as missing, but probably sold under another name - check first"
V0338,ENTER,Sharper Image,Walmart: Health and Medicine > Caregiver > Sharper Image,Healthcare Supplies,Healthcare Supplies > Personal Care,Retail Store Supplies > Spa & Salon > Spa & Massage > Massage & Recovery Tools,0.7830539530277847,1,Walmart,1,1,0,1.0,0.25,0.0,0.5,,Health and Medicine > Caregiver > Sharper Image,0.7858504958047292,44.8434292236026,0.0,11.700095510983765,77.98676293622142,0.0,0.0,1.0,0.0,0,Healthcare Supplies > Personal Care,Walmart::Health and Medicine > Caregiver > Sharper Image,0,,,,,Healthcare & clinics,0.5824220776557922,"Personal, fashion & novelty",0.5356785655021667,0.04674351215362549,64.74690501372804,38.848143008236825,False,,,75.0,0.5825629234313965,False,0.0,VERIFY,OFF-BRAND,CURATE,VERTICAL EXTENSION,0.45033900422258694,C,"Already sold - fix naming / navigation so customers find it (findability, not assortment)",,,already carried: Retail Store Supplies > Spa & Salon > Spa & Massage > Massage & Recovery Tools,30,Retail Store Supplies > Spa & Salon,where it was found (VERIFY),Health and Medicine,Retail Store Supplies > Spa & Salon,Core office & business supplies,0.855,Sharper Image,,"flagged as missing, but probably sold under another name - check first"
V0115,ENTER,Mugs & Teacups,Wayfair: Tabletop > Drinkware > Mugs & Teacups,Restaurant & Foodservice Supplies,Restaurant & Foodservice Supplies > Tabletop,Appliances & Kitchenware > Kitchenware > Dining & Tableware > Drinkware & Glassware,0.9651956819232878,2,"Wayfair, WestElm",1,1,1,1.0,0.25,0.3333333333333333,0.0,Wayfair Professional,Tabletop > Drinkware > Mugs & Teacups,0.7404666608022519,83.0357184278522,4.837760037689839,82.7960840496657,83.27535280603873,9.675520075379678,0.0,1.0,0.0,0,"Coffee, Water & Snacks > Water & Beverages > Water Bottles, Tumblers & Travel Mugs",Wayfair::Tabletop > Drinkware > Mugs & Teacups,0,,,,,School & classroom,0.6279070377349854,Home living & seasonal decor,0.6233644485473633,0.00454258918762207,42.21669755121535,38.66335186406254,False,,,50.0,0.734065055847168,True,4.837760037689839,VERIFY,CURATE,CURATE,CURATE,0.4326236701627854,B,"Already sold - fix naming / navigation so customers find it (findability, not assortment)",,,already carried: Appliances & Kitchenware > Kitchenware > Dining & Tableware > Drinkware & Glassware,31,Appliances & Kitchenware > Kitchenware,where it was found (VERIFY),Tabletop,Appliances & Kitchenware > Kitchenware,"Breakroom, kitchen & hospitality",0.575,Mugs & Teacups,,"flagged as missing, but probably sold under another name - check first"
E0335,ENTER,Reading & Writing,Amazon: Toys & Games > Learning & Education > Reading & Writing,School Supplies,School Supplies > Learning at Home,School Supplies > Learning at Home > Learning & Development Toys,0.8046728263238327,2,"Amazon, OfficeDepot",1,1,0,1.0,0.5,0.3333333333333333,0.5,OfficeDepot,Toys & Games > Learning & Education > Reading & Writing,0.7914290897781464,50.8830452017407,34.69915496799751,16.786055396370582,84.98003500711081,0.0,69.39830993599502,1.0,0.0,0,School Supplies > Learning at Home > Learning & Development Toys,Amazon::Toys & Games > Learning & Education > Reading & Writing,0,,,,,School & classroom,0.6289272308349609,"Leisure, hobbies & sports",0.5481511354446411,0.08077609539031982,82.91620338252554,63.083055362848654,False,,,75.0,0.6771430969238281,True,34.69915496799751,VERIFY,OFF-BRAND,1P-CORE GAP,VERTICAL EXTENSION,0.37572258783115964,B,Check first - Staples may already carry it under another name (findability),1.0,1.0,to check,32,School Supplies > Learning at Home,graph/vector vote + mission similarity,Toys & Games,School Supplies > Learning at Home,"Celebrations, gifting & creativity",0.5,Reading & Writing,,"flagged as missing, but probably sold under another name - check first"
D0051,DEEPEN,"Home & Office Decor (competitors: Room Dividers, Dividers, Fireplaces)",Furniture > Decor > Home & Office Decor,Furniture,Furniture > Decor,Furniture > Decor > Home & Office Decor,1.0,4,"OfficeDepot, Walmart, Wayfair, WestElm",5,4,0,0.0,0.75,1.0,0.5,"OfficeDepot, Walmart for Business, Wayfair Professional","Furniture > Decor > Home & Office Decor (competitors: Room Dividers, Dividers, Fireplaces)",0.8209310790299829,64.46944482126912,13.448121709362237,,,,,,,9,Furniture > Decor > Home & Office Decor,Staples::Furniture > Decor > Home & Office Decor,0,"Room Dividers, Dividers, Fireplaces",243.0,1.184872632952517,3.0,Office & home-office furniture,0.688575267791748,Home living & seasonal decor,0.6987080574035645,-0.010132789611816406,34.381813721573316,60.629088232943985,True,,,90.0,0.8058042526245117,True,13.448121709362237,VERTICAL EXTENSION,,,VERTICAL EXTENSION,0.6500928936841566,A,Phase 2 - enter through a vertical Staples already serves,0.832,0.83,,1,Furniture > Decor,own aisle (DEEPEN),,Furniture > Decor,Home décor & furnishings,,Home & Office Decor (e.g. Room Dividers),OP12,"brand fit 61, adjacency 64, CRS 13 (residential pull: downgraded from CURATE)"
E0143,ENTER,Forklift Booms,Amazon: Industrial & Scientific > Material Handling Products > Forklift Booms | Amazon: Industrial & Scientific > Material Handling Products > Forklifts,Facilities,Facilities > Material Handling,Facilities > Material Handling,0.8897204850570835,2,"Amazon, Walmart",2,1,0,0.0,0.5,0.0,1.0,,Industrial & Scientific > Material Handling Products > Forklift Booms,0.8457554365816099,57.8099405085999,0.0,50.119388729703914,65.50049228749589,0.0,0.0,2.0,0.0,0,Facilities > Material Handling,Amazon::Industrial & Scientific > Material Handling Products > Forklift Booms,2,,,,,Safety & security,0.5920816659927368,Backyard & garden living,0.4993424415588379,0.09273922443389893,89.30307268085296,53.581843608511775,False,,,100.0,0.6782179474830627,True,0.0,VERTICAL EXTENSION,VERTICAL EXTENSION,CURATE,VERTICAL EXTENSION,0.6207419134671649,B,Phase 2 - enter through a vertical Staples already serves,0.68,0.68,,2,Facilities > Material Handling,graph/vector vote + mission similarity,Industrial & Scientific,Facilities > Material Handling,"Health, safety & facilities",1.0,Forklift Booms,OP13,"brand fit 54, adjacency 58, CRS 0"
E0290,ENTER,Loading Dock Levelers,Amazon: Industrial & Scientific > Material Handling Products > Loading Dock Levelers,Facilities,Facilities > Material Handling,Facilities > Material Handling,0.8694693830522171,2,"Amazon, Walmart",1,1,1,0.0,0.5,0.0,1.0,,Industrial & Scientific > Material Handling Products > Loading Dock Levelers,0.8640620727372164,54.526750441742216,0.0,43.553008595988544,65.50049228749589,0.0,0.0,1.0,0.0,0,Facilities > Material Handling,Amazon::Industrial & Scientific > Material Handling Products > Loading Dock Levelers,1,,,,,Technology for work,0.572003960609436,Backyard & garden living,0.4775996506214142,0.09440430998802185,90.19202771644412,54.11521662986647,False,,,100.0,0.6721382141113281,True,0.0,VERTICAL EXTENSION,VERTICAL EXTENSION,CURATE,VERTICAL EXTENSION,0.6196298698329287,B,Phase 2 - enter through a vertical Staples already serves,0.852,0.852,,3,Facilities > Material Handling,graph/vector vote + mission similarity,Industrial & Scientific,Facilities > Material Handling,"Health, safety & facilities",1.0,Loading Dock Levelers,OP13,"brand fit 54, adjacency 55, CRS 0"
E0264,ENTER,Lock Bolts,Amazon: Industrial & Scientific > Industrial Hardware > Lock Bolts,Facilities,Facilities > Hardware,Facilities > Hardware > Door Hardware > Commercial Locksets,0.877230769324241,2,"Amazon, Walmart",1,1,0,0.0,0.5,0.0,1.0,,Industrial & Scientific > Industrial Hardware > Lock Bolts,0.8457554365816099,45.4181736212267,0.0,43.73209169054441,47.104255551908985,0.0,0.0,1.0,0.0,0,Facilities > Hardware > Door Hardware > Commercial Locksets,Amazon::Industrial & Scientific > Industrial Hardware > Lock Bolts,1,,,,,Safety & security,0.6077991127967834,Backyard & garden living,0.4602353870868683,0.14756372570991516,100.0,60.0,False,,,100.0,0.7590857744216919,True,0.0,VERTICAL EXTENSION,VERTICAL EXTENSION,VERTICAL EXTENSION,VERTICAL EXTENSION,0.6149905759190815,B,Phase 2 - enter through a vertical Staples already serves,0.854,0.854,,4,Facilities > Hardware,graph/vector vote + mission similarity,Industrial & Scientific,Facilities > Hardware,"Health, safety & facilities",1.0,Lock Bolts,OP13,"brand fit 60, adjacency 45, CRS 0"
E0311,ENTER,Microscope Sample Slides,Amazon: Industrial & Scientific > Science Education > Microscope Sample Slides,Laboratory & Scientific Supplies,Laboratory & Scientific Supplies > Educational Materials & Accessories,School Supplies > Learning at Home > Educational & STEM Toys,0.797303534680843,2,"Amazon, Walmart",1,1,1,0.0,0.5,0.0,1.0,,Industrial & Scientific > Science Education > Microscope Sample Slides,0.8457554365816099,47.41566520406656,0.0,19.842406876790832,74.9889235313423,0.0,0.0,1.0,0.0,0,"Laboratory & Scientific Supplies > Lab Instruments & Equipment > Microscopes, Magnification & Accessories",Amazon::Industrial & Scientific > Science Education > Microscope Sample Slides,1,,,,,School & classroom,0.5825690031051636,"Personal, fashion & novelty",0.4773315489292145,0.1052374541759491,95.97562127011915,57.585372762071486,False,,,100.0,0.6328774690628052,True,0.0,VERTICAL EXTENSION,OFF-BRAND,CURATE,VERTICAL EXTENSION,0.6131575588174842,B,Phase 2 - enter through a vertical Staples already serves,0.912,0.912,,5,Laboratory & Scientific Supplies > Educational Materials & Accessories,graph/vector vote + mission similarity,Industrial & Scientific,Laboratory & Scientific Supplies > Educational Materials & Accessories,"Health, safety & facilities",1.0,Microscope Sample Slides,OP16,"brand fit 58, adjacency 47, CRS 0"
D0028,DEEPEN,Rugs,Decor > Rugs,Decor,Decor > Rugs,Decor > Rugs,1.0,3,"Amazon, Walmart, Wayfair",5,3,0,0.0,0.625,0.6666666666666666,1.0,"OfficeDepot, Wayfair Professional","Decor > Rugs (competitors: Outdoor Rugs, Area Rugs, Baby & Kids Rugs)",0.9411848243895805,69.46181467045801,21.15909142467342,,,,,,,1,Decor > Rugs,Staples::Decor > Rugs,0,"Outdoor Rugs, Area Rugs, Baby & Kids Rugs",804.0,0.867655456747803,2.0,Workspace decor & comfort,0.6239284873008728,Home living & seasonal decor,0.6314674019813538,-0.007538914680480957,35.76663036129178,48.12664488344173,True,,,100.0,0.8003692626953125,True,21.15909142467342,VERTICAL EXTENSION,,,VERTICAL EXTENSION,0.6109831940825247,A,Phase 2 - enter through a vertical Staples already serves,0.972,0.944,,6,Furniture > Decor,mission similarity,,Furniture > Decor,Home décor & furnishings,,Rugs,OP12,"brand fit 48, adjacency 69, CRS 21 (residential pull: downgraded from CURATE)"
E0263,ENTER,Calibration,"Amazon: Industrial & Scientific > Test, Measure & Inspect > Calibration",Facilities,Facilities > Hand & Power Tools,"Safety Supplies > Test Instruments, Meters & Precision Tools",0.8298036344431516,2,"Amazon, Walmart",1,1,0,0.0,0.5,0.0,1.0,,"Industrial & Scientific > Test, Measure & Inspect > Calibration",0.8640620727372164,51.08069949335608,0.0,39.816141356255976,62.34525763045619,0.0,0.0,1.0,0.0,0,"Facilities > Hand & Power Tools > Measuring & Layout Tools > Levels, Compasses, and Calipers","Amazon::Industrial & Scientific > Test, Measure & Inspect > Calibration",1,,,,,Janitorial & facilities,0.5728194713592529,"Personal, fashion & novelty",0.49381446838378906,0.07900500297546387,81.97065345760724,49.18239207456434,False,,,100.0,0.6647348403930664,True,0.0,VERTICAL EXTENSION,OFF-BRAND,CURATE,VERTICAL EXTENSION,0.6045951442997453,B,Phase 2 - enter through a vertical Staples already serves,0.938,0.938,,7,"Tools, Parts & Supplies > Measuring & Leveling Tools",mission similarity,Industrial & Scientific,"Tools, Parts & Supplies > Measuring & Leveling Tools","Health, safety & facilities",1.0,Calibration,OP14,"brand fit 49, adjacency 51, CRS 0"
E0112,ENTER,Indexable Insert Holders,Amazon: Industrial & Scientific > Cutting Tools > Indexable Insert Holders | Amazon: Industrial & Scientific > Cutting Tools > Indexable Inserts,"Tools, Parts & Supplies","Tools, Parts & Supplies > Power Tools","Tools, Parts & Supplies > Power Tools > Drilling and Fastening Tools",0.8481321412510284,1,Amazon,2,1,0,0.0,0.25,0.3333333333333333,0.5,Walmart for Business,Industrial & Scientific > Cutting Tools > Indexable Insert Holders,0.9056603773584906,47.55215901938617,0.0,46.54966571155683,48.55465232721551,0.0,0.0,2.0,0.0,0,"Tools, Parts & Supplies > Chalk Reels & Marking Tools > Soapstones & Holders",Amazon::Industrial & Scientific > Cutting Tools > Indexable Insert Holders,2,,,,,Hospitality & foodservice,0.5945759415626526,"Personal, fashion & novelty",0.5267691016197205,0.06780683994293213,75.9921838273286,58.92864362973049,False,,,75.0,0.6538068056106567,True,0.0,VERTICAL EXTENSION,VERTICAL EXTENSION,VERTICAL EXTENSION,VERTICAL EXTENSION,0.5792012490589805,B,Phase 2 - enter through a vertical Staples already serves,0.914,0.914,,8,"Tools, Parts & Supplies > Power Tools",graph/vector vote + mission similarity,Industrial & Scientific,"Tools, Parts & Supplies > Power Tools","Health, safety & facilities",1.0,Indexable Insert Holders,,"brand fit 59, adjacency 48, CRS 0"
E0387,ENTER,Mechanical Pulleys,Amazon: Industrial & Scientific > Power Transmission Products > Mechanical Pulleys,"Tools, Parts & Supplies","Tools, Parts & Supplies > Power Tools","Tools, Parts & Supplies > Power Tools",0.8065840830267226,2,"Amazon, Walmart",1,1,1,0.0,0.5,0.0,1.0,,Industrial & Scientific > Power Transmission Products > Mechanical Pulleys,0.8457554365816099,41.726076097208676,0.0,34.59885386819484,48.853298326222514,0.0,0.0,1.0,0.0,0,"Tools, Parts & Supplies > Hand Tools > Pullers & Accessories",Amazon::Industrial & Scientific > Power Transmission Products > Mechanical Pulleys,1,,,,,Safety & security,0.5465745329856873,"Leisure, hobbies & sports",0.4845394492149353,0.06203508377075195,72.91076155400496,43.74645693240298,False,,,100.0,0.6642831563949585,True,0.0,VERTICAL EXTENSION,OFF-BRAND,VERTICAL EXTENSION,VERTICAL EXTENSION,0.5769453434978604,B,Phase 2 - enter through a vertical Staples already serves,0.638,0.636,,9,"Tools, Parts & Supplies > Power Tools",graph/vector vote + mission similarity,Industrial & Scientific,"Tools, Parts & Supplies > Power Tools","Health, safety & facilities",1.0,Mechanical Pulleys,OP14,"brand fit 44, adjacency 42, CRS 0"
D0004,DEEPEN,Craft Kits,Arts & Crafts > Crafting > Craft Kits,Arts & Crafts,Arts & Crafts > Crafting,Arts & Crafts > Crafting > Craft Kits,1.0,2,"Amazon, Walmart",3,2,0,0.0,0.5,0.3333333333333333,1.0,OfficeDepot,"Arts & Crafts > Crafting > Craft Kits (competitors: Knitting Kits, Felt Applique Kits, Craft Bow Makers)",0.9295453564181166,63.60644534202419,15.88148262664489,,,,,,,1,Arts & Crafts > Crafting > Craft Kits,Staples::Arts & Crafts > Crafting > Craft Kits,0,"Knitting Kits, Felt Applique Kits, Craft Bow Makers",542.0,0.867655456747803,3.0,School & classroom,0.5829650163650513,"Leisure, hobbies & sports",0.5880778431892395,-0.005112826824188232,37.06186892203585,35.57045468655484,True,,,100.0,0.7991561889648438,True,15.88148262664489,VERTICAL EXTENSION,,,VERTICAL EXTENSION,0.5658224058960588,B,Phase 2 - enter through a vertical Staples already serves,0.44,0.416,,10,Arts & Crafts > Crafting,own aisle (DEEPEN),,Arts & Crafts > Crafting,"Celebrations, gifting & creativity",,Craft Kits,OP17,"brand fit 36, adjacency 64, CRS 16 (residential pull: downgraded from CURATE)"
D0062,DEEPEN,"Compasses (competitors: Outdoor Clocks, Outdoor Curtains, Patio Conversation Sets)",Gift Shop > Professional Gifts > Compasses,Gift Shop,Gift Shop > Professional Gifts,Gift Shop > Professional Gifts > Compasses,1.0,3,"Amazon, Walmart, Wayfair",5,3,0,0.0,0.625,0.6666666666666666,1.0,"OfficeDepot, Wayfair Professional","Gift Shop > Professional Gifts > Compasses (competitors: Outdoor Clocks, Outdoor Curtains, Patio Conversation Sets)",0.9850378561251366,66.53826221307204,27.56774255007796,,,,,,,11,Gift Shop > Professional Gifts > Compasses,Staples::Gift Shop > Professional Gifts > Compasses,0,"Outdoor Clocks, Outdoor Curtains, Patio Conversation Sets",1276.0,0.9382696385929306,3.0,Retail store & shipping,0.5847605466842651,"Personal, fashion & novelty",0.586064338684082,-0.0013037919998168945,39.09543451239406,50.1239273741031,True,,,100.0,0.8279857635498047,True,27.56774255007796,VERTICAL EXTENSION,,,VERTICAL EXTENSION,0.565800421328051,A,Phase 2 - enter through a vertical Staples already serves,0.888,0.77,,11,Retail Store Supplies > Time Clock Ribbons & Batteries,mission similarity,,Retail Store Supplies > Time Clock Ribbons & Batteries,Outdoor living & grounds,,Compasses (e.g. Outdoor Clocks),OP18,"brand fit 50, adjacency 67, CRS 28 (residential pull: downgraded from CURATE)"
E0381,ENTER,Garbage Disposals,Amazon: Appliances > Garbage Disposals & Compactors > Garbage Disposals,Appliances & Kitchenware,Appliances & Kitchenware > Major Appliances,Appliances & Kitchenware > Major Appliances > Washers & Dryers,0.823342743825147,2,"Amazon, Walmart",1,1,0,0.0,0.5,0.0,1.0,,Appliances > Garbage Disposals & Compactors > Garbage Disposals,0.8457554365816099,41.159699098084175,0.0,30.9694364851958,51.34996171097254,0.0,0.0,1.0,0.0,0,"Coffee, Water & Snacks > Breakroom Appliances > Water Filters & Dispensers",Amazon::Appliances > Garbage Disposals & Compactors > Garbage Disposals,0,,,,,Janitorial & facilities,0.593148946762085,Backyard & garden living,0.5531649589538574,0.03998398780822754,61.138133566420905,36.68288013985254,False,,,100.0,0.6782345175743103,True,0.0,VERTICAL EXTENSION,OFF-BRAND,VERTICAL EXTENSION,VERTICAL EXTENSION,0.5619686244140728,B,Phase 2 - enter through a vertical Staples already serves,0.402,0.396,,12,Appliances & Kitchenware > Major Appliances,graph/vector vote + mission similarity,Appliances,Appliances & Kitchenware > Major Appliances,"Breakroom, kitchen & hospitality",1.0,Garbage Disposals,OP15,"brand fit 37, adjacency 41, CRS 0"
E0109,ENTER,Ramekins & Souffle Dishes,Wayfair: Smallwares > Baking Sheets & Pans > Ramekins & Souffle Dishes,Appliances & Kitchenware,Appliances & Kitchenware > Kitchenware,Appliances & Kitchenware > Kitchenware > Kitchen Tools > Bakeware,0.8780643496304685,2,"Walmart, Wayfair",1,1,0,0.0,0.375,0.3333333333333333,0.5,Wayfair Professional,Smallwares > Baking Sheets & Pans > Ramekins & Souffle Dishes,0.7620677958343207,53.47910748167283,0.0,52.96084049665711,53.99737446668854,0.0,0.0,1.0,0.0,0,Appliances & Kitchenware > Kitchenware > Kitchen Tools > Bakeware,Wayfair::Smallwares > Baking Sheets & Pans > Ramekins & Souffle Dishes,1,,,,,Hospitality & foodservice,0.6310944557189941,Residential bedroom & bath,0.6031216979026794,0.027972757816314697,54.72558415806422,46.168683828171865,False,,,75.0,0.7284531593322754,True,0.0,VERTICAL EXTENSION,VERTICAL EXTENSION,VERTICAL EXTENSION,VERTICAL EXTENSION,0.5410328649206677,B,Phase 2 - enter through a vertical Staples already serves,0.886,0.884,,13,Appliances & Kitchenware > Kitchenware,graph/vector vote + mission similarity,Smallwares,Appliances & Kitchenware > Kitchenware,"Breakroom, kitchen & hospitality",1.0,Ramekins & Souffle Dishes,OP15,"brand fit 46, adjacency 53, CRS 0"
E0222,ENTER,Radiology & Imaging,Amazon: Industrial & Scientific > Professional Medical Supplies > Radiology & Imaging,Healthcare Supplies,Healthcare Supplies > Durable Medical Equipment,Healthcare Supplies > Durable Medical Equipment,0.8580404436801725,1,Amazon,1,1,0,0.0,0.25,0.0,0.5,,Industrial & Scientific > Medical Supplies > Radiology & Imaging,0.9056603773584906,59.641491356835864,0.0,48.54345749761222,70.7395252160595,0.0,0.0,1.0,0.0,0,Healthcare Supplies > Patient Care > Urology & Ostomy,Amazon::Industrial & Scientific > Professional Medical Supplies > Radiology & Imaging,1,,,,,Healthcare & clinics,0.6724427342414856,"Personal, fashion & novelty",0.5542617440223694,0.11818099021911621,100.0,60.0,False,,,75.0,0.6770662069320679,True,0.0,VERTICAL EXTENSION,VERTICAL EXTENSION,CURATE,VERTICAL EXTENSION,0.5328112936390274,C,Phase 2 - enter through a vertical Staples already serves,0.556,0.554,,14,Healthcare Supplies > Durable Medical Equipment,graph/vector vote + mission similarity,Industrial & Scientific,Healthcare Supplies > Durable Medical Equipment,"Health, safety & facilities",1.0,Radiology & Imaging,,"brand fit 60, adjacency 60, CRS 0"
D0096,DEEPEN,TV Accessories,TV & Streaming Media > TV & Video > TV Accessories,TV & Streaming Media,TV & Streaming Media > TV & Video,TV & Streaming Media > TV & Video > TV Accessories,1.0,2,"Amazon, Walmart",3,2,0,0.0,0.5,0.3333333333333333,1.0,OfficeDepot,"TV & Streaming Media > TV & Video > TV Accessories (competitors: Digital TV Converters, Audio & Video Accessories, Home Audio Accessories)",0.9120874170660449,74.56763579708145,23.267579786941326,,,,,,,1,TV & Streaming Media > TV & Video > TV Accessories,Staples::TV & Streaming Media > TV & Video > TV Accessories,0,"Digital TV Converters, Audio & Video Accessories, Home Audio Accessories",152.0,0.6931471805599456,3.0,Healthcare & clinics,0.5992438197135925,Home living & seasonal decor,0.6056112051010132,-0.006367385387420654,36.39208582922841,35.16858483087037,True,,,100.0,0.8736227750778198,True,23.267579786941326,VERTICAL EXTENSION,,,VERTICAL EXTENSION,0.5261299599388728,B,Phase 2 - enter through a vertical Staples already serves,0.52,0.364,,15,TV & Streaming Media > TV & Video,own aisle (DEEPEN),,TV & Streaming Media > TV & Video,Technology & connected workspace,,TV Accessories,OP19,"brand fit 35, adjacency 75, CRS 23 (residential pull: downgraded from CURATE)"
E0299,ENTER,Fossils,Amazon: Industrial & Scientific > Science Education > Fossils,Laboratory & Scientific Supplies,Laboratory & Scientific Supplies > Educational Materials & Accessories,School Supplies > Learning at Home > Educational & STEM Toys,0.7942457043812943,1,Amazon,1,1,0,0.0,0.25,0.0,0.5,,Industrial & Scientific > Science Education > Fossils,0.9056603773584906,42.401935500150614,0.0,6.0649474689589296,78.7389235313423,0.0,0.0,1.0,0.0,0,School Supplies > Learning at Home > Educational & STEM Toys,Amazon::Industrial & Scientific > Science Education > Fossils,0,,,,,School & classroom,0.6118618845939636,Backyard & garden living,0.5024512410163879,0.10941064357757568,98.20360152246458,58.92216091347875,False,,,75.0,0.6120497584342957,True,0.0,VERTICAL EXTENSION,OFF-BRAND,CURATE,VERTICAL EXTENSION,0.504796281680957,C,Phase 2 - enter through a vertical Staples already serves,0.698,0.68,,16,Laboratory & Scientific Supplies > Educational Materials & Accessories,graph/vector vote + mission similarity,Industrial & Scientific,Laboratory & Scientific Supplies > Educational Materials & Accessories,"Health, safety & facilities",1.0,Fossils,,"brand fit 59, adjacency 42, CRS 0"
E0403,ENTER,Detective & Spy,Amazon: Toys & Games > Learning & Education > Detective & Spy,School Supplies,School Supplies > Teacher Supplies,School Supplies > Teacher Supplies > Classroom Books & Digital Media > CDs & DVDs,0.7799195692032019,1,Amazon,1,1,0,0.0,0.25,0.0,0.5,,Toys & Games > Learning & Education > Detective & Spy,0.9056603773584906,48.718527532208704,0.0,9.95702005730659,87.48003500711081,0.0,0.0,1.0,0.0,0,School Supplies > Teacher Supplies > Classroom Books & Digital Media > CDs & DVDs,Amazon::Toys & Games > Learning & Education > Detective & Spy,0,,,,,School & classroom,0.6074005365371704,"Personal, fashion & novelty",0.5259338021278381,0.08146673440933228,83.28492139356506,49.970952836139034,False,,,75.0,0.608262836933136,True,0.0,VERTICAL EXTENSION,OFF-BRAND,CURATE,VERTICAL EXTENSION,0.49636875357436466,C,Phase 2 - enter through a vertical Staples already serves,0.94,0.914,,17,Computer Software > PC Games & Accessories,mission similarity,Toys & Games,Computer Software > PC Games & Accessories,Technology & connected workspace,1.0,Detective & Spy,,"brand fit 50, adjacency 49, CRS 0"
E0310,ENTER,Semiconductor Products,Amazon: Industrial & Scientific > Industrial Electrical > Semiconductor Products,Facilities,Facilities > Electrical and Wiring,Facilities > Electrical and Wiring > Electrical,0.8240595638045636,1,Amazon,1,1,0,0.0,0.25,0.0,0.5,,Industrial & Scientific > Industrial Electrical > Semiconductor Products,0.9056603773584906,43.05484687680337,0.0,44.50811843361986,41.60157531998688,0.0,0.0,1.0,0.0,0,Healthcare Supplies > Professional Dental Supplies > Lab Products,Amazon::Industrial & Scientific > Industrial Electrical > Semiconductor Products,1,,,,,Technology for work,0.6370242834091187,"Personal, fashion & novelty",0.5432805418968201,0.09374374151229858,89.83936375188509,53.90361825113105,False,,,75.0,0.6482335329055786,True,0.0,VERTICAL EXTENSION,VERTICAL EXTENSION,VERTICAL EXTENSION,VERTICAL EXTENSION,0.49573856342124073,B,Phase 2 - enter through a vertical Staples already serves,0.73,0.676,,18,Facilities > Electrical and Wiring,graph/vector vote + mission similarity,Industrial & Scientific,Facilities > Electrical and Wiring,"Health, safety & facilities",1.0,Semiconductor Products,,"brand fit 54, adjacency 43, CRS 0"
E0333,ENTER,Horns & Sirens,Amazon: Electronics > Security & Surveillance > Horns & Sirens,Smart Home & Security,Smart Home & Security > Security Cameras & Systems,Smart Home & Security > Security Cameras & Systems,0.8441147493542304,1,Amazon,1,1,0,0.0,0.25,0.0,0.5,,Electronics > Security & Surveillance > Horns & Sirens,0.9056603773584906,46.29535098081124,0.0,18.21872015281757,74.37198180880492,0.0,0.0,1.0,0.0,0,Smart Home & Security > Security Cameras & Systems,Amazon::Electronics > Security & Surveillance > Horns & Sirens,0,,,,,Safety & security,0.5961024165153503,"Personal, fashion & novelty",0.5111760497093201,0.08492636680603027,85.13194819211229,51.079168915267374,False,,,75.0,0.672444760799408,True,0.0,VERTICAL EXTENSION,OFF-BRAND,CURATE,VERTICAL EXTENSION,0.49495042090552516,C,Phase 2 - enter through a vertical Staples already serves,0.894,0.852,,19,Smart Home & Security > Security Cameras & Systems,graph/vector vote + mission similarity,Electronics,Smart Home & Security > Security Cameras & Systems,Technology & connected workspace,1.0,Horns & Sirens,,"brand fit 51, adjacency 46, CRS 0"
E0301,ENTER,Lighters & Matches,Amazon: Health & Personal Care > Household Supplies > Lighters & Matches,Cleaning Supplies,Cleaning Supplies,Laboratory & Scientific Supplies > Labware & Consumables > Cleaning Supplies,0.8648144220075756,1,Amazon,1,1,0,0.0,0.25,0.0,0.5,,Health & Personal Care > Household Supplies > Lighters & Matches,0.9056603773584906,54.917359646342916,0.0,45.53486150907354,64.2998577836123,0.0,0.0,1.0,0.0,0,Laboratory & Scientific Supplies > Labware & Consumables > Cleaning Supplies,Amazon::Health & Personal Care > Household Supplies > Lighters & Matches,1,,,,,Healthcare & clinics,0.728815495967865,"Personal, fashion & novelty",0.6690331101417542,0.05978238582611084,71.70809231181737,43.02485538709042,False,,,75.0,0.6730313301086426,True,0.0,VERTICAL EXTENSION,VERTICAL EXTENSION,CURATE,VERTICAL EXTENSION,0.49177480684746877,C,Phase 2 - enter through a vertical Staples already serves,0.814,0.77,,20,Healthcare Supplies > Personal Care,mission similarity,Health & Personal Care,Healthcare Supplies > Personal Care,"Health, safety & facilities",1.0,Lighters & Matches,,"brand fit 43, adjacency 55, CRS 0"
E0212,ENTER,Optics,Amazon: Toys & Games > Learning & Education > Optics,School Supplies,School Supplies > Learning at Home,"Gift Shop > Home, Personal & Travel > Binoculars, Cameras & Telescopes",0.8141658894816346,1,Amazon,1,1,0,0.0,0.25,0.0,0.5,,Toys & Games > Learning & Education > Optics,0.9056603773584906,54.073112059429334,0.0,20.66618911174785,87.48003500711081,0.0,0.0,1.0,0.0,0,"Gift Shop > Home, Personal & Travel > Binoculars, Cameras & Telescopes",Amazon::Toys & Games > Learning & Education > Optics,0,,,,,School & classroom,0.6229546666145325,"Leisure, hobbies & sports",0.5705181360244751,0.05243653059005737,67.78629082441395,40.67177449464837,False,,,75.0,0.6475142240524292,True,0.0,VERTICAL EXTENSION,OFF-BRAND,CURATE,VERTICAL EXTENSION,0.4858022736822143,C,Phase 2 - enter through a vertical Staples already serves,0.786,0.64,,21,Laboratory & Scientific Supplies > Educational Materials & Accessories,mission similarity,Toys & Games,Laboratory & Scientific Supplies > Educational Materials & Accessories,"Health, safety & facilities",1.0,Optics,,"brand fit 41, adjacency 54, CRS 0"
D0090,DEEPEN,Fire Protection,Safety Supplies > Fire Protection,Safety Supplies,Safety Supplies > Fire Protection,Safety Supplies > Fire Protection,1.0,2,"OfficeDepot, Walmart",4,2,0,0.0,0.5,0.6666666666666666,0.5,"OfficeDepot, Wayfair Professional","Safety Supplies > Fire Protection (competitors: Carbon Monoxide Alarms, Detectors, Fire Extinguishers)",0.5522454449126949,58.218684993571294,29.425666078088284,,,,,,,2,Safety Supplies > Fire Protection,Staples::Safety Supplies > Fire Protection,0,"Carbon Monoxide Alarms, Detectors, Fire Extinguishers",34.0,0.4995891958399614,2.0,Safety & security,0.6784947514533997,"Leisure, hobbies & sports",0.5425682067871094,0.13592654466629028,100.0,86.66666666666666,False,,,90.0,0.7815446257591248,True,29.425666078088284,VERTICAL EXTENSION,,,VERTICAL EXTENSION,0.484726763979192,B,Phase 2 - enter through a vertical Staples already serves,0.656,0.378,,22,Safety Supplies > Fire Protection,own aisle (DEEPEN),,Safety Supplies > Fire Protection,"Health, safety & facilities",,Fire Protection,OP20,"brand fit 87, adjacency 58, CRS 29"
E0388,ENTER,Address Numbers & Plaques,Amazon: Tools & Home Improvement > Hardware > Address Numbers & Plaques,Facilities,Facilities > Hardware,Facilities > Hardware > Door Hardware,0.8449223499325467,2,"Amazon, Wayfair",1,1,0,0.0,0.375,0.0,0.5,,Tools & Home Improvement > Hardware > Address Numbers & Plaques,0.8861847805159799,49.572398436822425,0.0,45.331900668576885,53.81289620506797,0.0,0.0,1.0,0.0,0,School Supplies > Teacher Supplies > Classroom Decorations > Letters & Numbers,Amazon::Tools & Home Improvement > Hardware > Address Numbers & Plaques,1,,,,,Retail store & shipping,0.6146061420440674,Home living & seasonal decor,0.5552982091903687,0.05930793285369873,71.4547915982699,42.872874958961944,False,,,75.0,0.6656061410903931,True,0.0,VERTICAL EXTENSION,VERTICAL EXTENSION,VERTICAL EXTENSION,VERTICAL EXTENSION,0.4805320646505545,B,Phase 2 - enter through a vertical Staples already serves,0.914,0.674,,23,"Tools, Parts & Supplies > Hardware",graph/vector vote + mission similarity,Tools & Home Improvement,"Tools, Parts & Supplies > Hardware","Health, safety & facilities",1.0,Address Numbers & Plaques,OP14,"brand fit 43, adjacency 50, CRS 0"
E0083,ENTER,Bleachers,Wayfair: School Furniture & Supplies > Outdoor & Playground > Bleachers,Furniture,Furniture > Chairs & Seating,School Supplies > Teacher Supplies > Physical Education & Recreation > Playground Equipment,0.86452355081087,1,Wayfair,1,1,0,0.0,0.125,0.3333333333333333,0.0,Wayfair Professional,School Furniture & Supplies > Outdoor & Playground > Bleachers,0.8667091836734694,58.50557792608572,0.0,36.37774594078319,80.63340991138824,0.0,0.0,1.0,0.0,0,School Supplies > Teacher Supplies > Physical Education & Recreation > Playground Equipment,Wayfair::School Furniture & Supplies > Outdoor & Playground > Bleachers,1,,,,,School & classroom,0.7049095630645752,Residential bedroom & bath,0.6346076726913452,0.07030189037322998,77.32424009229057,59.72787738870767,False,,,50.0,0.7661148905754089,True,0.0,VERTICAL EXTENSION,OFF-BRAND,CURATE,VERTICAL EXTENSION,0.478887165884231,C,Phase 2 - enter through a vertical Staples already serves,0.654,0.458,,24,Furniture > School Furniture,mission similarity,School Furniture & Supplies,Furniture > School Furniture,Home décor & furnishings,1.0,Bleachers,,"brand fit 60, adjacency 59, CRS 0"
E0046,ENTER,Dressers,Wayfair: Baby & Kids > Teen Bedroom Furniture > Teen Dressers | Wayfair: Baby & Kids > Toddler & Kids Bedroom Furniture > Baby & Kids Dressers | WestElm: Furniture > Bedroom > Dressers,Furniture,Furniture > Daycare & Nursery,Furniture > Daycare & Nursery > Nursery Furniture,0.8631007104127769,4,"OfficeDepot, Walmart, Wayfair, WestElm",3,2,0,0.0,0.75,0.3333333333333333,0.5,OfficeDepot,Furniture > Bedroom > Dressers,0.7032476000294896,49.80710002071965,0.0,38.56653931868832,61.04766072275098,0.0,0.0,3.0,242.0,0,Furniture > School Furniture,WestElm::Furniture > Bedroom > Dressers,3,,,,,Office & home-office furniture,0.6887420415878296,Residential bedroom & bath,0.6806833148002625,0.008058726787567139,44.093891319164975,39.78966812483232,False,,bulky freight,50.0,0.6579376459121704,True,0.0,VERTICAL EXTENSION,OFF-BRAND,CURATE,VERTICAL EXTENSION,0.4764437929518342,B,Phase 2 - enter through a vertical Staples already serves,0.808,0.59,,25,Furniture > Decor,graph/vector vote + mission similarity,Baby & Kids,Furniture > Decor,Home décor & furnishings,1.0,Dressers,OP12,"brand fit 40, adjacency 50, CRS 0"
E0320,ENTER,Lectrofan,Walmart: Health and Medicine > Home Health Care > Lectrofan,Healthcare Supplies,Healthcare Supplies > Personal Care,Healthcare Supplies > Personal Care,0.7829360215730591,1,Walmart,1,1,0,0.0,0.25,0.0,0.5,,Health and Medicine > Home Health Care > Lectrofan,0.7858504958047292,46.287652977031335,0.0,14.434097421203438,78.14120853285924,0.0,0.0,1.0,0.0,0,Furniture > Lecterns & PA Systems,Walmart::Health and Medicine > Home Health Care > Lectrofan,0,,,,,Healthcare & clinics,0.6577599048614502,Home living & seasonal decor,0.6036528944969177,0.05410701036453247,68.6781257236453,41.206875434187175,False,,,75.0,0.5762439966201782,False,0.0,VERTICAL EXTENSION,OFF-BRAND,CURATE,VERTICAL EXTENSION,0.45722280470463067,C,Phase 2 - enter through a vertical Staples already serves,0.826,0.386,,26,Healthcare Supplies > Personal Care,graph/vector vote + mission similarity,Health and Medicine,Healthcare Supplies > Personal Care,"Health, safety & facilities",0.865,Lectrofan,,"brand fit 41, adjacency 46, CRS 0"
D0044,DEEPEN,Sofas & Benches,Furniture > Chairs & Seating > Sofas & Benches,Furniture,Furniture > Chairs & Seating,Furniture > Chairs & Seating > Sofas & Benches,1.0,3,"OfficeDepot, Wayfair, WestElm",5,3,0,0.0,0.5,0.6666666666666666,0.0,"OfficeDepot, Wayfair Professional","Furniture > Chairs & Seating > Sofas & Benches (competitors: Sectionals, Bedroom Benches, Custom Sofas)",0.7040457208524437,87.45817272437911,24.129178464685747,,,,,,,2,Furniture > Chairs & Seating > Sofas & Benches,Staples::Furniture > Chairs & Seating > Sofas & Benches,0,"Sectionals, Bedroom Benches, Custom Sofas",113.0,0.8156405405165117,3.0,Office & home-office furniture,0.6268031597137451,Home living & seasonal decor,0.6643332242965698,-0.03753006458282471,19.75497038211399,38.519648895935056,True,,bulky freight,40.0,0.8499420881271362,True,24.129178464685747,VERTICAL EXTENSION,,,VERTICAL EXTENSION,0.3847915785192237,A,Phase 2 - enter through a vertical Staples already serves,0.784,0.268,,27,Furniture > Chairs & Seating,own aisle (DEEPEN),,Furniture > Chairs & Seating,Home décor & furnishings,,Sofas & Benches,OP12,"brand fit 39, adjacency 87, CRS 24 (residential pull: downgraded from CURATE)"
D0002,DEEPEN,"Griddles, Grills & Waffle Makers","Appliances & Kitchenware > Small Appliances > Griddles, Grills & Waffle Makers",Appliances & Kitchenware,Appliances & Kitchenware > Small Appliances,"Appliances & Kitchenware > Small Appliances > Griddles, Grills & Waffle Makers",1.0,2,"OfficeDepot, Wayfair",3,2,0,0.0,0.375,0.6666666666666666,0.0,"OfficeDepot, Wayfair Professional","Appliances & Kitchenware > Small Appliances > Griddles, Grills & Waffle Makers (competitors: Electric Presses, Grills & Griddles, Grills, Grills & Accessories)",0.5308700403238218,71.46893095213024,29.451892516160115,,,,,,,1,"Appliances & Kitchenware > Small Appliances > Griddles, Grills & Waffle Makers","Staples::Appliances & Kitchenware > Small Appliances > Griddles, Grills & Waffle Makers",0,"Electric Presses, Grills & Griddles, Grills, Grills & Accessories",41.0,0.9588503462929511,3.0,Hospitality & foodservice,0.6068769693374634,Backyard & garden living,0.6093759536743164,-0.0024989843368530273,38.45734583047773,49.741074164953304,True,,,65.0,0.9167425632476807,True,29.451892516160115,VERTICAL EXTENSION,,,VERTICAL EXTENSION,0.3648391033751092,B,Phase 2 - enter through a vertical Staples already serves,0.94,0.36,,28,Appliances & Kitchenware > Small Appliances,own aisle (DEEPEN),,Appliances & Kitchenware > Small Appliances,"Breakroom, kitchen & hospitality",,"Griddles, Grills & Waffle Makers",OP15,"brand fit 50, adjacency 71, CRS 29 (residential pull: downgraded from CURATE)"
D0026,DEEPEN,Soda,"Coffee, Water & Snacks > Water & Beverages > Soda","Coffee, Water & Snacks","Coffee, Water & Snacks > Water & Beverages","Coffee, Water & Snacks > Water & Beverages > Soda",1.0,2,"OfficeDepot, Walmart",2,2,0,0.0,0.5,0.3333333333333333,0.5,OfficeDepot,"Coffee, Water & Snacks > Water & Beverages > Soda (competitors: Soda, Soda Makers, Ginger Ale)",0.557976191708861,53.83467060746302,36.96958369978819,,,,,,,1,"Coffee, Water & Snacks > Water & Beverages > Soda","Staples::Coffee, Water & Snacks > Water & Beverages > Soda",0,"Soda, Soda Makers, Ginger Ale",44.0,1.057219191858466,3.0,Breakroom & kitchen,0.5929278135299683,"Leisure, hobbies & sports",0.5626892447471619,0.030238568782806396,55.935254173741825,46.89448583757843,False,,,90.0,0.8517729640007019,True,36.96958369978819,VERTICAL EXTENSION,,,VERTICAL EXTENSION,0.33715226402458054,B,Phase 2 - enter through a vertical Staples already serves,0.626,0.13,,29,"Coffee, Water & Snacks > Water & Beverages",own aisle (DEEPEN),,"Coffee, Water & Snacks > Water & Beverages","Breakroom, kitchen & hospitality",,Soda,OP21,"brand fit 47, adjacency 54, CRS 37"
