comp_path,y,score,kind,competitor
Electronics > Phones & Accessories > Conferencing > Teleconferencing,1,0.3824268877506256,gold,OfficeDepot
Electronics > Phones & Accessories > Conferencing > Teleconferencing,0,0.3824268877506256,ablation,OfficeDepot
Office Supplies > Business Forms & Bookkeeping > Financial Bookkeeping > Columnar Pads,1,0.27873900532722473,gold,OfficeDepot
Office Supplies > Business Forms & Bookkeeping > Financial Bookkeeping > Columnar Pads,0,0.27873900532722473,ablation,OfficeDepot
Breakroom > Appliances > Kitchen > Stoves,0,0.13768358528614044,gold,OfficeDepot
"Office Supplies > Mailing, Packing & Shipping > Mailroom Equipment",1,0.28972503542900085,gold,OfficeDepot
"Office Supplies > Mailing, Packing & Shipping > Mailroom Equipment",0,0.2157820761203766,ablation,OfficeDepot
Breakroom > Fresh & Frozen Foods > Dairy,1,0.11865983158349991,gold,OfficeDepot
Breakroom > Fresh & Frozen Foods > Dairy,0,0.04380055144429207,ablation,OfficeDepot
Breakroom > Appliances > Kitchen > Can Openers,1,0.3410598337650299,gold,OfficeDepot
Breakroom > Appliances > Kitchen > Can Openers,0,0.3410598337650299,ablation,OfficeDepot
Computers & Accessories > Data Storage & Media > Media > DVD+RW Rewritable Discs,1,0.16883794963359833,gold,OfficeDepot
Computers & Accessories > Data Storage & Media > Media > DVD+RW Rewritable Discs,0,0.16883794963359833,ablation,OfficeDepot
In Room Solutions,0,0.2603486478328705,gold,OfficeDepot
Cleaning > Medical Supplies > Respiratory > Breathing Tubes,1,0.26835906505584717,gold,OfficeDepot
Cleaning > Medical Supplies > Respiratory > Breathing Tubes,0,0.26835906505584717,ablation,OfficeDepot
Electronics > Phones & Accessories > Cell Phone Accessories > UV Phone Sanitizers,1,0.3374452292919159,gold,OfficeDepot
Electronics > Phones & Accessories > Cell Phone Accessories > UV Phone Sanitizers,0,0.3374452292919159,ablation,OfficeDepot
Furniture > Lamps & Lighting > Light Bulbs > Fluorescent Tubes,1,0.21904776990413666,gold,OfficeDepot
Furniture > Lamps & Lighting > Light Bulbs > Fluorescent Tubes,0,0.21904776990413666,ablation,OfficeDepot
Office Supplies > Presentation Boards > Interactive Whiteboards & Accessories,1,0.378497451543808,gold,OfficeDepot
Office Supplies > Presentation Boards > Interactive Whiteboards & Accessories,0,0.378497451543808,ablation,OfficeDepot
Paper > Notebooks & Pads > Memo & Scratch Pads,1,0.4770605266094208,gold,OfficeDepot
Paper > Notebooks & Pads > Memo & Scratch Pads,0,0.29673829674720764,ablation,OfficeDepot
Cleaning > Medical Supplies > Baby Supplies > Sound Machines,0,0.302708238363266,gold,OfficeDepot
Electronics > Phones & Accessories > Phone Accessories > Phone Stands & Shoulder Rests,1,0.3375033438205719,gold,OfficeDepot
Electronics > Phones & Accessories > Phone Accessories > Phone Stands & Shoulder Rests,0,0.31408724188804626,ablation,OfficeDepot
Electronics > Networking & Cables > Network Switches & Hubs > Unmanaged Switches,1,0.27271953225135803,gold,OfficeDepot
Electronics > Networking & Cables > Network Switches & Hubs > Unmanaged Switches,0,0.25859108567237854,ablation,OfficeDepot
Cleaning > Medical Supplies > Patient Care > Nursing Supplies,1,0.3103138208389282,gold,OfficeDepot
Cleaning > Medical Supplies > Patient Care > Nursing Supplies,0,0.30408331751823425,ablation,OfficeDepot
Furniture > Carts & Stands > Carts > Charging Carts & Stations,1,0.3103939890861511,gold,OfficeDepot
Furniture > Carts & Stands > Carts > Charging Carts & Stations,0,0.2805784046649933,ablation,OfficeDepot
Cleaning > Facility Supplies > Flashlights & Emergency Products,1,0.4384481608867645,gold,OfficeDepot
Cleaning > Facility Supplies > Flashlights & Emergency Products,0,0.30224162340164185,ablation,OfficeDepot
Office Supplies > Labor Law & Workplace Posters > General Communications Posters,1,0.26650673151016235,gold,OfficeDepot
Office Supplies > Labor Law & Workplace Posters > General Communications Posters,0,0.26650673151016235,ablation,OfficeDepot
Office Supplies > Business Forms & Bookkeeping > Employee Management > Attendance Forms,1,0.24682475626468658,gold,OfficeDepot
Office Supplies > Business Forms & Bookkeeping > Employee Management > Attendance Forms,0,0.22621934115886688,ablation,OfficeDepot
Computers & Accessories > Data Storage & Media > CD & DVD Drives,1,0.3560134768486023,gold,OfficeDepot
Computers & Accessories > Data Storage & Media > CD & DVD Drives,0,0.3560134768486023,ablation,OfficeDepot
Breakroom > Cookware > Teapots & Kettles,1,0.21505780518054962,gold,OfficeDepot
Breakroom > Cookware > Teapots & Kettles,0,0.09325394779443741,ablation,OfficeDepot
Furniture > Carts & Stands > Carts > Transporting Carts,1,0.3096235990524292,gold,OfficeDepot
Furniture > Carts & Stands > Carts > Transporting Carts,0,0.2522125244140625,ablation,OfficeDepot
Electronics > Cameras & Camcorders > Camera Accessories > Camera Lenses & Flashes,1,0.25753673911094666,gold,OfficeDepot
Electronics > Cameras & Camcorders > Camera Accessories > Camera Lenses & Flashes,0,0.21960297226905823,ablation,OfficeDepot
Electronics > Office Equipment > Time Clocks > Time Cards & Badges,1,0.28457239270210266,gold,OfficeDepot
Electronics > Office Equipment > Time Clocks > Time Cards & Badges,0,0.28457239270210266,ablation,OfficeDepot
Cleaning > Cleaning Supplies > All-Purpose Cleaners,1,0.32141929864883423,gold,OfficeDepot
Cleaning > Cleaning Supplies > All-Purpose Cleaners,0,0.32141929864883423,ablation,OfficeDepot
Breakroom > Appliances > Laundry > Irons,1,0.3426320254802704,gold,OfficeDepot
Breakroom > Appliances > Laundry > Irons,0,0.3282957375049591,ablation,OfficeDepot
Office Supplies > Business Forms & Bookkeeping > Medical Forms > HIPAA Compliance Forms,1,0.2579710781574249,gold,OfficeDepot
Office Supplies > Business Forms & Bookkeeping > Medical Forms > HIPAA Compliance Forms,0,0.18978506326675415,ablation,OfficeDepot
Office Supplies > Labor Law & Workplace Posters > State Posters,1,0.2637181878089905,gold,OfficeDepot
Office Supplies > Labor Law & Workplace Posters > State Posters,0,0.2637181878089905,ablation,OfficeDepot
Cleaning > Safety & Security > First Aid Safety > Eye Wash,1,0.24168908596038818,gold,OfficeDepot
Cleaning > Safety & Security > First Aid Safety > Eye Wash,0,0.24142582714557648,ablation,OfficeDepot
Breakroom > Candy & Snacks > Gift Baskets,1,0.49097418785095215,gold,OfficeDepot
Breakroom > Candy & Snacks > Gift Baskets,0,0.49097418785095215,ablation,OfficeDepot
Electronics > Networking & Cables > Network Switches & Hubs,1,0.37959128618240356,gold,OfficeDepot
Electronics > Networking & Cables > Network Switches & Hubs,0,0.37959128618240356,ablation,OfficeDepot
Cleaning > Cleaning Supplies > Kitchen Cleaners,1,0.33466872572898865,gold,OfficeDepot
Cleaning > Cleaning Supplies > Kitchen Cleaners,0,0.33466872572898865,ablation,OfficeDepot
Office Supplies > Drafting > Drafting Tools & Kits,1,0.36067163944244385,gold,OfficeDepot
Office Supplies > Drafting > Drafting Tools & Kits,0,0.2911547124385834,ablation,OfficeDepot
Electronics > Batteries & Power Protection > Alkaline Batteries,1,0.4447924494743347,gold,OfficeDepot
Electronics > Batteries & Power Protection > Alkaline Batteries,0,0.17463405430316925,ablation,OfficeDepot
Breakroom,1,0.6038769483566284,gold,OfficeDepot
Breakroom,0,0.6038769483566284,ablation,OfficeDepot
Towels & Bath Mats > Pool Towels,1,0.34144484996795654,gold,OfficeDepot
Towels & Bath Mats > Pool Towels,0,0.34144484996795654,ablation,OfficeDepot
Computers & Accessories > Printers > Dot Matrix Printers,1,0.47185271978378296,gold,OfficeDepot
Computers & Accessories > Printers > Dot Matrix Printers,0,0.3848588168621063,ablation,OfficeDepot
Electronics > Smart Home > Smart Lighting,1,0.405146062374115,gold,OfficeDepot
Electronics > Smart Home > Smart Lighting,0,0.405146062374115,ablation,OfficeDepot
Office Supplies > Writing Supplies > Correction Fluid & Tape > Correction Pens,1,0.36211687326431274,gold,OfficeDepot
Office Supplies > Writing Supplies > Correction Fluid & Tape > Correction Pens,0,0.1515055000782013,ablation,OfficeDepot
Cleaning > Medical Supplies > Diagnostic > Lab Supplies,1,0.42000362277030945,gold,OfficeDepot
Cleaning > Medical Supplies > Diagnostic > Lab Supplies,0,0.42000362277030945,ablation,OfficeDepot
Computers & Accessories > Computer Accessories > Laptop Accessories > Security Cable Locks,1,0.4523678421974182,gold,OfficeDepot
Computers & Accessories > Computer Accessories > Laptop Accessories > Security Cable Locks,0,0.349863737821579,ablation,OfficeDepot
"Office Supplies > Basic Supplies > Paper Punches, Cutters & Folding Machines > Paper Punches",1,0.4862479269504547,gold,OfficeDepot
"Office Supplies > Basic Supplies > Paper Punches, Cutters & Folding Machines > Paper Punches",0,0.47299686074256897,ablation,OfficeDepot
Office Supplies > Writing Supplies > Pencils > Mechanical Pencil Lead,1,0.3662963807582855,gold,OfficeDepot
Office Supplies > Writing Supplies > Pencils > Mechanical Pencil Lead,0,0.1477137953042984,ablation,OfficeDepot
Cleaning > Material Handling > Carts & Trucks,1,0.45068085193634033,gold,OfficeDepot
Cleaning > Material Handling > Carts & Trucks,0,0.253807932138443,ablation,OfficeDepot
Computers & Accessories > Computer Accessories > Mice & Keyboards > Wired Mice,1,0.3319399356842041,gold,OfficeDepot
Computers & Accessories > Computer Accessories > Mice & Keyboards > Wired Mice,0,0.1513006091117859,ablation,OfficeDepot
Breakroom > Appliances > Kitchen > Cookers,1,0.4183824956417084,gold,OfficeDepot
Breakroom > Appliances > Kitchen > Cookers,0,0.1948859542608261,ablation,OfficeDepot
Office Supplies > Labels & Label Makers > Full-Sheet Labels,1,0.4377702474594116,gold,OfficeDepot
Office Supplies > Labels & Label Makers > Full-Sheet Labels,0,0.4043584167957306,ablation,OfficeDepot
Computers & Accessories > Desktop Computers > Refurbished Desktops,1,0.36128050088882446,gold,OfficeDepot
Computers & Accessories > Desktop Computers > Refurbished Desktops,0,0.21353913843631744,ablation,OfficeDepot
Electronics > Phones & Accessories > Single-Line Phones > Single-Line Cordless Phones,1,0.41049060225486755,gold,OfficeDepot
Electronics > Phones & Accessories > Single-Line Phones > Single-Line Cordless Phones,0,0.41049060225486755,ablation,OfficeDepot
"Office Supplies > Basic Supplies > Paper Clips, Binder Clips & Fasteners > Fasteners & Posts",1,0.5089804530143738,gold,OfficeDepot
"Office Supplies > Basic Supplies > Paper Clips, Binder Clips & Fasteners > Fasteners & Posts",0,0.49040016531944275,ablation,OfficeDepot
School Supplies > School Electronics,1,0.48045605421066284,gold,OfficeDepot
School Supplies > School Electronics,0,0.462988018989563,ablation,OfficeDepot
Electronics > Networking & Cables,1,0.45936456322669983,gold,OfficeDepot
Electronics > Networking & Cables,0,0.2817542552947998,ablation,OfficeDepot
Breakroom > Beverages,1,0.5284932255744934,gold,OfficeDepot
Breakroom > Beverages,0,0.30570322275161743,ablation,OfficeDepot
Computers & Accessories > Tablets & Accessories,1,0.399159699678421,gold,OfficeDepot
Computers & Accessories > Tablets & Accessories,0,0.399159699678421,ablation,OfficeDepot
Breakroom > Party Supplies > Party Decorations,1,0.4168168306350708,gold,OfficeDepot
Breakroom > Party Supplies > Party Decorations,0,0.3572131097316742,ablation,OfficeDepot
Office Supplies > Drafting > Classroom Compasses,1,0.47798600792884827,gold,OfficeDepot
Office Supplies > Drafting > Classroom Compasses,0,0.47798600792884827,ablation,OfficeDepot
"Cleaning > Safety & Security > Fire, Gas & Water Protection > Detectors",1,0.49125081300735474,gold,OfficeDepot
"Cleaning > Safety & Security > Fire, Gas & Water Protection > Detectors",0,0.49125081300735474,ablation,OfficeDepot
Office Supplies > Retail Store Supplies > Suggestion Boxes,1,0.5316247940063477,gold,OfficeDepot
Office Supplies > Retail Store Supplies > Suggestion Boxes,0,0.2520449757575989,ablation,OfficeDepot
"Office Supplies > Mailing, Packing & Shipping > Shipping & Moving Boxes > Moving Boxes",1,0.46971744298934937,gold,OfficeDepot
"Office Supplies > Mailing, Packing & Shipping > Shipping & Moving Boxes > Moving Boxes",0,0.23956595361232758,ablation,OfficeDepot
Cleaning > Facility Supplies > Surface Protectors,1,0.4486870765686035,gold,OfficeDepot
Cleaning > Facility Supplies > Surface Protectors,0,0.3450140655040741,ablation,OfficeDepot
Paper > Cash Register & Thermal Rolls > Cash Register & Thermal Paper Rolls,1,0.43750473856925964,gold,OfficeDepot
Paper > Cash Register & Thermal Rolls > Cash Register & Thermal Paper Rolls,0,0.43750473856925964,ablation,OfficeDepot
Computers & Accessories > Data Storage & Media > Media,1,0.5694636106491089,gold,OfficeDepot
Computers & Accessories > Data Storage & Media > Media,0,0.4886821508407593,ablation,OfficeDepot
Electronics > Office Equipment > Point of Sale Systems > Point of Sale Terminal Accessories,1,0.362581729888916,gold,OfficeDepot
Electronics > Office Equipment > Point of Sale Systems > Point of Sale Terminal Accessories,0,0.18756677210330963,ablation,OfficeDepot
"Cleaning > Safety & Security > Fire, Gas & Water Protection",1,0.5249953269958496,gold,OfficeDepot
"Cleaning > Safety & Security > Fire, Gas & Water Protection",0,0.28922566771507263,ablation,OfficeDepot
Breakroom > Beverages > Energy & Nutrition Drinks,1,0.5007756352424622,gold,OfficeDepot
Breakroom > Beverages > Energy & Nutrition Drinks,0,0.2074204683303833,ablation,OfficeDepot
Breakroom > First Aid > Medicine,1,0.4727659821510315,gold,OfficeDepot
Breakroom > First Aid > Medicine,0,0.19288678467273712,ablation,OfficeDepot
Furniture > Storage Cabinets & Shelving Units > Safes,1,0.4257166087627411,gold,OfficeDepot
Furniture > Storage Cabinets & Shelving Units > Safes,0,0.16658031940460205,ablation,OfficeDepot
Electronics > Networking & Cables > Modems > Analog Modems,1,0.47268378734588623,gold,OfficeDepot
Electronics > Networking & Cables > Modems > Analog Modems,0,0.20781420171260834,ablation,OfficeDepot
Electronics > Office Equipment > Typewriters & Accessories,1,0.522908627986908,gold,OfficeDepot
Electronics > Office Equipment > Typewriters & Accessories,0,0.2606807351112366,ablation,OfficeDepot
Office Supplies > Retail Store Supplies > Counterfeit Detectors,1,0.4990365207195282,gold,OfficeDepot
Office Supplies > Retail Store Supplies > Counterfeit Detectors,0,0.3274536430835724,ablation,OfficeDepot
Breakroom > Appliances > Heating & Cooling > Fans,1,0.6148430109024048,gold,OfficeDepot
Breakroom > Appliances > Heating & Cooling > Fans,0,0.41121041774749756,ablation,OfficeDepot
Furniture > Outdoor Furniture > Outdoor Seating > Outdoor Chairs & Benches,1,0.4854711890220642,gold,OfficeDepot
Furniture > Outdoor Furniture > Outdoor Seating > Outdoor Chairs & Benches,0,0.4854711890220642,ablation,OfficeDepot
Electronics > Car Electronics & GPS > Vehicle GPS,1,0.45853227376937866,gold,OfficeDepot
Electronics > Car Electronics & GPS > Vehicle GPS,0,0.38229838013648987,ablation,OfficeDepot
Office Supplies > Writing Supplies > Pens > Calligraphy Pens,1,0.31621408462524414,gold,OfficeDepot
Office Supplies > Writing Supplies > Pens > Calligraphy Pens,0,0.12517529726028442,ablation,OfficeDepot
Furniture > Office Decor > Mirrors & Wall Art > Framed Art,1,0.5379956960678101,gold,OfficeDepot
Furniture > Office Decor > Mirrors & Wall Art > Framed Art,0,0.1572757512331009,ablation,OfficeDepot
Breakroom > Coffee & Coffee Supplies > Coffee Pots,1,0.5235692858695984,gold,OfficeDepot
Breakroom > Coffee & Coffee Supplies > Coffee Pots,0,0.5235692858695984,ablation,OfficeDepot
Computers & Accessories > Computer Accessories > Computer Speakers & Headsets > Computer Headsets,1,0.5424865484237671,gold,OfficeDepot
Computers & Accessories > Computer Accessories > Computer Speakers & Headsets > Computer Headsets,0,0.3825918734073639,ablation,OfficeDepot
Electronics > Networking & Cables > KVM Switches & Accessories,1,0.4149446487426758,gold,OfficeDepot
Electronics > Networking & Cables > KVM Switches & Accessories,0,0.34942227602005005,ablation,OfficeDepot
Electronics > Networking & Cables > Cables > Ethernet Cables,1,0.47891831398010254,gold,OfficeDepot
Electronics > Networking & Cables > Cables > Ethernet Cables,0,0.3899820148944855,ablation,OfficeDepot
"Office Supplies > Retail Store Supplies > Retail Bags, Gift Boxes & Accessories > Retail Gift Boxes & Wrap",1,0.4646880328655243,gold,OfficeDepot
"Office Supplies > Retail Store Supplies > Retail Bags, Gift Boxes & Accessories > Retail Gift Boxes & Wrap",0,0.3336787223815918,ablation,OfficeDepot
"Office Supplies > Retail Store Supplies > Cash Registers, Rolls & POS Devices > Point of Sale Systems",1,0.4354482889175415,gold,OfficeDepot
"Office Supplies > Retail Store Supplies > Cash Registers, Rolls & POS Devices > Point of Sale Systems",0,0.255609929561615,ablation,OfficeDepot
Breakroom > Appliances > Kitchen,1,0.4427291452884674,gold,OfficeDepot
Breakroom > Appliances > Kitchen,0,0.4427291452884674,ablation,OfficeDepot
"Breakroom > Party Supplies > Gift Wrap, Bags, & Tissue Paper",1,0.5604084730148315,gold,OfficeDepot
"Breakroom > Party Supplies > Gift Wrap, Bags, & Tissue Paper",0,0.4772614538669586,ablation,OfficeDepot
Breakroom > Appliances > Laundry > Dryers,1,0.5367439985275269,gold,OfficeDepot
Breakroom > Appliances > Laundry > Dryers,0,0.5367439985275269,ablation,OfficeDepot
"Office Supplies > Mailing, Packing & Shipping > Industrial Shipping Supplies > Utility Knives, Cutters & Blades",1,0.4869347810745239,gold,OfficeDepot
"Office Supplies > Mailing, Packing & Shipping > Industrial Shipping Supplies > Utility Knives, Cutters & Blades",0,0.28973034024238586,ablation,OfficeDepot
Furniture > Office Decor > Clocks,1,0.5409542322158813,gold,OfficeDepot
Furniture > Office Decor > Clocks,0,0.2964114844799042,ablation,OfficeDepot
Cleaning > Medical Supplies > Mobility Aids > Walkers & Canes,1,0.6408684253692627,gold,OfficeDepot
Cleaning > Medical Supplies > Mobility Aids > Walkers & Canes,0,0.0631067231297493,ablation,OfficeDepot
Cleaning > Facility Supplies > Electrical Switches,1,0.4543869197368622,gold,OfficeDepot
Cleaning > Facility Supplies > Electrical Switches,0,0.33505624532699585,ablation,OfficeDepot
"Breakroom > Cups, Plates & Cutlery > Cutlery",1,0.7302295565605164,gold,OfficeDepot
"Breakroom > Cups, Plates & Cutlery > Cutlery",0,0.7302295565605164,ablation,OfficeDepot
Cleaning > Medical Supplies > Diagnostic > Thermometers,1,0.6081820130348206,gold,OfficeDepot
Cleaning > Medical Supplies > Diagnostic > Thermometers,0,0.20065639913082123,ablation,OfficeDepot
Electronics > Office Equipment > Time Clocks > Time Clock Supplies,1,0.4636322557926178,gold,OfficeDepot
Electronics > Office Equipment > Time Clocks > Time Clock Supplies,0,0.43998777866363525,ablation,OfficeDepot
Breakroom > Candy & Snacks > Chips & Pretzels,1,0.5879966020584106,gold,OfficeDepot
Breakroom > Candy & Snacks > Chips & Pretzels,0,0.10124903172254562,ablation,OfficeDepot
Computers & Accessories > Computer Cards & Components > Memory > Laptop Memory,1,0.5089030265808105,gold,OfficeDepot
Computers & Accessories > Computer Cards & Components > Memory > Laptop Memory,0,0.3604588806629181,ablation,OfficeDepot
"Office Supplies > Mailing, Packing & Shipping > Industrial Shipping Supplies > Pallet Covers",1,0.5666671395301819,gold,OfficeDepot
"Office Supplies > Mailing, Packing & Shipping > Industrial Shipping Supplies > Pallet Covers",0,0.23555323481559753,ablation,OfficeDepot
Furniture > Lamps & Lighting > Lamps,1,0.7479872703552246,gold,OfficeDepot
Furniture > Lamps & Lighting > Lamps,0,0.48946577310562134,ablation,OfficeDepot
Electronics > Networking & Cables > Wireless Networking > Wifi Routers,1,0.6015246510505676,gold,OfficeDepot
Electronics > Networking & Cables > Wireless Networking > Wifi Routers,0,0.3578602075576782,ablation,OfficeDepot
Office Supplies > Binders & Accessories > Report Covers & Portfolios,1,0.5210571885108948,gold,OfficeDepot
Office Supplies > Binders & Accessories > Report Covers & Portfolios,0,0.2825198173522949,ablation,OfficeDepot
Electronics > Phones & Accessories > Cell Phone Accessories > Cell Phone Grips,1,0.6485854983329773,gold,OfficeDepot
Electronics > Phones & Accessories > Cell Phone Accessories > Cell Phone Grips,0,0.6485854983329773,ablation,OfficeDepot
Cleaning > Safety & Security > First Aid Safety,1,0.4632362723350525,gold,OfficeDepot
Cleaning > Safety & Security > First Aid Safety,0,0.31974995136260986,ablation,OfficeDepot
Furniture > Furniture Accessories,1,0.6239283084869385,gold,OfficeDepot
Office Supplies > Desk Accessories > Desk Organizer Collections,1,0.682703971862793,gold,OfficeDepot
Office Supplies > Desk Accessories > Desk Organizer Collections,0,0.2576340138912201,ablation,OfficeDepot
Office Supplies > Retail Store Supplies > Security > Call Bells & Counters,1,0.7015209197998047,gold,OfficeDepot
Office Supplies > Retail Store Supplies > Security > Call Bells & Counters,0,0.228273406624794,ablation,OfficeDepot
Office Supplies > Business Forms & Bookkeeping > Tax Forms > 1099 Tax Forms,1,0.5997247695922852,gold,OfficeDepot
Office Supplies > Business Forms & Bookkeeping > Tax Forms > 1099 Tax Forms,0,0.22198404371738434,ablation,OfficeDepot
Breakroom > Candy & Snacks > Hard Candy,1,0.5291560292243958,gold,OfficeDepot
Breakroom > Candy & Snacks > Hard Candy,0,0.2288953810930252,ablation,OfficeDepot
Cleaning > Safety & Security > Facility Safety > Facility Safety Signs,1,0.6064792275428772,gold,OfficeDepot
Cleaning > Safety & Security > Facility Safety > Facility Safety Signs,0,0.4632865786552429,ablation,OfficeDepot
Electronics > Cameras & Camcorders > Security Cameras & Surveillance > Security Cameras,1,0.6576980352401733,gold,OfficeDepot
Electronics > Cameras & Camcorders > Security Cameras & Surveillance > Security Cameras,0,0.3975212275981903,ablation,OfficeDepot
Furniture > Lamps & Lighting > Light Bulbs > LED Light Bulbs,1,0.6815884709358215,gold,OfficeDepot
Furniture > Lamps & Lighting > Light Bulbs > LED Light Bulbs,0,0.29968276619911194,ablation,OfficeDepot
Office Supplies > Storage > Storage Bins & Baskets,1,0.6775408983230591,gold,OfficeDepot
Office Supplies > Storage > Storage Bins & Baskets,0,0.5161327123641968,ablation,OfficeDepot
Electronics > Batteries & Power Protection > UPS Battery Backup,1,0.6748342514038086,gold,OfficeDepot
Electronics > Batteries & Power Protection > UPS Battery Backup,0,0.4499768316745758,ablation,OfficeDepot
Office Supplies > Desk Accessories > Business Card Holders,1,0.7833334803581238,gold,OfficeDepot
Office Supplies > Desk Accessories > Business Card Holders,0,0.33231839537620544,ablation,OfficeDepot
Office Supplies > Labels & Label Makers,1,0.7642683982849121,gold,OfficeDepot
Office Supplies > Labels & Label Makers,0,0.30855268239974976,ablation,OfficeDepot
Breakroom > Appliances > Heating & Cooling > Air Conditioners & Accessories,1,0.79580157995224,gold,OfficeDepot
Breakroom > Appliances > Heating & Cooling > Air Conditioners & Accessories,0,0.2900660037994385,ablation,OfficeDepot
Furniture > Office Decor,1,0.6576896905899048,gold,OfficeDepot
Furniture > Office Decor,0,0.4531168043613434,ablation,OfficeDepot
Electronics > Office Equipment > Binding Equipment > Binding Covers,1,0.8042809963226318,gold,OfficeDepot
Electronics > Office Equipment > Binding Equipment > Binding Covers,0,0.27800244092941284,ablation,OfficeDepot
Breakroom > Appliances,1,0.6219207644462585,gold,OfficeDepot
Breakroom > Appliances,0,0.42066454887390137,ablation,OfficeDepot
Cleaning > Facial Tissues,1,0.7322257161140442,gold,OfficeDepot
Cleaning > Facial Tissues,0,0.5646417737007141,ablation,OfficeDepot
"Breakroom > Cups, Plates & Cutlery > Napkins",1,0.8631753921508789,gold,OfficeDepot
"Breakroom > Cups, Plates & Cutlery > Napkins",0,0.4043794572353363,ablation,OfficeDepot
School Supplies > School Furniture,1,0.7118320465087891,gold,OfficeDepot
School Supplies > School Furniture,0,0.6199215054512024,ablation,OfficeDepot
Computers & Accessories > Computer Cards & Components > Graphic & Sound Cards > Graphic Cards,1,0.7042725086212158,gold,OfficeDepot
Computers & Accessories > Computer Cards & Components > Graphic & Sound Cards > Graphic Cards,0,0.433518648147583,ablation,OfficeDepot
Breakroom > Appliances > Heating & Cooling > Air Purifiers & Filters,1,0.7109179496765137,gold,OfficeDepot
Breakroom > Appliances > Heating & Cooling > Air Purifiers & Filters,0,0.31240490078926086,ablation,OfficeDepot
Cleaning > Tools & Equipment > Measuring & Marking Tools > Thermostats,1,0.7373129725456238,gold,OfficeDepot
Cleaning > Tools & Equipment > Measuring & Marking Tools > Thermostats,0,0.5605953931808472,ablation,OfficeDepot
Cleaning > Safety & Security > First Aid Safety > Pain Relievers,1,0.7265799641609192,gold,OfficeDepot
Cleaning > Safety & Security > First Aid Safety > Pain Relievers,0,0.15008270740509033,ablation,OfficeDepot
Office Supplies > Binders & Accessories > Clipboards,1,0.7779631018638611,gold,OfficeDepot
Office Supplies > Binders & Accessories > Clipboards,0,0.17157568037509918,ablation,OfficeDepot
Breakroom > Appliances > Kitchen > Coffee Grinders,1,0.7311179041862488,gold,OfficeDepot
Breakroom > Appliances > Kitchen > Coffee Grinders,0,0.3622608482837677,ablation,OfficeDepot
Cleaning > Medical Supplies > Medical Wear > Shoe Covers,1,0.7418470978736877,gold,OfficeDepot
Cleaning > Medical Supplies > Medical Wear > Shoe Covers,0,0.27801042795181274,ablation,OfficeDepot
Breakroom > Cookware > Bakeware,1,0.7508281469345093,gold,OfficeDepot
Breakroom > Cookware > Bakeware,0,0.13136626780033112,ablation,OfficeDepot
Office Supplies > Business Forms & Bookkeeping > Business Forms > Gift Certificates,1,0.721150279045105,gold,OfficeDepot
Office Supplies > Business Forms & Bookkeeping > Business Forms > Gift Certificates,0,0.4233238995075226,ablation,OfficeDepot
"Office Supplies > Mailing, Packing & Shipping > Packing Tape",1,0.7796499729156494,gold,OfficeDepot
"Office Supplies > Mailing, Packing & Shipping > Packing Tape",0,0.3072786033153534,ablation,OfficeDepot
Electronics > Office Equipment > Projectors,1,0.7252706289291382,gold,OfficeDepot
Electronics > Office Equipment > Projectors,0,0.46038246154785156,ablation,OfficeDepot
Electronics > Batteries & Power Protection > AV Batteries > Cordless Phone Batteries,1,0.8644763827323914,gold,OfficeDepot
Electronics > Batteries & Power Protection > AV Batteries > Cordless Phone Batteries,0,0.3339676260948181,ablation,OfficeDepot
Breakroom > Beverages > Soda,1,0.8706569075584412,gold,OfficeDepot
Breakroom > Beverages > Soda,0,0.02934735082089901,ablation,OfficeDepot
"Office Supplies > Basic Supplies > Magnets, Tacks & Push Pins > Magnets",1,0.7917925715446472,gold,OfficeDepot
"Office Supplies > Basic Supplies > Magnets, Tacks & Push Pins > Magnets",0,0.18522529304027557,ablation,OfficeDepot
Furniture > Bedroom > Bedding,1,0.7855809926986694,gold,OfficeDepot
Furniture > Bedroom > Bedding,0,0.15685522556304932,ablation,OfficeDepot
Breakroom > Appliances > Heating & Cooling > Heaters,1,0.9206793904304504,gold,OfficeDepot
Breakroom > Appliances > Heating & Cooling > Heaters,0,0.47071921825408936,ablation,OfficeDepot
Breakroom > Beverages > Water,1,0.8706569075584412,gold,OfficeDepot
Breakroom > Beverages > Water,0,0.43282464146614075,ablation,OfficeDepot
Computers & Accessories > Data Storage & Media > Hard Drive Accessories,1,0.8667318224906921,gold,OfficeDepot
Computers & Accessories > Data Storage & Media > Hard Drive Accessories,0,0.5125611424446106,ablation,OfficeDepot
Furniture > Tables > Training Room Tables,1,0.8787901401519775,gold,OfficeDepot
Furniture > Tables > Training Room Tables,0,0.37333256006240845,ablation,OfficeDepot
Cleaning > Tools & Equipment > Hand Tools > Staplers & Riveters,1,0.923402726650238,gold,OfficeDepot
Cleaning > Tools & Equipment > Hand Tools > Staplers & Riveters,0,0.4197308421134949,ablation,OfficeDepot
Cleaning > Cleaning Supplies,1,0.8469558358192444,gold,OfficeDepot
Cleaning > Cleaning Supplies,0,0.36243361234664917,ablation,OfficeDepot
Office Supplies > Writing Supplies > Erasers,1,0.9246025681495667,gold,OfficeDepot
Office Supplies > Writing Supplies > Erasers,0,0.17900371551513672,ablation,OfficeDepot
Electronics > Phones & Accessories > Cell Phone Accessories,1,0.8068472146987915,gold,OfficeDepot
Electronics > Phones & Accessories > Cell Phone Accessories,0,0.7926231026649475,ablation,OfficeDepot
Electronics > Phones & Accessories > Cell Phones,1,0.9447494149208069,gold,OfficeDepot
Electronics > Phones & Accessories > Cell Phones,0,0.7359718680381775,ablation,OfficeDepot
Office Supplies > Desk Accessories > File Organizers,1,0.8940310478210449,gold,OfficeDepot
Office Supplies > Desk Accessories > File Organizers,0,0.3221827447414398,ablation,OfficeDepot
Office Supplies > Labels & Label Makers > Label Makers,1,0.9104809761047363,gold,OfficeDepot
Office Supplies > Labels & Label Makers > Label Makers,0,0.4434276223182678,ablation,OfficeDepot
Cleaning > Cleaning Tools > Squeegees,1,0.9546915888786316,gold,OfficeDepot
Cleaning > Cleaning Tools > Squeegees,0,0.11686865985393524,ablation,OfficeDepot
Office Supplies > Filing & Folders > File Folders,1,0.9475852847099304,gold,OfficeDepot
Office Supplies > Filing & Folders > File Folders,0,0.45006677508354187,ablation,OfficeDepot
Office Supplies,1,0.8751068711280823,gold,OfficeDepot
Office Supplies,0,0.4083315134048462,ablation,OfficeDepot
Electronics > Phones & Accessories > VoIP > VoIP Conferencing,1,0.3656546175479889,gold,OfficeDepot
Electronics > Phones & Accessories > VoIP > VoIP Conferencing,0,0.3656546175479889,ablation,OfficeDepot
Office Supplies > Business Forms & Bookkeeping > Financial Bookkeeping > Mileage Logs,1,0.05087831988930702,gold,OfficeDepot
Office Supplies > Business Forms & Bookkeeping > Financial Bookkeeping > Mileage Logs,0,0.05087831988930702,ablation,OfficeDepot
Office Supplies > Business Forms & Bookkeeping > Financial Bookkeeping > Checks,0,0.044822342693805695,gold,OfficeDepot
Cleaning > Medical Supplies > Patient Care > Feminine Hygiene,1,0.21144911646842957,gold,OfficeDepot
Cleaning > Medical Supplies > Patient Care > Feminine Hygiene,0,0.21144911646842957,ablation,OfficeDepot
Paper > Notebooks & Pads > Steno Books,1,0.3506130576133728,gold,OfficeDepot
Paper > Notebooks & Pads > Steno Books,0,0.2105400264263153,ablation,OfficeDepot
Paper > Copy & Printer Paper > Cardstock,1,0.31795966625213623,gold,OfficeDepot
Paper > Copy & Printer Paper > Cardstock,0,0.18129150569438934,ablation,OfficeDepot
In Room Solutions > Appliances > Small Appliances > Mini fridge,1,0.2384616732597351,gold,OfficeDepot
In Room Solutions > Appliances > Small Appliances > Mini fridge,0,0.23063670098781586,ablation,OfficeDepot
Electronics > Phones & Accessories > Conferencing > Video Conferencing,1,0.36623507738113403,gold,OfficeDepot
Electronics > Phones & Accessories > Conferencing > Video Conferencing,0,0.36623507738113403,ablation,OfficeDepot
Cleaning > Facility Supplies > Pesticides & Repellents,1,0.17343685030937195,gold,OfficeDepot
Cleaning > Facility Supplies > Pesticides & Repellents,0,0.17343685030937195,ablation,OfficeDepot
Cleaning > Medical Supplies > Infection Control > Biohazard Supplies,1,0.25961586833000183,gold,OfficeDepot
Cleaning > Medical Supplies > Infection Control > Biohazard Supplies,0,0.25961586833000183,ablation,OfficeDepot
Paper > Notebooks & Pads > Composition Books,1,0.33207327127456665,gold,OfficeDepot
Paper > Notebooks & Pads > Composition Books,0,0.19175557792186737,ablation,OfficeDepot
Furniture > Bedroom > Dressers,0,0.1437850296497345,gold,OfficeDepot
Furniture > Bedroom > Armoires & Wardrobes,0,0.08296141028404236,gold,OfficeDepot
Electronics > TVs & Home Theater > Audio Devices > Sound Bars,1,0.18859811127185822,gold,OfficeDepot
Electronics > TVs & Home Theater > Audio Devices > Sound Bars,0,0.18859811127185822,ablation,OfficeDepot
Office Supplies > Binders & Accessories > Dividers & Tabs > Tabs,1,0.3038942217826843,gold,OfficeDepot
Office Supplies > Binders & Accessories > Dividers & Tabs > Tabs,0,0.06069685146212578,ablation,OfficeDepot
Office Supplies > Writing Supplies > Correction Fluid & Tape > Correction Fluid,1,0.32443132996559143,gold,OfficeDepot
Office Supplies > Writing Supplies > Correction Fluid & Tape > Correction Fluid,0,0.21385471522808075,ablation,OfficeDepot
Cleaning > Safety & Security > Eye Protection > Eyeglasses,1,0.2937003970146179,gold,OfficeDepot
Cleaning > Safety & Security > Eye Protection > Eyeglasses,0,0.15546417236328125,ablation,OfficeDepot
Office Supplies > Business Forms & Bookkeeping > Business Forms > Invoices & Statements,1,0.0768776386976242,gold,OfficeDepot
Office Supplies > Business Forms & Bookkeeping > Business Forms > Invoices & Statements,0,0.0768776386976242,ablation,OfficeDepot
Computers & Accessories > Data Storage & Media > Media > CD-R Recordable Discs,1,0.10332313925027847,gold,OfficeDepot
Computers & Accessories > Data Storage & Media > Media > CD-R Recordable Discs,0,0.10332313925027847,ablation,OfficeDepot
Computers & Accessories > Data Storage & Media > Media > Optical Discs,1,0.1469796746969223,gold,OfficeDepot
Computers & Accessories > Data Storage & Media > Media > Optical Discs,0,0.1469796746969223,ablation,OfficeDepot
Office Supplies > Labor Law & Workplace Posters > Spanish Posters,1,0.2219059020280838,gold,OfficeDepot
Office Supplies > Labor Law & Workplace Posters > Spanish Posters,0,0.2219059020280838,ablation,OfficeDepot
Computers & Accessories > Tablets & Accessories > Apple Accessories,1,0.32957321405410767,gold,OfficeDepot
Computers & Accessories > Tablets & Accessories > Apple Accessories,0,0.3292488753795624,ablation,OfficeDepot
Office Supplies > Binders & Accessories > Report Covers & Portfolios > Twin Pocket Portfolios,1,0.28163549304008484,gold,OfficeDepot
Office Supplies > Binders & Accessories > Report Covers & Portfolios > Twin Pocket Portfolios,0,0.28163549304008484,ablation,OfficeDepot
Office Supplies > Business Forms & Bookkeeping > Employee Management,1,0.28535178303718567,gold,OfficeDepot
Office Supplies > Business Forms & Bookkeeping > Employee Management,0,0.28535178303718567,ablation,OfficeDepot
Electronics > Audio > Docks & Radios > Public Address Systems,1,0.20635250210762024,gold,OfficeDepot
Electronics > Audio > Docks & Radios > Public Address Systems,0,0.20635250210762024,ablation,OfficeDepot
Electronics > Phones & Accessories > Multi-Line Phones > Multi-Line Handset Systems,1,0.21531987190246582,gold,OfficeDepot
Electronics > Phones & Accessories > Multi-Line Phones > Multi-Line Handset Systems,0,0.21531987190246582,ablation,OfficeDepot
Electronics > Phones & Accessories > Phone Accessories > Expansion Handsets,1,0.19769702851772308,gold,OfficeDepot
Electronics > Phones & Accessories > Phone Accessories > Expansion Handsets,0,0.19363899528980255,ablation,OfficeDepot
Breakroom > Fresh & Frozen Foods > Breakfast & Cereal,1,0.11628810316324234,gold,OfficeDepot
Breakroom > Fresh & Frozen Foods > Breakfast & Cereal,0,0.07469867914915085,ablation,OfficeDepot
In Room Solutions > Appliances,1,0.4399356245994568,gold,OfficeDepot
In Room Solutions > Appliances,0,0.25105366110801697,ablation,OfficeDepot
Breakroom > Fresh & Frozen Foods > Bakery & Breads,1,0.23134653270244598,gold,OfficeDepot
Breakroom > Fresh & Frozen Foods > Bakery & Breads,0,0.23134653270244598,ablation,OfficeDepot
Furniture > Bedroom > Bedding > Duvet Covers,1,0.6064475774765015,gold,OfficeDepot
Furniture > Bedroom > Bedding > Duvet Covers,0,0.2548522651195526,ablation,OfficeDepot
Furniture > Bedroom > Bedding > Comforters,1,0.16379940509796143,gold,OfficeDepot
Furniture > Bedroom > Bedding > Comforters,0,0.12996196746826172,ablation,OfficeDepot
Food Service & Supplies,1,0.2856798768043518,gold,OfficeDepot
Food Service & Supplies,0,0.2856798768043518,ablation,OfficeDepot
Breakroom > Fresh & Frozen Foods > Meats & Deli,1,0.18724367022514343,gold,OfficeDepot
Breakroom > Fresh & Frozen Foods > Meats & Deli,0,0.15296122431755066,ablation,OfficeDepot
Towels & Bath Mats > Gym Towel,1,0.25064775347709656,gold,OfficeDepot
Towels & Bath Mats > Gym Towel,0,0.25064775347709656,ablation,OfficeDepot
In Room Solutions > Personal Care Amenities > Bar Soap & Wipes,1,0.33718621730804443,gold,OfficeDepot
In Room Solutions > Personal Care Amenities > Bar Soap & Wipes,0,0.23978346586227417,ablation,OfficeDepot
Furniture > Outdoor Furniture > Outdoor Tables,1,0.4543921947479248,gold,OfficeDepot
Furniture > Outdoor Furniture > Outdoor Tables,0,0.34539794921875,ablation,OfficeDepot
Furniture > Bedroom > Bedding > Bed Sheets,1,0.29880064725875854,gold,OfficeDepot
Furniture > Bedroom > Bedding > Bed Sheets,0,0.29880064725875854,ablation,OfficeDepot
"Equipment > Laundry > Laundry Carts, Trucks & Hampers",1,0.3938000202178955,gold,OfficeDepot
"Equipment > Laundry > Laundry Carts, Trucks & Hampers",0,0.17770110070705414,ablation,OfficeDepot
In Room Solutions > Bathroom Accessories,1,0.3184638023376465,gold,OfficeDepot
In Room Solutions > Bathroom Accessories,0,0.3184638023376465,ablation,OfficeDepot
Breakroom > Fresh & Frozen Foods > Fruits & Vegetables,1,0.24810786545276642,gold,OfficeDepot
Breakroom > Fresh & Frozen Foods > Fruits & Vegetables,0,0.07845408469438553,ablation,OfficeDepot
"Food Service & Supplies > Cups, Lids & Stir Sticks",1,0.3028504252433777,gold,OfficeDepot
"Food Service & Supplies > Cups, Lids & Stir Sticks",0,0.23173888027668,ablation,OfficeDepot
Furniture > Outdoor Furniture > Outdoor Decor > Outdoor Accessories,1,0.3477920889854431,gold,OfficeDepot
Furniture > Outdoor Furniture > Outdoor Decor > Outdoor Accessories,0,0.31300368905067444,ablation,OfficeDepot
Furniture > Outdoor Furniture > Outdoor Seating,1,0.4509953260421753,gold,OfficeDepot
Furniture > Outdoor Furniture > Outdoor Seating,0,0.4509953260421753,ablation,OfficeDepot
Breakroom > Fresh & Frozen Foods > Frozen Meals & Snacks,1,0.3539744019508362,gold,OfficeDepot
Breakroom > Fresh & Frozen Foods > Frozen Meals & Snacks,0,0.2460957020521164,ablation,OfficeDepot
In Room Solutions > Room Accessories > Laundry Bags,1,0.3771042823791504,gold,OfficeDepot
In Room Solutions > Room Accessories > Laundry Bags,0,0.27836722135543823,ablation,OfficeDepot
Furniture > Bathroom > Towels,1,0.5076875686645508,gold,OfficeDepot
Furniture > Bathroom > Towels,0,0.5076875686645508,ablation,OfficeDepot
In Room Solutions > Personal Care Amenities > Shampoo,1,0.45580750703811646,gold,OfficeDepot
In Room Solutions > Personal Care Amenities > Shampoo,0,0.1754603385925293,ablation,OfficeDepot
Furniture > Bedroom > Bedding > Pillows & Pillowcases,1,0.584787130355835,gold,OfficeDepot
Furniture > Bedroom > Bedding > Pillows & Pillowcases,0,0.34073516726493835,ablation,OfficeDepot
Furniture > Bedroom > Mattresses,1,0.546941876411438,gold,OfficeDepot
Furniture > Bedroom > Mattresses,0,0.4113157093524933,ablation,OfficeDepot
Breakroom > Fresh & Frozen Foods,1,0.5640115737915039,gold,OfficeDepot
Breakroom > Fresh & Frozen Foods,0,0.20949147641658783,ablation,OfficeDepot
Furniture > Outdoor Furniture,1,0.5872775912284851,gold,OfficeDepot
Furniture > Outdoor Furniture,0,0.5601440072059631,ablation,OfficeDepot
Towels & Bath Mats,1,0.8415414094924927,gold,OfficeDepot
Towels & Bath Mats,0,0.4062337875366211,ablation,OfficeDepot
In Room Solutions > Appliances > Small Appliances > Microwave,1,0.8895798325538635,gold,OfficeDepot
In Room Solutions > Appliances > Small Appliances > Microwave,0,0.23063670098781586,ablation,OfficeDepot
Furniture > Outdoor Furniture > Outdoor Decor,1,0.884242832660675,gold,OfficeDepot
Furniture > Outdoor Furniture > Outdoor Decor,0,0.45601457357406616,ablation,OfficeDepot
Furniture > Bedroom > Headboards,1,0.7855809926986694,gold,OfficeDepot
Furniture > Bedroom > Headboards,0,0.15344953536987305,ablation,OfficeDepot
Bedding > Bedding Essentials > Down Inserts,1,0.2309374362230301,gold,WestElm
Bedding > Bedding Essentials > Down Inserts,0,0.2309374362230301,ablation,WestElm
Furniture > Bedroom > Nightstands,0,0.17850960791110992,gold,WestElm
Bath > Bathroom Furniture > Vanities,0,0.151284322142601,gold,WestElm
Bath > Bathroom Furniture > Bathtubs,0,0.1415213793516159,gold,WestElm
Kitchen & Dining > Serveware > Serving Platters & Stands,1,0.1918727159500122,gold,WestElm
Kitchen & Dining > Serveware > Serving Platters & Stands,0,0.1918727159500122,ablation,WestElm
Furniture > Bedroom > Armoires & Wardrobes,0,0.07659460604190826,gold,WestElm
Furniture > Living Room > Daybeds,0,0.14533141255378723,gold,WestElm
Outdoor > Outdoor Lounge Furniture > Lounge Sets,1,0.1858239322900772,gold,WestElm
Outdoor > Outdoor Lounge Furniture > Lounge Sets,0,0.1858239322900772,ablation,WestElm
Kitchen & Dining > Drinkware & Barware > Cocktail Glasses,1,0.22552385926246643,gold,WestElm
Kitchen & Dining > Drinkware & Barware > Cocktail Glasses,0,0.22552385926246643,ablation,WestElm
Furniture > Bedroom,1,0.24097442626953125,gold,WestElm
Furniture > Bedroom,0,0.24097442626953125,ablation,WestElm
Outdoor > Planters & Garden > Outdoor Planters,0,0.3415950536727905,gold,WestElm
Kitchen & Dining > Drinkware & Barware > Wine & Champagne Glasses,1,0.18983744084835052,gold,WestElm
Kitchen & Dining > Drinkware & Barware > Wine & Champagne Glasses,0,0.18983744084835052,ablation,WestElm
Window > Curtain Rods & Hardware,1,0.23127320408821106,gold,WestElm
Window > Curtain Rods & Hardware,0,0.23127320408821106,ablation,WestElm
Lighting > Ceiling Lighting > Chandeliers,1,0.8598665595054626,gold,WestElm
Lighting > Ceiling Lighting > Chandeliers,0,0.4905199110507965,ablation,WestElm
Lighting > Sconces > Sconces,1,0.8859673738479614,gold,WestElm
Lighting > Sconces > Sconces,0,0.3359876573085785,ablation,WestElm
Window > Window Shades > Window Shades,1,0.30384621024131775,gold,WestElm
Window > Window Shades > Window Shades,0,0.30384621024131775,ablation,WestElm
Bedding > All Bedding > Duvet Covers & Shams,1,0.4705984890460968,gold,WestElm
Bedding > All Bedding > Duvet Covers & Shams,0,0.2728463113307953,ablation,WestElm
Lighting > Sconces,1,0.9623014330863953,gold,WestElm
Lighting > Sconces,0,0.3744969964027405,ablation,WestElm
Pillows & Decor > Room Decor > Vases,0,0.13816531002521515,gold,WestElm
Art & Mirrors > Wall Organization & Decor > Wallpaper & Paneling,1,0.15335328876972198,gold,WestElm
Art & Mirrors > Wall Organization & Decor > Wallpaper & Paneling,0,0.15335328876972198,ablation,WestElm
Office > Shop By Category > Rugs & Carpet Tiles,1,0.6587618589401245,gold,WestElm
Office > Shop By Category > Rugs & Carpet Tiles,0,0.42451316118240356,ablation,WestElm
Lighting > Ceiling Lighting > Flush Mounts,1,0.3133549392223358,gold,WestElm
Lighting > Ceiling Lighting > Flush Mounts,0,0.3133549392223358,ablation,WestElm
Kitchen & Dining > Kitchen > Kitchen Towels & Pot Holders,1,0.2905217707157135,gold,WestElm
Kitchen & Dining > Kitchen > Kitchen Towels & Pot Holders,0,0.22816915810108185,ablation,WestElm
Kitchen & Dining > Drinkware & Barware > Bar Tools,1,0.2984505593776703,gold,WestElm
Kitchen & Dining > Drinkware & Barware > Bar Tools,0,0.2984505593776703,ablation,WestElm
Furniture > Living Room > End & Side Tables,1,0.2797980308532715,gold,WestElm
Furniture > Living Room > End & Side Tables,0,0.199703648686409,ablation,WestElm
Window > Curtains > Patterned Curtains,1,0.21507291495800018,gold,WestElm
Window > Curtains > Patterned Curtains,0,0.20711787045001984,ablation,WestElm
Kitchen & Dining > Serveware > Serving Bowls,1,0.26768094301223755,gold,WestElm
Kitchen & Dining > Serveware > Serving Bowls,0,0.24393923580646515,ablation,WestElm
Window > Curtain Rods & Hardware > Curtain Rods & Hardware,1,0.327722430229187,gold,WestElm
Window > Curtain Rods & Hardware > Curtain Rods & Hardware,0,0.327722430229187,ablation,WestElm
Furniture > Living Room > Console & Sofa Tables,1,0.28052669763565063,gold,WestElm
Furniture > Living Room > Console & Sofa Tables,0,0.28052669763565063,ablation,WestElm
Art & Mirrors > Art > Dimensional Art,1,0.276445209980011,gold,WestElm
Art & Mirrors > Art > Dimensional Art,0,0.200821653008461,ablation,WestElm
Pillows & Decor > Room Decor > Decorative Objects,1,0.27826061844825745,gold,WestElm
Pillows & Decor > Room Decor > Decorative Objects,0,0.19794686138629913,ablation,WestElm
Pillows & Decor > Room Decor > Jewelry Storage,1,0.306434690952301,gold,WestElm
Pillows & Decor > Room Decor > Jewelry Storage,0,0.22334600985050201,ablation,WestElm
Outdoor > Outdoor Lounge Furniture > Side Tables,1,0.2929791510105133,gold,WestElm
Outdoor > Outdoor Lounge Furniture > Side Tables,0,0.2929791510105133,ablation,WestElm
Outdoor > Outdoor Lounge Furniture,1,0.4004664123058319,gold,WestElm
Outdoor > Outdoor Lounge Furniture,0,0.4004664123058319,ablation,WestElm
Storage > Storage Accessories > Travel & Commuting,1,0.3005386292934418,gold,WestElm
Storage > Storage Accessories > Travel & Commuting,0,0.21605320274829865,ablation,WestElm
Window > Curtains > Solid Curtains,1,0.2565312683582306,gold,WestElm
Window > Curtains > Solid Curtains,0,0.2565312683582306,ablation,WestElm
Kitchen & Dining,1,0.8095338344573975,gold,WestElm
Kitchen & Dining,0,0.8095338344573975,ablation,WestElm
Outdoor > Outdoor Solutions > Furniture Cushion & Cushion Covers,0,0.35716506838798523,gold,WestElm
Rugs > Rugs By Type > Performance & Washable Rugs,1,0.3140321969985962,gold,WestElm
Rugs > Rugs By Type > Performance & Washable Rugs,0,0.19470366835594177,ablation,WestElm
Bath > Bath Linens,1,0.27836960554122925,gold,WestElm
Bath > Bath Linens,0,0.27836960554122925,ablation,WestElm
Outdoor > Outdoor Dining Furniture,1,0.4418942332267761,gold,WestElm
Outdoor > Outdoor Dining Furniture,0,0.4418942332267761,ablation,WestElm
Bath > Bathroom Accessories > Bathroom Accessories,1,0.32630112767219543,gold,WestElm
Bath > Bathroom Accessories > Bathroom Accessories,0,0.32630112767219543,ablation,WestElm
Outdoor,1,0.6183761358261108,gold,WestElm
Outdoor,0,0.5826144814491272,ablation,WestElm
Art & Mirrors > Frames > Picture Frame Sets,1,0.448909193277359,gold,WestElm
Art & Mirrors > Frames > Picture Frame Sets,0,0.448909193277359,ablation,WestElm
Bath > Bathroom Furniture > Medicine Cabinets & Mirrors,1,0.4449059069156647,gold,WestElm
Bath > Bathroom Furniture > Medicine Cabinets & Mirrors,0,0.3722434341907501,ablation,WestElm
Office > Shop By Category > Office Furniture Sets,1,0.5295695662498474,gold,WestElm
Office > Shop By Category > Office Furniture Sets,0,0.5295695662498474,ablation,WestElm
Kitchen & Dining > Table Linens > Placemats & Chargers,1,0.3535389006137848,gold,WestElm
Kitchen & Dining > Table Linens > Placemats & Chargers,0,0.24385060369968414,ablation,WestElm
Pillows & Decor > Featured > Decorative Pillow Inserts,1,0.36999279260635376,gold,WestElm
Pillows & Decor > Featured > Decorative Pillow Inserts,0,0.32934874296188354,ablation,WestElm
Outdoor > Outdoor Dining Furniture > Outdoor Kitchen Furniture,1,0.4932907521724701,gold,WestElm
Outdoor > Outdoor Dining Furniture > Outdoor Kitchen Furniture,0,0.4932907521724701,ablation,WestElm
Art & Mirrors > Wall Organization & Decor,1,0.33880701661109924,gold,WestElm
Art & Mirrors > Wall Organization & Decor,0,0.3043208718299866,ablation,WestElm
"Pillows & Decor > Pillows, Throws & Poufs > Poufs & Floor Pillows",1,0.382292240858078,gold,WestElm
"Pillows & Decor > Pillows, Throws & Poufs > Poufs & Floor Pillows",0,0.2708803117275238,ablation,WestElm
Furniture > Featured > Furniture Cushions & Slipcovers,0,0.3905233144760132,gold,WestElm
Furniture > Home Office > Filing Cabinets,1,0.39227819442749023,gold,WestElm
Furniture > Home Office > Filing Cabinets,0,0.39227819442749023,ablation,WestElm
Office > Shop By Category > Desk Chairs,1,0.42728689312934875,gold,WestElm
Office > Shop By Category > Desk Chairs,0,0.42728689312934875,ablation,WestElm
Rugs > Custom Sized Rugs,1,0.27951937913894653,gold,WestElm
Rugs > Custom Sized Rugs,0,0.22565552592277527,ablation,WestElm
Window > Window Shades > Custom Curtains & Shades,1,0.3534838557243347,gold,WestElm
Window > Window Shades > Custom Curtains & Shades,0,0.24590997397899628,ablation,WestElm
"Pillows & Decor > Pillows, Throws & Poufs",1,0.3266759216785431,gold,WestElm
"Pillows & Decor > Pillows, Throws & Poufs",0,0.24289900064468384,ablation,WestElm
Kitchen & Dining > Kitchen > Appliances,1,0.729905366897583,gold,WestElm
Kitchen & Dining > Kitchen > Appliances,0,0.5111639499664307,ablation,WestElm
Rugs > Rugs By Type > Tufted Rugs,1,0.409060537815094,gold,WestElm
Rugs > Rugs By Type > Tufted Rugs,0,0.25584879517555237,ablation,WestElm
Art & Mirrors > Frames,1,0.36794936656951904,gold,WestElm
Art & Mirrors > Frames,0,0.36794936656951904,ablation,WestElm
Bath > Bath Linens > Towels,1,0.5031837224960327,gold,WestElm
Bath > Bath Linens > Towels,0,0.5031837224960327,ablation,WestElm
Rugs > Rugs By Type > Flatweave Rugs,1,0.38072076439857483,gold,WestElm
Rugs > Rugs By Type > Flatweave Rugs,0,0.23453202843666077,ablation,WestElm
"Pillows & Decor > Pillows, Throws & Poufs > Throws",1,0.6701789498329163,gold,WestElm
"Pillows & Decor > Pillows, Throws & Poufs > Throws",0,0.14961062371730804,ablation,WestElm
Art & Mirrors > Art,1,0.4241548180580139,gold,WestElm
Art & Mirrors > Art,0,0.34179025888442993,ablation,WestElm
"Storage > Storage Accessories > Heating, Cooling & Air Quality",1,0.5016205906867981,gold,WestElm
"Storage > Storage Accessories > Heating, Cooling & Air Quality",0,0.22367209196090698,ablation,WestElm
Furniture > Living Room > Recliners,1,0.44621893763542175,gold,WestElm
Furniture > Living Room > Recliners,0,0.15124982595443726,ablation,WestElm
Rugs > Custom Sized Rugs > Custom Rugs,1,0.38021519780158997,gold,WestElm
Rugs > Custom Sized Rugs > Custom Rugs,0,0.38021519780158997,ablation,WestElm
Storage > Storage Accessories > Pet Accessories,1,0.4331309497356415,gold,WestElm
Storage > Storage Accessories > Pet Accessories,0,0.3317374587059021,ablation,WestElm
Pillows & Decor > Featured > Candles & Home Fragrance,1,0.46569037437438965,gold,WestElm
Pillows & Decor > Featured > Candles & Home Fragrance,0,0.1569787710905075,ablation,WestElm
Outdoor > Outdoor Solutions > Furniture Cushions,0,0.5586313009262085,gold,WestElm
Pillows & Decor > Room Decor,1,0.4721810817718506,gold,WestElm
Pillows & Decor > Room Decor,0,0.4721810817718506,ablation,WestElm
Bedding > All Bedding > Blankets,1,0.8795077204704285,gold,WestElm
Bedding > All Bedding > Blankets,0,0.20025372505187988,ablation,WestElm
Pillows & Decor > Room Decor > Scented Candles,1,0.47281721234321594,gold,WestElm
Pillows & Decor > Room Decor > Scented Candles,0,0.13816531002521515,ablation,WestElm
Storage > Storage Furniture,1,0.625812828540802,gold,WestElm
Storage > Storage Furniture,0,0.4754757583141327,ablation,WestElm
Storage,1,0.5847977995872498,gold,WestElm
Storage,0,0.5847977995872498,ablation,WestElm
Pillows & Decor > Room Decor > Books & Bookends,1,0.5478067398071289,gold,WestElm
Pillows & Decor > Room Decor > Books & Bookends,0,0.216252401471138,ablation,WestElm
Outdoor > Outdoor Dining Furniture > Dining Chairs & Benches,1,0.46376100182533264,gold,WestElm
Outdoor > Outdoor Dining Furniture > Dining Chairs & Benches,0,0.46376100182533264,ablation,WestElm
Art & Mirrors,1,0.7304521203041077,gold,WestElm
Art & Mirrors,0,0.4691421091556549,ablation,WestElm
Furniture > Bedroom > Beds,1,0.4706322252750397,gold,WestElm
Furniture > Bedroom > Beds,0,0.39820596575737,ablation,WestElm
Storage > Storage Accessories > Trash Cans,1,0.42312145233154297,gold,WestElm
Storage > Storage Accessories > Trash Cans,0,0.27017202973365784,ablation,WestElm
Pillows & Decor,1,0.6661702394485474,gold,WestElm
Pillows & Decor,0,0.4987103343009949,ablation,WestElm
Art & Mirrors > Mirrors > Floor Mirrors,1,0.5157342553138733,gold,WestElm
Art & Mirrors > Mirrors > Floor Mirrors,0,0.3669249713420868,ablation,WestElm
Furniture > Dining & Kitchen > Dining Tables,1,0.6210069060325623,gold,WestElm
Furniture > Dining & Kitchen > Dining Tables,0,0.40210530161857605,ablation,WestElm
Furniture > Bedroom > Mattresses,1,0.5386749505996704,gold,WestElm
Furniture > Bedroom > Mattresses,0,0.4125962555408478,ablation,WestElm
Outdoor > Outdoor Lounge Furniture > Coffee Tables,1,0.5408881306648254,gold,WestElm
Outdoor > Outdoor Lounge Furniture > Coffee Tables,0,0.5408881306648254,ablation,WestElm
Kitchen & Dining > Kitchen > Cutlery & Cutting Boards,1,0.6838412284851074,gold,WestElm
Kitchen & Dining > Kitchen > Cutlery & Cutting Boards,0,0.41512736678123474,ablation,WestElm
Bath > Bath Linens > Shower Curtains,1,0.5882927179336548,gold,WestElm
Bath > Bath Linens > Shower Curtains,0,0.3052882254123688,ablation,WestElm
Furniture > Living Room > Sofas & Loveseats,1,0.563808023929596,gold,WestElm
Furniture > Living Room > Sofas & Loveseats,0,0.14699187874794006,ablation,WestElm
Furniture > Living Room,1,0.4781380593776703,gold,WestElm
Furniture > Living Room,0,0.4781380593776703,ablation,WestElm
Lighting > Lamps,1,0.7238159775733948,gold,WestElm
Lighting > Lamps,0,0.4975924789905548,ablation,WestElm
Furniture > Living Room > Coffee Tables,1,0.6717991232872009,gold,WestElm
Furniture > Living Room > Coffee Tables,0,0.4458790123462677,ablation,WestElm
Bedding > Bedding Essentials > Mattress Pads & Toppers,1,0.8016013503074646,gold,WestElm
Bedding > Bedding Essentials > Mattress Pads & Toppers,0,0.24923063814640045,ablation,WestElm
Lighting > Ceiling Lighting,1,0.9623014330863953,gold,WestElm
Lighting > Ceiling Lighting,0,0.4510570168495178,ablation,WestElm
Kitchen & Dining > Dinnerware & Flatware > Flatware,1,0.7498170733451843,gold,WestElm
Kitchen & Dining > Dinnerware & Flatware > Flatware,0,0.45441922545433044,ablation,WestElm
Furniture > Living Room > Ottomans & Stools,1,0.6187160015106201,gold,WestElm
Furniture > Living Room > Ottomans & Stools,0,0.22199422121047974,ablation,WestElm
Lighting > Featured > Light Bulbs & Accessories,1,0.788859486579895,gold,WestElm
Lighting > Featured > Light Bulbs & Accessories,0,0.3886178433895111,ablation,WestElm
Bath > Bathroom Renovation > Bathroom Hardware,0,0.7369384765625,gold,WestElm
Furniture > Home Office > Desks,1,0.738372802734375,gold,WestElm
Furniture > Home Office > Desks,0,0.488243967294693,ablation,WestElm
Lighting > Lamps > Floor Lamps,1,0.9176194667816162,gold,WestElm
Lighting > Lamps > Floor Lamps,0,0.33364781737327576,ablation,WestElm
Bedding,1,1.0,gold,WestElm
Bedding,0,0.2151622772216797,ablation,WestElm
Outdoor > Outdoor Lounge Furniture > Fire Pits & Tables,1,0.2695651054382324,gold,WestElm
Outdoor > Outdoor Lounge Furniture > Fire Pits & Tables,0,0.2695651054382324,ablation,WestElm
Bedding > All Bedding > Comforters,1,0.17317968606948853,gold,WestElm
Bedding > All Bedding > Comforters,0,0.17317968606948853,ablation,WestElm
Furniture > Bedroom > Dressers,0,0.14241041243076324,gold,WestElm
Office > Shop By Category > Meeting & Lounge Furniture,1,0.4284014105796814,gold,WestElm
Office > Shop By Category > Meeting & Lounge Furniture,0,0.4284014105796814,ablation,WestElm
Window,1,0.4837726652622223,gold,WestElm
Window,0,0.39759302139282227,ablation,WestElm
"Pillows & Decor > Garden > Stems, Branches & Bouquets",1,0.10285036265850067,gold,WestElm
"Pillows & Decor > Garden > Stems, Branches & Bouquets",0,0.10285036265850067,ablation,WestElm
Lighting > Ceiling Lighting > Pendants,1,0.8598665595054626,gold,WestElm
Lighting > Ceiling Lighting > Pendants,0,0.4905199110507965,ablation,WestElm
Kitchen & Dining > Drinkware & Barware > Coasters,1,0.1484001725912094,gold,WestElm
Kitchen & Dining > Drinkware & Barware > Coasters,0,0.1484001725912094,ablation,WestElm
Window > Window Shades,1,0.24615979194641113,gold,WestElm
Window > Window Shades,0,0.24615979194641113,ablation,WestElm
Bedding > Bedding Essentials > Down Alternative Inserts,1,0.16544781625270844,gold,WestElm
Bedding > Bedding Essentials > Down Alternative Inserts,0,0.16544781625270844,ablation,WestElm
Bath > Bathroom Renovation > Cabinet Knobs & Pulls,0,0.20099227130413055,gold,WestElm
Kitchen & Dining > Serveware > Picnic Baskets,0,0.2539213001728058,gold,WestElm
Furniture > Living Room > TV & Media Consoles,1,0.4460027813911438,gold,WestElm
Furniture > Living Room > TV & Media Consoles,0,0.4460027813911438,ablation,WestElm
Kitchen & Dining > Serveware > Charcuterie Boards & Knives,1,0.17626230418682098,gold,WestElm
Kitchen & Dining > Serveware > Charcuterie Boards & Knives,0,0.1583346426486969,ablation,WestElm
Rugs > Rugs By Type > Doormats,1,0.12211722880601883,gold,WestElm
Rugs > Rugs By Type > Doormats,0,0.12211722880601883,ablation,WestElm
Kitchen & Dining > Dinnerware & Flatware > Mugs,1,0.26757028698921204,gold,WestElm
Kitchen & Dining > Dinnerware & Flatware > Mugs,0,0.26757028698921204,ablation,WestElm
Kitchen & Dining > Serveware,1,0.827167809009552,gold,WestElm
Kitchen & Dining > Serveware,0,0.1118713840842247,ablation,WestElm
Bedding > Bedding Essentials > Duvet Inserts,1,0.4836287200450897,gold,WestElm
Bedding > Bedding Essentials > Duvet Inserts,0,0.2340717911720276,ablation,WestElm
Kitchen & Dining > Dinnerware & Flatware > Dinner Plates,1,0.29457420110702515,gold,WestElm
Kitchen & Dining > Dinnerware & Flatware > Dinner Plates,0,0.29457420110702515,ablation,WestElm
Bedding > All Bedding > Sheet Sets & Pillowcases,1,0.2271585762500763,gold,WestElm
Bedding > All Bedding > Sheet Sets & Pillowcases,0,0.2271585762500763,ablation,WestElm
Outdoor > Outdoor Shades > Carports,0,0.116122305393219,gold,Wayfair
Outdoor > Umbrellas > Market Umbrellas,1,0.12089399248361588,gold,Wayfair
Outdoor > Umbrellas > Market Umbrellas,0,0.12089399248361588,ablation,Wayfair
Home Improvement > Outdoor Remodel > Fencing Accessories,0,0.2585742771625519,gold,Wayfair
Smallwares > Serveware > Tureens,1,0.12136252224445343,gold,Wayfair
Smallwares > Serveware > Tureens,0,0.10292594879865646,ablation,Wayfair
Outdoor > Backyard Play > Basketball Hoops,0,0.11730419099330902,gold,Wayfair
Outdoor > Fitness > Dumbbells,1,0.23280422389507294,gold,Wayfair
Outdoor > Fitness > Dumbbells,0,0.23280422389507294,ablation,Wayfair
Shop Contractor Spaces > Bedroom,1,0.08695796132087708,gold,Wayfair
Shop Contractor Spaces > Bedroom,0,0.08695796132087708,ablation,Wayfair
Outdoor > Outdoor Fencing & Flooring > Turf,0,0.07294455170631409,gold,Wayfair
Commercial Office Furniture > Office Cubicles & Partitions > Sneeze Guards,1,0.10338936746120453,gold,Wayfair
Commercial Office Furniture > Office Cubicles & Partitions > Sneeze Guards,0,0.10120487958192825,ablation,Wayfair
Shop Contractor Spaces > Hallway & Mudroom,1,0.0682905986905098,gold,Wayfair
Shop Contractor Spaces > Hallway & Mudroom,0,0.0682905986905098,ablation,Wayfair
Furniture > Bedroom Furniture > Daybeds,0,0.21915513277053833,gold,Wayfair
Furniture > Entry & Mudroom Furniture > Storage Benches > Small Bedroom Vanities,0,0.16910406947135925,gold,Wayfair
Outdoor > Fitness > Home Gyms,0,0.23280422389507294,gold,Wayfair
Holiday > Valentine's Day > Valentine's Day Tableware & Linens,1,0.2892807722091675,gold,Wayfair
Holiday > Valentine's Day > Valentine's Day Tableware & Linens,0,0.2158443033695221,ablation,Wayfair
School Spaces > Outdoor Playground & Recreation > Climbing Toys & Slides,1,0.15368154644966125,gold,Wayfair
School Spaces > Outdoor Playground & Recreation > Climbing Toys & Slides,0,0.1301538497209549,ablation,Wayfair
Outdoor > Outdoor Heating > Fire Pits,1,0.22372844815254211,gold,Wayfair
Outdoor > Outdoor Heating > Fire Pits,0,0.22372844815254211,ablation,Wayfair
Baby & Kids > Toddler & Kids Bedroom Furniture > Baby & Kids Dressers,0,0.2053733915090561,gold,Wayfair
Outdoor > Backyard Play > Trampoline Accessories,0,0.23902162909507751,gold,Wayfair
Baby & Kids > Teen Decor & Lighting > Teen Tapestries and Wall Hangings,0,0.21669843792915344,gold,Wayfair
Smallwares > Food Storage Supplies > Spice Jars & Spice Racks,1,0.20436637103557587,gold,Wayfair
Smallwares > Food Storage Supplies > Spice Jars & Spice Racks,0,0.18269260227680206,ablation,Wayfair
Holiday > Easter > Easter Tableware & Linens,1,0.3317628502845764,gold,Wayfair
Holiday > Easter > Easter Tableware & Linens,0,0.2420615404844284,ablation,Wayfair
Furniture > Custom Furniture > Custom Headboards > Adjustable Beds,1,0.2133246511220932,gold,Wayfair
Furniture > Custom Furniture > Custom Headboards > Adjustable Beds,0,0.11568648368120193,ablation,Wayfair
Outdoor > Outdoor & Patio Furniture > Outdoor Umbrellas,1,0.3428478240966797,gold,Wayfair
Outdoor > Outdoor & Patio Furniture > Outdoor Umbrellas,0,0.21127952635288239,ablation,Wayfair
Organization > Storage Furniture > Blanket Ladders & Racks,1,0.332650750875473,gold,Wayfair
Organization > Storage Furniture > Blanket Ladders & Racks,0,0.27085745334625244,ablation,Wayfair
Outdoor > Outdoor Décor > Bird Houses,0,0.2904801070690155,gold,Wayfair
"Smallwares > Pots, Pans & Skillets > Stock, Soup & Multi-Pots",1,0.22123081982135773,gold,Wayfair
"Smallwares > Pots, Pans & Skillets > Stock, Soup & Multi-Pots",0,0.2208739072084427,ablation,Wayfair
Boards & Technology > Electronic Mounts & Stands > Portable Electronic Mounts,1,0.2631019353866577,gold,Wayfair
Boards & Technology > Electronic Mounts & Stands > Portable Electronic Mounts,0,0.2631019353866577,ablation,Wayfair
Outdoor > Outdoor Décor > Outdoor Thermometers,1,0.37925711274147034,gold,Wayfair
Outdoor > Outdoor Décor > Outdoor Thermometers,0,0.37925711274147034,ablation,Wayfair
Shop Restaurant Spaces > Dining Room > Restaurant Dining & Bar Furniture,1,0.3996962308883667,gold,Wayfair
Shop Restaurant Spaces > Dining Room > Restaurant Dining & Bar Furniture,0,0.3996962308883667,ablation,Wayfair
"Baby & Kids > Baby & Kids Rugs, Décor & Lighting > Baby & Kids' Night Lights",1,0.2402593493461609,gold,Wayfair
"Baby & Kids > Baby & Kids Rugs, Décor & Lighting > Baby & Kids' Night Lights",0,0.2402593493461609,ablation,Wayfair
School Spaces > Library Furniture > Reception Desks & Suites,1,0.4059925675392151,gold,Wayfair
School Spaces > Library Furniture > Reception Desks & Suites,0,0.2366824448108673,ablation,Wayfair
School Spaces > Outdoor Playground & Recreation > Sand & Water Tables,1,0.32586681842803955,gold,Wayfair
School Spaces > Outdoor Playground & Recreation > Sand & Water Tables,0,0.32586681842803955,ablation,Wayfair
Outdoor > Outdoor Shades,0,0.35980838537216187,gold,Wayfair
Restaurant Furniture > Restaurant Dining & Bar Furniture > Low Top Restaurant Tables,1,0.3699181079864502,gold,Wayfair
Restaurant Furniture > Restaurant Dining & Bar Furniture > Low Top Restaurant Tables,0,0.3699181079864502,ablation,Wayfair
School Spaces > Science Lab Furniture > Science & Lab Tables,1,0.2738165855407715,gold,Wayfair
School Spaces > Science Lab Furniture > Science & Lab Tables,0,0.21331389248371124,ablation,Wayfair
Shop Restaurant Spaces > Dining Room,1,0.3198975622653961,gold,Wayfair
Shop Restaurant Spaces > Dining Room,0,0.3198975622653961,ablation,Wayfair
Holiday > Easter > Easter Bedding & Bath,1,0.3689395487308502,gold,Wayfair
Holiday > Easter > Easter Bedding & Bath,0,0.17375929653644562,ablation,Wayfair
Contractor > Hardware & Doors > Window Treatments,1,0.32971277832984924,gold,Wayfair
Contractor > Hardware & Doors > Window Treatments,0,0.32971277832984924,ablation,Wayfair
Shop Contractor Spaces > Bathroom Renovation > Bathroom Tiles & Flooring,0,0.25518545508384705,gold,Wayfair
Decor & Rugs (Pro) > Business Décor > Indoor Fountains,1,0.32142019271850586,gold,Wayfair
Decor & Rugs (Pro) > Business Décor > Indoor Fountains,0,0.32142019271850586,ablation,Wayfair
"Baby & Kids > Educational Games & Toys > STEM Games, Toys, and Resources",1,0.38580968976020813,gold,Wayfair
"Baby & Kids > Educational Games & Toys > STEM Games, Toys, and Resources",0,0.38580968976020813,ablation,Wayfair
Restaurant Furniture > Restaurant Dining & Bar Furniture > Table Parts,1,0.26981014013290405,gold,Wayfair
Restaurant Furniture > Restaurant Dining & Bar Furniture > Table Parts,0,0.26981014013290405,ablation,Wayfair
Restaurant Storage > Cabinet & Pantry Organization > Pantry Shelf Organizers,1,0.31297099590301514,gold,Wayfair
Restaurant Storage > Cabinet & Pantry Organization > Pantry Shelf Organizers,0,0.31297099590301514,ablation,Wayfair
Rugs > One-of-a-Kind Rugs,1,0.31074848771095276,gold,Wayfair
Rugs > One-of-a-Kind Rugs,0,0.20990948379039764,ablation,Wayfair
Restaurant Storage > Cabinet & Pantry Organization,1,0.29838958382606506,gold,Wayfair
Restaurant Storage > Cabinet & Pantry Organization,0,0.29838958382606506,ablation,Wayfair
Decor & Rugs (Pro) > Business Décor > Wall & Display Shelves,1,0.2691693902015686,gold,Wayfair
Decor & Rugs (Pro) > Business Décor > Wall & Display Shelves,0,0.25927358865737915,ablation,Wayfair
Home Improvement > Kitchen Remodel & Kitchen Fixtures > Water Filtration,1,0.3646014332771301,gold,Wayfair
Home Improvement > Kitchen Remodel & Kitchen Fixtures > Water Filtration,0,0.3646014332771301,ablation,Wayfair
Shop Hospitality Spaces > Retail > Stanchions,1,0.4521353840827942,gold,Wayfair
Shop Hospitality Spaces > Retail > Stanchions,0,0.17214363813400269,ablation,Wayfair
Kitchen > Kitchen Utensils & Tools > Meat & Seafood Tools,1,0.25413697957992554,gold,Wayfair
Kitchen > Kitchen Utensils & Tools > Meat & Seafood Tools,0,0.19798283278942108,ablation,Wayfair
Shop Office Spaces > Outdoor Office Furniture,1,0.43442797660827637,gold,Wayfair
Shop Office Spaces > Outdoor Office Furniture,0,0.43442797660827637,ablation,Wayfair
Organization > Garage & Outdoor Storage & Organization > Ladders,1,0.39948806166648865,gold,Wayfair
Organization > Garage & Outdoor Storage & Organization > Ladders,0,0.15908730030059814,ablation,Wayfair
Lighting > Wall Lights,1,0.5495445132255554,gold,Wayfair
Lighting > Wall Lights,0,0.41828975081443787,ablation,Wayfair
Restaurant Appliances & Equipment > Beverage Equipment > Sparkling Beverage & Soda Makers,1,0.36716338992118835,gold,Wayfair
Restaurant Appliances & Equipment > Beverage Equipment > Sparkling Beverage & Soda Makers,0,0.36716338992118835,ablation,Wayfair
Office Storage & Organization > File & Paper Organization > Specialty Filing,1,0.3638909161090851,gold,Wayfair
Office Storage & Organization > File & Paper Organization > Specialty Filing,0,0.3638909161090851,ablation,Wayfair
Organization > Garage & Outdoor Storage & Organization > Natural Material Storage,0,0.3142184615135193,gold,Wayfair
Facilities & Maintenance > Maintenance Storage > Storage Racks & Shelving Units,1,0.39192208647727966,gold,Wayfair
Facilities & Maintenance > Maintenance Storage > Storage Racks & Shelving Units,0,0.27283307909965515,ablation,Wayfair
"Restaurant Storage > Commercial Tables, Shelving & Sinks > Commercial Work Tables",1,0.3112575113773346,gold,Wayfair
"Restaurant Storage > Commercial Tables, Shelving & Sinks > Commercial Work Tables",0,0.31055542826652527,ablation,Wayfair
Commercial Office Furniture > Office Desks > Reception Desks & Suites,1,0.3132520914077759,gold,Wayfair
Commercial Office Furniture > Office Desks > Reception Desks & Suites,0,0.20526553690433502,ablation,Wayfair
School Furniture & Supplies > Classroom Rugs & Décor > Wall Clocks,1,0.33740851283073425,gold,Wayfair
School Furniture & Supplies > Classroom Rugs & Décor > Wall Clocks,0,0.22369037568569183,ablation,Wayfair
Facilities & Maintenance > Business Signs & Sign Holders > A-Frame Signage & Sign Holders,1,0.3509249985218048,gold,Wayfair
Facilities & Maintenance > Business Signs & Sign Holders > A-Frame Signage & Sign Holders,0,0.26009148359298706,ablation,Wayfair
Furniture > Custom Furniture > Custom Bar Stools,1,0.37922388315200806,gold,Wayfair
Furniture > Custom Furniture > Custom Bar Stools,0,0.2727355659008026,ablation,Wayfair
Organization > Jewelry Organization > Jewelry & Watch Boxes,1,0.37814000248908997,gold,Wayfair
Organization > Jewelry Organization > Jewelry & Watch Boxes,0,0.22395528852939606,ablation,Wayfair
Furniture > Custom Furniture > Custom Bar Stools > Custom Bar Stools,1,0.44180482625961304,gold,Wayfair
Furniture > Custom Furniture > Custom Bar Stools > Custom Bar Stools,0,0.3222494423389435,ablation,Wayfair
Facilities & Maintenance > Maintenance Storage,1,0.4303966462612152,gold,Wayfair
Facilities & Maintenance > Maintenance Storage,0,0.4303966462612152,ablation,Wayfair
Commercial Office Furniture > Office Cubicles & Partitions > Desk Partitions,1,0.3868396580219269,gold,Wayfair
Commercial Office Furniture > Office Cubicles & Partitions > Desk Partitions,0,0.26070109009742737,ablation,Wayfair
Tabletop > Dinnerware > Plates,1,0.4926728904247284,gold,Wayfair
Tabletop > Dinnerware > Plates,0,0.4926728904247284,ablation,Wayfair
Office Storage & Organization > File & Paper Organization,1,0.4211302399635315,gold,Wayfair
Office Storage & Organization > File & Paper Organization,0,0.4211302399635315,ablation,Wayfair
Organization > Wall Shelving & Organization > Storage Racks & Shelving Units,1,0.4326184093952179,gold,Wayfair
Organization > Wall Shelving & Organization > Storage Racks & Shelving Units,0,0.27244430780410767,ablation,Wayfair
Outdoor > Outdoor Fencing & Flooring > Privacy Screens,0,0.5642955303192139,gold,Wayfair
Outdoor > Garden,0,0.5069016814231873,gold,Wayfair
Lighting > Outdoor Lighting > Commercial Exterior Lighting,1,0.4398336708545685,gold,Wayfair
Lighting > Outdoor Lighting > Commercial Exterior Lighting,0,0.30519095063209534,ablation,Wayfair
School Spaces > Library Furniture > School Carts & Stands,1,0.663969099521637,gold,Wayfair
School Spaces > Library Furniture > School Carts & Stands,0,0.36166152358055115,ablation,Wayfair
Outdoor > Outdoor & Patio Furniture > Patio Bar Furniture,1,0.5948044061660767,gold,Wayfair
Outdoor > Outdoor & Patio Furniture > Patio Bar Furniture,0,0.5372289419174194,ablation,Wayfair
Facilities & Maintenance > Safety & Emergency Supplies > Stanchions,1,0.5557692646980286,gold,Wayfair
Facilities & Maintenance > Safety & Emergency Supplies > Stanchions,0,0.12264984101057053,ablation,Wayfair
Bedding & Bath > Shower Curtains & Accessories > Shower Curtain Rods,0,0.46125203371047974,gold,Wayfair
Smallwares > Food Storage Supplies > Specialty Food Storage,1,0.38894370198249817,gold,Wayfair
Smallwares > Food Storage Supplies > Specialty Food Storage,0,0.38894370198249817,ablation,Wayfair
Shop Restaurant Spaces > Commercial Kitchen > Food Storage Supplies,1,0.444343239068985,gold,Wayfair
Shop Restaurant Spaces > Commercial Kitchen > Food Storage Supplies,0,0.444343239068985,ablation,Wayfair
Decor & Pillows > Mirrors > Vanity & Dresser Mirrors,1,0.3780936896800995,gold,Wayfair
Decor & Pillows > Mirrors > Vanity & Dresser Mirrors,0,0.26020318269729614,ablation,Wayfair
Outdoor > Front Door Décor & Curb Appeal > House Numbers & Letters,0,0.48609665036201477,gold,Wayfair
Restaurant Furniture > Banquet Furniture > Podiums & Lecterns,1,0.48060721158981323,gold,Wayfair
Restaurant Furniture > Banquet Furniture > Podiums & Lecterns,0,0.13540057837963104,ablation,Wayfair
Furniture > Living Room Furniture > Ottomans & Poufs,1,0.4632800817489624,gold,Wayfair
Furniture > Living Room Furniture > Ottomans & Poufs,0,0.13456422090530396,ablation,Wayfair
Furniture > Bedroom Furniture,1,0.48228126764297485,gold,Wayfair
Furniture > Bedroom Furniture,0,0.48228126764297485,ablation,Wayfair
Bedding & Bath > Bedding & Bedding Sets > Throw Pillows,1,0.528760552406311,gold,Wayfair
Bedding & Bath > Bedding & Bedding Sets > Throw Pillows,0,0.320707231760025,ablation,Wayfair
Commercial Office Furniture > Office Tables > Coffee Tables & End Tables,1,0.6054925918579102,gold,Wayfair
Commercial Office Furniture > Office Tables > Coffee Tables & End Tables,0,0.2756597697734833,ablation,Wayfair
Smallwares > Outdoor Serving & Tableware > Outdoor Drinkware,1,0.5304790735244751,gold,Wayfair
Smallwares > Outdoor Serving & Tableware > Outdoor Drinkware,0,0.5304790735244751,ablation,Wayfair
Organization > Cleaning & Laundry Organization > Trash Bags & Liners,1,0.5566017031669617,gold,Wayfair
Organization > Cleaning & Laundry Organization > Trash Bags & Liners,0,0.2172705978155136,ablation,Wayfair
Furniture > Office Furniture,1,0.5934053063392639,gold,Wayfair
Furniture > Office Furniture,0,0.43879351019859314,ablation,Wayfair
Furniture > Office Furniture > Laptop Carts & Stands,1,0.6985458135604858,gold,Wayfair
Furniture > Office Furniture > Laptop Carts & Stands,0,0.3378356695175171,ablation,Wayfair
Furniture > Office Furniture > Home Office Furniture Sets,1,0.5336938500404358,gold,Wayfair
Furniture > Office Furniture > Home Office Furniture Sets,0,0.5336938500404358,ablation,Wayfair
Commercial Office Furniture > Office Seating > Waiting Room & Reception Chairs,1,0.5458847284317017,gold,Wayfair
Commercial Office Furniture > Office Seating > Waiting Room & Reception Chairs,0,0.2396884560585022,ablation,Wayfair
Appliances > Washers & Dryers,1,0.7437829971313477,gold,Wayfair
Appliances > Washers & Dryers,0,0.5220307111740112,ablation,Wayfair
Organization > Cleaning & Laundry Organization > Laundry Accessories,1,0.8290783166885376,gold,Wayfair
Organization > Cleaning & Laundry Organization > Laundry Accessories,0,0.2826666533946991,ablation,Wayfair
Furniture,1,0.8549122214317322,gold,Wayfair
Furniture,0,0.6400842070579529,ablation,Wayfair
Decor & Pillows > Wall Décor > Wall Decals,1,0.8127569556236267,gold,Wayfair
Decor & Pillows > Wall Décor > Wall Decals,0,0.20023296773433685,ablation,Wayfair
Outdoor > Front Door Décor & Curb Appeal > Flags,1,0.7233390808105469,gold,Wayfair
Outdoor > Front Door Décor & Curb Appeal > Flags,0,0.30152395367622375,ablation,Wayfair
Outdoor > Backyard Play > Outdoor Games,1,0.7224264144897461,gold,Wayfair
Outdoor > Backyard Play > Outdoor Games,0,0.3094315230846405,ablation,Wayfair
Home Improvement > Plumbing > Drains,1,0.7252394556999207,gold,Wayfair
Home Improvement > Plumbing > Drains,0,0.2046615183353424,ablation,Wayfair
Organization > Cleaning & Laundry Organization > Trash Cans & Recycling,1,0.6195659637451172,gold,Wayfair
Organization > Cleaning & Laundry Organization > Trash Cans & Recycling,0,0.13392645120620728,ablation,Wayfair
Restaurant Furniture > Restaurant Dining & Bar Furniture > Bar Stools & Counter Stools,1,0.5838158130645752,gold,Wayfair
Restaurant Furniture > Restaurant Dining & Bar Furniture > Bar Stools & Counter Stools,0,0.3021987974643707,ablation,Wayfair
Decor & Pillows > Decorative Accents,1,0.8013823628425598,gold,Wayfair
Decor & Pillows > Decorative Accents,0,0.539566695690155,ablation,Wayfair
Baby & Kids > Nursery Furniture > Conversion Rails,0,0.1328423172235489,gold,Wayfair
"Outdoor > Hot Tubs, Saunas & Pools > Swimming Pools",0,0.16767068207263947,gold,Wayfair
Shop Hospitality Spaces,1,0.23947477340698242,gold,Wayfair
Shop Hospitality Spaces,0,0.23947477340698242,ablation,Wayfair
Outdoor > Outdoor Fencing & Flooring > Outdoor Deck Tiles & Planks,0,0.2495192289352417,gold,Wayfair
Organization > Storage Furniture > Storage Benches > Small Bedroom Vanities,0,0.16910406947135925,gold,Wayfair
Shop Restaurant Spaces > Lobby > Sneeze Guards,1,0.05088018625974655,gold,Wayfair
Shop Restaurant Spaces > Lobby > Sneeze Guards,0,0.05088018625974655,ablation,Wayfair
Baby & Kids > Teen Bedroom Furniture > Teen Dressers,0,0.12904946506023407,gold,Wayfair
Facilities & Maintenance > Maintenance Storage > Workbenches,0,0.1916237622499466,gold,Wayfair
Outdoor > Fitness > Weight Benches,0,0.3167639672756195,gold,Wayfair
Shop Office Spaces > Reception Area > Reception Sets,1,0.1772223860025406,gold,Wayfair
Shop Office Spaces > Reception Area > Reception Sets,0,0.1772223860025406,ablation,Wayfair
Outdoor > Umbrellas > Beach Umbrellas,0,0.046002600342035294,gold,Wayfair
"Smallwares > Pots, Pans & Skillets > Egg Poachers",1,0.19139358401298523,gold,Wayfair
"Smallwares > Pots, Pans & Skillets > Egg Poachers",0,0.06505706906318665,ablation,Wayfair
Shop Office Spaces > Reception Area,1,0.13297854363918304,gold,Wayfair
Shop Office Spaces > Reception Area,0,0.13297854363918304,ablation,Wayfair
Organization > Garage & Outdoor Storage & Organization > Shed Accessories,0,0.3101491928100586,gold,Wayfair
Shop Restaurant Spaces > Banquet > Banquet Furniture,1,0.5011374950408936,gold,Wayfair
Shop Restaurant Spaces > Banquet > Banquet Furniture,0,0.5011374950408936,ablation,Wayfair
Shop Office Spaces > Breakrooms & Employee Spaces,1,0.1081790179014206,gold,Wayfair
Shop Office Spaces > Breakrooms & Employee Spaces,0,0.1081790179014206,ablation,Wayfair
Furniture > Bedroom Furniture > Nightstands,0,0.25968286395072937,gold,Wayfair
Outdoor > Umbrellas > Cantilever Umbrellas,1,0.03584044799208641,gold,Wayfair
Outdoor > Umbrellas > Cantilever Umbrellas,0,0.03584044799208641,ablation,Wayfair
Shop Contractor Spaces > Kitchen Renovation,1,0.21428629755973816,gold,Wayfair
Shop Contractor Spaces > Kitchen Renovation,0,0.21428629755973816,ablation,Wayfair
Holiday > Hanukkah > Hanukkah Menorahs,0,0.02985919453203678,gold,Wayfair
"Office Products > Office Electronics > Electronic Dictionaries, Thesauri & Translators",0,0.1717686504125595,gold,Amazon
Industrial & Scientific > Robotics > Unmanned Aerial Vehicles (UAVs),1,0.24373859167099,gold,Amazon
Industrial & Scientific > Robotics > Unmanned Aerial Vehicles (UAVs),0,0.24373859167099,ablation,Amazon
Health & Personal Care > Sports Nutrition > Pre-Workout,0,0.09802311658859253,gold,Amazon
Health & Personal Care > Household Supplies > Moisture Absorbers,1,0.16539767384529114,gold,Amazon
Health & Personal Care > Household Supplies > Moisture Absorbers,0,0.16539767384529114,ablation,Amazon
Industrial & Scientific > Industrial Hardware > Braces & Joist Hangers,1,0.1842993050813675,gold,Amazon
Industrial & Scientific > Industrial Hardware > Braces & Joist Hangers,0,0.1842993050813675,ablation,Amazon
"Industrial & Scientific > Power Transmission Products > Couplings, Collars & Universal Joiners",0,0.07422593981027603,gold,Amazon
"Arts, Crafts & Sewing > Crafting > Scratchboards & Foil Engraving",1,0.2325626015663147,gold,Amazon
"Arts, Crafts & Sewing > Crafting > Scratchboards & Foil Engraving",0,0.13887934386730194,ablation,Amazon
Industrial & Scientific > Power Transmission Products > Mechanical Pulleys,0,0.10306308418512344,gold,Amazon
Home & Kitchen > Event & Party Supplies > Adult Novelty,0,0.2196923792362213,gold,Amazon
Health & Personal Care > Sports Nutrition > Fat Burners & Thermogenics,1,0.1912633627653122,gold,Amazon
Health & Personal Care > Sports Nutrition > Fat Burners & Thermogenics,0,0.1912633627653122,ablation,Amazon
Electronics > Video Game Consoles & Accessories > Xbox One,1,0.09899257868528366,gold,Amazon
Electronics > Video Game Consoles & Accessories > Xbox One,0,0.09899257868528366,ablation,Amazon
"Patio, Lawn & Garden > Farm & Ranch > Livestock Supplies",0,0.2862241566181183,gold,Amazon
"Arts, Crafts & Sewing > Printmaking > Printing Presses & Accessories",0,0.2550172507762909,gold,Amazon
"Patio, Lawn & Garden > Gardening & Lawn Care > Greenhouses & Accessories",0,0.23564650118350983,gold,Amazon
"Patio, Lawn & Garden > Gardening & Lawn Care > Plant & Soil Monitoring",0,0.31532004475593567,gold,Amazon
Industrial & Scientific > Cutting Tools > Countersinks,1,0.16176222264766693,gold,Amazon
Industrial & Scientific > Cutting Tools > Countersinks,0,0.16176222264766693,ablation,Amazon
"Appliances > Refrigerators, Freezers & Ice Makers > Kegerators",1,0.2151385396718979,gold,Amazon
"Appliances > Refrigerators, Freezers & Ice Makers > Kegerators",0,0.15585412085056305,ablation,Amazon
Tools & Home Improvement,1,0.1869410127401352,gold,Amazon
Tools & Home Improvement,0,0.1842002272605896,ablation,Amazon
Home & Kitchen > Bedding > Quilts & Sets,1,0.19628196954727173,gold,Amazon
Home & Kitchen > Bedding > Quilts & Sets,0,0.19628196954727173,ablation,Amazon
Home & Kitchen > Seasonal Décor > Collectible Buildings & Accessories,1,0.2731601595878601,gold,Amazon
Home & Kitchen > Seasonal Décor > Collectible Buildings & Accessories,0,0.2731601595878601,ablation,Amazon
Industrial & Scientific > Cutting Tools > Band Saw Blades,1,0.2323327362537384,gold,Amazon
Industrial & Scientific > Cutting Tools > Band Saw Blades,0,0.16557827591896057,ablation,Amazon
Electronics > Television & Video > Analog-to-Digital (DTV) Converters,1,0.3730090260505676,gold,Amazon
Electronics > Television & Video > Analog-to-Digital (DTV) Converters,0,0.19837617874145508,ablation,Amazon
Industrial & Scientific > Raw Materials > Plastics,0,0.29343026876449585,gold,Amazon
"Industrial & Scientific > Test, Measure & Inspect > Surface & Hardness Testing",1,0.2586977779865265,gold,Amazon
"Industrial & Scientific > Test, Measure & Inspect > Surface & Hardness Testing",0,0.2586977779865265,ablation,Amazon
Appliances > Vacuums & Floor Care > Steam Cleaners & Steam Mops,1,0.287588894367218,gold,Amazon
Appliances > Vacuums & Floor Care > Steam Cleaners & Steam Mops,0,0.287588894367218,ablation,Amazon
"Industrial & Scientific > Test, Measure & Inspect",1,0.2558973431587219,gold,Amazon
"Industrial & Scientific > Test, Measure & Inspect",0,0.2558973431587219,ablation,Amazon
Home & Kitchen > Bedding > Comforters & Sets,1,0.18426024913787842,gold,Amazon
Home & Kitchen > Bedding > Comforters & Sets,0,0.18426024913787842,ablation,Amazon
Home & Kitchen > Seasonal Décor > Snow Globes,1,0.339836984872818,gold,Amazon
Home & Kitchen > Seasonal Décor > Snow Globes,0,0.339836984872818,ablation,Amazon
"Patio, Lawn & Garden > Outdoor Décor > Garage Door Decorations",1,0.21532337367534637,gold,Amazon
"Patio, Lawn & Garden > Outdoor Décor > Garage Door Decorations",0,0.21532337367534637,ablation,Amazon
"Arts, Crafts & Sewing > Beading & Jewelry Making > Beading Supplies",0,0.34100693464279175,gold,Amazon
Industrial & Scientific > Digital Signage > Video Wall Controllers,1,0.32528072595596313,gold,Amazon
Industrial & Scientific > Digital Signage > Video Wall Controllers,0,0.32528072595596313,ablation,Amazon
"Patio, Lawn & Garden > Pools, Hot Tubs & Supplies",0,0.22277434170246124,gold,Amazon
"Patio, Lawn & Garden > Patio Furniture & Accessories > Patio Cushion Storage Bags",1,0.3449714779853821,gold,Amazon
"Patio, Lawn & Garden > Patio Furniture & Accessories > Patio Cushion Storage Bags",0,0.3449714779853821,ablation,Amazon
Health & Personal Care > Sexual Wellness > Adult Toys & Games,0,0.2607100307941437,gold,Amazon
Home & Kitchen > Event & Party Supplies > Ceremony Supplies,1,0.30235713720321655,gold,Amazon
Home & Kitchen > Event & Party Supplies > Ceremony Supplies,0,0.29219427704811096,ablation,Amazon
"Patio, Lawn & Garden > Pools, Hot Tubs & Supplies > Parts & Accessories",0,0.3400309383869171,gold,Amazon
Industrial & Scientific > Material Handling Products > Drum & Pail Handling Equipment,1,0.2927336096763611,gold,Amazon
Industrial & Scientific > Material Handling Products > Drum & Pail Handling Equipment,0,0.2927336096763611,ablation,Amazon
Home & Kitchen > Bedding > Sheets & Pillowcases,1,0.2694050073623657,gold,Amazon
Home & Kitchen > Bedding > Sheets & Pillowcases,0,0.2058427482843399,ablation,Amazon
"Arts, Crafts & Sewing > Scrapbooking & Stamping > Photo Transfer & Coloring Supplies",1,0.25772175192832947,gold,Amazon
"Arts, Crafts & Sewing > Scrapbooking & Stamping > Photo Transfer & Coloring Supplies",0,0.25772175192832947,ablation,Amazon
"Patio, Lawn & Garden > Outdoor Power Tools > Lawn Mowers & Tractors",0,0.2726219594478607,gold,Amazon
Industrial & Scientific > Raw Materials > Wood,0,0.30314040184020996,gold,Amazon
Electronics > eBook Readers & Accessories > Covers,1,0.4319666922092438,gold,Amazon
Electronics > eBook Readers & Accessories > Covers,0,0.4319666922092438,ablation,Amazon
"Patio, Lawn & Garden > Outdoor Power Tools > Pole Saws",1,0.3918634355068207,gold,Amazon
"Patio, Lawn & Garden > Outdoor Power Tools > Pole Saws",0,0.23625299334526062,ablation,Amazon
"Patio, Lawn & Garden > Outdoor Heating & Cooling > Patio Heater Replacement Parts",0,0.4144285023212433,gold,Amazon
Office Products > Office Electronics > Electronic Organizers,0,0.3272897005081177,gold,Amazon
"Patio, Lawn & Garden > Grills & Outdoor Cooking > Outdoor Cooking Tools & Accessories",1,0.32132333517074585,gold,Amazon
"Patio, Lawn & Garden > Grills & Outdoor Cooking > Outdoor Cooking Tools & Accessories",0,0.32132333517074585,ablation,Amazon
Industrial & Scientific > Professional Medical Supplies > Surgical Equipment,1,0.25253480672836304,gold,Amazon
Industrial & Scientific > Professional Medical Supplies > Surgical Equipment,0,0.25253480672836304,ablation,Amazon
"Arts, Crafts & Sewing > Crafting > Sculpture Supplies",1,0.3804665803909302,gold,Amazon
"Arts, Crafts & Sewing > Crafting > Sculpture Supplies",0,0.3422445058822632,ablation,Amazon
Electronics > Video Game Consoles & Accessories > Nintendo Switch Consoles & Accessories,1,0.24137184023857117,gold,Amazon
Electronics > Video Game Consoles & Accessories > Nintendo Switch Consoles & Accessories,0,0.2021232694387436,ablation,Amazon
"Patio, Lawn & Garden > Outdoor Décor > Fountain Accessories",0,0.3520086109638214,gold,Amazon
Industrial & Scientific > Material Handling Products > Material Transport Equipment,1,0.22435404360294342,gold,Amazon
Industrial & Scientific > Material Handling Products > Material Transport Equipment,0,0.22435404360294342,ablation,Amazon
"Home & Kitchen > Kitchen & Dining > Coffee, Tea & Espresso Appliances",1,0.34222152829170227,gold,Amazon
"Home & Kitchen > Kitchen & Dining > Coffee, Tea & Espresso Appliances",0,0.2855561077594757,ablation,Amazon
Tools & Home Improvement > Kitchen & Bath Fixtures,1,0.2728033661842346,gold,Amazon
Tools & Home Improvement > Kitchen & Bath Fixtures,0,0.2728033661842346,ablation,Amazon
Industrial & Scientific > Cutting Tools > Drill & Tap Sets,1,0.4051377475261688,gold,Amazon
Industrial & Scientific > Cutting Tools > Drill & Tap Sets,0,0.4051377475261688,ablation,Amazon
Industrial & Scientific,1,0.44127771258354187,gold,Amazon
Industrial & Scientific,0,0.44127771258354187,ablation,Amazon
"Appliances > Ranges, Ovens & Cooktops > Wall Ovens",0,0.32931891083717346,gold,Amazon
Industrial & Scientific > Professional Medical Supplies > Instruments & Surgical Tools,1,0.3278238773345947,gold,Amazon
Industrial & Scientific > Professional Medical Supplies > Instruments & Surgical Tools,0,0.3278238773345947,ablation,Amazon
Industrial & Scientific > Science Education > Magnets & Magnetism Kits,1,0.43860381841659546,gold,Amazon
Industrial & Scientific > Science Education > Magnets & Magnetism Kits,0,0.43860381841659546,ablation,Amazon
Tools & Home Improvement > Safety & Security > Facility Safety Products,1,0.4485219120979309,gold,Amazon
Tools & Home Improvement > Safety & Security > Facility Safety Products,0,0.4485219120979309,ablation,Amazon
Home & Kitchen > Furniture > Game & Recreation Room Furniture,1,0.40624457597732544,gold,Amazon
Home & Kitchen > Furniture > Game & Recreation Room Furniture,0,0.40624457597732544,ablation,Amazon
"Arts, Crafts & Sewing > Organization, Storage & Transport > Storage Boxes & Organizers",1,0.3963543772697449,gold,Amazon
"Arts, Crafts & Sewing > Organization, Storage & Transport > Storage Boxes & Organizers",0,0.3963543772697449,ablation,Amazon
Industrial & Scientific > Professional Medical Supplies > Patient Treatment Equipment,1,0.3492356836795807,gold,Amazon
Industrial & Scientific > Professional Medical Supplies > Patient Treatment Equipment,0,0.3078592121601105,ablation,Amazon
Tools & Home Improvement > Appliances > In-Refrigerator Water Filters,1,0.4613308608531952,gold,Amazon
Tools & Home Improvement > Appliances > In-Refrigerator Water Filters,0,0.4613308608531952,ablation,Amazon
"Arts, Crafts & Sewing > Sewing > Storage & Furniture",1,0.502643346786499,gold,Amazon
"Arts, Crafts & Sewing > Sewing > Storage & Furniture",0,0.502643346786499,ablation,Amazon
"Arts, Crafts & Sewing > Sewing > Industrial Machines",1,0.3837113678455353,gold,Amazon
"Arts, Crafts & Sewing > Sewing > Industrial Machines",0,0.35905706882476807,ablation,Amazon
Health & Personal Care > Sexual Wellness > Jewelry,0,0.41870853304862976,gold,Amazon
Office Products > Office Furniture & Lighting > Desks & Workstations,1,0.4768711030483246,gold,Amazon
Office Products > Office Furniture & Lighting > Desks & Workstations,0,0.3091510236263275,ablation,Amazon
"Home & Kitchen > Home Décor > Rugs, Pads & Protectors",1,0.49685797095298767,gold,Amazon
"Home & Kitchen > Home Décor > Rugs, Pads & Protectors",0,0.3148980438709259,ablation,Amazon
Tools & Home Improvement > Appliances > Large Appliance Accessories,1,0.31031620502471924,gold,Amazon
Tools & Home Improvement > Appliances > Large Appliance Accessories,0,0.31031620502471924,ablation,Amazon
Home & Kitchen > Event & Party Supplies > Decorations,1,0.43008750677108765,gold,Amazon
Home & Kitchen > Event & Party Supplies > Decorations,0,0.43008750677108765,ablation,Amazon
"Patio, Lawn & Garden > Generators & Portable Power > Generator Accessories",1,0.5003960132598877,gold,Amazon
"Patio, Lawn & Garden > Generators & Portable Power > Generator Accessories",0,0.2510932385921478,ablation,Amazon
"Arts, Crafts & Sewing > Painting, Drawing & Art Supplies > Drawing",1,0.48235830664634705,gold,Amazon
"Arts, Crafts & Sewing > Painting, Drawing & Art Supplies > Drawing",0,0.48235830664634705,ablation,Amazon
Tools & Home Improvement > Hardware > Gate Hardware,1,0.3854030966758728,gold,Amazon
Tools & Home Improvement > Hardware > Gate Hardware,0,0.3854030966758728,ablation,Amazon
Electronics > Television & Video > HD DVD Players,1,0.5377064347267151,gold,Amazon
Electronics > Television & Video > HD DVD Players,0,0.295708566904068,ablation,Amazon
"Health & Personal Care > Vitamins, Minerals & Supplements",1,0.43153512477874756,gold,Amazon
"Health & Personal Care > Vitamins, Minerals & Supplements",0,0.3169073462486267,ablation,Amazon
"Industrial & Scientific > Adhesives, Sealants & Lubricants > Adhesive Tapes",1,0.5600443482398987,gold,Amazon
"Industrial & Scientific > Adhesives, Sealants & Lubricants > Adhesive Tapes",0,0.5600443482398987,ablation,Amazon
"Industrial & Scientific > Adhesives, Sealants & Lubricants > Adhesive Primers",1,0.5112274885177612,gold,Amazon
"Industrial & Scientific > Adhesives, Sealants & Lubricants > Adhesive Primers",0,0.5112274885177612,ablation,Amazon
Home & Kitchen > Bedding > Bedding Duvet Covers & Sets,1,0.6238399744033813,gold,Amazon
Home & Kitchen > Bedding > Bedding Duvet Covers & Sets,0,0.17488433420658112,ablation,Amazon
Appliances > Laundry Appliances,1,0.4412044584751129,gold,Amazon
Appliances > Laundry Appliances,0,0.4208163917064667,ablation,Amazon
"Health & Personal Care > Vitamins, Minerals & Supplements > DIM Supplements",1,0.48607149720191956,gold,Amazon
"Health & Personal Care > Vitamins, Minerals & Supplements > DIM Supplements",0,0.48607149720191956,ablation,Amazon
Industrial & Scientific > Commercial Door Products > Commercial Door Hardware,1,0.5387183427810669,gold,Amazon
Industrial & Scientific > Commercial Door Products > Commercial Door Hardware,0,0.3190550208091736,ablation,Amazon
"Patio, Lawn & Garden > Outdoor Heating & Cooling",1,0.5289151072502136,gold,Amazon
"Patio, Lawn & Garden > Outdoor Heating & Cooling",0,0.5289151072502136,ablation,Amazon
Industrial & Scientific > Occupational Health & Safety Products > Safety Signs & Signals,1,0.5608538389205933,gold,Amazon
Industrial & Scientific > Occupational Health & Safety Products > Safety Signs & Signals,0,0.3836968243122101,ablation,Amazon
Industrial & Scientific > Power & Hand Tools > Industrial Power Tools,1,0.612956166267395,gold,Amazon
Industrial & Scientific > Power & Hand Tools > Industrial Power Tools,0,0.3844034671783447,ablation,Amazon
Health & Personal Care > Household Supplies > Air Fresheners,1,0.5024879574775696,gold,Amazon
Health & Personal Care > Household Supplies > Air Fresheners,0,0.16321098804473877,ablation,Amazon
Health & Personal Care > Medical Supplies & Equipment > Orthopedic Supplies,1,0.6034021973609924,gold,Amazon
Health & Personal Care > Medical Supplies & Equipment > Orthopedic Supplies,0,0.2631709575653076,ablation,Amazon
Tools & Home Improvement > Electrical > Electrical Ballasts,1,0.5523611307144165,gold,Amazon
Tools & Home Improvement > Electrical > Electrical Ballasts,0,0.5523611307144165,ablation,Amazon
"Arts, Crafts & Sewing > Painting, Drawing & Art Supplies > Painting",1,0.5290631651878357,gold,Amazon
"Arts, Crafts & Sewing > Painting, Drawing & Art Supplies > Painting",0,0.22381867468357086,ablation,Amazon
"Home & Kitchen > Home Décor > Photo Albums, Frames & Accessories",1,0.4993554949760437,gold,Amazon
"Home & Kitchen > Home Décor > Photo Albums, Frames & Accessories",0,0.1922587752342224,ablation,Amazon
Industrial & Scientific > Packaging & Shipping Supplies > Corrugated Pads,1,0.6198891401290894,gold,Amazon
Industrial & Scientific > Packaging & Shipping Supplies > Corrugated Pads,0,0.26817891001701355,ablation,Amazon
Health & Personal Care,1,0.6069204807281494,gold,Amazon
Health & Personal Care,0,0.4012579321861267,ablation,Amazon
Tools & Home Improvement > Measuring & Layout Tools,1,0.672990083694458,gold,Amazon
Tools & Home Improvement > Measuring & Layout Tools,0,0.265291690826416,ablation,Amazon
"Arts, Crafts & Sewing > Crafting",1,0.783210277557373,gold,Amazon
"Arts, Crafts & Sewing > Crafting",0,0.39193689823150635,ablation,Amazon
"Home & Kitchen > Heating, Cooling & Air Quality > Humidifiers",1,0.8490733504295349,gold,Amazon
"Home & Kitchen > Heating, Cooling & Air Quality > Humidifiers",0,0.14480739831924438,ablation,Amazon
Industrial & Scientific > Retail Store Fixtures & Equipment > Mannequins,1,0.8459305167198181,gold,Amazon
Industrial & Scientific > Retail Store Fixtures & Equipment > Mannequins,0,0.1609983593225479,ablation,Amazon
Tools & Home Improvement > Hardware > Door Hardware & Locks,1,0.6002833843231201,gold,Amazon
Tools & Home Improvement > Hardware > Door Hardware & Locks,0,0.2582041919231415,ablation,Amazon
Tools & Home Improvement > Lighting & Ceiling Fans > Commercial Lighting,1,0.7672140598297119,gold,Amazon
Tools & Home Improvement > Lighting & Ceiling Fans > Commercial Lighting,0,0.37312227487564087,ablation,Amazon
Industrial & Scientific > Professional Dental Supplies > Cosmetics & Restoratives,1,0.7474493980407715,gold,Amazon
Industrial & Scientific > Professional Dental Supplies > Cosmetics & Restoratives,0,0.471981942653656,ablation,Amazon
Office Products > Office Electronics > Point-of-Sale (POS) Equipment,1,0.7772411704063416,gold,Amazon
Office Products > Office Electronics > Point-of-Sale (POS) Equipment,0,0.24536748230457306,ablation,Amazon
"Arts, Crafts & Sewing > Organization, Storage & Transport > Storage Cabinets",1,0.8267849087715149,gold,Amazon
"Arts, Crafts & Sewing > Organization, Storage & Transport > Storage Cabinets",0,0.508630096912384,ablation,Amazon
Tools & Home Improvement > Hardware > Grommets,1,0.09132106602191925,gold,Amazon
Tools & Home Improvement > Hardware > Grommets,0,0.06825993955135345,ablation,Amazon
"Patio, Lawn & Garden > Grills & Outdoor Cooking > Grills & Smokers",0,0.1980740875005722,gold,Amazon
Electronics > Video Game Consoles & Accessories > Xbox 360,1,0.06841102987527847,gold,Amazon
Electronics > Video Game Consoles & Accessories > Xbox 360,0,0.06841102987527847,ablation,Amazon
"Arts, Crafts & Sewing > Crafting > Weaving & Spinning",0,0.22528712451457977,gold,Amazon
Health & Personal Care > Sexual Wellness > Novelties,0,0.06899165362119675,gold,Amazon
Industrial & Scientific > Professional Dental Supplies > Anesthesia,1,0.1966068595647812,gold,Amazon
Industrial & Scientific > Professional Dental Supplies > Anesthesia,0,0.09078303724527359,ablation,Amazon
Industrial & Scientific > Science Education > Optics,1,0.14737780392169952,gold,Amazon
Industrial & Scientific > Science Education > Optics,0,0.14737780392169952,ablation,Amazon
Home & Kitchen > Home Décor > Draft Stoppers,0,0.14186686277389526,gold,Amazon
"Arts, Crafts & Sewing > Fabric Decorating > Dyes",0,0.054159507155418396,gold,Amazon
Home & Kitchen > Seasonal Décor > Nutcrackers,1,0.20765134692192078,gold,Amazon
Home & Kitchen > Seasonal Décor > Nutcrackers,0,0.20765134692192078,ablation,Amazon
"Arts, Crafts & Sewing > Beading & Jewelry Making > Charms",0,0.09404711425304413,gold,Amazon
Health & Personal Care > Household Supplies > Lighters & Matches,0,0.18384718894958496,gold,Amazon
Industrial & Scientific > Janitorial & Sanitation Supplies > Commercial Odor & Drain Maintainers,1,0.22709299623966217,gold,Amazon
Industrial & Scientific > Janitorial & Sanitation Supplies > Commercial Odor & Drain Maintainers,0,0.22709299623966217,ablation,Amazon
Health & Personal Care > Vision Care > Contact Lenses,0,0.11111956089735031,gold,Amazon
Appliances > Garbage Disposals & Compactors > Trash Compactors,0,0.2662351429462433,gold,Amazon
Industrial & Scientific > Material Handling Products > Loading Dock Levelers,0,0.16338452696800232,gold,Amazon
"Patio, Lawn & Garden > Gardening & Lawn Care > Greenhouses & Plant Germination Equipment",0,0.1499462127685547,gold,Amazon
Home & Kitchen > Seasonal Décor > Nativity,1,0.11279881000518799,gold,Amazon
Home & Kitchen > Seasonal Décor > Nativity,0,0.11279881000518799,ablation,Amazon
Electronics > Video Game Consoles & Accessories > PlayStation 3,1,0.11815790832042694,gold,Amazon
Electronics > Video Game Consoles & Accessories > PlayStation 3,0,0.11815790832042694,ablation,Amazon
Industrial & Scientific > Industrial Electrical > Semiconductor Products,0,0.25483396649360657,gold,Amazon
Party & Occasions > Gender Reveal Party Supplies > Gender Reveal Tableware,1,0.30366554856300354,gold,Walmart
Party & Occasions > Gender Reveal Party Supplies > Gender Reveal Tableware,0,0.30366554856300354,ablation,Walmart
Sports & Outdoors > Sports > Softball Gear & Equipment > Softball Bats,1,0.11107885837554932,gold,Walmart
Sports & Outdoors > Sports > Softball Gear & Equipment > Softball Bats,0,0.11107885837554932,ablation,Walmart
Health and Medicine > Vitamins and Supplements > Emergen C > Emergen C Energy Hydration,1,0.16117322444915771,gold,Walmart
Health and Medicine > Vitamins and Supplements > Emergen C > Emergen C Energy Hydration,0,0.16117322444915771,ablation,Walmart
Health and Medicine > Ear Care > Earache,1,0.07063953578472137,gold,Walmart
Health and Medicine > Ear Care > Earache,0,0.07063953578472137,ablation,Walmart
Arts Crafts & Sewing > Elmer's > Elmer's Slime Kits,1,0.1902070939540863,gold,Walmart
Arts Crafts & Sewing > Elmer's > Elmer's Slime Kits,0,0.15716876089572906,ablation,Walmart
Health and Medicine > Weight Loss > Raspberry Ketones,1,0.04870690405368805,gold,Walmart
Health and Medicine > Weight Loss > Raspberry Ketones,0,0.04870690405368805,ablation,Walmart
Sports & Outdoors > Recreation > Trampolines > Round Trampolines,0,0.0726771131157875,gold,Walmart
Arts Crafts & Sewing > Crafting > Printmaking > Etching Intaglio,0,0.07809913903474808,gold,Walmart
Industrial & Scientific > Professional Safety Shop > Featured Brands > 3M,1,0.03958208113908768,gold,Walmart
Industrial & Scientific > Professional Safety Shop > Featured Brands > 3M,0,0.03958208113908768,ablation,Walmart
Personal Care > Bath & Body > Dove x Crumbl,1,0.1885318160057068,gold,Walmart
Personal Care > Bath & Body > Dove x Crumbl,0,0.1885318160057068,ablation,Walmart
Health and Medicine > Vision Centers > Reading Glasses > Reading Sunglasses,1,0.13209599256515503,gold,Walmart
Health and Medicine > Vision Centers > Reading Glasses > Reading Sunglasses,0,0.13209599256515503,ablation,Walmart
Cell Phones > Phone & Data Plans > Straight Talk Prepaid Plans,0,0.1089257150888443,gold,Walmart
Sports & Outdoors > Sports > Basketball > Basketball Training,1,0.2521798610687256,gold,Walmart
Sports & Outdoors > Sports > Basketball > Basketball Training,0,0.2521798610687256,ablation,Walmart
Arts Crafts & Sewing > Crafting > Speciality Crafts & Hobbies > Glass Mosaics,0,0.15049737691879272,gold,Walmart
Health and Medicine > Pain management > (unnamed ID 9185253) > Motrin,1,0.05298919230699539,gold,Walmart
Health and Medicine > Pain management > (unnamed ID 9185253) > Motrin,0,0.05298919230699539,ablation,Walmart
Arts Crafts & Sewing > Sewing > Sewing Machine Parts > Presser Feet,1,0.09823669493198395,gold,Walmart
Arts Crafts & Sewing > Sewing > Sewing Machine Parts > Presser Feet,0,0.091990627348423,ablation,Walmart
Health and Medicine > Vitamins and Supplements > One a Day > One a Day 50 Adults,1,0.16231219470500946,gold,Walmart
Health and Medicine > Vitamins and Supplements > One a Day > One a Day 50 Adults,0,0.16231219470500946,ablation,Walmart
Party & Occasions > Lumberjack Party Supplies > Lumberjack Decorative Baking,1,0.18923063576221466,gold,Walmart
Party & Occasions > Lumberjack Party Supplies > Lumberjack Decorative Baking,0,0.18923063576221466,ablation,Walmart
Health and Medicine > Smoking Cessation > Cope With Withdrawal > Stay Hydrated,1,0.1012694463133812,gold,Walmart
Health and Medicine > Smoking Cessation > Cope With Withdrawal > Stay Hydrated,0,0.1012694463133812,ablation,Walmart
Sports & Outdoors > Bikes > Bike Accessories > Bike Locks,1,0.33850130438804626,gold,Walmart
Sports & Outdoors > Bikes > Bike Accessories > Bike Locks,0,0.33850130438804626,ablation,Walmart
Sports & Outdoors > Sports > Soccer Gear and Equipment > Soccer Balls,1,0.26244935393333435,gold,Walmart
Sports & Outdoors > Sports > Soccer Gear and Equipment > Soccer Balls,0,0.26244935393333435,ablation,Walmart
Health and Medicine > Foot Care > Natureplex,1,0.0964774340391159,gold,Walmart
Health and Medicine > Foot Care > Natureplex,0,0.0964774340391159,ablation,Walmart
Health and Medicine > Vision Centers > Reading Glasses > 2 75 Reading Glasses,1,0.2234276384115219,gold,Walmart
Health and Medicine > Vision Centers > Reading Glasses > 2 75 Reading Glasses,0,0.2234276384115219,ablation,Walmart
Party & Occasions > Halloween Costumes > Kpop Popstar Costumes,1,0.22936636209487915,gold,Walmart
Party & Occasions > Halloween Costumes > Kpop Popstar Costumes,0,0.10441923886537552,ablation,Walmart
Party & Occasions > Hello Kitty Party Supplies > Hello Kitty Party Decorations,1,0.23272885382175446,gold,Walmart
Party & Occasions > Hello Kitty Party Supplies > Hello Kitty Party Decorations,0,0.2191549837589264,ablation,Walmart
Industrial & Scientific > Medical & Dental > CPAP Products > Cpap Tubing,1,0.3318098485469818,gold,Walmart
Industrial & Scientific > Medical & Dental > CPAP Products > Cpap Tubing,0,0.3318098485469818,ablation,Walmart
Health and Medicine > Pain management > Tylenol,1,0.09252940118312836,gold,Walmart
Health and Medicine > Pain management > Tylenol,0,0.09252940118312836,ablation,Walmart
Party & Occasions > Thanksgiving Party Supplies > Thanksgiving Centerpieces,1,0.13586990535259247,gold,Walmart
Party & Occasions > Thanksgiving Party Supplies > Thanksgiving Centerpieces,0,0.13586990535259247,ablation,Walmart
Walmart for Business > Medical & Dental > Patient Care > Reflex Hammers,1,0.22298021614551544,gold,Walmart
Walmart for Business > Medical & Dental > Patient Care > Reflex Hammers,0,0.22298021614551544,ablation,Walmart
Health and Medicine > Allergy Medicine > Nasalcrom,1,0.07793852686882019,gold,Walmart
Health and Medicine > Allergy Medicine > Nasalcrom,0,0.022813746705651283,ablation,Walmart
Arts Crafts & Sewing > Crafting > Printmaking > Printing Presses Accessories,0,0.25238436460494995,gold,Walmart
Home > Personalized Gifts > Personalized Pet Gifts > Personalized Pet Memorials,0,0.1644662618637085,gold,Walmart
Party & Occasions > Party Supplies > (unnamed ID 6339104) > Halloween Candy Buffet Treat Decorating,1,0.2543385922908783,gold,Walmart
Party & Occasions > Party Supplies > (unnamed ID 6339104) > Halloween Candy Buffet Treat Decorating,0,0.2543385922908783,ablation,Walmart
Party & Occasions > Spirit Riding Free Party Supplies > Spirit Riding Free Cards,1,0.24081766605377197,gold,Walmart
Party & Occasions > Spirit Riding Free Party Supplies > Spirit Riding Free Cards,0,0.24081766605377197,ablation,Walmart
Patio & Garden > Garden Center > Garden Tools > Hand Cultivators,1,0.2409100979566574,gold,Walmart
Patio & Garden > Garden Center > Garden Tools > Hand Cultivators,0,0.2409100979566574,ablation,Walmart
Household Essentials,1,0.3021990656852722,gold,Walmart
Household Essentials,0,0.3021990656852722,ablation,Walmart
Party & Occasions > Halloween Costumes > Angry Birds Costumes,1,0.2418287992477417,gold,Walmart
Party & Occasions > Halloween Costumes > Angry Birds Costumes,0,0.17242757976055145,ablation,Walmart
Party & Occasions > Baby Shark Party Supplies > Baby Shark Party Decorations,1,0.2508304715156555,gold,Walmart
Party & Occasions > Baby Shark Party Supplies > Baby Shark Party Decorations,0,0.23891587555408478,ablation,Walmart
Arts Crafts & Sewing > Art Supplies > Ceramic & Pottery Supplies,1,0.20911432802677155,gold,Walmart
Arts Crafts & Sewing > Art Supplies > Ceramic & Pottery Supplies,0,0.20911432802677155,ablation,Walmart
Patio & Garden > Patio & Outdoor Decor > (unnamed ID 2025934) > Outdoor Rugs 5 X 8,1,0.37698453664779663,gold,Walmart
Patio & Garden > Patio & Outdoor Decor > (unnamed ID 2025934) > Outdoor Rugs 5 X 8,0,0.3302326500415802,ablation,Walmart
Industrial & Scientific > Food Service Equipment & Supplies > Food Trailers,0,0.20860619843006134,gold,Walmart
Party & Occasions > Halloween Costumes > Gamer Halloween Costumes,1,0.25532296299934387,gold,Walmart
Party & Occasions > Halloween Costumes > Gamer Halloween Costumes,0,0.12851284444332123,ablation,Walmart
Personal Care > Bath & Body > CleanLogic,1,0.1885318160057068,gold,Walmart
Personal Care > Bath & Body > CleanLogic,0,0.1885318160057068,ablation,Walmart
"Home Improvement > Heating, Cooling, & Air Quality > Evaporative Coolers and Parts > Evaporative Cooler Parts Accessories",0,0.2782142758369446,gold,Walmart
Personal Care > Shaving > Shave Oil,1,0.34273141622543335,gold,Walmart
Personal Care > Shaving > Shave Oil,0,0.3376067578792572,ablation,Walmart
Party & Occasions > Halloween Costumes > Mickey Mouse Costumes,1,0.25451603531837463,gold,Walmart
Party & Occasions > Halloween Costumes > Mickey Mouse Costumes,0,0.16331608593463898,ablation,Walmart
Party & Occasions > Halloween Costumes > Genie Costume,1,0.24703294038772583,gold,Walmart
Party & Occasions > Halloween Costumes > Genie Costume,0,0.14314092695713043,ablation,Walmart
Personal Care > Bath & Body > Body Butters,1,0.37820807099342346,gold,Walmart
Personal Care > Bath & Body > Body Butters,0,0.36225688457489014,ablation,Walmart
Walmart for Business > Food Service Equipment & Supplies > Food Truck Supplies & Equipment > Serving Disposables,1,0.37066489458084106,gold,Walmart
Walmart for Business > Food Service Equipment & Supplies > Food Truck Supplies & Equipment > Serving Disposables,0,0.37066489458084106,ablation,Walmart
Household Essentials > Cleaning Supplies > (unnamed ID 2963058) > Scrubbing Bubbles Toilet Cleaners,1,0.3159143030643463,gold,Walmart
Household Essentials > Cleaning Supplies > (unnamed ID 2963058) > Scrubbing Bubbles Toilet Cleaners,0,0.3159143030643463,ablation,Walmart
Walmart for Business > Breakroom Supplies > Breakroom Appliances > Pressure Cookers,1,0.3512149751186371,gold,Walmart
Walmart for Business > Breakroom Supplies > Breakroom Appliances > Pressure Cookers,0,0.2552608847618103,ablation,Walmart
Patio & Garden > Patio & Outdoor Decor > Garden Decorations > Pinwheels Spinners,1,0.289443701505661,gold,Walmart
Patio & Garden > Patio & Outdoor Decor > Garden Decorations > Pinwheels Spinners,0,0.289443701505661,ablation,Walmart
"Home > Appliances > Ranges, Ovens and Cooktops > Convection Ovens",0,0.24312973022460938,gold,Walmart
Sports & Outdoors > Outdoor Sports > Self Defense Tools > Pepper Spray,0,0.2678118646144867,gold,Walmart
Party & Occasions > Wedding Shop > Bridal Shower > Bridal Shower Party Decorations,1,0.19405506551265717,gold,Walmart
Party & Occasions > Wedding Shop > Bridal Shower > Bridal Shower Party Decorations,0,0.19405506551265717,ablation,Walmart
Health and Medicine > Protein > Quest Nutrition,1,0.27832847833633423,gold,Walmart
Health and Medicine > Protein > Quest Nutrition,0,0.27832847833633423,ablation,Walmart
Industrial & Scientific > Professional Safety Shop > Foot Protection > Tactical & Military Foot Protection,0,0.28766342997550964,gold,Walmart
Seasonal > Back to School > Shop all Back to School,1,0.43663427233695984,gold,Walmart
Seasonal > Back to School > Shop all Back to School,0,0.24263092875480652,ablation,Walmart
Office Supplies > Folders > Expanding Folders,1,0.44457462430000305,gold,Walmart
Office Supplies > Folders > Expanding Folders,0,0.19280622899532318,ablation,Walmart
Household Essentials > Cleaning Supplies > Clorox All Purpose Cleaners > Clorox Wipes,1,0.29534488916397095,gold,Walmart
Household Essentials > Cleaning Supplies > Clorox All Purpose Cleaners > Clorox Wipes,0,0.29534488916397095,ablation,Walmart
Party & Occasions > Wedding Shop > Wedding Planning > Notebooks Planners,1,0.4738658368587494,gold,Walmart
Party & Occasions > Wedding Shop > Wedding Planning > Notebooks Planners,0,0.4738658368587494,ablation,Walmart
Health and Medicine > Children's Health > Children's Cough Cold,1,0.39298343658447266,gold,Walmart
Health and Medicine > Children's Health > Children's Cough Cold,0,0.12495871633291245,ablation,Walmart
Industrial & Scientific > Occupational Health & Safety Products > Facility Safety,1,0.4878155291080475,gold,Walmart
Industrial & Scientific > Occupational Health & Safety Products > Facility Safety,0,0.4878155291080475,ablation,Walmart
Party & Occasions > Curious George Party Supplies,1,0.3987150490283966,gold,Walmart
Party & Occasions > Curious George Party Supplies,0,0.15922963619232178,ablation,Walmart
Home > Personalized Gifts > Personalized Father's Day Gifts > Personalized Men's Jewelry,0,0.2797292470932007,gold,Walmart
Health and Medicine > Vitamins and Supplements > Hair Skin and Nails,1,0.38605600595474243,gold,Walmart
Health and Medicine > Vitamins and Supplements > Hair Skin and Nails,0,0.38605600595474243,ablation,Walmart
Industrial & Scientific > Medical & Dental > CPAP Products,1,0.3439883887767792,gold,Walmart
Industrial & Scientific > Medical & Dental > CPAP Products,0,0.3439883887767792,ablation,Walmart
Home > Dorm Room Essentials > Dorm Bedding,1,0.43363818526268005,gold,Walmart
Home > Dorm Room Essentials > Dorm Bedding,0,0.1194179430603981,ablation,Walmart
Home > Furniture > Bedroom Furniture > Queen Headboard,1,0.4730131924152374,gold,Walmart
Home > Furniture > Bedroom Furniture > Queen Headboard,0,0.17942434549331665,ablation,Walmart
Personal Care > Oral Care > FSA/HSA Eligible Dental Care,1,0.3664732575416565,gold,Walmart
Personal Care > Oral Care > FSA/HSA Eligible Dental Care,0,0.2539942264556885,ablation,Walmart
Home > Furniture > Office Furniture > White Office Furniture,1,0.4754188358783722,gold,Walmart
Home > Furniture > Office Furniture > White Office Furniture,0,0.3003057539463043,ablation,Walmart
Office Supplies > Laminators & Laminating Supplies > Scotch Laminators,1,0.43046632409095764,gold,Walmart
Office Supplies > Laminators & Laminating Supplies > Scotch Laminators,0,0.10692265629768372,ablation,Walmart
Party & Occasions > Baptism Party Supplies > Baptism Invitations & Cards,1,0.5309309959411621,gold,Walmart
Party & Occasions > Baptism Party Supplies > Baptism Invitations & Cards,0,0.388073593378067,ablation,Walmart
Home Improvement > Home Safety > Personal Safety,0,0.42738592624664307,gold,Walmart
Household Essentials > Paper & Plastic > Wax Paper,1,0.5363104343414307,gold,Walmart
Household Essentials > Paper & Plastic > Wax Paper,0,0.5363104343414307,ablation,Walmart
Electronics > TV & Home Theater > Shop TVS by Type > Roku TVS,1,0.38833218812942505,gold,Walmart
Electronics > TV & Home Theater > Shop TVS by Type > Roku TVS,0,0.03385331854224205,ablation,Walmart
Personal Care > Sun Care > Mineral Sunscreen,1,0.3886800706386566,gold,Walmart
Personal Care > Sun Care > Mineral Sunscreen,0,0.09916634857654572,ablation,Walmart
Party & Occasions > Cars Party Supplies > Cars Party Favors,1,0.5660218596458435,gold,Walmart
Party & Occasions > Cars Party Supplies > Cars Party Favors,0,0.30875810980796814,ablation,Walmart
Home > Decor > Decorative Accents > Sculptures,1,0.4822048544883728,gold,Walmart
Home > Decor > Decorative Accents > Sculptures,0,0.09765025228261948,ablation,Walmart
Office Supplies > Retail Essentials > Office Signs > Business Card Holders Name Plates,1,0.4727186858654022,gold,Walmart
Office Supplies > Retail Essentials > Office Signs > Business Card Holders Name Plates,0,0.3195493221282959,ablation,Walmart
Arts Crafts & Sewing > Arts & Crafts Furniture and Storage > Art Portfolio & Poster Storage,1,0.5011127591133118,gold,Walmart
Arts Crafts & Sewing > Arts & Crafts Furniture and Storage > Art Portfolio & Poster Storage,0,0.2677361071109772,ablation,Walmart
Home > Appliances > Refrigerators > Mini Fridges Compact Refrigerators,1,0.37452179193496704,gold,Walmart
Home > Appliances > Refrigerators > Mini Fridges Compact Refrigerators,0,0.23413527011871338,ablation,Walmart
Household Essentials > Laundry > (unnamed ID 1277425) > High Efficient Liquid Laundry Detergent,1,0.5604203939437866,gold,Walmart
Household Essentials > Laundry > (unnamed ID 1277425) > High Efficient Liquid Laundry Detergent,0,0.2373843789100647,ablation,Walmart
Walmart for Business > Food Service Equipment & Supplies > Storage & Transport,1,0.6237008571624756,gold,Walmart
Walmart for Business > Food Service Equipment & Supplies > Storage & Transport,0,0.2352362424135208,ablation,Walmart
Home > Decor > Lighting & Light Fixtures > Ceiling Fixtures,1,0.42628753185272217,gold,Walmart
Home > Decor > Lighting & Light Fixtures > Ceiling Fixtures,0,0.42628753185272217,ablation,Walmart
"Home Improvement > Heating, Cooling, & Air Quality > Fans",1,0.5329074859619141,gold,Walmart
"Home Improvement > Heating, Cooling, & Air Quality > Fans",0,0.407969206571579,ablation,Walmart
Personal Care > Bath & Body > Hempz Body Wash,1,0.37019580602645874,gold,Walmart
Personal Care > Bath & Body > Hempz Body Wash,0,0.327006995677948,ablation,Walmart
Household Essentials > Paper & Plastic > Food Storage Containers,1,0.7204622030258179,gold,Walmart
Household Essentials > Paper & Plastic > Food Storage Containers,0,0.5962048172950745,ablation,Walmart
Office Supplies > Retail Essentials > Clipboards > Plastic Clipboards,1,0.5568824410438538,gold,Walmart
Office Supplies > Retail Essentials > Clipboards > Plastic Clipboards,0,0.19162295758724213,ablation,Walmart
Home > Furniture > Office Furniture > 1 Drawer File Cabinets,1,0.6482347249984741,gold,Walmart
Home > Furniture > Office Furniture > 1 Drawer File Cabinets,0,0.3726542890071869,ablation,Walmart
Home Improvement > Tools > Personal Protective Equipment > Masks Respirators,1,0.7712327837944031,gold,Walmart
Home Improvement > Tools > Personal Protective Equipment > Masks Respirators,0,0.22094279527664185,ablation,Walmart
Home > Furniture > Office Furniture,1,0.5847404599189758,gold,Walmart
Home > Furniture > Office Furniture,0,0.3793105483055115,ablation,Walmart
Home Improvement > Paint > Interior Paint > Wall Paint,1,0.5310041904449463,gold,Walmart
Home Improvement > Paint > Interior Paint > Wall Paint,0,0.5310041904449463,ablation,Walmart
Office Supplies > School Supplies,1,0.8731139898300171,gold,Walmart
Office Supplies > School Supplies,0,0.351583331823349,ablation,Walmart
Office Supplies > Binders & Accessories > Binders,1,0.7865545153617859,gold,Walmart
Office Supplies > Binders & Accessories > Binders,0,0.4799140393733978,ablation,Walmart
Walmart for Business > Teaching and Classroom Supplies > Classroom Organization,1,0.5396390557289124,gold,Walmart
Walmart for Business > Teaching and Classroom Supplies > Classroom Organization,0,0.3808840215206146,ablation,Walmart
Office Supplies > Retail Essentials > Time Clocks & Cards,1,0.6656625866889954,gold,Walmart
Office Supplies > Retail Essentials > Time Clocks & Cards,0,0.40680167078971863,ablation,Walmart
Health and Medicine > Allergy Medicine > Simply Saline,1,0.07729892432689667,gold,Walmart
Health and Medicine > Allergy Medicine > Simply Saline,0,0.05211828276515007,ablation,Walmart
Home Improvement > Building Materials > Insulation > Attic Insulation,0,0.05853549763560295,gold,Walmart
Sports & Outdoors > Bikes > Kids Bikes > Boys Bikes,1,0.04193466156721115,gold,Walmart
Sports & Outdoors > Bikes > Kids Bikes > Boys Bikes,0,0.04193466156721115,ablation,Walmart
Party & Occasions > Pirate Party Supplies > Pirate Cards,1,0.3286963403224945,gold,Walmart
Party & Occasions > Pirate Party Supplies > Pirate Cards,0,0.3286963403224945,ablation,Walmart
Sports & Outdoors > Exercise & Fitness > Pilates > Yoga Pilates Bands,1,0.18006369471549988,gold,Walmart
Sports & Outdoors > Exercise & Fitness > Pilates > Yoga Pilates Bands,0,0.18006369471549988,ablation,Walmart
Health and Medicine > Protein > Scivation > Xtend Bcaa Bcaas Hydration,0,0.06831246614456177,gold,Walmart
Electronics > Smart Home > Shop by Compatibility > Ifttt Compatible,1,0.07968506217002869,gold,Walmart
Electronics > Smart Home > Shop by Compatibility > Ifttt Compatible,0,0.07968506217002869,ablation,Walmart
Arts Crafts & Sewing > Elmer's > Elmer's Glitter Glues,1,0.1882244199514389,gold,Walmart
Arts Crafts & Sewing > Elmer's > Elmer's Glitter Glues,0,0.12932462990283966,ablation,Walmart
Party & Occasions > Emoji Party Supplies > Emoji Tableware,1,0.3762444853782654,gold,Walmart
Party & Occasions > Emoji Party Supplies > Emoji Tableware,0,0.3762444853782654,ablation,Walmart
Sports & Outdoors > Outdoor Sports > The Eddie Bauer Shop,1,0.09478479623794556,gold,Walmart
Sports & Outdoors > Outdoor Sports > The Eddie Bauer Shop,0,0.09478479623794556,ablation,Walmart
Cell Phones > Phone & Data Plans > Family Plans,0,0.15775786340236664,gold,Walmart
Health and Medicine > Protein > Fairlife Protein Shakes,1,0.09065305441617966,gold,Walmart
Health and Medicine > Protein > Fairlife Protein Shakes,0,0.09065305441617966,ablation,Walmart
Health and Medicine > Keto Diet > Keto Friendly Proteins,0,0.058485791087150574,gold,Walmart
Health and Medicine > Sports Medicine & Injury Recovery Solution > Return to Function After Injury > Feel Supported and Avoid Re-Injury,1,0.08468079566955566,gold,Walmart
Health and Medicine > Sports Medicine & Injury Recovery Solution > Return to Function After Injury > Feel Supported and Avoid Re-Injury,0,0.060494713485240936,ablation,Walmart
Home > Featured Shops > Drew Barrymore Flower Home > Drew Barrymore Flower Home Bed Bath,1,0.157035693526268,gold,Walmart
Home > Featured Shops > Drew Barrymore Flower Home > Drew Barrymore Flower Home Bed Bath,0,0.11825210601091385,ablation,Walmart
Industrial & Scientific > Farm & Ranch,0,0.10140462219715118,gold,Walmart
Patio & Garden > Patio & Outdoor Decor > Weathervanes,0,0.16495272517204285,gold,Walmart
Health and Medicine > Vision Centers > Prescription Glasses > Men's Eyeglasses,0,0.14397650957107544,gold,Walmart
Patio & Garden > Patio & Outdoor Decor > Garden Statues > Buddha Statues,1,0.06673000007867813,gold,Walmart
Patio & Garden > Patio & Outdoor Decor > Garden Statues > Buddha Statues,0,0.06673000007867813,ablation,Walmart
Sports & Outdoors > Sports > Tennis & Racquets > Tennis Racquets,1,0.08157438039779663,gold,Walmart
Sports & Outdoors > Sports > Tennis & Racquets > Tennis Racquets,0,0.08157438039779663,ablation,Walmart
