comp_path,y,score,kind,competitor
Electronics > Phones & Accessories > Conferencing > Teleconferencing,1,0.5308550596237183,gold,OfficeDepot
Electronics > Phones & Accessories > Conferencing > Teleconferencing,0,0.530855054960192,ablation,OfficeDepot
Office Supplies > Business Forms & Bookkeeping > Financial Bookkeeping > Columnar Pads,1,0.5836756229400635,gold,OfficeDepot
Office Supplies > Business Forms & Bookkeeping > Financial Bookkeeping > Columnar Pads,0,0.583675604821198,ablation,OfficeDepot
Breakroom > Appliances > Kitchen > Stoves,0,0.5706862211227417,gold,OfficeDepot
"Office Supplies > Mailing, Packing & Shipping > Mailroom Equipment",1,0.6260672807693481,gold,OfficeDepot
"Office Supplies > Mailing, Packing & Shipping > Mailroom Equipment",0,0.6030381070397676,ablation,OfficeDepot
Breakroom > Fresh & Frozen Foods > Dairy,1,0.5738014578819275,gold,OfficeDepot
Breakroom > Fresh & Frozen Foods > Dairy,0,0.5251789093017578,ablation,OfficeDepot
Breakroom > Appliances > Kitchen > Can Openers,1,0.5838543176651001,gold,OfficeDepot
Breakroom > Appliances > Kitchen > Can Openers,0,0.6664939804185976,ablation,OfficeDepot
Computers & Accessories > Data Storage & Media > Media > DVD+RW Rewritable Discs,1,0.5846055746078491,gold,OfficeDepot
Computers & Accessories > Data Storage & Media > Media > DVD+RW Rewritable Discs,0,0.5846055776661492,ablation,OfficeDepot
In Room Solutions,0,0.5697404146194458,gold,OfficeDepot
Cleaning > Medical Supplies > Respiratory > Breathing Tubes,1,0.6104319095611572,gold,OfficeDepot
Cleaning > Medical Supplies > Respiratory > Breathing Tubes,0,0.5747443749188982,ablation,OfficeDepot
Electronics > Phones & Accessories > Cell Phone Accessories > UV Phone Sanitizers,1,0.6856235265731812,gold,OfficeDepot
Electronics > Phones & Accessories > Cell Phone Accessories > UV Phone Sanitizers,0,0.6856234992174844,ablation,OfficeDepot
Furniture > Lamps & Lighting > Light Bulbs > Fluorescent Tubes,1,0.6210073232650757,gold,OfficeDepot
Furniture > Lamps & Lighting > Light Bulbs > Fluorescent Tubes,0,0.5733786681308858,ablation,OfficeDepot
Office Supplies > Presentation Boards > Interactive Whiteboards & Accessories,1,0.6887657046318054,gold,OfficeDepot
Office Supplies > Presentation Boards > Interactive Whiteboards & Accessories,0,0.688765577282588,ablation,OfficeDepot
Paper > Notebooks & Pads > Memo & Scratch Pads,1,0.6305549740791321,gold,OfficeDepot
Paper > Notebooks & Pads > Memo & Scratch Pads,0,0.6305549802124133,ablation,OfficeDepot
Cleaning > Medical Supplies > Baby Supplies > Sound Machines,0,0.6303662657737732,gold,OfficeDepot
Electronics > Phones & Accessories > Phone Accessories > Phone Stands & Shoulder Rests,1,0.694681704044342,gold,OfficeDepot
Electronics > Phones & Accessories > Phone Accessories > Phone Stands & Shoulder Rests,0,0.6644419283563768,ablation,OfficeDepot
Electronics > Networking & Cables > Network Switches & Hubs > Unmanaged Switches,1,0.6897884011268616,gold,OfficeDepot
Electronics > Networking & Cables > Network Switches & Hubs > Unmanaged Switches,0,0.6518154668077978,ablation,OfficeDepot
Cleaning > Medical Supplies > Patient Care > Nursing Supplies,1,0.6462810039520264,gold,OfficeDepot
Cleaning > Medical Supplies > Patient Care > Nursing Supplies,0,0.6462810400731631,ablation,OfficeDepot
Furniture > Carts & Stands > Carts > Charging Carts & Stations,1,0.6811380386352539,gold,OfficeDepot
Furniture > Carts & Stands > Carts > Charging Carts & Stations,0,0.6283200757585894,ablation,OfficeDepot
Cleaning > Facility Supplies > Flashlights & Emergency Products,1,0.6999123692512512,gold,OfficeDepot
Cleaning > Facility Supplies > Flashlights & Emergency Products,0,0.6817313165876673,ablation,OfficeDepot
Office Supplies > Labor Law & Workplace Posters > General Communications Posters,1,0.6781488656997681,gold,OfficeDepot
Office Supplies > Labor Law & Workplace Posters > General Communications Posters,0,0.6326656180987611,ablation,OfficeDepot
Office Supplies > Business Forms & Bookkeeping > Employee Management > Attendance Forms,1,0.6769028902053833,gold,OfficeDepot
Office Supplies > Business Forms & Bookkeeping > Employee Management > Attendance Forms,0,0.6205583189688814,ablation,OfficeDepot
Computers & Accessories > Data Storage & Media > CD & DVD Drives,1,0.6882626414299011,gold,OfficeDepot
Computers & Accessories > Data Storage & Media > CD & DVD Drives,0,0.6727733901524523,ablation,OfficeDepot
Breakroom > Cookware > Teapots & Kettles,1,0.6500571370124817,gold,OfficeDepot
Breakroom > Cookware > Teapots & Kettles,0,0.650057144555102,ablation,OfficeDepot
Furniture > Carts & Stands > Carts > Transporting Carts,1,0.6694521307945251,gold,OfficeDepot
Furniture > Carts & Stands > Carts > Transporting Carts,0,0.6454396169809172,ablation,OfficeDepot
Electronics > Cameras & Camcorders > Camera Accessories > Camera Lenses & Flashes,1,0.6689783334732056,gold,OfficeDepot
Electronics > Cameras & Camcorders > Camera Accessories > Camera Lenses & Flashes,0,0.640197518720616,ablation,OfficeDepot
Electronics > Office Equipment > Time Clocks > Time Cards & Badges,1,0.700567364692688,gold,OfficeDepot
Electronics > Office Equipment > Time Clocks > Time Cards & Badges,0,0.6692519746163765,ablation,OfficeDepot
Cleaning > Cleaning Supplies > All-Purpose Cleaners,1,0.6418588757514954,gold,OfficeDepot
Cleaning > Cleaning Supplies > All-Purpose Cleaners,0,0.6418588286044644,ablation,OfficeDepot
Breakroom > Appliances > Laundry > Irons,1,0.6989094018936157,gold,OfficeDepot
Breakroom > Appliances > Laundry > Irons,0,0.6541000717429692,ablation,OfficeDepot
Office Supplies > Business Forms & Bookkeeping > Medical Forms > HIPAA Compliance Forms,1,0.7065432071685791,gold,OfficeDepot
Office Supplies > Business Forms & Bookkeeping > Medical Forms > HIPAA Compliance Forms,0,0.6249448094003823,ablation,OfficeDepot
Office Supplies > Labor Law & Workplace Posters > State Posters,1,0.7237910032272339,gold,OfficeDepot
Office Supplies > Labor Law & Workplace Posters > State Posters,0,0.6800587043504291,ablation,OfficeDepot
Cleaning > Safety & Security > First Aid Safety > Eye Wash,1,0.6474565863609314,gold,OfficeDepot
Cleaning > Safety & Security > First Aid Safety > Eye Wash,0,0.6223717939680963,ablation,OfficeDepot
Breakroom > Candy & Snacks > Gift Baskets,1,0.6729161739349365,gold,OfficeDepot
Breakroom > Candy & Snacks > Gift Baskets,0,0.6729162256858614,ablation,OfficeDepot
Electronics > Networking & Cables > Network Switches & Hubs,1,0.6877748370170593,gold,OfficeDepot
Electronics > Networking & Cables > Network Switches & Hubs,0,0.6839094410216742,ablation,OfficeDepot
Cleaning > Cleaning Supplies > Kitchen Cleaners,1,0.6720278263092041,gold,OfficeDepot
Cleaning > Cleaning Supplies > Kitchen Cleaners,0,0.6720278892766717,ablation,OfficeDepot
Office Supplies > Drafting > Drafting Tools & Kits,1,0.7618045806884766,gold,OfficeDepot
Office Supplies > Drafting > Drafting Tools & Kits,0,0.6659635639804301,ablation,OfficeDepot
Electronics > Batteries & Power Protection > Alkaline Batteries,1,0.7103859782218933,gold,OfficeDepot
Electronics > Batteries & Power Protection > Alkaline Batteries,0,0.5640339019589338,ablation,OfficeDepot
Breakroom,1,0.7514168620109558,gold,OfficeDepot
Breakroom,0,0.7315700043931729,ablation,OfficeDepot
Towels & Bath Mats > Pool Towels,1,0.7417652606964111,gold,OfficeDepot
Towels & Bath Mats > Pool Towels,0,0.6900953808158582,ablation,OfficeDepot
Computers & Accessories > Printers > Dot Matrix Printers,1,0.7670820355415344,gold,OfficeDepot
Computers & Accessories > Printers > Dot Matrix Printers,0,0.7016398974408741,ablation,OfficeDepot
Electronics > Smart Home > Smart Lighting,1,0.7139194011688232,gold,OfficeDepot
Electronics > Smart Home > Smart Lighting,0,0.6857642441419566,ablation,OfficeDepot
Office Supplies > Writing Supplies > Correction Fluid & Tape > Correction Pens,1,0.7143883109092712,gold,OfficeDepot
Office Supplies > Writing Supplies > Correction Fluid & Tape > Correction Pens,0,0.5677127759427354,ablation,OfficeDepot
Cleaning > Medical Supplies > Diagnostic > Lab Supplies,1,0.6895584464073181,gold,OfficeDepot
Cleaning > Medical Supplies > Diagnostic > Lab Supplies,0,0.6895584074426612,ablation,OfficeDepot
Computers & Accessories > Computer Accessories > Laptop Accessories > Security Cable Locks,1,0.6816058158874512,gold,OfficeDepot
Computers & Accessories > Computer Accessories > Laptop Accessories > Security Cable Locks,0,0.677900528986841,ablation,OfficeDepot
"Office Supplies > Basic Supplies > Paper Punches, Cutters & Folding Machines > Paper Punches",1,0.7566555142402649,gold,OfficeDepot
"Office Supplies > Basic Supplies > Paper Punches, Cutters & Folding Machines > Paper Punches",0,0.6879460301863172,ablation,OfficeDepot
Office Supplies > Writing Supplies > Pencils > Mechanical Pencil Lead,1,0.7469462156295776,gold,OfficeDepot
Office Supplies > Writing Supplies > Pencils > Mechanical Pencil Lead,0,0.5983860935514661,ablation,OfficeDepot
Cleaning > Material Handling > Carts & Trucks,1,0.7036475539207458,gold,OfficeDepot
Cleaning > Material Handling > Carts & Trucks,0,0.649587772895408,ablation,OfficeDepot
Computers & Accessories > Computer Accessories > Mice & Keyboards > Wired Mice,1,0.7421282529830933,gold,OfficeDepot
Computers & Accessories > Computer Accessories > Mice & Keyboards > Wired Mice,0,0.5172906517982483,ablation,OfficeDepot
Breakroom > Appliances > Kitchen > Cookers,1,0.7370942831039429,gold,OfficeDepot
Breakroom > Appliances > Kitchen > Cookers,0,0.589847613756475,ablation,OfficeDepot
Office Supplies > Labels & Label Makers > Full-Sheet Labels,1,0.7548305988311768,gold,OfficeDepot
Office Supplies > Labels & Label Makers > Full-Sheet Labels,0,0.6797299021074987,ablation,OfficeDepot
Computers & Accessories > Desktop Computers > Refurbished Desktops,1,0.7437852025032043,gold,OfficeDepot
Computers & Accessories > Desktop Computers > Refurbished Desktops,0,0.5941958489671697,ablation,OfficeDepot
Electronics > Phones & Accessories > Single-Line Phones > Single-Line Cordless Phones,1,0.6429306864738464,gold,OfficeDepot
Electronics > Phones & Accessories > Single-Line Phones > Single-Line Cordless Phones,0,0.6429306585911504,ablation,OfficeDepot
"Office Supplies > Basic Supplies > Paper Clips, Binder Clips & Fasteners > Fasteners & Posts",1,0.8212718367576599,gold,OfficeDepot
"Office Supplies > Basic Supplies > Paper Clips, Binder Clips & Fasteners > Fasteners & Posts",0,0.8212718478694426,ablation,OfficeDepot
School Supplies > School Electronics,1,0.7539394497871399,gold,OfficeDepot
School Supplies > School Electronics,0,0.7539394687566111,ablation,OfficeDepot
Electronics > Networking & Cables,1,0.7337719798088074,gold,OfficeDepot
Electronics > Networking & Cables,0,0.6018878025796218,ablation,OfficeDepot
Breakroom > Beverages,1,0.7388890981674194,gold,OfficeDepot
Breakroom > Beverages,0,0.5986286999656751,ablation,OfficeDepot
Computers & Accessories > Tablets & Accessories,1,0.7364283800125122,gold,OfficeDepot
Computers & Accessories > Tablets & Accessories,0,0.7364284037523094,ablation,OfficeDepot
Breakroom > Party Supplies > Party Decorations,1,0.7091555595397949,gold,OfficeDepot
Breakroom > Party Supplies > Party Decorations,0,0.6844014880910406,ablation,OfficeDepot
Office Supplies > Drafting > Classroom Compasses,1,0.7516003251075745,gold,OfficeDepot
Office Supplies > Drafting > Classroom Compasses,0,0.7516003395099331,ablation,OfficeDepot
"Cleaning > Safety & Security > Fire, Gas & Water Protection > Detectors",1,0.7928453683853149,gold,OfficeDepot
"Cleaning > Safety & Security > Fire, Gas & Water Protection > Detectors",0,0.7928453620897528,ablation,OfficeDepot
Office Supplies > Retail Store Supplies > Suggestion Boxes,1,0.787011981010437,gold,OfficeDepot
Office Supplies > Retail Store Supplies > Suggestion Boxes,0,0.6190262895853095,ablation,OfficeDepot
"Office Supplies > Mailing, Packing & Shipping > Shipping & Moving Boxes > Moving Boxes",1,0.7150751352310181,gold,OfficeDepot
"Office Supplies > Mailing, Packing & Shipping > Shipping & Moving Boxes > Moving Boxes",0,0.6599342352850621,ablation,OfficeDepot
Cleaning > Facility Supplies > Surface Protectors,1,0.7816439867019653,gold,OfficeDepot
Cleaning > Facility Supplies > Surface Protectors,0,0.7009000841988268,ablation,OfficeDepot
Paper > Cash Register & Thermal Rolls > Cash Register & Thermal Paper Rolls,1,0.7684293985366821,gold,OfficeDepot
Paper > Cash Register & Thermal Rolls > Cash Register & Thermal Paper Rolls,0,0.7684293559342567,ablation,OfficeDepot
Computers & Accessories > Data Storage & Media > Media,1,0.7458564043045044,gold,OfficeDepot
Computers & Accessories > Data Storage & Media > Media,0,0.7199074362686047,ablation,OfficeDepot
Electronics > Office Equipment > Point of Sale Systems > Point of Sale Terminal Accessories,1,0.7501537799835205,gold,OfficeDepot
Electronics > Office Equipment > Point of Sale Systems > Point of Sale Terminal Accessories,0,0.5817267709746672,ablation,OfficeDepot
"Cleaning > Safety & Security > Fire, Gas & Water Protection",1,0.7402343153953552,gold,OfficeDepot
"Cleaning > Safety & Security > Fire, Gas & Water Protection",0,0.6254826360346392,ablation,OfficeDepot
Breakroom > Beverages > Energy & Nutrition Drinks,1,0.7775812745094299,gold,OfficeDepot
Breakroom > Beverages > Energy & Nutrition Drinks,0,0.6163221909593056,ablation,OfficeDepot
Breakroom > First Aid > Medicine,1,0.7419724464416504,gold,OfficeDepot
Breakroom > First Aid > Medicine,0,0.6021287441253662,ablation,OfficeDepot
Furniture > Storage Cabinets & Shelving Units > Safes,1,0.7634772658348083,gold,OfficeDepot
Furniture > Storage Cabinets & Shelving Units > Safes,0,0.6258832479044345,ablation,OfficeDepot
Electronics > Networking & Cables > Modems > Analog Modems,1,0.83393394947052,gold,OfficeDepot
Electronics > Networking & Cables > Modems > Analog Modems,0,0.60543189345687,ablation,OfficeDepot
Electronics > Office Equipment > Typewriters & Accessories,1,0.8002452254295349,gold,OfficeDepot
Electronics > Office Equipment > Typewriters & Accessories,0,0.6398782072570552,ablation,OfficeDepot
Office Supplies > Retail Store Supplies > Counterfeit Detectors,1,0.7899374961853027,gold,OfficeDepot
Office Supplies > Retail Store Supplies > Counterfeit Detectors,0,0.6622489329099909,ablation,OfficeDepot
Breakroom > Appliances > Heating & Cooling > Fans,1,0.7681370377540588,gold,OfficeDepot
Breakroom > Appliances > Heating & Cooling > Fans,0,0.7294904127643207,ablation,OfficeDepot
Furniture > Outdoor Furniture > Outdoor Seating > Outdoor Chairs & Benches,1,0.7416626214981079,gold,OfficeDepot
Furniture > Outdoor Furniture > Outdoor Seating > Outdoor Chairs & Benches,0,0.7416626725894587,ablation,OfficeDepot
Electronics > Car Electronics & GPS > Vehicle GPS,1,0.7612313628196716,gold,OfficeDepot
Electronics > Car Electronics & GPS > Vehicle GPS,0,0.6326255060896759,ablation,OfficeDepot
Office Supplies > Writing Supplies > Pens > Calligraphy Pens,1,0.7672030925750732,gold,OfficeDepot
Office Supplies > Writing Supplies > Pens > Calligraphy Pens,0,0.5621882733200944,ablation,OfficeDepot
Furniture > Office Decor > Mirrors & Wall Art > Framed Art,1,0.7617546916007996,gold,OfficeDepot
Furniture > Office Decor > Mirrors & Wall Art > Framed Art,0,0.5961713274375434,ablation,OfficeDepot
Breakroom > Coffee & Coffee Supplies > Coffee Pots,1,0.734803318977356,gold,OfficeDepot
Breakroom > Coffee & Coffee Supplies > Coffee Pots,0,0.7348032350917166,ablation,OfficeDepot
Computers & Accessories > Computer Accessories > Computer Speakers & Headsets > Computer Headsets,1,0.8052394390106201,gold,OfficeDepot
Computers & Accessories > Computer Accessories > Computer Speakers & Headsets > Computer Headsets,0,0.724707078670037,ablation,OfficeDepot
Electronics > Networking & Cables > KVM Switches & Accessories,1,0.8145051002502441,gold,OfficeDepot
Electronics > Networking & Cables > KVM Switches & Accessories,0,0.6697436986301802,ablation,OfficeDepot
Electronics > Networking & Cables > Cables > Ethernet Cables,1,0.7859714031219482,gold,OfficeDepot
Electronics > Networking & Cables > Cables > Ethernet Cables,0,0.695502335805908,ablation,OfficeDepot
"Office Supplies > Retail Store Supplies > Retail Bags, Gift Boxes & Accessories > Retail Gift Boxes & Wrap",1,0.7734676599502563,gold,OfficeDepot
"Office Supplies > Retail Store Supplies > Retail Bags, Gift Boxes & Accessories > Retail Gift Boxes & Wrap",0,0.6566865445761556,ablation,OfficeDepot
"Office Supplies > Retail Store Supplies > Cash Registers, Rolls & POS Devices > Point of Sale Systems",1,0.7981945872306824,gold,OfficeDepot
"Office Supplies > Retail Store Supplies > Cash Registers, Rolls & POS Devices > Point of Sale Systems",0,0.613419060192101,ablation,OfficeDepot
Breakroom > Appliances > Kitchen,1,0.7839386463165283,gold,OfficeDepot
Breakroom > Appliances > Kitchen,0,0.7064650043648065,ablation,OfficeDepot
"Breakroom > Party Supplies > Gift Wrap, Bags, & Tissue Paper",1,0.7810177206993103,gold,OfficeDepot
"Breakroom > Party Supplies > Gift Wrap, Bags, & Tissue Paper",0,0.6608439737140646,ablation,OfficeDepot
Breakroom > Appliances > Laundry > Dryers,1,0.8231344223022461,gold,OfficeDepot
Breakroom > Appliances > Laundry > Dryers,0,0.8231343792895542,ablation,OfficeDepot
"Office Supplies > Mailing, Packing & Shipping > Industrial Shipping Supplies > Utility Knives, Cutters & Blades",1,0.780799925327301,gold,OfficeDepot
"Office Supplies > Mailing, Packing & Shipping > Industrial Shipping Supplies > Utility Knives, Cutters & Blades",0,0.6713857192196246,ablation,OfficeDepot
Furniture > Office Decor > Clocks,1,0.7735310792922974,gold,OfficeDepot
Furniture > Office Decor > Clocks,0,0.6784503550781759,ablation,OfficeDepot
Cleaning > Medical Supplies > Mobility Aids > Walkers & Canes,1,0.7848998308181763,gold,OfficeDepot
Cleaning > Medical Supplies > Mobility Aids > Walkers & Canes,0,0.5356143116950989,ablation,OfficeDepot
Cleaning > Facility Supplies > Electrical Switches,1,0.7635964155197144,gold,OfficeDepot
Cleaning > Facility Supplies > Electrical Switches,0,0.6579336949640118,ablation,OfficeDepot
"Breakroom > Cups, Plates & Cutlery > Cutlery",1,0.803077757358551,gold,OfficeDepot
"Breakroom > Cups, Plates & Cutlery > Cutlery",0,0.8030777427432552,ablation,OfficeDepot
Cleaning > Medical Supplies > Diagnostic > Thermometers,1,0.8328098654747009,gold,OfficeDepot
Cleaning > Medical Supplies > Diagnostic > Thermometers,0,0.5931067871556972,ablation,OfficeDepot
Electronics > Office Equipment > Time Clocks > Time Clock Supplies,1,0.8215210437774658,gold,OfficeDepot
Electronics > Office Equipment > Time Clocks > Time Clock Supplies,0,0.7732899866630434,ablation,OfficeDepot
Breakroom > Candy & Snacks > Chips & Pretzels,1,0.8245153427124023,gold,OfficeDepot
Breakroom > Candy & Snacks > Chips & Pretzels,0,0.572297706343365,ablation,OfficeDepot
Computers & Accessories > Computer Cards & Components > Memory > Laptop Memory,1,0.8396267890930176,gold,OfficeDepot
Computers & Accessories > Computer Cards & Components > Memory > Laptop Memory,0,0.719528797521955,ablation,OfficeDepot
"Office Supplies > Mailing, Packing & Shipping > Industrial Shipping Supplies > Pallet Covers",1,0.8628374934196472,gold,OfficeDepot
"Office Supplies > Mailing, Packing & Shipping > Industrial Shipping Supplies > Pallet Covers",0,0.635771387655046,ablation,OfficeDepot
Furniture > Lamps & Lighting > Lamps,1,0.8569421172142029,gold,OfficeDepot
Furniture > Lamps & Lighting > Lamps,0,0.6815602313932112,ablation,OfficeDepot
Electronics > Networking & Cables > Wireless Networking > Wifi Routers,1,0.8360698223114014,gold,OfficeDepot
Electronics > Networking & Cables > Wireless Networking > Wifi Routers,0,0.690742938969249,ablation,OfficeDepot
Office Supplies > Binders & Accessories > Report Covers & Portfolios,1,0.8154231905937195,gold,OfficeDepot
Office Supplies > Binders & Accessories > Report Covers & Portfolios,0,0.6529636283135166,ablation,OfficeDepot
Electronics > Phones & Accessories > Cell Phone Accessories > Cell Phone Grips,1,0.8209311962127686,gold,OfficeDepot
Electronics > Phones & Accessories > Cell Phone Accessories > Cell Phone Grips,0,0.7951641018502247,ablation,OfficeDepot
Cleaning > Safety & Security > First Aid Safety,1,0.7973921298980713,gold,OfficeDepot
Cleaning > Safety & Security > First Aid Safety,0,0.7519431317386303,ablation,OfficeDepot
Furniture > Furniture Accessories,1,0.8909831047058105,gold,OfficeDepot
Office Supplies > Desk Accessories > Desk Organizer Collections,1,0.8489474058151245,gold,OfficeDepot
Office Supplies > Desk Accessories > Desk Organizer Collections,0,0.6571205941324505,ablation,OfficeDepot
Office Supplies > Retail Store Supplies > Security > Call Bells & Counters,1,0.8237497210502625,gold,OfficeDepot
Office Supplies > Retail Store Supplies > Security > Call Bells & Counters,0,0.5967220988035592,ablation,OfficeDepot
Office Supplies > Business Forms & Bookkeeping > Tax Forms > 1099 Tax Forms,1,0.8808884620666504,gold,OfficeDepot
Office Supplies > Business Forms & Bookkeeping > Tax Forms > 1099 Tax Forms,0,0.6192587357192344,ablation,OfficeDepot
Breakroom > Candy & Snacks > Hard Candy,1,0.8348565697669983,gold,OfficeDepot
Breakroom > Candy & Snacks > Hard Candy,0,0.601670653432668,ablation,OfficeDepot
Cleaning > Safety & Security > Facility Safety > Facility Safety Signs,1,0.8297533392906189,gold,OfficeDepot
Cleaning > Safety & Security > Facility Safety > Facility Safety Signs,0,0.7021621577214786,ablation,OfficeDepot
Electronics > Cameras & Camcorders > Security Cameras & Surveillance > Security Cameras,1,0.8812447190284729,gold,OfficeDepot
Electronics > Cameras & Camcorders > Security Cameras & Surveillance > Security Cameras,0,0.6873635315227189,ablation,OfficeDepot
Furniture > Lamps & Lighting > Light Bulbs > LED Light Bulbs,1,0.9150048494338989,gold,OfficeDepot
Furniture > Lamps & Lighting > Light Bulbs > LED Light Bulbs,0,0.6537292198426983,ablation,OfficeDepot
Office Supplies > Storage > Storage Bins & Baskets,1,0.8785866498947144,gold,OfficeDepot
Office Supplies > Storage > Storage Bins & Baskets,0,0.6680151638727027,ablation,OfficeDepot
Electronics > Batteries & Power Protection > UPS Battery Backup,1,0.9159990549087524,gold,OfficeDepot
Electronics > Batteries & Power Protection > UPS Battery Backup,0,0.716455287093086,ablation,OfficeDepot
Office Supplies > Desk Accessories > Business Card Holders,1,0.8853995203971863,gold,OfficeDepot
Office Supplies > Desk Accessories > Business Card Holders,0,0.6460206590825689,ablation,OfficeDepot
Office Supplies > Labels & Label Makers,1,0.8745685815811157,gold,OfficeDepot
Office Supplies > Labels & Label Makers,0,0.6251669890017634,ablation,OfficeDepot
Breakroom > Appliances > Heating & Cooling > Air Conditioners & Accessories,1,0.8963571786880493,gold,OfficeDepot
Breakroom > Appliances > Heating & Cooling > Air Conditioners & Accessories,0,0.6371267865515438,ablation,OfficeDepot
Furniture > Office Decor,1,0.8706955909729004,gold,OfficeDepot
Furniture > Office Decor,0,0.71271021796143,ablation,OfficeDepot
Electronics > Office Equipment > Binding Equipment > Binding Covers,1,0.9033365249633789,gold,OfficeDepot
Electronics > Office Equipment > Binding Equipment > Binding Covers,0,0.6293777823593191,ablation,OfficeDepot
Breakroom > Appliances,1,0.943254828453064,gold,OfficeDepot
Breakroom > Appliances,0,0.6807693352228754,ablation,OfficeDepot
Cleaning > Facial Tissues,1,0.8742028474807739,gold,OfficeDepot
Cleaning > Facial Tissues,0,0.7515888634160135,ablation,OfficeDepot
"Breakroom > Cups, Plates & Cutlery > Napkins",1,0.9423670768737793,gold,OfficeDepot
"Breakroom > Cups, Plates & Cutlery > Napkins",0,0.7623661915652362,ablation,OfficeDepot
School Supplies > School Furniture,1,0.9264509677886963,gold,OfficeDepot
School Supplies > School Furniture,0,0.8713285091799743,ablation,OfficeDepot
Computers & Accessories > Computer Cards & Components > Graphic & Sound Cards > Graphic Cards,1,0.9191412925720215,gold,OfficeDepot
Computers & Accessories > Computer Cards & Components > Graphic & Sound Cards > Graphic Cards,0,0.7436615584823123,ablation,OfficeDepot
Breakroom > Appliances > Heating & Cooling > Air Purifiers & Filters,1,0.8968810439109802,gold,OfficeDepot
Breakroom > Appliances > Heating & Cooling > Air Purifiers & Filters,0,0.6398063256124986,ablation,OfficeDepot
Cleaning > Tools & Equipment > Measuring & Marking Tools > Thermostats,1,0.9317498207092285,gold,OfficeDepot
Cleaning > Tools & Equipment > Measuring & Marking Tools > Thermostats,0,0.7677010527955809,ablation,OfficeDepot
Cleaning > Safety & Security > First Aid Safety > Pain Relievers,1,0.9269099235534668,gold,OfficeDepot
Cleaning > Safety & Security > First Aid Safety > Pain Relievers,0,0.5750532150268555,ablation,OfficeDepot
Office Supplies > Binders & Accessories > Clipboards,1,0.9495840072631836,gold,OfficeDepot
Office Supplies > Binders & Accessories > Clipboards,0,0.6342602567095992,ablation,OfficeDepot
Breakroom > Appliances > Kitchen > Coffee Grinders,1,0.9263893365859985,gold,OfficeDepot
Breakroom > Appliances > Kitchen > Coffee Grinders,0,0.663470065786152,ablation,OfficeDepot
Cleaning > Medical Supplies > Medical Wear > Shoe Covers,1,0.9463087320327759,gold,OfficeDepot
Cleaning > Medical Supplies > Medical Wear > Shoe Covers,0,0.6598058065475996,ablation,OfficeDepot
Breakroom > Cookware > Bakeware,1,0.9796710014343262,gold,OfficeDepot
Breakroom > Cookware > Bakeware,0,0.592242897273868,ablation,OfficeDepot
Office Supplies > Business Forms & Bookkeeping > Business Forms > Gift Certificates,1,0.9303442239761353,gold,OfficeDepot
Office Supplies > Business Forms & Bookkeeping > Business Forms > Gift Certificates,0,0.7212528583533383,ablation,OfficeDepot
"Office Supplies > Mailing, Packing & Shipping > Packing Tape",1,0.93602454662323,gold,OfficeDepot
"Office Supplies > Mailing, Packing & Shipping > Packing Tape",0,0.6781250563361411,ablation,OfficeDepot
Electronics > Office Equipment > Projectors,1,0.9460288286209106,gold,OfficeDepot
Electronics > Office Equipment > Projectors,0,0.7264600326148626,ablation,OfficeDepot
Electronics > Batteries & Power Protection > AV Batteries > Cordless Phone Batteries,1,0.9659010171890259,gold,OfficeDepot
Electronics > Batteries & Power Protection > AV Batteries > Cordless Phone Batteries,0,0.6545497263521207,ablation,OfficeDepot
Breakroom > Beverages > Soda,1,0.975515604019165,gold,OfficeDepot
Breakroom > Beverages > Soda,0,0.5384106040000916,ablation,OfficeDepot
"Office Supplies > Basic Supplies > Magnets, Tacks & Push Pins > Magnets",1,0.9728356599807739,gold,OfficeDepot
"Office Supplies > Basic Supplies > Magnets, Tacks & Push Pins > Magnets",0,0.6253900129320283,ablation,OfficeDepot
Furniture > Bedroom > Bedding,1,0.968880295753479,gold,OfficeDepot
Furniture > Bedroom > Bedding,0,0.5441927873863207,ablation,OfficeDepot
Breakroom > Appliances > Heating & Cooling > Heaters,1,0.9834021329879761,gold,OfficeDepot
Breakroom > Appliances > Heating & Cooling > Heaters,0,0.7897913236709566,ablation,OfficeDepot
Breakroom > Beverages > Water,1,0.9586859941482544,gold,OfficeDepot
Breakroom > Beverages > Water,0,0.6828137913655029,ablation,OfficeDepot
Computers & Accessories > Data Storage & Media > Hard Drive Accessories,1,0.974661111831665,gold,OfficeDepot
Computers & Accessories > Data Storage & Media > Hard Drive Accessories,0,0.7561817262332491,ablation,OfficeDepot
Furniture > Tables > Training Room Tables,1,0.979434609413147,gold,OfficeDepot
Furniture > Tables > Training Room Tables,0,0.7541808610493987,ablation,OfficeDepot
Cleaning > Tools & Equipment > Hand Tools > Staplers & Riveters,1,0.9793307781219482,gold,OfficeDepot
Cleaning > Tools & Equipment > Hand Tools > Staplers & Riveters,0,0.7677886451406635,ablation,OfficeDepot
Cleaning > Cleaning Supplies,1,0.9572372436523438,gold,OfficeDepot
Cleaning > Cleaning Supplies,0,0.6115044710687905,ablation,OfficeDepot
Office Supplies > Writing Supplies > Erasers,1,0.968192458152771,gold,OfficeDepot
Office Supplies > Writing Supplies > Erasers,0,0.5950072625047497,ablation,OfficeDepot
Electronics > Phones & Accessories > Cell Phone Accessories,1,0.9895892143249512,gold,OfficeDepot
Electronics > Phones & Accessories > Cell Phone Accessories,0,0.9136593156608137,ablation,OfficeDepot
Electronics > Phones & Accessories > Cell Phones,1,0.9755046367645264,gold,OfficeDepot
Electronics > Phones & Accessories > Cell Phones,0,0.8629244322287067,ablation,OfficeDepot
Office Supplies > Desk Accessories > File Organizers,1,0.9658752679824829,gold,OfficeDepot
Office Supplies > Desk Accessories > File Organizers,0,0.680678574425709,ablation,OfficeDepot
Office Supplies > Labels & Label Makers > Label Makers,1,0.9914714097976685,gold,OfficeDepot
Office Supplies > Labels & Label Makers > Label Makers,0,0.7595710076221635,ablation,OfficeDepot
Cleaning > Cleaning Tools > Squeegees,1,0.9712551832199097,gold,OfficeDepot
Cleaning > Cleaning Tools > Squeegees,0,0.5541588023651535,ablation,OfficeDepot
Office Supplies > Filing & Folders > File Folders,1,0.9892857074737549,gold,OfficeDepot
Office Supplies > Filing & Folders > File Folders,0,0.662378682803168,ablation,OfficeDepot
Office Supplies,1,1.0,gold,OfficeDepot
Office Supplies,0,0.6426918113505571,ablation,OfficeDepot
Electronics > Phones & Accessories > VoIP > VoIP Conferencing,1,0.5088671445846558,gold,OfficeDepot
Electronics > Phones & Accessories > VoIP > VoIP Conferencing,0,0.5142353916263389,ablation,OfficeDepot
Office Supplies > Business Forms & Bookkeeping > Financial Bookkeeping > Mileage Logs,1,0.538187563419342,gold,OfficeDepot
Office Supplies > Business Forms & Bookkeeping > Financial Bookkeeping > Mileage Logs,0,0.5037081837654114,ablation,OfficeDepot
Office Supplies > Business Forms & Bookkeeping > Financial Bookkeeping > Checks,0,0.5472270250320435,gold,OfficeDepot
Cleaning > Medical Supplies > Patient Care > Feminine Hygiene,1,0.602121114730835,gold,OfficeDepot
Cleaning > Medical Supplies > Patient Care > Feminine Hygiene,0,0.6021210902444717,ablation,OfficeDepot
Paper > Notebooks & Pads > Steno Books,1,0.6283089518547058,gold,OfficeDepot
Paper > Notebooks & Pads > Steno Books,0,0.6198182053658243,ablation,OfficeDepot
Paper > Copy & Printer Paper > Cardstock,1,0.6809816956520081,gold,OfficeDepot
Paper > Copy & Printer Paper > Cardstock,0,0.608775794506073,ablation,OfficeDepot
In Room Solutions > Appliances > Small Appliances > Mini fridge,1,0.6178668737411499,gold,OfficeDepot
In Room Solutions > Appliances > Small Appliances > Mini fridge,0,0.5401432514190674,ablation,OfficeDepot
Electronics > Phones & Accessories > Conferencing > Video Conferencing,1,0.5554648637771606,gold,OfficeDepot
Electronics > Phones & Accessories > Conferencing > Video Conferencing,0,0.5619918867758216,ablation,OfficeDepot
Cleaning > Facility Supplies > Pesticides & Repellents,1,0.5833989977836609,gold,OfficeDepot
Cleaning > Facility Supplies > Pesticides & Repellents,0,0.5706075071126093,ablation,OfficeDepot
Cleaning > Medical Supplies > Infection Control > Biohazard Supplies,1,0.62317955493927,gold,OfficeDepot
Cleaning > Medical Supplies > Infection Control > Biohazard Supplies,0,0.6231795663419534,ablation,OfficeDepot
Paper > Notebooks & Pads > Composition Books,1,0.6295275688171387,gold,OfficeDepot
Paper > Notebooks & Pads > Composition Books,0,0.62952751051485,ablation,OfficeDepot
Furniture > Bedroom > Dressers,0,0.5642298460006714,gold,OfficeDepot
Furniture > Bedroom > Armoires & Wardrobes,0,0.5628893375396729,gold,OfficeDepot
Electronics > TVs & Home Theater > Audio Devices > Sound Bars,1,0.5549764633178711,gold,OfficeDepot
Electronics > TVs & Home Theater > Audio Devices > Sound Bars,0,0.5581972866662586,ablation,OfficeDepot
Office Supplies > Binders & Accessories > Dividers & Tabs > Tabs,1,0.6307801604270935,gold,OfficeDepot
Office Supplies > Binders & Accessories > Dividers & Tabs > Tabs,0,0.5283545851707458,ablation,OfficeDepot
Office Supplies > Writing Supplies > Correction Fluid & Tape > Correction Fluid,1,0.6682308316230774,gold,OfficeDepot
Office Supplies > Writing Supplies > Correction Fluid & Tape > Correction Fluid,0,0.5946713295579558,ablation,OfficeDepot
Cleaning > Safety & Security > Eye Protection > Eyeglasses,1,0.63055020570755,gold,OfficeDepot
Cleaning > Safety & Security > Eye Protection > Eyeglasses,0,0.6014737882813037,ablation,OfficeDepot
Office Supplies > Business Forms & Bookkeeping > Business Forms > Invoices & Statements,1,0.6244449019432068,gold,OfficeDepot
Office Supplies > Business Forms & Bookkeeping > Business Forms > Invoices & Statements,0,0.5326110224018968,ablation,OfficeDepot
Computers & Accessories > Data Storage & Media > Media > CD-R Recordable Discs,1,0.5639524459838867,gold,OfficeDepot
Computers & Accessories > Data Storage & Media > Media > CD-R Recordable Discs,0,0.5639524192680526,ablation,OfficeDepot
Computers & Accessories > Data Storage & Media > Media > Optical Discs,1,0.5814416408538818,gold,OfficeDepot
Computers & Accessories > Data Storage & Media > Media > Optical Discs,0,0.5814416235163486,ablation,OfficeDepot
Office Supplies > Labor Law & Workplace Posters > Spanish Posters,1,0.6936981081962585,gold,OfficeDepot
Office Supplies > Labor Law & Workplace Posters > Spanish Posters,0,0.6630067494291885,ablation,OfficeDepot
Computers & Accessories > Tablets & Accessories > Apple Accessories,1,0.6913672685623169,gold,OfficeDepot
Computers & Accessories > Tablets & Accessories > Apple Accessories,0,0.6907757729072459,ablation,OfficeDepot
Office Supplies > Binders & Accessories > Report Covers & Portfolios > Twin Pocket Portfolios,1,0.6518943309783936,gold,OfficeDepot
Office Supplies > Binders & Accessories > Report Covers & Portfolios > Twin Pocket Portfolios,0,0.6518943669564226,ablation,OfficeDepot
Office Supplies > Business Forms & Bookkeeping > Employee Management,1,0.5813572406768799,gold,OfficeDepot
Office Supplies > Business Forms & Bookkeeping > Employee Management,0,0.5968346925316781,ablation,OfficeDepot
Electronics > Audio > Docks & Radios > Public Address Systems,1,0.6205825805664062,gold,OfficeDepot
Electronics > Audio > Docks & Radios > Public Address Systems,0,0.593570228755713,ablation,OfficeDepot
Electronics > Phones & Accessories > Multi-Line Phones > Multi-Line Handset Systems,1,0.5656978487968445,gold,OfficeDepot
Electronics > Phones & Accessories > Multi-Line Phones > Multi-Line Handset Systems,0,0.565697716090758,ablation,OfficeDepot
Electronics > Phones & Accessories > Phone Accessories > Expansion Handsets,1,0.6184436082839966,gold,OfficeDepot
Electronics > Phones & Accessories > Phone Accessories > Expansion Handsets,0,0.6031328439712524,ablation,OfficeDepot
Breakroom > Fresh & Frozen Foods > Breakfast & Cereal,1,0.5845199227333069,gold,OfficeDepot
Breakroom > Fresh & Frozen Foods > Breakfast & Cereal,0,0.5535601673513372,ablation,OfficeDepot
In Room Solutions > Appliances,1,0.6378608345985413,gold,OfficeDepot
In Room Solutions > Appliances,0,0.6378607661645528,ablation,OfficeDepot
Breakroom > Fresh & Frozen Foods > Bakery & Breads,1,0.608627200126648,gold,OfficeDepot
Breakroom > Fresh & Frozen Foods > Bakery & Breads,0,0.6086271984810777,ablation,OfficeDepot
Furniture > Bedroom > Bedding > Duvet Covers,1,0.611216127872467,gold,OfficeDepot
Furniture > Bedroom > Bedding > Duvet Covers,0,0.6016201306372144,ablation,OfficeDepot
Furniture > Bedroom > Bedding > Comforters,1,0.6178761720657349,gold,OfficeDepot
Furniture > Bedroom > Bedding > Comforters,0,0.5386794209480286,ablation,OfficeDepot
Food Service & Supplies,1,0.7181681394577026,gold,OfficeDepot
Food Service & Supplies,0,0.5965804122807837,ablation,OfficeDepot
Breakroom > Fresh & Frozen Foods > Meats & Deli,1,0.6019654870033264,gold,OfficeDepot
Breakroom > Fresh & Frozen Foods > Meats & Deli,0,0.5550082888755669,ablation,OfficeDepot
Towels & Bath Mats > Gym Towel,1,0.6985565423965454,gold,OfficeDepot
Towels & Bath Mats > Gym Towel,0,0.6398718804668544,ablation,OfficeDepot
In Room Solutions > Personal Care Amenities > Bar Soap & Wipes,1,0.6676082015037537,gold,OfficeDepot
In Room Solutions > Personal Care Amenities > Bar Soap & Wipes,0,0.6277166344683803,ablation,OfficeDepot
Furniture > Outdoor Furniture > Outdoor Tables,1,0.6960601806640625,gold,OfficeDepot
Furniture > Outdoor Furniture > Outdoor Tables,0,0.6648290146644039,ablation,OfficeDepot
Furniture > Bedroom > Bedding > Bed Sheets,1,0.68709796667099,gold,OfficeDepot
Furniture > Bedroom > Bedding > Bed Sheets,0,0.6870979528912505,ablation,OfficeDepot
"Equipment > Laundry > Laundry Carts, Trucks & Hampers",1,0.7261537313461304,gold,OfficeDepot
"Equipment > Laundry > Laundry Carts, Trucks & Hampers",0,0.5912809045755638,ablation,OfficeDepot
In Room Solutions > Bathroom Accessories,1,0.6676467657089233,gold,OfficeDepot
In Room Solutions > Bathroom Accessories,0,0.6676467977923018,ablation,OfficeDepot
Breakroom > Fresh & Frozen Foods > Fruits & Vegetables,1,0.6145421862602234,gold,OfficeDepot
Breakroom > Fresh & Frozen Foods > Fruits & Vegetables,0,0.5250919560264262,ablation,OfficeDepot
"Food Service & Supplies > Cups, Lids & Stir Sticks",1,0.600471019744873,gold,OfficeDepot
"Food Service & Supplies > Cups, Lids & Stir Sticks",0,0.6004710109558717,ablation,OfficeDepot
Furniture > Outdoor Furniture > Outdoor Decor > Outdoor Accessories,1,0.7489054203033447,gold,OfficeDepot
Furniture > Outdoor Furniture > Outdoor Decor > Outdoor Accessories,0,0.6956413113299451,ablation,OfficeDepot
Furniture > Outdoor Furniture > Outdoor Seating,1,0.7187252044677734,gold,OfficeDepot
Furniture > Outdoor Furniture > Outdoor Seating,0,0.718725236404665,ablation,OfficeDepot
Breakroom > Fresh & Frozen Foods > Frozen Meals & Snacks,1,0.7359408736228943,gold,OfficeDepot
Breakroom > Fresh & Frozen Foods > Frozen Meals & Snacks,0,0.5513881232780229,ablation,OfficeDepot
In Room Solutions > Room Accessories > Laundry Bags,1,0.7406452298164368,gold,OfficeDepot
In Room Solutions > Room Accessories > Laundry Bags,0,0.6253418471709088,ablation,OfficeDepot
Furniture > Bathroom > Towels,1,0.7752227783203125,gold,OfficeDepot
Furniture > Bathroom > Towels,0,0.7752227415832157,ablation,OfficeDepot
In Room Solutions > Personal Care Amenities > Shampoo,1,0.7858893275260925,gold,OfficeDepot
In Room Solutions > Personal Care Amenities > Shampoo,0,0.5765421390533447,ablation,OfficeDepot
Furniture > Bedroom > Bedding > Pillows & Pillowcases,1,0.7966400980949402,gold,OfficeDepot
Furniture > Bedroom > Bedding > Pillows & Pillowcases,0,0.7168735663547016,ablation,OfficeDepot
Furniture > Bedroom > Mattresses,1,0.8116400837898254,gold,OfficeDepot
Furniture > Bedroom > Mattresses,0,0.7322740195577722,ablation,OfficeDepot
Breakroom > Fresh & Frozen Foods,1,0.7822385430335999,gold,OfficeDepot
Breakroom > Fresh & Frozen Foods,0,0.5623840689659119,ablation,OfficeDepot
Furniture > Outdoor Furniture,1,0.8479404449462891,gold,OfficeDepot
Furniture > Outdoor Furniture,0,0.8479405377505156,ablation,OfficeDepot
Towels & Bath Mats,1,0.9244303703308105,gold,OfficeDepot
Towels & Bath Mats,0,0.6466836761005756,ablation,OfficeDepot
In Room Solutions > Appliances > Small Appliances > Microwave,1,0.9452817440032959,gold,OfficeDepot
In Room Solutions > Appliances > Small Appliances > Microwave,0,0.5639085173606873,ablation,OfficeDepot
Furniture > Outdoor Furniture > Outdoor Decor,1,0.9530471563339233,gold,OfficeDepot
Furniture > Outdoor Furniture > Outdoor Decor,0,0.7280218681381916,ablation,OfficeDepot
Furniture > Bedroom > Headboards,1,0.964943528175354,gold,OfficeDepot
Furniture > Bedroom > Headboards,0,0.5975527984316017,ablation,OfficeDepot
Bedding > Bedding Essentials > Down Inserts,1,0.5850224494934082,gold,WestElm
Bedding > Bedding Essentials > Down Inserts,0,0.5925960528947447,ablation,WestElm
Furniture > Bedroom > Nightstands,0,0.5649226903915405,gold,WestElm
Bath > Bathroom Furniture > Vanities,0,0.5511461496353149,gold,WestElm
Bath > Bathroom Furniture > Bathtubs,0,0.6065700650215149,gold,WestElm
Kitchen & Dining > Serveware > Serving Platters & Stands,1,0.650684118270874,gold,WestElm
Kitchen & Dining > Serveware > Serving Platters & Stands,0,0.6063973739549661,ablation,WestElm
Furniture > Bedroom > Armoires & Wardrobes,0,0.5628893375396729,gold,WestElm
Furniture > Living Room > Daybeds,0,0.5905100107192993,gold,WestElm
Outdoor > Outdoor Lounge Furniture > Lounge Sets,1,0.5664364099502563,gold,WestElm
Outdoor > Outdoor Lounge Furniture > Lounge Sets,0,0.5545297879894052,ablation,WestElm
Kitchen & Dining > Drinkware & Barware > Cocktail Glasses,1,0.6416205167770386,gold,WestElm
Kitchen & Dining > Drinkware & Barware > Cocktail Glasses,0,0.6416204998401165,ablation,WestElm
Furniture > Bedroom,1,0.6200577020645142,gold,WestElm
Furniture > Bedroom,0,0.6200576424598694,ablation,WestElm
Outdoor > Planters & Garden > Outdoor Planters,0,0.646926999092102,gold,WestElm
Kitchen & Dining > Drinkware & Barware > Wine & Champagne Glasses,1,0.6401122212409973,gold,WestElm
Kitchen & Dining > Drinkware & Barware > Wine & Champagne Glasses,0,0.6188146106712454,ablation,WestElm
Window > Curtain Rods & Hardware,1,0.6436563730239868,gold,WestElm
Window > Curtain Rods & Hardware,0,0.6436564009131116,ablation,WestElm
Lighting > Ceiling Lighting > Chandeliers,1,0.6227526068687439,gold,WestElm
Lighting > Ceiling Lighting > Chandeliers,0,0.5518404245376587,ablation,WestElm
Lighting > Sconces > Sconces,1,0.5792701840400696,gold,WestElm
Lighting > Sconces > Sconces,0,0.5514867923209186,ablation,WestElm
Window > Window Shades > Window Shades,1,0.6540605425834656,gold,WestElm
Window > Window Shades > Window Shades,0,0.6540605595614246,ablation,WestElm
Bedding > All Bedding > Duvet Covers & Shams,1,0.6243525147438049,gold,WestElm
Bedding > All Bedding > Duvet Covers & Shams,0,0.5729398706751225,ablation,WestElm
Lighting > Sconces,1,0.5792701840400696,gold,WestElm
Lighting > Sconces,0,0.5514867923209186,ablation,WestElm
Pillows & Decor > Room Decor > Vases,0,0.5794302821159363,gold,WestElm
Art & Mirrors > Wall Organization & Decor > Wallpaper & Paneling,1,0.6022935509681702,gold,WestElm
Art & Mirrors > Wall Organization & Decor > Wallpaper & Paneling,0,0.5900302587501801,ablation,WestElm
Office > Shop By Category > Rugs & Carpet Tiles,1,0.6682097315788269,gold,WestElm
Office > Shop By Category > Rugs & Carpet Tiles,0,0.6171636547737691,ablation,WestElm
Lighting > Ceiling Lighting > Flush Mounts,1,0.642419695854187,gold,WestElm
Lighting > Ceiling Lighting > Flush Mounts,0,0.6424196686940989,ablation,WestElm
Kitchen & Dining > Kitchen > Kitchen Towels & Pot Holders,1,0.6656882166862488,gold,WestElm
Kitchen & Dining > Kitchen > Kitchen Towels & Pot Holders,0,0.6264756589836646,ablation,WestElm
Kitchen & Dining > Drinkware & Barware > Bar Tools,1,0.6814748048782349,gold,WestElm
Kitchen & Dining > Drinkware & Barware > Bar Tools,0,0.6814748101664135,ablation,WestElm
Furniture > Living Room > End & Side Tables,1,0.635960042476654,gold,WestElm
Furniture > Living Room > End & Side Tables,0,0.595869837306767,ablation,WestElm
Window > Curtains > Patterned Curtains,1,0.6706002950668335,gold,WestElm
Window > Curtains > Patterned Curtains,0,0.5251673460006714,ablation,WestElm
Kitchen & Dining > Serveware > Serving Bowls,1,0.6556097269058228,gold,WestElm
Kitchen & Dining > Serveware > Serving Bowls,0,0.6196263958450322,ablation,WestElm
Window > Curtain Rods & Hardware > Curtain Rods & Hardware,1,0.6436563730239868,gold,WestElm
Window > Curtain Rods & Hardware > Curtain Rods & Hardware,0,0.6436564009131116,ablation,WestElm
Furniture > Living Room > Console & Sofa Tables,1,0.6236669421195984,gold,WestElm
Furniture > Living Room > Console & Sofa Tables,0,0.6181297613480907,ablation,WestElm
Art & Mirrors > Art > Dimensional Art,1,0.6205307245254517,gold,WestElm
Art & Mirrors > Art > Dimensional Art,0,0.5697215526791947,ablation,WestElm
Pillows & Decor > Room Decor > Decorative Objects,1,0.7018773555755615,gold,WestElm
Pillows & Decor > Room Decor > Decorative Objects,0,0.6539760279682917,ablation,WestElm
Pillows & Decor > Room Decor > Jewelry Storage,1,0.6836401224136353,gold,WestElm
Pillows & Decor > Room Decor > Jewelry Storage,0,0.6322362366622698,ablation,WestElm
Outdoor > Outdoor Lounge Furniture > Side Tables,1,0.6237500905990601,gold,WestElm
Outdoor > Outdoor Lounge Furniture > Side Tables,0,0.6237501612131388,ablation,WestElm
Outdoor > Outdoor Lounge Furniture,1,0.7014007568359375,gold,WestElm
Outdoor > Outdoor Lounge Furniture,0,0.6333538481812756,ablation,WestElm
Storage > Storage Accessories > Travel & Commuting,1,0.6757951974868774,gold,WestElm
Storage > Storage Accessories > Travel & Commuting,0,0.5990575589588314,ablation,WestElm
Window > Curtains > Solid Curtains,1,0.6702216267585754,gold,WestElm
Window > Curtains > Solid Curtains,0,0.5011312365531921,ablation,WestElm
Kitchen & Dining,1,0.7079460620880127,gold,WestElm
Kitchen & Dining,0,0.6418997762528056,ablation,WestElm
Outdoor > Outdoor Solutions > Furniture Cushion & Cushion Covers,0,0.7086312770843506,gold,WestElm
Rugs > Rugs By Type > Performance & Washable Rugs,1,0.737277090549469,gold,WestElm
Rugs > Rugs By Type > Performance & Washable Rugs,0,0.6191843269685172,ablation,WestElm
Bath > Bath Linens,1,0.666883647441864,gold,WestElm
Bath > Bath Linens,0,0.6668837919756037,ablation,WestElm
Outdoor > Outdoor Dining Furniture,1,0.7159366011619568,gold,WestElm
Outdoor > Outdoor Dining Furniture,0,0.6413433168223354,ablation,WestElm
Bath > Bathroom Accessories > Bathroom Accessories,1,0.6962132453918457,gold,WestElm
Bath > Bathroom Accessories > Bathroom Accessories,0,0.6808889929857743,ablation,WestElm
Outdoor,1,0.7386132478713989,gold,WestElm
Outdoor,0,0.7352487954875251,ablation,WestElm
Art & Mirrors > Frames > Picture Frame Sets,1,0.7806786894798279,gold,WestElm
Art & Mirrors > Frames > Picture Frame Sets,0,0.7806786682440516,ablation,WestElm
Bath > Bathroom Furniture > Medicine Cabinets & Mirrors,1,0.7167878150939941,gold,WestElm
Bath > Bathroom Furniture > Medicine Cabinets & Mirrors,0,0.6721337325573565,ablation,WestElm
Office > Shop By Category > Office Furniture Sets,1,0.6744533777236938,gold,WestElm
Office > Shop By Category > Office Furniture Sets,0,0.6649580461620298,ablation,WestElm
Kitchen & Dining > Table Linens > Placemats & Chargers,1,0.7563202977180481,gold,WestElm
Kitchen & Dining > Table Linens > Placemats & Chargers,0,0.5987915438510314,ablation,WestElm
Pillows & Decor > Featured > Decorative Pillow Inserts,1,0.7375211119651794,gold,WestElm
Pillows & Decor > Featured > Decorative Pillow Inserts,0,0.6898401832402831,ablation,WestElm
Outdoor > Outdoor Dining Furniture > Outdoor Kitchen Furniture,1,0.7323461174964905,gold,WestElm
Outdoor > Outdoor Dining Furniture > Outdoor Kitchen Furniture,0,0.6647408419829842,ablation,WestElm
Art & Mirrors > Wall Organization & Decor,1,0.6374845504760742,gold,WestElm
Art & Mirrors > Wall Organization & Decor,0,0.6348932922648374,ablation,WestElm
"Pillows & Decor > Pillows, Throws & Poufs > Poufs & Floor Pillows",1,0.7503771781921387,gold,WestElm
"Pillows & Decor > Pillows, Throws & Poufs > Poufs & Floor Pillows",0,0.6788163157739049,ablation,WestElm
Furniture > Featured > Furniture Cushions & Slipcovers,0,0.7643707990646362,gold,WestElm
Furniture > Home Office > Filing Cabinets,1,0.756881833076477,gold,WestElm
Furniture > Home Office > Filing Cabinets,0,0.6834865038538314,ablation,WestElm
Office > Shop By Category > Desk Chairs,1,0.7008646130561829,gold,WestElm
Office > Shop By Category > Desk Chairs,0,0.7003213168625217,ablation,WestElm
Rugs > Custom Sized Rugs,1,0.7677086591720581,gold,WestElm
Rugs > Custom Sized Rugs,0,0.6321170795802233,ablation,WestElm
Window > Window Shades > Custom Curtains & Shades,1,0.741843581199646,gold,WestElm
Window > Window Shades > Custom Curtains & Shades,0,0.6669786872747081,ablation,WestElm
"Pillows & Decor > Pillows, Throws & Poufs",1,0.7537944316864014,gold,WestElm
"Pillows & Decor > Pillows, Throws & Poufs",0,0.6904821608552628,ablation,WestElm
Kitchen & Dining > Kitchen > Appliances,1,0.7557944059371948,gold,WestElm
Kitchen & Dining > Kitchen > Appliances,0,0.7557943861935171,ablation,WestElm
Rugs > Rugs By Type > Tufted Rugs,1,0.7835593223571777,gold,WestElm
Rugs > Rugs By Type > Tufted Rugs,0,0.6337424003130915,ablation,WestElm
Art & Mirrors > Frames,1,0.7196143865585327,gold,WestElm
Art & Mirrors > Frames,0,0.7196143744785404,ablation,WestElm
Bath > Bath Linens > Towels,1,0.7834792137145996,gold,WestElm
Bath > Bath Linens > Towels,0,0.783479117372858,ablation,WestElm
Rugs > Rugs By Type > Flatweave Rugs,1,0.7676019668579102,gold,WestElm
Rugs > Rugs By Type > Flatweave Rugs,0,0.6346297321965321,ablation,WestElm
"Pillows & Decor > Pillows, Throws & Poufs > Throws",1,0.7942997813224792,gold,WestElm
"Pillows & Decor > Pillows, Throws & Poufs > Throws",0,0.5414521507511336,ablation,WestElm
Art & Mirrors > Art,1,0.7121942043304443,gold,WestElm
Art & Mirrors > Art,0,0.657024957348302,ablation,WestElm
"Storage > Storage Accessories > Heating, Cooling & Air Quality",1,0.7713456153869629,gold,WestElm
"Storage > Storage Accessories > Heating, Cooling & Air Quality",0,0.5871318971112456,ablation,WestElm
Furniture > Living Room > Recliners,1,0.7455178499221802,gold,WestElm
Furniture > Living Room > Recliners,0,0.56998211145401,ablation,WestElm
Rugs > Custom Sized Rugs > Custom Rugs,1,0.7684817314147949,gold,WestElm
Rugs > Custom Sized Rugs > Custom Rugs,0,0.6313617682411332,ablation,WestElm
Storage > Storage Accessories > Pet Accessories,1,0.7779223918914795,gold,WestElm
Storage > Storage Accessories > Pet Accessories,0,0.6834647737182219,ablation,WestElm
Pillows & Decor > Featured > Candles & Home Fragrance,1,0.725344181060791,gold,WestElm
Pillows & Decor > Featured > Candles & Home Fragrance,0,0.5735599978663293,ablation,WestElm
Outdoor > Outdoor Solutions > Furniture Cushions,0,0.6874873638153076,gold,WestElm
Pillows & Decor > Room Decor,1,0.7951054573059082,gold,WestElm
Pillows & Decor > Room Decor,0,0.7951054910277944,ablation,WestElm
Bedding > All Bedding > Blankets,1,0.793192982673645,gold,WestElm
Bedding > All Bedding > Blankets,0,0.5281603322692046,ablation,WestElm
Pillows & Decor > Room Decor > Scented Candles,1,0.801851749420166,gold,WestElm
Pillows & Decor > Room Decor > Scented Candles,0,0.5724086165428162,ablation,WestElm
Storage > Storage Furniture,1,0.8406141996383667,gold,WestElm
Storage > Storage Furniture,0,0.7228464619271264,ablation,WestElm
Storage,1,0.7970633506774902,gold,WestElm
Storage,0,0.7970633482842617,ablation,WestElm
Pillows & Decor > Room Decor > Books & Bookends,1,0.837954580783844,gold,WestElm
Pillows & Decor > Room Decor > Books & Bookends,0,0.6181262778930592,ablation,WestElm
Outdoor > Outdoor Dining Furniture > Dining Chairs & Benches,1,0.7411975860595703,gold,WestElm
Outdoor > Outdoor Dining Furniture > Dining Chairs & Benches,0,0.7411976322826914,ablation,WestElm
Art & Mirrors,1,0.7972512245178223,gold,WestElm
Art & Mirrors,0,0.6385812588332537,ablation,WestElm
Furniture > Bedroom > Beds,1,0.7826781272888184,gold,WestElm
Furniture > Bedroom > Beds,0,0.7374008844931799,ablation,WestElm
Storage > Storage Accessories > Trash Cans,1,0.7506197094917297,gold,WestElm
Storage > Storage Accessories > Trash Cans,0,0.5960550244743406,ablation,WestElm
Pillows & Decor,1,0.8399071097373962,gold,WestElm
Pillows & Decor,0,0.7563844004345268,ablation,WestElm
Art & Mirrors > Mirrors > Floor Mirrors,1,0.8630122542381287,gold,WestElm
Art & Mirrors > Mirrors > Floor Mirrors,0,0.704418272101138,ablation,WestElm
Furniture > Dining & Kitchen > Dining Tables,1,0.8193721771240234,gold,WestElm
Furniture > Dining & Kitchen > Dining Tables,0,0.7741964872729296,ablation,WestElm
Furniture > Bedroom > Mattresses,1,0.8116400837898254,gold,WestElm
Furniture > Bedroom > Mattresses,0,0.7322740195577722,ablation,WestElm
Outdoor > Outdoor Lounge Furniture > Coffee Tables,1,0.8251428604125977,gold,WestElm
Outdoor > Outdoor Lounge Furniture > Coffee Tables,0,0.8251428535094271,ablation,WestElm
Kitchen & Dining > Kitchen > Cutlery & Cutting Boards,1,0.8356058597564697,gold,WestElm
Kitchen & Dining > Kitchen > Cutlery & Cutting Boards,0,0.6594850036589119,ablation,WestElm
Bath > Bath Linens > Shower Curtains,1,0.8508144617080688,gold,WestElm
Bath > Bath Linens > Shower Curtains,0,0.6508356950991738,ablation,WestElm
Furniture > Living Room > Sofas & Loveseats,1,0.8490663766860962,gold,WestElm
Furniture > Living Room > Sofas & Loveseats,0,0.5719306468963623,ablation,WestElm
Furniture > Living Room,1,0.8141093254089355,gold,WestElm
Furniture > Living Room,0,0.8141093964653368,ablation,WestElm
Lighting > Lamps,1,0.8241103887557983,gold,WestElm
Lighting > Lamps,0,0.6560705434735945,ablation,WestElm
Furniture > Living Room > Coffee Tables,1,0.829875111579895,gold,WestElm
Furniture > Living Room > Coffee Tables,0,0.608200145600948,ablation,WestElm
Bedding > Bedding Essentials > Mattress Pads & Toppers,1,0.9659643173217773,gold,WestElm
Bedding > Bedding Essentials > Mattress Pads & Toppers,0,0.6326257520564558,ablation,WestElm
Lighting > Ceiling Lighting,1,0.9803506135940552,gold,WestElm
Lighting > Ceiling Lighting,0,0.7591816090990652,ablation,WestElm
Kitchen & Dining > Dinnerware & Flatware > Flatware,1,0.9760594367980957,gold,WestElm
Kitchen & Dining > Dinnerware & Flatware > Flatware,0,0.5441671791635591,ablation,WestElm
Furniture > Living Room > Ottomans & Stools,1,0.8687258958816528,gold,WestElm
Furniture > Living Room > Ottomans & Stools,0,0.612494336862785,ablation,WestElm
Lighting > Featured > Light Bulbs & Accessories,1,0.8778408765792847,gold,WestElm
Lighting > Featured > Light Bulbs & Accessories,0,0.6339912735053153,ablation,WestElm
Bath > Bathroom Renovation > Bathroom Hardware,0,0.9568576812744141,gold,WestElm
Furniture > Home Office > Desks,1,0.9553545713424683,gold,WestElm
Furniture > Home Office > Desks,0,0.751037220040853,ablation,WestElm
Lighting > Lamps > Floor Lamps,1,0.9859619140625,gold,WestElm
Lighting > Lamps > Floor Lamps,0,0.621777019896048,ablation,WestElm
Bedding,1,0.9950402975082397,gold,WestElm
Bedding,0,0.5061911010517107,ablation,WestElm
Outdoor > Outdoor Lounge Furniture > Fire Pits & Tables,1,0.5924094319343567,gold,WestElm
Outdoor > Outdoor Lounge Furniture > Fire Pits & Tables,0,0.5924094099972156,ablation,WestElm
Bedding > All Bedding > Comforters,1,0.6269892454147339,gold,WestElm
Bedding > All Bedding > Comforters,0,0.5284475684165955,ablation,WestElm
Furniture > Bedroom > Dressers,0,0.5642298460006714,gold,WestElm
Office > Shop By Category > Meeting & Lounge Furniture,1,0.6405103206634521,gold,WestElm
Office > Shop By Category > Meeting & Lounge Furniture,0,0.640510325506211,ablation,WestElm
Window,1,0.6362543702125549,gold,WestElm
Window,0,0.5977766853293035,ablation,WestElm
"Pillows & Decor > Garden > Stems, Branches & Bouquets",1,0.5612084865570068,gold,WestElm
"Pillows & Decor > Garden > Stems, Branches & Bouquets",0,0.531414806842804,ablation,WestElm
Lighting > Ceiling Lighting > Pendants,1,0.6093436479568481,gold,WestElm
Lighting > Ceiling Lighting > Pendants,0,0.5481155670948284,ablation,WestElm
Kitchen & Dining > Drinkware & Barware > Coasters,1,0.5973618030548096,gold,WestElm
Kitchen & Dining > Drinkware & Barware > Coasters,0,0.5867023468017578,ablation,WestElm
Window > Window Shades,1,0.6540605425834656,gold,WestElm
Window > Window Shades,0,0.6540605595614246,ablation,WestElm
Bedding > Bedding Essentials > Down Alternative Inserts,1,0.5805584788322449,gold,WestElm
Bedding > Bedding Essentials > Down Alternative Inserts,0,0.5500738674061056,ablation,WestElm
Bath > Bathroom Renovation > Cabinet Knobs & Pulls,0,0.601327657699585,gold,WestElm
Kitchen & Dining > Serveware > Picnic Baskets,0,0.6477165818214417,gold,WestElm
Furniture > Living Room > TV & Media Consoles,1,0.6765233278274536,gold,WestElm
Furniture > Living Room > TV & Media Consoles,0,0.6765232379466835,ablation,WestElm
Kitchen & Dining > Serveware > Charcuterie Boards & Knives,1,0.611544132232666,gold,WestElm
Kitchen & Dining > Serveware > Charcuterie Boards & Knives,0,0.6010534167289734,ablation,WestElm
Rugs > Rugs By Type > Doormats,1,0.6176067590713501,gold,WestElm
Rugs > Rugs By Type > Doormats,0,0.5741886496543884,ablation,WestElm
Kitchen & Dining > Dinnerware & Flatware > Mugs,1,0.6554117202758789,gold,WestElm
Kitchen & Dining > Dinnerware & Flatware > Mugs,0,0.6554116875516269,ablation,WestElm
Kitchen & Dining > Serveware,1,0.9332128763198853,gold,WestElm
Kitchen & Dining > Serveware,0,0.5788955823724579,ablation,WestElm
Bedding > Bedding Essentials > Duvet Inserts,1,0.5913300514221191,gold,WestElm
Bedding > Bedding Essentials > Duvet Inserts,0,0.5609615900518448,ablation,WestElm
Kitchen & Dining > Dinnerware & Flatware > Dinner Plates,1,0.6897202134132385,gold,WestElm
Kitchen & Dining > Dinnerware & Flatware > Dinner Plates,0,0.6724858382272851,ablation,WestElm
Bedding > All Bedding > Sheet Sets & Pillowcases,1,0.6258217096328735,gold,WestElm
Bedding > All Bedding > Sheet Sets & Pillowcases,0,0.6190380299796069,ablation,WestElm
Outdoor > Outdoor Shades > Carports,0,0.5613110661506653,gold,Wayfair
Outdoor > Umbrellas > Market Umbrellas,1,0.5143282413482666,gold,Wayfair
Outdoor > Umbrellas > Market Umbrellas,0,0.5062299966812134,ablation,Wayfair
Home Improvement > Outdoor Remodel > Fencing Accessories,0,0.6098812818527222,gold,Wayfair
Smallwares > Serveware > Tureens,1,0.5941020250320435,gold,Wayfair
Smallwares > Serveware > Tureens,0,0.5523867011070251,ablation,Wayfair
Outdoor > Backyard Play > Basketball Hoops,0,0.5563358664512634,gold,Wayfair
Outdoor > Fitness > Dumbbells,1,0.6034665107727051,gold,Wayfair
Outdoor > Fitness > Dumbbells,0,0.5815649032592773,ablation,Wayfair
Shop Contractor Spaces > Bedroom,1,0.539088785648346,gold,Wayfair
Shop Contractor Spaces > Bedroom,0,0.5306846499443054,ablation,Wayfair
Outdoor > Outdoor Fencing & Flooring > Turf,0,0.5455152988433838,gold,Wayfair
Commercial Office Furniture > Office Cubicles & Partitions > Sneeze Guards,1,0.5702424049377441,gold,Wayfair
Commercial Office Furniture > Office Cubicles & Partitions > Sneeze Guards,0,0.5394207239151001,ablation,Wayfair
Shop Contractor Spaces > Hallway & Mudroom,1,0.5099271535873413,gold,Wayfair
Shop Contractor Spaces > Hallway & Mudroom,0,0.5099271310073977,ablation,Wayfair
Furniture > Bedroom Furniture > Daybeds,0,0.6065711379051208,gold,Wayfair
Furniture > Entry & Mudroom Furniture > Storage Benches > Small Bedroom Vanities,0,0.5664122104644775,gold,Wayfair
Outdoor > Fitness > Home Gyms,0,0.6084827780723572,gold,Wayfair
Holiday > Valentine's Day > Valentine's Day Tableware & Linens,1,0.5983505249023438,gold,Wayfair
Holiday > Valentine's Day > Valentine's Day Tableware & Linens,0,0.5555060112855653,ablation,Wayfair
School Spaces > Outdoor Playground & Recreation > Climbing Toys & Slides,1,0.580716609954834,gold,Wayfair
School Spaces > Outdoor Playground & Recreation > Climbing Toys & Slides,0,0.5661089285266478,ablation,Wayfair
Outdoor > Outdoor Heating > Fire Pits,1,0.5942716002464294,gold,Wayfair
Outdoor > Outdoor Heating > Fire Pits,0,0.5942715252146099,ablation,Wayfair
Baby & Kids > Toddler & Kids Bedroom Furniture > Baby & Kids Dressers,0,0.5992793440818787,gold,Wayfair
Outdoor > Backyard Play > Trampoline Accessories,0,0.5822209119796753,gold,Wayfair
Baby & Kids > Teen Decor & Lighting > Teen Tapestries and Wall Hangings,0,0.5762374401092529,gold,Wayfair
Smallwares > Food Storage Supplies > Spice Jars & Spice Racks,1,0.6248486042022705,gold,Wayfair
Smallwares > Food Storage Supplies > Spice Jars & Spice Racks,0,0.6247956259121841,ablation,Wayfair
Holiday > Easter > Easter Tableware & Linens,1,0.622068464756012,gold,Wayfair
Holiday > Easter > Easter Tableware & Linens,0,0.554907880928824,ablation,Wayfair
Furniture > Custom Furniture > Custom Headboards > Adjustable Beds,1,0.6011736392974854,gold,Wayfair
Furniture > Custom Furniture > Custom Headboards > Adjustable Beds,0,0.5236733503851406,ablation,Wayfair
Outdoor > Outdoor & Patio Furniture > Outdoor Umbrellas,1,0.6739584803581238,gold,Wayfair
Outdoor > Outdoor & Patio Furniture > Outdoor Umbrellas,0,0.6581215246306733,ablation,Wayfair
Organization > Storage Furniture > Blanket Ladders & Racks,1,0.6439493298530579,gold,Wayfair
Organization > Storage Furniture > Blanket Ladders & Racks,0,0.6439493077477068,ablation,Wayfair
Outdoor > Outdoor Décor > Bird Houses,0,0.6023076772689819,gold,Wayfair
"Smallwares > Pots, Pans & Skillets > Stock, Soup & Multi-Pots",1,0.662851870059967,gold,Wayfair
"Smallwares > Pots, Pans & Skillets > Stock, Soup & Multi-Pots",0,0.5369757464936262,ablation,Wayfair
Boards & Technology > Electronic Mounts & Stands > Portable Electronic Mounts,1,0.6388309597969055,gold,Wayfair
Boards & Technology > Electronic Mounts & Stands > Portable Electronic Mounts,0,0.6388311017463092,ablation,Wayfair
Outdoor > Outdoor Décor > Outdoor Thermometers,1,0.7119008898735046,gold,Wayfair
Outdoor > Outdoor Décor > Outdoor Thermometers,0,0.7119009129110196,ablation,Wayfair
Shop Restaurant Spaces > Dining Room > Restaurant Dining & Bar Furniture,1,0.6576330065727234,gold,Wayfair
Shop Restaurant Spaces > Dining Room > Restaurant Dining & Bar Furniture,0,0.6576329491413698,ablation,Wayfair
"Baby & Kids > Baby & Kids Rugs, Décor & Lighting > Baby & Kids' Night Lights",1,0.5887649059295654,gold,Wayfair
"Baby & Kids > Baby & Kids Rugs, Décor & Lighting > Baby & Kids' Night Lights",0,0.5887648353434861,ablation,Wayfair
School Spaces > Library Furniture > Reception Desks & Suites,1,0.7085250616073608,gold,Wayfair
School Spaces > Library Furniture > Reception Desks & Suites,0,0.6350954552884127,ablation,Wayfair
School Spaces > Outdoor Playground & Recreation > Sand & Water Tables,1,0.6209444999694824,gold,Wayfair
School Spaces > Outdoor Playground & Recreation > Sand & Water Tables,0,0.6281808538905744,ablation,Wayfair
Outdoor > Outdoor Shades,0,0.6801880598068237,gold,Wayfair
Restaurant Furniture > Restaurant Dining & Bar Furniture > Low Top Restaurant Tables,1,0.6608673334121704,gold,Wayfair
Restaurant Furniture > Restaurant Dining & Bar Furniture > Low Top Restaurant Tables,0,0.660867314924127,ablation,Wayfair
School Spaces > Science Lab Furniture > Science & Lab Tables,1,0.6708683967590332,gold,Wayfair
School Spaces > Science Lab Furniture > Science & Lab Tables,0,0.6243254670968326,ablation,Wayfair
Shop Restaurant Spaces > Dining Room,1,0.6534669399261475,gold,Wayfair
Shop Restaurant Spaces > Dining Room,0,0.6513361724420417,ablation,Wayfair
Holiday > Easter > Easter Bedding & Bath,1,0.639467716217041,gold,Wayfair
Holiday > Easter > Easter Bedding & Bath,0,0.529399671526675,ablation,Wayfair
Contractor > Hardware & Doors > Window Treatments,1,0.623755931854248,gold,Wayfair
Contractor > Hardware & Doors > Window Treatments,0,0.6218629416934024,ablation,Wayfair
Shop Contractor Spaces > Bathroom Renovation > Bathroom Tiles & Flooring,0,0.6590014100074768,gold,Wayfair
Decor & Rugs (Pro) > Business Décor > Indoor Fountains,1,0.6697618365287781,gold,Wayfair
Decor & Rugs (Pro) > Business Décor > Indoor Fountains,0,0.6697617338074731,ablation,Wayfair
"Baby & Kids > Educational Games & Toys > STEM Games, Toys, and Resources",1,0.6987667083740234,gold,Wayfair
"Baby & Kids > Educational Games & Toys > STEM Games, Toys, and Resources",0,0.6880994844998747,ablation,Wayfair
Restaurant Furniture > Restaurant Dining & Bar Furniture > Table Parts,1,0.6713619828224182,gold,Wayfair
Restaurant Furniture > Restaurant Dining & Bar Furniture > Table Parts,0,0.6377840583687236,ablation,Wayfair
Restaurant Storage > Cabinet & Pantry Organization > Pantry Shelf Organizers,1,0.6687334179878235,gold,Wayfair
Restaurant Storage > Cabinet & Pantry Organization > Pantry Shelf Organizers,0,0.6687334179625535,ablation,Wayfair
Rugs > One-of-a-Kind Rugs,1,0.7388978600502014,gold,Wayfair
Rugs > One-of-a-Kind Rugs,0,0.6164208975993882,ablation,Wayfair
Restaurant Storage > Cabinet & Pantry Organization,1,0.6894471049308777,gold,Wayfair
Restaurant Storage > Cabinet & Pantry Organization,0,0.6894471176723007,ablation,Wayfair
Decor & Rugs (Pro) > Business Décor > Wall & Display Shelves,1,0.6704930663108826,gold,Wayfair
Decor & Rugs (Pro) > Business Décor > Wall & Display Shelves,0,0.665810880255409,ablation,Wayfair
Home Improvement > Kitchen Remodel & Kitchen Fixtures > Water Filtration,1,0.7089312672615051,gold,Wayfair
Home Improvement > Kitchen Remodel & Kitchen Fixtures > Water Filtration,0,0.7089312732289775,ablation,Wayfair
Shop Hospitality Spaces > Retail > Stanchions,1,0.7548261880874634,gold,Wayfair
Shop Hospitality Spaces > Retail > Stanchions,0,0.5342593193054199,ablation,Wayfair
Kitchen > Kitchen Utensils & Tools > Meat & Seafood Tools,1,0.6671480536460876,gold,Wayfair
Kitchen > Kitchen Utensils & Tools > Meat & Seafood Tools,0,0.6269111685486186,ablation,Wayfair
Shop Office Spaces > Outdoor Office Furniture,1,0.6542457342147827,gold,Wayfair
Shop Office Spaces > Outdoor Office Furniture,0,0.6542179748425077,ablation,Wayfair
Organization > Garage & Outdoor Storage & Organization > Ladders,1,0.7556352019309998,gold,Wayfair
Organization > Garage & Outdoor Storage & Organization > Ladders,0,0.5524699091911316,ablation,Wayfair
Lighting > Wall Lights,1,0.7114222645759583,gold,Wayfair
Lighting > Wall Lights,0,0.7114221919195098,ablation,Wayfair
Restaurant Appliances & Equipment > Beverage Equipment > Sparkling Beverage & Soda Makers,1,0.6684964299201965,gold,Wayfair
Restaurant Appliances & Equipment > Beverage Equipment > Sparkling Beverage & Soda Makers,0,0.6684964194494805,ablation,Wayfair
Office Storage & Organization > File & Paper Organization > Specialty Filing,1,0.7071189880371094,gold,Wayfair
Office Storage & Organization > File & Paper Organization > Specialty Filing,0,0.6368026712476559,ablation,Wayfair
Organization > Garage & Outdoor Storage & Organization > Natural Material Storage,0,0.6983422636985779,gold,Wayfair
Facilities & Maintenance > Maintenance Storage > Storage Racks & Shelving Units,1,0.7086907625198364,gold,Wayfair
Facilities & Maintenance > Maintenance Storage > Storage Racks & Shelving Units,0,0.6603129082376709,ablation,Wayfair
"Restaurant Storage > Commercial Tables, Shelving & Sinks > Commercial Work Tables",1,0.6799104809761047,gold,Wayfair
"Restaurant Storage > Commercial Tables, Shelving & Sinks > Commercial Work Tables",0,0.6515346010105042,ablation,Wayfair
Commercial Office Furniture > Office Desks > Reception Desks & Suites,1,0.7277199625968933,gold,Wayfair
Commercial Office Furniture > Office Desks > Reception Desks & Suites,0,0.6273894687886263,ablation,Wayfair
School Furniture & Supplies > Classroom Rugs & Décor > Wall Clocks,1,0.6842876076698303,gold,Wayfair
School Furniture & Supplies > Classroom Rugs & Décor > Wall Clocks,0,0.6339158539788073,ablation,Wayfair
Facilities & Maintenance > Business Signs & Sign Holders > A-Frame Signage & Sign Holders,1,0.7227204442024231,gold,Wayfair
Facilities & Maintenance > Business Signs & Sign Holders > A-Frame Signage & Sign Holders,0,0.6131898060568013,ablation,Wayfair
Furniture > Custom Furniture > Custom Bar Stools,1,0.7119569182395935,gold,Wayfair
Furniture > Custom Furniture > Custom Bar Stools,0,0.6465621162202305,ablation,Wayfair
Organization > Jewelry Organization > Jewelry & Watch Boxes,1,0.7495596408843994,gold,Wayfair
Organization > Jewelry Organization > Jewelry & Watch Boxes,0,0.5781759496955257,ablation,Wayfair
Furniture > Custom Furniture > Custom Bar Stools > Custom Bar Stools,1,0.7119569182395935,gold,Wayfair
Furniture > Custom Furniture > Custom Bar Stools > Custom Bar Stools,0,0.6465621162202305,ablation,Wayfair
Facilities & Maintenance > Maintenance Storage,1,0.7261115312576294,gold,Wayfair
Facilities & Maintenance > Maintenance Storage,0,0.7261114752654287,ablation,Wayfair
Commercial Office Furniture > Office Cubicles & Partitions > Desk Partitions,1,0.761968195438385,gold,Wayfair
Commercial Office Furniture > Office Cubicles & Partitions > Desk Partitions,0,0.6637453599157164,ablation,Wayfair
Tabletop > Dinnerware > Plates,1,0.783302903175354,gold,Wayfair
Tabletop > Dinnerware > Plates,0,0.7833028111535008,ablation,Wayfair
Office Storage & Organization > File & Paper Organization,1,0.7720285058021545,gold,Wayfair
Office Storage & Organization > File & Paper Organization,0,0.772028465822548,ablation,Wayfair
Organization > Wall Shelving & Organization > Storage Racks & Shelving Units,1,0.7473359704017639,gold,Wayfair
Organization > Wall Shelving & Organization > Storage Racks & Shelving Units,0,0.6869113021547546,ablation,Wayfair
Outdoor > Outdoor Fencing & Flooring > Privacy Screens,0,0.7658443450927734,gold,Wayfair
Outdoor > Garden,0,0.7058625221252441,gold,Wayfair
Lighting > Outdoor Lighting > Commercial Exterior Lighting,1,0.7911683320999146,gold,Wayfair
Lighting > Outdoor Lighting > Commercial Exterior Lighting,0,0.6237681319374564,ablation,Wayfair
School Spaces > Library Furniture > School Carts & Stands,1,0.824973464012146,gold,Wayfair
School Spaces > Library Furniture > School Carts & Stands,0,0.6991910204503,ablation,Wayfair
Outdoor > Outdoor & Patio Furniture > Patio Bar Furniture,1,0.844027578830719,gold,Wayfair
Outdoor > Outdoor & Patio Furniture > Patio Bar Furniture,0,0.6972779308855747,ablation,Wayfair
Facilities & Maintenance > Safety & Emergency Supplies > Stanchions,1,0.7967771887779236,gold,Wayfair
Facilities & Maintenance > Safety & Emergency Supplies > Stanchions,0,0.5701706411203107,ablation,Wayfair
Bedding & Bath > Shower Curtains & Accessories > Shower Curtain Rods,0,0.830377995967865,gold,Wayfair
Smallwares > Food Storage Supplies > Specialty Food Storage,1,0.748666524887085,gold,Wayfair
Smallwares > Food Storage Supplies > Specialty Food Storage,0,0.7486664951161026,ablation,Wayfair
Shop Restaurant Spaces > Commercial Kitchen > Food Storage Supplies,1,0.7497734427452087,gold,Wayfair
Shop Restaurant Spaces > Commercial Kitchen > Food Storage Supplies,0,0.7368282121281022,ablation,Wayfair
Decor & Pillows > Mirrors > Vanity & Dresser Mirrors,1,0.7994397878646851,gold,Wayfair
Decor & Pillows > Mirrors > Vanity & Dresser Mirrors,0,0.685951923393896,ablation,Wayfair
Outdoor > Front Door Décor & Curb Appeal > House Numbers & Letters,0,0.7702406644821167,gold,Wayfair
Restaurant Furniture > Banquet Furniture > Podiums & Lecterns,1,0.6731306314468384,gold,Wayfair
Restaurant Furniture > Banquet Furniture > Podiums & Lecterns,0,0.5575758814811707,ablation,Wayfair
Furniture > Living Room Furniture > Ottomans & Poufs,1,0.7676655054092407,gold,Wayfair
Furniture > Living Room Furniture > Ottomans & Poufs,0,0.574449896812439,ablation,Wayfair
Furniture > Bedroom Furniture,1,0.8289294838905334,gold,Wayfair
Furniture > Bedroom Furniture,0,0.8289294836346675,ablation,Wayfair
Bedding & Bath > Bedding & Bedding Sets > Throw Pillows,1,0.7944366931915283,gold,Wayfair
Bedding & Bath > Bedding & Bedding Sets > Throw Pillows,0,0.721992441254717,ablation,Wayfair
Commercial Office Furniture > Office Tables > Coffee Tables & End Tables,1,0.7905445694923401,gold,Wayfair
Commercial Office Furniture > Office Tables > Coffee Tables & End Tables,0,0.6441300511780255,ablation,Wayfair
Smallwares > Outdoor Serving & Tableware > Outdoor Drinkware,1,0.8157764673233032,gold,Wayfair
Smallwares > Outdoor Serving & Tableware > Outdoor Drinkware,0,0.8157764522833599,ablation,Wayfair
Organization > Cleaning & Laundry Organization > Trash Bags & Liners,1,0.8203088045120239,gold,Wayfair
Organization > Cleaning & Laundry Organization > Trash Bags & Liners,0,0.5795323084682474,ablation,Wayfair
Furniture > Office Furniture,1,0.8520882725715637,gold,Wayfair
Furniture > Office Furniture,0,0.6839994851987439,ablation,Wayfair
Furniture > Office Furniture > Laptop Carts & Stands,1,0.8343846797943115,gold,Wayfair
Furniture > Office Furniture > Laptop Carts & Stands,0,0.6626574942196731,ablation,Wayfair
Furniture > Office Furniture > Home Office Furniture Sets,1,0.7711821794509888,gold,Wayfair
Furniture > Office Furniture > Home Office Furniture Sets,0,0.7711821513282137,ablation,Wayfair
Commercial Office Furniture > Office Seating > Waiting Room & Reception Chairs,1,0.7966312170028687,gold,Wayfair
Commercial Office Furniture > Office Seating > Waiting Room & Reception Chairs,0,0.5923794477139693,ablation,Wayfair
Appliances > Washers & Dryers,1,0.9762107133865356,gold,Wayfair
Appliances > Washers & Dryers,0,0.809497590956814,ablation,Wayfair
Organization > Cleaning & Laundry Organization > Laundry Accessories,1,0.9668771028518677,gold,Wayfair
Organization > Cleaning & Laundry Organization > Laundry Accessories,0,0.6378230112748603,ablation,Wayfair
Furniture,1,1.0,gold,Wayfair
Furniture,0,0.7511624018961474,ablation,Wayfair
Decor & Pillows > Wall Décor > Wall Decals,1,0.9844744205474854,gold,Wayfair
Decor & Pillows > Wall Décor > Wall Decals,0,0.6286069200154297,ablation,Wayfair
Outdoor > Front Door Décor & Curb Appeal > Flags,1,0.9239528179168701,gold,Wayfair
Outdoor > Front Door Décor & Curb Appeal > Flags,0,0.5931629573004874,ablation,Wayfair
Outdoor > Backyard Play > Outdoor Games,1,0.9588983058929443,gold,Wayfair
Outdoor > Backyard Play > Outdoor Games,0,0.6580678217888003,ablation,Wayfair
Home Improvement > Plumbing > Drains,1,0.9679005146026611,gold,Wayfair
Home Improvement > Plumbing > Drains,0,0.5789216377852549,ablation,Wayfair
Organization > Cleaning & Laundry Organization > Trash Cans & Recycling,1,0.8879656791687012,gold,Wayfair
Organization > Cleaning & Laundry Organization > Trash Cans & Recycling,0,0.5650060566505816,ablation,Wayfair
Restaurant Furniture > Restaurant Dining & Bar Furniture > Bar Stools & Counter Stools,1,0.8892574310302734,gold,Wayfair
Restaurant Furniture > Restaurant Dining & Bar Furniture > Bar Stools & Counter Stools,0,0.6515740639142178,ablation,Wayfair
Decor & Pillows > Decorative Accents,1,0.9676178693771362,gold,Wayfair
Decor & Pillows > Decorative Accents,0,0.83027564620424,ablation,Wayfair
Baby & Kids > Nursery Furniture > Conversion Rails,0,0.5832752585411072,gold,Wayfair
"Outdoor > Hot Tubs, Saunas & Pools > Swimming Pools",0,0.5672485828399658,gold,Wayfair
Shop Hospitality Spaces,1,0.46911513805389404,gold,Wayfair
Shop Hospitality Spaces,0,0.469115068406754,ablation,Wayfair
Outdoor > Outdoor Fencing & Flooring > Outdoor Deck Tiles & Planks,0,0.6274039149284363,gold,Wayfair
Organization > Storage Furniture > Storage Benches > Small Bedroom Vanities,0,0.5714818835258484,gold,Wayfair
Shop Restaurant Spaces > Lobby > Sneeze Guards,1,0.5188078284263611,gold,Wayfair
Shop Restaurant Spaces > Lobby > Sneeze Guards,0,0.5188078880310059,ablation,Wayfair
Baby & Kids > Teen Bedroom Furniture > Teen Dressers,0,0.5273028016090393,gold,Wayfair
Facilities & Maintenance > Maintenance Storage > Workbenches,0,0.586262583732605,gold,Wayfair
Outdoor > Fitness > Weight Benches,0,0.6448538899421692,gold,Wayfair
Shop Office Spaces > Reception Area > Reception Sets,1,0.55178302526474,gold,Wayfair
Shop Office Spaces > Reception Area > Reception Sets,0,0.5517830089903428,ablation,Wayfair
Outdoor > Umbrellas > Beach Umbrellas,0,0.5109332799911499,gold,Wayfair
"Smallwares > Pots, Pans & Skillets > Egg Poachers",1,0.6365734338760376,gold,Wayfair
"Smallwares > Pots, Pans & Skillets > Egg Poachers",0,0.5460558533668518,ablation,Wayfair
Shop Office Spaces > Reception Area,1,0.5353075265884399,gold,Wayfair
Shop Office Spaces > Reception Area,0,0.5216365456581116,ablation,Wayfair
Organization > Garage & Outdoor Storage & Organization > Shed Accessories,0,0.6161494851112366,gold,Wayfair
Shop Restaurant Spaces > Banquet > Banquet Furniture,1,0.6587018966674805,gold,Wayfair
Shop Restaurant Spaces > Banquet > Banquet Furniture,0,0.658701899141762,ablation,Wayfair
Shop Office Spaces > Breakrooms & Employee Spaces,1,0.5903944969177246,gold,Wayfair
Shop Office Spaces > Breakrooms & Employee Spaces,0,0.5248295068740845,ablation,Wayfair
Furniture > Bedroom Furniture > Nightstands,0,0.5935328006744385,gold,Wayfair
Outdoor > Umbrellas > Cantilever Umbrellas,1,0.516374409198761,gold,Wayfair
Outdoor > Umbrellas > Cantilever Umbrellas,0,0.516374385433017,ablation,Wayfair
Shop Contractor Spaces > Kitchen Renovation,1,0.5747381448745728,gold,Wayfair
Shop Contractor Spaces > Kitchen Renovation,0,0.5747381413439605,ablation,Wayfair
Holiday > Hanukkah > Hanukkah Menorahs,0,0.4710251986980438,gold,Wayfair
"Office Products > Office Electronics > Electronic Dictionaries, Thesauri & Translators",0,0.5671936273574829,gold,Amazon
Industrial & Scientific > Robotics > Unmanned Aerial Vehicles (UAVs),1,0.612268328666687,gold,Amazon
Industrial & Scientific > Robotics > Unmanned Aerial Vehicles (UAVs),0,0.5829744874841227,ablation,Amazon
Health & Personal Care > Sports Nutrition > Pre-Workout,0,0.5216942429542542,gold,Amazon
Health & Personal Care > Household Supplies > Moisture Absorbers,1,0.5704677104949951,gold,Amazon
Health & Personal Care > Household Supplies > Moisture Absorbers,0,0.5704677872483941,ablation,Amazon
Industrial & Scientific > Industrial Hardware > Braces & Joist Hangers,1,0.5525955557823181,gold,Amazon
Industrial & Scientific > Industrial Hardware > Braces & Joist Hangers,0,0.5841469334986784,ablation,Amazon
"Industrial & Scientific > Power Transmission Products > Couplings, Collars & Universal Joiners",0,0.5301847457885742,gold,Amazon
"Arts, Crafts & Sewing > Crafting > Scratchboards & Foil Engraving",1,0.6168034672737122,gold,Amazon
"Arts, Crafts & Sewing > Crafting > Scratchboards & Foil Engraving",0,0.579501013092796,ablation,Amazon
Industrial & Scientific > Power Transmission Products > Mechanical Pulleys,0,0.5698566436767578,gold,Amazon
Home & Kitchen > Event & Party Supplies > Adult Novelty,0,0.5548248887062073,gold,Amazon
Health & Personal Care > Sports Nutrition > Fat Burners & Thermogenics,1,0.5289365649223328,gold,Amazon
Health & Personal Care > Sports Nutrition > Fat Burners & Thermogenics,0,0.5289364900105425,ablation,Amazon
Electronics > Video Game Consoles & Accessories > Xbox One,1,0.5732376575469971,gold,Amazon
Electronics > Video Game Consoles & Accessories > Xbox One,0,0.5345799922943115,ablation,Amazon
"Patio, Lawn & Garden > Farm & Ranch > Livestock Supplies",0,0.572841227054596,gold,Amazon
"Arts, Crafts & Sewing > Printmaking > Printing Presses & Accessories",0,0.6348250508308411,gold,Amazon
"Patio, Lawn & Garden > Gardening & Lawn Care > Greenhouses & Accessories",0,0.5868233442306519,gold,Amazon
"Patio, Lawn & Garden > Gardening & Lawn Care > Plant & Soil Monitoring",0,0.6254280805587769,gold,Amazon
Industrial & Scientific > Cutting Tools > Countersinks,1,0.5604264140129089,gold,Amazon
Industrial & Scientific > Cutting Tools > Countersinks,0,0.5632031161444754,ablation,Amazon
"Appliances > Refrigerators, Freezers & Ice Makers > Kegerators",1,0.6787567138671875,gold,Amazon
"Appliances > Refrigerators, Freezers & Ice Makers > Kegerators",0,0.626321655744107,ablation,Amazon
Tools & Home Improvement,1,0.5959030985832214,gold,Amazon
Tools & Home Improvement,0,0.586066839411106,ablation,Amazon
Home & Kitchen > Bedding > Quilts & Sets,1,0.6047317385673523,gold,Amazon
Home & Kitchen > Bedding > Quilts & Sets,0,0.5945398084281793,ablation,Amazon
Home & Kitchen > Seasonal Décor > Collectible Buildings & Accessories,1,0.658909022808075,gold,Amazon
Home & Kitchen > Seasonal Décor > Collectible Buildings & Accessories,0,0.6589090842360357,ablation,Amazon
Industrial & Scientific > Cutting Tools > Band Saw Blades,1,0.6313346028327942,gold,Amazon
Industrial & Scientific > Cutting Tools > Band Saw Blades,0,0.5627104043960571,ablation,Amazon
Electronics > Television & Video > Analog-to-Digital (DTV) Converters,1,0.6037417054176331,gold,Amazon
Electronics > Television & Video > Analog-to-Digital (DTV) Converters,0,0.5792956831522617,ablation,Amazon
Industrial & Scientific > Raw Materials > Plastics,0,0.6434140205383301,gold,Amazon
"Industrial & Scientific > Test, Measure & Inspect > Surface & Hardness Testing",1,0.6454375386238098,gold,Amazon
"Industrial & Scientific > Test, Measure & Inspect > Surface & Hardness Testing",0,0.6454375455209037,ablation,Amazon
Appliances > Vacuums & Floor Care > Steam Cleaners & Steam Mops,1,0.6925262212753296,gold,Amazon
Appliances > Vacuums & Floor Care > Steam Cleaners & Steam Mops,0,0.6925262868217255,ablation,Amazon
"Industrial & Scientific > Test, Measure & Inspect",1,0.5629024505615234,gold,Amazon
"Industrial & Scientific > Test, Measure & Inspect",0,0.6066933802141832,ablation,Amazon
Home & Kitchen > Bedding > Comforters & Sets,1,0.6167280673980713,gold,Amazon
Home & Kitchen > Bedding > Comforters & Sets,0,0.5907196727812007,ablation,Amazon
Home & Kitchen > Seasonal Décor > Snow Globes,1,0.6005315780639648,gold,Amazon
Home & Kitchen > Seasonal Décor > Snow Globes,0,0.6545375226617625,ablation,Amazon
"Patio, Lawn & Garden > Outdoor Décor > Garage Door Decorations",1,0.668330729007721,gold,Amazon
"Patio, Lawn & Garden > Outdoor Décor > Garage Door Decorations",0,0.6085713577005639,ablation,Amazon
"Arts, Crafts & Sewing > Beading & Jewelry Making > Beading Supplies",0,0.6404479146003723,gold,Amazon
Industrial & Scientific > Digital Signage > Video Wall Controllers,1,0.6418013572692871,gold,Amazon
Industrial & Scientific > Digital Signage > Video Wall Controllers,0,0.6418012352258118,ablation,Amazon
"Patio, Lawn & Garden > Pools, Hot Tubs & Supplies",0,0.5751147270202637,gold,Amazon
"Patio, Lawn & Garden > Patio Furniture & Accessories > Patio Cushion Storage Bags",1,0.674968957901001,gold,Amazon
"Patio, Lawn & Garden > Patio Furniture & Accessories > Patio Cushion Storage Bags",0,0.6525699544649617,ablation,Amazon
Health & Personal Care > Sexual Wellness > Adult Toys & Games,0,0.6379464268684387,gold,Amazon
Home & Kitchen > Event & Party Supplies > Ceremony Supplies,1,0.6883654594421387,gold,Amazon
Home & Kitchen > Event & Party Supplies > Ceremony Supplies,0,0.6883654615909627,ablation,Amazon
"Patio, Lawn & Garden > Pools, Hot Tubs & Supplies > Parts & Accessories",0,0.6554732322692871,gold,Amazon
Industrial & Scientific > Material Handling Products > Drum & Pail Handling Equipment,1,0.6886711716651917,gold,Amazon
Industrial & Scientific > Material Handling Products > Drum & Pail Handling Equipment,0,0.6692024591286249,ablation,Amazon
Home & Kitchen > Bedding > Sheets & Pillowcases,1,0.6768244504928589,gold,Amazon
Home & Kitchen > Bedding > Sheets & Pillowcases,0,0.6768244742062919,ablation,Amazon
"Arts, Crafts & Sewing > Scrapbooking & Stamping > Photo Transfer & Coloring Supplies",1,0.6357619762420654,gold,Amazon
"Arts, Crafts & Sewing > Scrapbooking & Stamping > Photo Transfer & Coloring Supplies",0,0.6357619772561162,ablation,Amazon
"Patio, Lawn & Garden > Outdoor Power Tools > Lawn Mowers & Tractors",0,0.687161922454834,gold,Amazon
Industrial & Scientific > Raw Materials > Wood,0,0.6483940482139587,gold,Amazon
Electronics > eBook Readers & Accessories > Covers,1,0.7117142081260681,gold,Amazon
Electronics > eBook Readers & Accessories > Covers,0,0.7117141930335142,ablation,Amazon
"Patio, Lawn & Garden > Outdoor Power Tools > Pole Saws",1,0.7112770080566406,gold,Amazon
"Patio, Lawn & Garden > Outdoor Power Tools > Pole Saws",0,0.6161352598260048,ablation,Amazon
"Patio, Lawn & Garden > Outdoor Heating & Cooling > Patio Heater Replacement Parts",0,0.6727292537689209,gold,Amazon
Office Products > Office Electronics > Electronic Organizers,0,0.6946814656257629,gold,Amazon
"Patio, Lawn & Garden > Grills & Outdoor Cooking > Outdoor Cooking Tools & Accessories",1,0.7113351821899414,gold,Amazon
"Patio, Lawn & Garden > Grills & Outdoor Cooking > Outdoor Cooking Tools & Accessories",0,0.7113351471930109,ablation,Amazon
Industrial & Scientific > Professional Medical Supplies > Surgical Equipment,1,0.6901663541793823,gold,Amazon
Industrial & Scientific > Professional Medical Supplies > Surgical Equipment,0,0.6901663433853249,ablation,Amazon
"Arts, Crafts & Sewing > Crafting > Sculpture Supplies",1,0.6971284747123718,gold,Amazon
"Arts, Crafts & Sewing > Crafting > Sculpture Supplies",0,0.6971284923861969,ablation,Amazon
Electronics > Video Game Consoles & Accessories > Nintendo Switch Consoles & Accessories,1,0.6620919108390808,gold,Amazon
Electronics > Video Game Consoles & Accessories > Nintendo Switch Consoles & Accessories,0,0.6002421918609099,ablation,Amazon
"Patio, Lawn & Garden > Outdoor Décor > Fountain Accessories",0,0.7069275975227356,gold,Amazon
Industrial & Scientific > Material Handling Products > Material Transport Equipment,1,0.6994587182998657,gold,Amazon
Industrial & Scientific > Material Handling Products > Material Transport Equipment,0,0.6745976363247014,ablation,Amazon
"Home & Kitchen > Kitchen & Dining > Coffee, Tea & Espresso Appliances",1,0.6807473301887512,gold,Amazon
"Home & Kitchen > Kitchen & Dining > Coffee, Tea & Espresso Appliances",0,0.6807473340169885,ablation,Amazon
Tools & Home Improvement > Kitchen & Bath Fixtures,1,0.6809622049331665,gold,Amazon
Tools & Home Improvement > Kitchen & Bath Fixtures,0,0.6809622452318558,ablation,Amazon
Industrial & Scientific > Cutting Tools > Drill & Tap Sets,1,0.7184715270996094,gold,Amazon
Industrial & Scientific > Cutting Tools > Drill & Tap Sets,0,0.7184714943872594,ablation,Amazon
Industrial & Scientific,1,0.6521632075309753,gold,Amazon
Industrial & Scientific,0,0.6521632214194123,ablation,Amazon
"Appliances > Ranges, Ovens & Cooktops > Wall Ovens",0,0.713306725025177,gold,Amazon
Industrial & Scientific > Professional Medical Supplies > Instruments & Surgical Tools,1,0.7007603049278259,gold,Amazon
Industrial & Scientific > Professional Medical Supplies > Instruments & Surgical Tools,0,0.700760300077075,ablation,Amazon
Industrial & Scientific > Science Education > Magnets & Magnetism Kits,1,0.7402151823043823,gold,Amazon
Industrial & Scientific > Science Education > Magnets & Magnetism Kits,0,0.74021516630056,ablation,Amazon
Tools & Home Improvement > Safety & Security > Facility Safety Products,1,0.7126196622848511,gold,Amazon
Tools & Home Improvement > Safety & Security > Facility Safety Products,0,0.7126195806286463,ablation,Amazon
Home & Kitchen > Furniture > Game & Recreation Room Furniture,1,0.7598229050636292,gold,Amazon
Home & Kitchen > Furniture > Game & Recreation Room Furniture,0,0.7598228900690192,ablation,Amazon
"Arts, Crafts & Sewing > Organization, Storage & Transport > Storage Boxes & Organizers",1,0.7331231236457825,gold,Amazon
"Arts, Crafts & Sewing > Organization, Storage & Transport > Storage Boxes & Organizers",0,0.7331230502375907,ablation,Amazon
Industrial & Scientific > Professional Medical Supplies > Patient Treatment Equipment,1,0.7071959972381592,gold,Amazon
Industrial & Scientific > Professional Medical Supplies > Patient Treatment Equipment,0,0.6696796350074679,ablation,Amazon
Tools & Home Improvement > Appliances > In-Refrigerator Water Filters,1,0.7592023611068726,gold,Amazon
Tools & Home Improvement > Appliances > In-Refrigerator Water Filters,0,0.7592024223576628,ablation,Amazon
"Arts, Crafts & Sewing > Sewing > Storage & Furniture",1,0.7023949027061462,gold,Amazon
"Arts, Crafts & Sewing > Sewing > Storage & Furniture",0,0.6944197977731199,ablation,Amazon
"Arts, Crafts & Sewing > Sewing > Industrial Machines",1,0.7301150560379028,gold,Amazon
"Arts, Crafts & Sewing > Sewing > Industrial Machines",0,0.6736028043201585,ablation,Amazon
Health & Personal Care > Sexual Wellness > Jewelry,0,0.6884533166885376,gold,Amazon
Office Products > Office Furniture & Lighting > Desks & Workstations,1,0.7437016367912292,gold,Amazon
Office Products > Office Furniture & Lighting > Desks & Workstations,0,0.7076883743312281,ablation,Amazon
"Home & Kitchen > Home Décor > Rugs, Pads & Protectors",1,0.778038740158081,gold,Amazon
"Home & Kitchen > Home Décor > Rugs, Pads & Protectors",0,0.6393845270315477,ablation,Amazon
Tools & Home Improvement > Appliances > Large Appliance Accessories,1,0.7116605043411255,gold,Amazon
Tools & Home Improvement > Appliances > Large Appliance Accessories,0,0.7116604004790688,ablation,Amazon
Home & Kitchen > Event & Party Supplies > Decorations,1,0.7470329999923706,gold,Amazon
Home & Kitchen > Event & Party Supplies > Decorations,0,0.7470330109065668,ablation,Amazon
"Patio, Lawn & Garden > Generators & Portable Power > Generator Accessories",1,0.812743067741394,gold,Amazon
"Patio, Lawn & Garden > Generators & Portable Power > Generator Accessories",0,0.6221537506596669,ablation,Amazon
"Arts, Crafts & Sewing > Painting, Drawing & Art Supplies > Drawing",1,0.8016917109489441,gold,Amazon
"Arts, Crafts & Sewing > Painting, Drawing & Art Supplies > Drawing",0,0.7691682707135106,ablation,Amazon
Tools & Home Improvement > Hardware > Gate Hardware,1,0.7626432180404663,gold,Amazon
Tools & Home Improvement > Hardware > Gate Hardware,0,0.7626431855548705,ablation,Amazon
Electronics > Television & Video > HD DVD Players,1,0.7493571043014526,gold,Amazon
Electronics > Television & Video > HD DVD Players,0,0.6247908091751752,ablation,Amazon
"Health & Personal Care > Vitamins, Minerals & Supplements",1,0.7672184109687805,gold,Amazon
"Health & Personal Care > Vitamins, Minerals & Supplements",0,0.6960192068785175,ablation,Amazon
"Industrial & Scientific > Adhesives, Sealants & Lubricants > Adhesive Tapes",1,0.8065651655197144,gold,Amazon
"Industrial & Scientific > Adhesives, Sealants & Lubricants > Adhesive Tapes",0,0.8065652521660791,ablation,Amazon
"Industrial & Scientific > Adhesives, Sealants & Lubricants > Adhesive Primers",1,0.7804672718048096,gold,Amazon
"Industrial & Scientific > Adhesives, Sealants & Lubricants > Adhesive Primers",0,0.7804672520381236,ablation,Amazon
Home & Kitchen > Bedding > Bedding Duvet Covers & Sets,1,0.7682304382324219,gold,Amazon
Home & Kitchen > Bedding > Bedding Duvet Covers & Sets,0,0.5685441487388858,ablation,Amazon
Appliances > Laundry Appliances,1,0.7449794411659241,gold,Amazon
Appliances > Laundry Appliances,0,0.7449794061660292,ablation,Amazon
"Health & Personal Care > Vitamins, Minerals & Supplements > DIM Supplements",1,0.8020812273025513,gold,Amazon
"Health & Personal Care > Vitamins, Minerals & Supplements > DIM Supplements",0,0.8020812520010526,ablation,Amazon
Industrial & Scientific > Commercial Door Products > Commercial Door Hardware,1,0.8162298202514648,gold,Amazon
Industrial & Scientific > Commercial Door Products > Commercial Door Hardware,0,0.6425716551102725,ablation,Amazon
"Patio, Lawn & Garden > Outdoor Heating & Cooling",1,0.8355584740638733,gold,Amazon
"Patio, Lawn & Garden > Outdoor Heating & Cooling",0,0.8355585465079639,ablation,Amazon
Industrial & Scientific > Occupational Health & Safety Products > Safety Signs & Signals,1,0.8195362091064453,gold,Amazon
Industrial & Scientific > Occupational Health & Safety Products > Safety Signs & Signals,0,0.6869138680210908,ablation,Amazon
Industrial & Scientific > Power & Hand Tools > Industrial Power Tools,1,0.8437470197677612,gold,Amazon
Industrial & Scientific > Power & Hand Tools > Industrial Power Tools,0,0.6681724318524409,ablation,Amazon
Health & Personal Care > Household Supplies > Air Fresheners,1,0.8243302702903748,gold,Amazon
Health & Personal Care > Household Supplies > Air Fresheners,0,0.5942138555902517,ablation,Amazon
Health & Personal Care > Medical Supplies & Equipment > Orthopedic Supplies,1,0.7966034412384033,gold,Amazon
Health & Personal Care > Medical Supplies & Equipment > Orthopedic Supplies,0,0.6485741090616391,ablation,Amazon
Tools & Home Improvement > Electrical > Electrical Ballasts,1,0.8217688798904419,gold,Amazon
Tools & Home Improvement > Electrical > Electrical Ballasts,0,0.8217688543855812,ablation,Amazon
"Arts, Crafts & Sewing > Painting, Drawing & Art Supplies > Painting",1,0.8002644181251526,gold,Amazon
"Arts, Crafts & Sewing > Painting, Drawing & Art Supplies > Painting",0,0.6643311205779721,ablation,Amazon
"Home & Kitchen > Home Décor > Photo Albums, Frames & Accessories",1,0.8106688261032104,gold,Amazon
"Home & Kitchen > Home Décor > Photo Albums, Frames & Accessories",0,0.6036755230457627,ablation,Amazon
Industrial & Scientific > Packaging & Shipping Supplies > Corrugated Pads,1,0.8492299914360046,gold,Amazon
Industrial & Scientific > Packaging & Shipping Supplies > Corrugated Pads,0,0.5951062187455948,ablation,Amazon
Health & Personal Care,1,0.83261638879776,gold,Amazon
Health & Personal Care,0,0.6869302819531753,ablation,Amazon
Tools & Home Improvement > Measuring & Layout Tools,1,0.9550571441650391,gold,Amazon
Tools & Home Improvement > Measuring & Layout Tools,0,0.6438156460376445,ablation,Amazon
"Arts, Crafts & Sewing > Crafting",1,0.9689555168151855,gold,Amazon
"Arts, Crafts & Sewing > Crafting",0,0.6526994953749823,ablation,Amazon
"Home & Kitchen > Heating, Cooling & Air Quality > Humidifiers",1,0.9559453725814819,gold,Amazon
"Home & Kitchen > Heating, Cooling & Air Quality > Humidifiers",0,0.5649934662705783,ablation,Amazon
Industrial & Scientific > Retail Store Fixtures & Equipment > Mannequins,1,0.9639908075332642,gold,Amazon
Industrial & Scientific > Retail Store Fixtures & Equipment > Mannequins,0,0.5478226542472839,ablation,Amazon
Tools & Home Improvement > Hardware > Door Hardware & Locks,1,0.8824483156204224,gold,Amazon
Tools & Home Improvement > Hardware > Door Hardware & Locks,0,0.6813515348001242,ablation,Amazon
Tools & Home Improvement > Lighting & Ceiling Fans > Commercial Lighting,1,0.9548951387405396,gold,Amazon
Tools & Home Improvement > Lighting & Ceiling Fans > Commercial Lighting,0,0.7233091032469088,ablation,Amazon
Industrial & Scientific > Professional Dental Supplies > Cosmetics & Restoratives,1,0.8994195461273193,gold,Amazon
Industrial & Scientific > Professional Dental Supplies > Cosmetics & Restoratives,0,0.776380800522591,ablation,Amazon
Office Products > Office Electronics > Point-of-Sale (POS) Equipment,1,0.8837964534759521,gold,Amazon
Office Products > Office Electronics > Point-of-Sale (POS) Equipment,0,0.5890980690174105,ablation,Amazon
"Arts, Crafts & Sewing > Organization, Storage & Transport > Storage Cabinets",1,0.9401888847351074,gold,Amazon
"Arts, Crafts & Sewing > Organization, Storage & Transport > Storage Cabinets",0,0.7679983951952831,ablation,Amazon
Tools & Home Improvement > Hardware > Grommets,1,0.5673434734344482,gold,Amazon
Tools & Home Improvement > Hardware > Grommets,0,0.5483638644218445,ablation,Amazon
"Patio, Lawn & Garden > Grills & Outdoor Cooking > Grills & Smokers",0,0.6154863834381104,gold,Amazon
Electronics > Video Game Consoles & Accessories > Xbox 360,1,0.5682137608528137,gold,Amazon
Electronics > Video Game Consoles & Accessories > Xbox 360,0,0.5364975929260254,ablation,Amazon
"Arts, Crafts & Sewing > Crafting > Weaving & Spinning",0,0.6207275986671448,gold,Amazon
Health & Personal Care > Sexual Wellness > Novelties,0,0.5268113613128662,gold,Amazon
Industrial & Scientific > Professional Dental Supplies > Anesthesia,1,0.5816411375999451,gold,Amazon
Industrial & Scientific > Professional Dental Supplies > Anesthesia,0,0.538029134273529,ablation,Amazon
Industrial & Scientific > Science Education > Optics,1,0.5032990574836731,gold,Amazon
Industrial & Scientific > Science Education > Optics,0,0.5032990574836731,ablation,Amazon
Home & Kitchen > Home Décor > Draft Stoppers,0,0.5706415772438049,gold,Amazon
"Arts, Crafts & Sewing > Fabric Decorating > Dyes",0,0.5691314935684204,gold,Amazon
Home & Kitchen > Seasonal Décor > Nutcrackers,1,0.5925089716911316,gold,Amazon
Home & Kitchen > Seasonal Décor > Nutcrackers,0,0.5518154636729914,ablation,Amazon
"Arts, Crafts & Sewing > Beading & Jewelry Making > Charms",0,0.5484901666641235,gold,Amazon
Health & Personal Care > Household Supplies > Lighters & Matches,0,0.5630542635917664,gold,Amazon
Industrial & Scientific > Janitorial & Sanitation Supplies > Commercial Odor & Drain Maintainers,1,0.5887206792831421,gold,Amazon
Industrial & Scientific > Janitorial & Sanitation Supplies > Commercial Odor & Drain Maintainers,0,0.6109052863695469,ablation,Amazon
Health & Personal Care > Vision Care > Contact Lenses,0,0.5573185682296753,gold,Amazon
Appliances > Garbage Disposals & Compactors > Trash Compactors,0,0.6643568277359009,gold,Amazon
Industrial & Scientific > Material Handling Products > Loading Dock Levelers,0,0.5676930546760559,gold,Amazon
"Patio, Lawn & Garden > Gardening & Lawn Care > Greenhouses & Plant Germination Equipment",0,0.612424373626709,gold,Amazon
Home & Kitchen > Seasonal Décor > Nativity,1,0.5996595621109009,gold,Amazon
Home & Kitchen > Seasonal Décor > Nativity,0,0.5418168902397156,ablation,Amazon
Electronics > Video Game Consoles & Accessories > PlayStation 3,1,0.5749586820602417,gold,Amazon
Electronics > Video Game Consoles & Accessories > PlayStation 3,0,0.5328841805458069,ablation,Amazon
Industrial & Scientific > Industrial Electrical > Semiconductor Products,0,0.6103479266166687,gold,Amazon
Party & Occasions > Gender Reveal Party Supplies > Gender Reveal Tableware,1,0.6280099153518677,gold,Walmart
Party & Occasions > Gender Reveal Party Supplies > Gender Reveal Tableware,0,0.6280099164004166,ablation,Walmart
Sports & Outdoors > Sports > Softball Gear & Equipment > Softball Bats,1,0.4900265634059906,gold,Walmart
Sports & Outdoors > Sports > Softball Gear & Equipment > Softball Bats,0,0.48629289865493774,ablation,Walmart
Health and Medicine > Vitamins and Supplements > Emergen C > Emergen C Energy Hydration,1,0.5287171602249146,gold,Walmart
Health and Medicine > Vitamins and Supplements > Emergen C > Emergen C Energy Hydration,0,0.5287172362630138,ablation,Walmart
Health and Medicine > Ear Care > Earache,1,0.5452879071235657,gold,Walmart
Health and Medicine > Ear Care > Earache,0,0.5452878246675016,ablation,Walmart
Arts Crafts & Sewing > Elmer's > Elmer's Slime Kits,1,0.5731092095375061,gold,Walmart
Arts Crafts & Sewing > Elmer's > Elmer's Slime Kits,0,0.5499448554051498,ablation,Walmart
Health and Medicine > Weight Loss > Raspberry Ketones,1,0.5094975233078003,gold,Walmart
Health and Medicine > Weight Loss > Raspberry Ketones,0,0.5094974850108029,ablation,Walmart
Sports & Outdoors > Recreation > Trampolines > Round Trampolines,0,0.5254619717597961,gold,Walmart
Arts Crafts & Sewing > Crafting > Printmaking > Etching Intaglio,0,0.5468957424163818,gold,Walmart
Industrial & Scientific > Professional Safety Shop > Featured Brands > 3M,1,0.5116750597953796,gold,Walmart
Industrial & Scientific > Professional Safety Shop > Featured Brands > 3M,0,0.5116750597953796,ablation,Walmart
Personal Care > Bath & Body > Dove x Crumbl,1,0.5935277938842773,gold,Walmart
Personal Care > Bath & Body > Dove x Crumbl,0,0.5935277938842773,ablation,Walmart
Health and Medicine > Vision Centers > Reading Glasses > Reading Sunglasses,1,0.5763002038002014,gold,Walmart
Health and Medicine > Vision Centers > Reading Glasses > Reading Sunglasses,0,0.5763001439058716,ablation,Walmart
Cell Phones > Phone & Data Plans > Straight Talk Prepaid Plans,0,0.5335754156112671,gold,Walmart
Sports & Outdoors > Sports > Basketball > Basketball Training,1,0.5533961653709412,gold,Walmart
Sports & Outdoors > Sports > Basketball > Basketball Training,0,0.5533961655500398,ablation,Walmart
Arts Crafts & Sewing > Crafting > Speciality Crafts & Hobbies > Glass Mosaics,0,0.5708656311035156,gold,Walmart
Health and Medicine > Pain management > (unnamed ID 9185253) > Motrin,1,0.5493412613868713,gold,Walmart
Health and Medicine > Pain management > (unnamed ID 9185253) > Motrin,0,0.4945608675479889,ablation,Walmart
Arts Crafts & Sewing > Sewing > Sewing Machine Parts > Presser Feet,1,0.5800052881240845,gold,Walmart
Arts Crafts & Sewing > Sewing > Sewing Machine Parts > Presser Feet,0,0.5330847167980322,ablation,Walmart
Health and Medicine > Vitamins and Supplements > One a Day > One a Day 50 Adults,1,0.5268675684928894,gold,Walmart
Health and Medicine > Vitamins and Supplements > One a Day > One a Day 50 Adults,0,0.526867584723762,ablation,Walmart
Party & Occasions > Lumberjack Party Supplies > Lumberjack Decorative Baking,1,0.5961912870407104,gold,Walmart
Party & Occasions > Lumberjack Party Supplies > Lumberjack Decorative Baking,0,0.5961912667377501,ablation,Walmart
Health and Medicine > Smoking Cessation > Cope With Withdrawal > Stay Hydrated,1,0.49838244915008545,gold,Walmart
Health and Medicine > Smoking Cessation > Cope With Withdrawal > Stay Hydrated,0,0.49838253271827104,ablation,Walmart
Sports & Outdoors > Bikes > Bike Accessories > Bike Locks,1,0.5841826796531677,gold,Walmart
Sports & Outdoors > Bikes > Bike Accessories > Bike Locks,0,0.584182649093831,ablation,Walmart
Sports & Outdoors > Sports > Soccer Gear and Equipment > Soccer Balls,1,0.5974310040473938,gold,Walmart
Sports & Outdoors > Sports > Soccer Gear and Equipment > Soccer Balls,0,0.5974309694944689,ablation,Walmart
Health and Medicine > Foot Care > Natureplex,1,0.5166906118392944,gold,Walmart
Health and Medicine > Foot Care > Natureplex,0,0.5098874568939209,ablation,Walmart
Health and Medicine > Vision Centers > Reading Glasses > 2 75 Reading Glasses,1,0.6246047019958496,gold,Walmart
Health and Medicine > Vision Centers > Reading Glasses > 2 75 Reading Glasses,0,0.6246046123294748,ablation,Walmart
Party & Occasions > Halloween Costumes > Kpop Popstar Costumes,1,0.6458753347396851,gold,Walmart
Party & Occasions > Halloween Costumes > Kpop Popstar Costumes,0,0.5670187322660456,ablation,Walmart
Party & Occasions > Hello Kitty Party Supplies > Hello Kitty Party Decorations,1,0.6017941832542419,gold,Walmart
Party & Occasions > Hello Kitty Party Supplies > Hello Kitty Party Decorations,0,0.5981997818620114,ablation,Walmart
Industrial & Scientific > Medical & Dental > CPAP Products > Cpap Tubing,1,0.6274378299713135,gold,Walmart
Industrial & Scientific > Medical & Dental > CPAP Products > Cpap Tubing,0,0.6310697666778811,ablation,Walmart
Health and Medicine > Pain management > Tylenol,1,0.5622422099113464,gold,Walmart
Health and Medicine > Pain management > Tylenol,0,0.4860546290874481,ablation,Walmart
Party & Occasions > Thanksgiving Party Supplies > Thanksgiving Centerpieces,1,0.5691875219345093,gold,Walmart
Party & Occasions > Thanksgiving Party Supplies > Thanksgiving Centerpieces,0,0.5680843293609668,ablation,Walmart
Walmart for Business > Medical & Dental > Patient Care > Reflex Hammers,1,0.6330951452255249,gold,Walmart
Walmart for Business > Medical & Dental > Patient Care > Reflex Hammers,0,0.6330951529502189,ablation,Walmart
Health and Medicine > Allergy Medicine > Nasalcrom,1,0.5323606729507446,gold,Walmart
Health and Medicine > Allergy Medicine > Nasalcrom,0,0.48815566301345825,ablation,Walmart
Arts Crafts & Sewing > Crafting > Printmaking > Printing Presses Accessories,0,0.6330132484436035,gold,Walmart
Home > Personalized Gifts > Personalized Pet Gifts > Personalized Pet Memorials,0,0.5601378083229065,gold,Walmart
Party & Occasions > Party Supplies > (unnamed ID 6339104) > Halloween Candy Buffet Treat Decorating,1,0.6113561391830444,gold,Walmart
Party & Occasions > Party Supplies > (unnamed ID 6339104) > Halloween Candy Buffet Treat Decorating,0,0.611356113995491,ablation,Walmart
Party & Occasions > Spirit Riding Free Party Supplies > Spirit Riding Free Cards,1,0.5437341928482056,gold,Walmart
Party & Occasions > Spirit Riding Free Party Supplies > Spirit Riding Free Cards,0,0.5437342268781302,ablation,Walmart
Patio & Garden > Garden Center > Garden Tools > Hand Cultivators,1,0.6244218945503235,gold,Walmart
Patio & Garden > Garden Center > Garden Tools > Hand Cultivators,0,0.6244219223982085,ablation,Walmart
Household Essentials,1,0.6271616816520691,gold,Walmart
Household Essentials,0,0.6271617021274405,ablation,Walmart
Party & Occasions > Halloween Costumes > Angry Birds Costumes,1,0.6536540389060974,gold,Walmart
Party & Occasions > Halloween Costumes > Angry Birds Costumes,0,0.572014742233017,ablation,Walmart
Party & Occasions > Baby Shark Party Supplies > Baby Shark Party Decorations,1,0.6137933135032654,gold,Walmart
Party & Occasions > Baby Shark Party Supplies > Baby Shark Party Decorations,0,0.611722080254512,ablation,Walmart
Arts Crafts & Sewing > Art Supplies > Ceramic & Pottery Supplies,1,0.6442973017692566,gold,Walmart
Arts Crafts & Sewing > Art Supplies > Ceramic & Pottery Supplies,0,0.6335079980849323,ablation,Walmart
Patio & Garden > Patio & Outdoor Decor > (unnamed ID 2025934) > Outdoor Rugs 5 X 8,1,0.6913585066795349,gold,Walmart
Patio & Garden > Patio & Outdoor Decor > (unnamed ID 2025934) > Outdoor Rugs 5 X 8,0,0.6913584876298009,ablation,Walmart
Industrial & Scientific > Food Service Equipment & Supplies > Food Trailers,0,0.6249232292175293,gold,Walmart
Party & Occasions > Halloween Costumes > Gamer Halloween Costumes,1,0.6505206823348999,gold,Walmart
Party & Occasions > Halloween Costumes > Gamer Halloween Costumes,0,0.5804114214999861,ablation,Walmart
Personal Care > Bath & Body > CleanLogic,1,0.5949201583862305,gold,Walmart
Personal Care > Bath & Body > CleanLogic,0,0.5860468752473181,ablation,Walmart
"Home Improvement > Heating, Cooling, & Air Quality > Evaporative Coolers and Parts > Evaporative Cooler Parts Accessories",0,0.6290866136550903,gold,Walmart
Personal Care > Shaving > Shave Oil,1,0.672455906867981,gold,Walmart
Personal Care > Shaving > Shave Oil,0,0.6020102889134893,ablation,Walmart
Party & Occasions > Halloween Costumes > Mickey Mouse Costumes,1,0.6615270972251892,gold,Walmart
Party & Occasions > Halloween Costumes > Mickey Mouse Costumes,0,0.5687178253328746,ablation,Walmart
Party & Occasions > Halloween Costumes > Genie Costume,1,0.6496717929840088,gold,Walmart
Party & Occasions > Halloween Costumes > Genie Costume,0,0.5824002472287736,ablation,Walmart
Personal Care > Bath & Body > Body Butters,1,0.7210084199905396,gold,Walmart
Personal Care > Bath & Body > Body Butters,0,0.721008393740068,ablation,Walmart
Walmart for Business > Food Service Equipment & Supplies > Food Truck Supplies & Equipment > Serving Disposables,1,0.6844048500061035,gold,Walmart
Walmart for Business > Food Service Equipment & Supplies > Food Truck Supplies & Equipment > Serving Disposables,0,0.684404913351431,ablation,Walmart
Household Essentials > Cleaning Supplies > (unnamed ID 2963058) > Scrubbing Bubbles Toilet Cleaners,1,0.6497712135314941,gold,Walmart
Household Essentials > Cleaning Supplies > (unnamed ID 2963058) > Scrubbing Bubbles Toilet Cleaners,0,0.6497711497048978,ablation,Walmart
Walmart for Business > Breakroom Supplies > Breakroom Appliances > Pressure Cookers,1,0.6592274904251099,gold,Walmart
Walmart for Business > Breakroom Supplies > Breakroom Appliances > Pressure Cookers,0,0.6571446321732813,ablation,Walmart
Patio & Garden > Patio & Outdoor Decor > Garden Decorations > Pinwheels Spinners,1,0.6583153605461121,gold,Walmart
Patio & Garden > Patio & Outdoor Decor > Garden Decorations > Pinwheels Spinners,0,0.6583153558359198,ablation,Walmart
"Home > Appliances > Ranges, Ovens and Cooktops > Convection Ovens",0,0.6743253469467163,gold,Walmart
Sports & Outdoors > Outdoor Sports > Self Defense Tools > Pepper Spray,0,0.658234715461731,gold,Walmart
Party & Occasions > Wedding Shop > Bridal Shower > Bridal Shower Party Decorations,1,0.5874229073524475,gold,Walmart
Party & Occasions > Wedding Shop > Bridal Shower > Bridal Shower Party Decorations,0,0.5833711215200823,ablation,Walmart
Health and Medicine > Protein > Quest Nutrition,1,0.6476172208786011,gold,Walmart
Health and Medicine > Protein > Quest Nutrition,0,0.6476170894026452,ablation,Walmart
Industrial & Scientific > Professional Safety Shop > Foot Protection > Tactical & Military Foot Protection,0,0.6334611177444458,gold,Walmart
Seasonal > Back to School > Shop all Back to School,1,0.5920056104660034,gold,Walmart
Seasonal > Back to School > Shop all Back to School,0,0.5521315956048108,ablation,Walmart
Office Supplies > Folders > Expanding Folders,1,0.7298489809036255,gold,Walmart
Office Supplies > Folders > Expanding Folders,0,0.5478758804394492,ablation,Walmart
Household Essentials > Cleaning Supplies > Clorox All Purpose Cleaners > Clorox Wipes,1,0.6639679074287415,gold,Walmart
Household Essentials > Cleaning Supplies > Clorox All Purpose Cleaners > Clorox Wipes,0,0.6622529819070332,ablation,Walmart
Party & Occasions > Wedding Shop > Wedding Planning > Notebooks Planners,1,0.7206801772117615,gold,Walmart
Party & Occasions > Wedding Shop > Wedding Planning > Notebooks Planners,0,0.7206800526713325,ablation,Walmart
Health and Medicine > Children's Health > Children's Cough Cold,1,0.6439312100410461,gold,Walmart
Health and Medicine > Children's Health > Children's Cough Cold,0,0.46551409363746643,ablation,Walmart
Industrial & Scientific > Occupational Health & Safety Products > Facility Safety,1,0.7471912503242493,gold,Walmart
Industrial & Scientific > Occupational Health & Safety Products > Facility Safety,0,0.7471912750393189,ablation,Walmart
Party & Occasions > Curious George Party Supplies,1,0.7330656051635742,gold,Walmart
Party & Occasions > Curious George Party Supplies,0,0.559597057669578,ablation,Walmart
Home > Personalized Gifts > Personalized Father's Day Gifts > Personalized Men's Jewelry,0,0.6011239886283875,gold,Walmart
Health and Medicine > Vitamins and Supplements > Hair Skin and Nails,1,0.714094340801239,gold,Walmart
Health and Medicine > Vitamins and Supplements > Hair Skin and Nails,0,0.7140942182175498,ablation,Walmart
Industrial & Scientific > Medical & Dental > CPAP Products,1,0.693416953086853,gold,Walmart
Industrial & Scientific > Medical & Dental > CPAP Products,0,0.6934168624837225,ablation,Walmart
Home > Dorm Room Essentials > Dorm Bedding,1,0.750016450881958,gold,Walmart
Home > Dorm Room Essentials > Dorm Bedding,0,0.5121184403801182,ablation,Walmart
Home > Furniture > Bedroom Furniture > Queen Headboard,1,0.783428430557251,gold,Walmart
Home > Furniture > Bedroom Furniture > Queen Headboard,0,0.5561538338661194,ablation,Walmart
Personal Care > Oral Care > FSA/HSA Eligible Dental Care,1,0.7484638690948486,gold,Walmart
Personal Care > Oral Care > FSA/HSA Eligible Dental Care,0,0.603733563933404,ablation,Walmart
Home > Furniture > Office Furniture > White Office Furniture,1,0.7325907349586487,gold,Walmart
Home > Furniture > Office Furniture > White Office Furniture,0,0.6340512865778172,ablation,Walmart
Office Supplies > Laminators & Laminating Supplies > Scotch Laminators,1,0.7992598414421082,gold,Walmart
Office Supplies > Laminators & Laminating Supplies > Scotch Laminators,0,0.5528147220611572,ablation,Walmart
Party & Occasions > Baptism Party Supplies > Baptism Invitations & Cards,1,0.7415474653244019,gold,Walmart
Party & Occasions > Baptism Party Supplies > Baptism Invitations & Cards,0,0.6773025908070215,ablation,Walmart
Home Improvement > Home Safety > Personal Safety,0,0.7574201226234436,gold,Walmart
Household Essentials > Paper & Plastic > Wax Paper,1,0.7565793991088867,gold,Walmart
Household Essentials > Paper & Plastic > Wax Paper,0,0.756579390300153,ablation,Walmart
Electronics > TV & Home Theater > Shop TVS by Type > Roku TVS,1,0.7467622756958008,gold,Walmart
Electronics > TV & Home Theater > Shop TVS by Type > Roku TVS,0,0.5173436442131953,ablation,Walmart
Personal Care > Sun Care > Mineral Sunscreen,1,0.7231722474098206,gold,Walmart
Personal Care > Sun Care > Mineral Sunscreen,0,0.5224322080612183,ablation,Walmart
Party & Occasions > Cars Party Supplies > Cars Party Favors,1,0.8331742286682129,gold,Walmart
Party & Occasions > Cars Party Supplies > Cars Party Favors,0,0.6358419126835912,ablation,Walmart
Home > Decor > Decorative Accents > Sculptures,1,0.778049111366272,gold,Walmart
Home > Decor > Decorative Accents > Sculptures,0,0.5700157880783081,ablation,Walmart
Office Supplies > Retail Essentials > Office Signs > Business Card Holders Name Plates,1,0.7800448536872864,gold,Walmart
Office Supplies > Retail Essentials > Office Signs > Business Card Holders Name Plates,0,0.6513949274313471,ablation,Walmart
Arts Crafts & Sewing > Arts & Crafts Furniture and Storage > Art Portfolio & Poster Storage,1,0.8151638507843018,gold,Walmart
Arts Crafts & Sewing > Arts & Crafts Furniture and Storage > Art Portfolio & Poster Storage,0,0.6214853901914047,ablation,Walmart
Home > Appliances > Refrigerators > Mini Fridges Compact Refrigerators,1,0.7938493490219116,gold,Walmart
Home > Appliances > Refrigerators > Mini Fridges Compact Refrigerators,0,0.6596169032184016,ablation,Walmart
Household Essentials > Laundry > (unnamed ID 1277425) > High Efficient Liquid Laundry Detergent,1,0.8027458190917969,gold,Walmart
Household Essentials > Laundry > (unnamed ID 1277425) > High Efficient Liquid Laundry Detergent,0,0.6266372992175334,ablation,Walmart
Walmart for Business > Food Service Equipment & Supplies > Storage & Transport,1,0.8494393229484558,gold,Walmart
Walmart for Business > Food Service Equipment & Supplies > Storage & Transport,0,0.6413804722126369,ablation,Walmart
Home > Decor > Lighting & Light Fixtures > Ceiling Fixtures,1,0.7457743287086487,gold,Walmart
Home > Decor > Lighting & Light Fixtures > Ceiling Fixtures,0,0.7457743888347752,ablation,Walmart
"Home Improvement > Heating, Cooling, & Air Quality > Fans",1,0.7561454772949219,gold,Walmart
"Home Improvement > Heating, Cooling, & Air Quality > Fans",0,0.7096290722415546,ablation,Walmart
Personal Care > Bath & Body > Hempz Body Wash,1,0.7405281066894531,gold,Walmart
Personal Care > Bath & Body > Hempz Body Wash,0,0.6958519454362616,ablation,Walmart
Household Essentials > Paper & Plastic > Food Storage Containers,1,0.9174749851226807,gold,Walmart
Household Essentials > Paper & Plastic > Food Storage Containers,0,0.7949538936913315,ablation,Walmart
Office Supplies > Retail Essentials > Clipboards > Plastic Clipboards,1,0.8767758011817932,gold,Walmart
Office Supplies > Retail Essentials > Clipboards > Plastic Clipboards,0,0.57641307003775,ablation,Walmart
Home > Furniture > Office Furniture > 1 Drawer File Cabinets,1,0.8364928364753723,gold,Walmart
Home > Furniture > Office Furniture > 1 Drawer File Cabinets,0,0.6731776302867767,ablation,Walmart
Home Improvement > Tools > Personal Protective Equipment > Masks Respirators,1,0.8936313390731812,gold,Walmart
Home Improvement > Tools > Personal Protective Equipment > Masks Respirators,0,0.6330338065880659,ablation,Walmart
Home > Furniture > Office Furniture,1,0.8402852416038513,gold,Walmart
Home > Furniture > Office Furniture,0,0.6903753940503674,ablation,Walmart
Home Improvement > Paint > Interior Paint > Wall Paint,1,0.809800922870636,gold,Walmart
Home Improvement > Paint > Interior Paint > Wall Paint,0,0.7966492517192933,ablation,Walmart
Office Supplies > School Supplies,1,0.959242582321167,gold,Walmart
Office Supplies > School Supplies,0,0.7349731529032915,ablation,Walmart
Office Supplies > Binders & Accessories > Binders,1,0.9860938787460327,gold,Walmart
Office Supplies > Binders & Accessories > Binders,0,0.827503555021081,ablation,Walmart
Walmart for Business > Teaching and Classroom Supplies > Classroom Organization,1,0.8397687673568726,gold,Walmart
Walmart for Business > Teaching and Classroom Supplies > Classroom Organization,0,0.7262622474007399,ablation,Walmart
Office Supplies > Retail Essentials > Time Clocks & Cards,1,0.8741360306739807,gold,Walmart
Office Supplies > Retail Essentials > Time Clocks & Cards,0,0.7078325634026169,ablation,Walmart
Health and Medicine > Allergy Medicine > Simply Saline,1,0.5313159227371216,gold,Walmart
Health and Medicine > Allergy Medicine > Simply Saline,0,0.500312167518882,ablation,Walmart
Home Improvement > Building Materials > Insulation > Attic Insulation,0,0.5238341093063354,gold,Walmart
Sports & Outdoors > Bikes > Kids Bikes > Boys Bikes,1,0.5105231404304504,gold,Walmart
Sports & Outdoors > Bikes > Kids Bikes > Boys Bikes,0,0.46983692049980164,ablation,Walmart
Party & Occasions > Pirate Party Supplies > Pirate Cards,1,0.5605837106704712,gold,Walmart
Party & Occasions > Pirate Party Supplies > Pirate Cards,0,0.5605837320485788,ablation,Walmart
Sports & Outdoors > Exercise & Fitness > Pilates > Yoga Pilates Bands,1,0.5341570973396301,gold,Walmart
Sports & Outdoors > Exercise & Fitness > Pilates > Yoga Pilates Bands,0,0.5357659454999598,ablation,Walmart
Health and Medicine > Protein > Scivation > Xtend Bcaa Bcaas Hydration,0,0.4947299361228943,gold,Walmart
Electronics > Smart Home > Shop by Compatibility > Ifttt Compatible,1,0.4851307272911072,gold,Walmart
Electronics > Smart Home > Shop by Compatibility > Ifttt Compatible,0,0.4851306974887848,ablation,Walmart
Arts Crafts & Sewing > Elmer's > Elmer's Glitter Glues,1,0.6035922169685364,gold,Walmart
Arts Crafts & Sewing > Elmer's > Elmer's Glitter Glues,0,0.5105897603376507,ablation,Walmart
Party & Occasions > Emoji Party Supplies > Emoji Tableware,1,0.538413405418396,gold,Walmart
Party & Occasions > Emoji Party Supplies > Emoji Tableware,0,0.6610429202353186,ablation,Walmart
Sports & Outdoors > Outdoor Sports > The Eddie Bauer Shop,1,0.5478754639625549,gold,Walmart
Sports & Outdoors > Outdoor Sports > The Eddie Bauer Shop,0,0.5478754639625549,ablation,Walmart
Cell Phones > Phone & Data Plans > Family Plans,0,0.5270766615867615,gold,Walmart
Health and Medicine > Protein > Fairlife Protein Shakes,1,0.5112735033035278,gold,Walmart
Health and Medicine > Protein > Fairlife Protein Shakes,0,0.5112735629081726,ablation,Walmart
Health and Medicine > Keto Diet > Keto Friendly Proteins,0,0.4971913993358612,gold,Walmart
Health and Medicine > Sports Medicine & Injury Recovery Solution > Return to Function After Injury > Feel Supported and Avoid Re-Injury,1,0.5324172973632812,gold,Walmart
Health and Medicine > Sports Medicine & Injury Recovery Solution > Return to Function After Injury > Feel Supported and Avoid Re-Injury,0,0.5112085909231894,ablation,Walmart
Home > Featured Shops > Drew Barrymore Flower Home > Drew Barrymore Flower Home Bed Bath,1,0.5166544914245605,gold,Walmart
Home > Featured Shops > Drew Barrymore Flower Home > Drew Barrymore Flower Home Bed Bath,0,0.5143235747323798,ablation,Walmart
Industrial & Scientific > Farm & Ranch,0,0.502559244632721,gold,Walmart
Patio & Garden > Patio & Outdoor Decor > Weathervanes,0,0.5909581780433655,gold,Walmart
Health and Medicine > Vision Centers > Prescription Glasses > Men's Eyeglasses,0,0.6112387776374817,gold,Walmart
Patio & Garden > Patio & Outdoor Decor > Garden Statues > Buddha Statues,1,0.5304657816886902,gold,Walmart
Patio & Garden > Patio & Outdoor Decor > Garden Statues > Buddha Statues,0,0.5104302279308123,ablation,Walmart
Sports & Outdoors > Sports > Tennis & Racquets > Tennis Racquets,1,0.4910343885421753,gold,Walmart
Sports & Outdoors > Sports > Tennis & Racquets > Tennis Racquets,0,0.4910344217186811,ablation,Walmart
