node_id,attribute,value,kind,jsd,share_staples,share_competitor,n_staples,n_competitor,known_staples,known_competitor,credibility,descriptive_only,delta,tg_attr
Office Supplies > Calendars & Planners > Planners & Personal Organizers,colour_family,beige/cream,single,0.17343748194934586,0.0037267080745341614,0.03815261044176707,3,19,805,498,1.0,True,0.03442590236723291,0.7580645161290323
Office Supplies > Calendars & Planners > Planners & Personal Organizers,colour_family,black,single,0.17343748194934586,0.1813664596273292,0.24497991967871485,146,122,805,498,0.9968,True,0.06361346005138566,0.8440645161290323
Office Supplies > Calendars & Planners > Planners & Personal Organizers,colour_family,blue,single,0.17343748194934586,0.09813664596273292,0.142570281124498,79,71,805,498,0.99175,True,0.04443363516176507,0.7997983870967742
Office Supplies > Calendars & Planners > Planners & Personal Organizers,colour_family,brown/wood,single,0.17343748194934586,0.02236024844720497,0.060240963855421686,18,30,805,498,0.99975,True,0.03788071540821672,0.78609375
Office Supplies > Calendars & Planners > Planners & Personal Organizers,colour_family,clear,single,0.17343748194934586,0.0,0.01606425702811245,0,8,805,498,0.9998,True,0.01606425702811245,0.6289064516129033
Office Supplies > Calendars & Planners > Planners & Personal Organizers,colour_family,green,single,0.17343748194934586,0.031055900621118012,0.10441767068273092,25,52,805,498,1.0,True,0.0733617700616129,0.8790322580645161
Office Supplies > Calendars & Planners > Planners & Personal Organizers,colour_family,grey,single,0.17343748194934586,0.02236024844720497,0.01606425702811245,18,8,805,498,0.21685,True,-0.006295991419092522,0.0620820564516129
Office Supplies > Calendars & Planners > Planners & Personal Organizers,colour_family,metallic,single,0.17343748194934586,0.0037267080745341614,0.03413654618473896,3,17,805,498,0.99995,True,0.030409838110204795,0.7217381048387097
Office Supplies > Calendars & Planners > Planners & Personal Organizers,colour_family,multi/pattern,single,0.17343748194934586,0.5142857142857142,0.12048192771084337,414,60,805,498,0.0,True,-0.39380378657487086,0.0
Office Supplies > Calendars & Planners > Planners & Personal Organizers,colour_family,navy,single,0.17343748194934586,0.0,0.014056224899598393,0,7,805,498,0.9999,True,0.014056224899598393,0.6209056451612903
Office Supplies > Calendars & Planners > Planners & Personal Organizers,colour_family,purple,single,0.17343748194934586,0.02360248447204969,0.05421686746987952,19,27,805,498,0.9975,True,0.030614382997829828,0.7320362903225807
Office Supplies > Calendars & Planners > Planners & Personal Organizers,colour_family,red/pink,single,0.17343748194934586,0.05714285714285714,0.12248995983935743,46,61,805,498,1.0,True,0.06534710269650029,0.8548387096774194
Office Supplies > Calendars & Planners > Planners & Personal Organizers,colour_family,white,single,0.17343748194934586,0.031055900621118012,0.010040160642570281,25,5,805,498,0.005,True,-0.02101573997854773,0.0008064516129032258
Office Supplies > Calendars & Planners > Planners & Personal Organizers,colour_family,yellow/orange,single,0.17343748194934586,0.011180124223602485,0.02208835341365462,9,11,805,498,0.94115,True,0.010908229190052134,0.5464741935483871
Office Supplies > Calendars & Planners > Planners & Personal Organizers,colour_tone,bold,single,0.14633712133964638,0.22111801242236026,0.4457831325301205,178,222,805,498,1.0,True,0.2246651201077602,0.9919354838709677
Office Supplies > Calendars & Planners > Planners & Personal Organizers,colour_tone,dark-neutral,single,0.14633712133964638,0.1813664596273292,0.25903614457831325,146,129,805,498,0.99965,True,0.07766968495098406,0.8867862903225807
Office Supplies > Calendars & Planners > Planners & Personal Organizers,colour_tone,light-neutral,single,0.14633712133964638,0.034782608695652174,0.0642570281124498,28,32,805,498,0.9925,True,0.02947441941679762,0.7043548387096775
Office Supplies > Calendars & Planners > Planners & Personal Organizers,colour_tone,metallic,single,0.14633712133964638,0.0037267080745341614,0.03413654618473896,3,17,805,498,1.0,True,0.030409838110204795,0.7217741935483871
Office Supplies > Calendars & Planners > Planners & Personal Organizers,colour_tone,mid-neutral,single,0.14633712133964638,0.02236024844720497,0.01606425702811245,18,8,805,498,0.2217,True,-0.006295991419092522,0.06347056451612904
Office Supplies > Calendars & Planners > Planners & Personal Organizers,colour_tone,pattern,single,0.14633712133964638,0.5142857142857142,0.12048192771084337,414,60,805,498,0.0,True,-0.39380378657487086,0.0
Office Supplies > Calendars & Planners > Planners & Personal Organizers,colour_tone,warm-neutral,single,0.14633712133964638,0.02236024844720497,0.060240963855421686,18,30,805,498,0.9997,True,0.03788071540821672,0.786054435483871
Office Supplies > Calendars & Planners > Planners & Personal Organizers,material_class,fabric/linen,single,0.33554706818260616,0.00804289544235925,0.05793991416309013,6,27,746,466,1.0,False,0.04989701872073088,0.8225806451612904
Office Supplies > Calendars & Planners > Planners & Personal Organizers,material_class,faux leather,single,0.33554706818260616,0.17962466487935658,0.09871244635193133,134,46,746,466,0.0001,False,-0.08091221852742525,8.870967741935484e-06
Office Supplies > Calendars & Planners > Planners & Personal Organizers,material_class,hardcover,single,0.33554706818260616,0.3324396782841823,0.36909871244635195,248,172,746,466,0.89855,False,0.036659034162169646,0.6956516129032257
Office Supplies > Calendars & Planners > Planners & Personal Organizers,material_class,leather,single,0.33554706818260616,0.0,0.20600858369098712,0,96,746,466,1.0,False,0.20600858369098712,0.9838709677419355
Office Supplies > Calendars & Planners > Planners & Personal Organizers,material_class,plastic/poly,single,0.33554706818260616,0.47587131367292224,0.06652360515021459,355,31,746,466,0.0,False,-0.40934770852270763,0.0
Office Supplies > Calendars & Planners > Planners & Personal Organizers,material_class,softcover/paper,single,0.33554706818260616,0.004021447721179625,0.2017167381974249,3,94,746,466,1.0,False,0.19769529047624526,0.9758064516129032
Office Supplies > Calendars & Planners > Planners & Personal Organizers,style_family,boho/coastal,single,0.0734348407372812,0.14705882352941177,0.16666666666666666,5,6,34,36,0.59165,False,0.019607843137254888,0.38170967741935485
Office Supplies > Calendars & Planners > Planners & Personal Organizers,style_family,contemporary,single,0.0734348407372812,0.14705882352941177,0.08333333333333333,5,3,34,36,0.2075,False,-0.06372549019607844,0.020080645161290323
Office Supplies > Calendars & Planners > Planners & Personal Organizers,style_family,farmhouse/rustic,single,0.0734348407372812,0.11764705882352941,0.08333333333333333,4,3,34,36,0.3155,False,-0.03431372549019608,0.033076612903225805
Office Supplies > Calendars & Planners > Planners & Personal Organizers,style_family,gaming,single,0.0734348407372812,0.029411764705882353,0.0,1,0,34,36,0.16515,False,-0.029411764705882353,0.021309677419354838
Office Supplies > Calendars & Planners > Planners & Personal Organizers,style_family,glam,single,0.0734348407372812,0.08823529411764706,0.05555555555555555,3,2,34,36,0.30265,False,-0.03267973856209151,0.036610887096774195
Office Supplies > Calendars & Planners > Planners & Personal Organizers,style_family,mid-century,single,0.0734348407372812,0.0,0.027777777777777776,0,1,34,36,0.8137,False,0.027777777777777776,0.5643403225806451
Office Supplies > Calendars & Planners > Planners & Personal Organizers,style_family,minimalist,single,0.0734348407372812,0.14705882352941177,0.1388888888888889,5,5,34,36,0.45545,False,-0.008169934640522875,0.10651653225806451
Office Supplies > Calendars & Planners > Planners & Personal Organizers,style_family,modern,single,0.0734348407372812,0.14705882352941177,0.027777777777777776,5,1,34,36,0.0342,False,-0.119281045751634,0.0019306451612903226
Office Supplies > Calendars & Planners > Planners & Personal Organizers,style_family,traditional,single,0.0734348407372812,0.17647058823529413,0.4166666666666667,6,15,34,36,0.9863,False,0.24019607843137256,0.9863
Office Supplies > Calendars & Planners > Planners & Personal Organizers,size_class,compact,single,0.0,1.0,1.0,798,3,798,3,0.0397,False,0.0,0.016328225806451612
Office Supplies > Calendars & Planners > Planners & Personal Organizers,vibe,character/licensed,single,0.022272186554680544,0.008695652173913044,0.0027548209366391185,7,3,805,1089,0.04085,False,-0.005940831237273925,0.013012701612903224
Office Supplies > Calendars & Planners > Planners & Personal Organizers,vibe,cozy/plush,single,0.022272186554680544,0.0,0.0009182736455463728,0,1,805,1089,0.76295,False,0.0009182736455463728,0.32917600806451613
Office Supplies > Calendars & Planners > Planners & Personal Organizers,vibe,curved/organic,single,0.022272186554680544,0.0,0.0009182736455463728,0,1,805,1089,0.7671,False,0.0009182736455463728,0.33096653225806455
Office Supplies > Calendars & Planners > Planners & Personal Organizers,vibe,cute/kawaii,single,0.022272186554680544,0.016149068322981366,0.009182736455463728,13,10,805,1089,0.08755,False,-0.0069663318675176385,0.023652620967741934
Office Supplies > Calendars & Planners > Planners & Personal Organizers,vibe,floral/botanical,single,0.022272186554680544,0.10062111801242236,0.0780532598714417,81,85,805,1089,0.04135,False,-0.022567858140980668,0.00600241935483871
Office Supplies > Calendars & Planners > Planners & Personal Organizers,vibe,geometric/abstract,single,0.022272186554680544,0.008695652173913044,0.0027548209366391185,7,3,805,1089,0.0398,False,-0.005940831237273925,0.012678225806451613
Office Supplies > Calendars & Planners > Planners & Personal Organizers,vibe,glitter/sparkle,single,0.022272186554680544,0.0012422360248447205,0.0,1,0,805,1089,0.1408,False,-0.0012422360248447205,0.05563870967741936
Office Supplies > Calendars & Planners > Planners & Personal Organizers,vibe,inspirational,single,0.022272186554680544,0.0,0.008264462809917356,0,9,805,1089,0.99815,False,0.008264462809917356,0.5473725806451613
Office Supplies > Calendars & Planners > Planners & Personal Organizers,vibe,luxe,single,0.022272186554680544,0.031055900621118012,0.04040404040404041,25,44,805,1089,0.85945,False,0.009348139782922395,0.48517338709677427
Office Supplies > Calendars & Planners > Planners & Personal Organizers,vibe,metal-accent,single,0.022272186554680544,0.0,0.0018365472910927456,0,2,805,1089,0.8897,False,0.0018365472910927456,0.4125625
Office Supplies > Calendars & Planners > Planners & Personal Organizers,vibe,plain,single,0.022272186554680544,0.7478260869565218,0.7529843893480257,602,820,805,1089,0.607,False,0.005158302391503944,0.31329032258064515
Office Supplies > Calendars & Planners > Planners & Personal Organizers,vibe,playful/colourful,single,0.022272186554680544,0.02732919254658385,0.051423324150596875,22,56,805,1089,0.997,False,0.024094131604013025,0.6673467741935484
Office Supplies > Calendars & Planners > Planners & Personal Organizers,vibe,professional,single,0.022272186554680544,0.02981366459627329,0.020202020202020204,24,22,805,1089,0.09135,False,-0.009611644394253088,0.019890725806451612
Office Supplies > Calendars & Planners > Planners & Personal Organizers,vibe,retro/vintage,single,0.022272186554680544,0.002484472049689441,0.02295684113865932,2,25,805,1089,1.0,False,0.020472369088969877,0.6532258064516129
Office Supplies > Calendars & Planners > Planners & Personal Organizers,vibe,sleek/minimal,single,0.022272186554680544,0.016149068322981366,0.004591368227731864,13,5,805,1089,0.00575,False,-0.011557700095249503,0.001159274193548387
Office Supplies > Calendars & Planners > Planners & Personal Organizers,vibe,statement,single,0.022272186554680544,0.004968944099378882,0.0,4,0,805,1089,0.0069,False,-0.004968944099378882,0.0024205645161290324
Office Supplies > Calendars & Planners > Planners & Personal Organizers,vibe,textured,single,0.022272186554680544,0.004968944099378882,0.0027548209366391185,4,3,805,1089,0.2109,False,-0.0022141231627397636,0.0807883064516129
Office Supplies > Calendars & Planners > Planners & Personal Organizers,planner_type,address book,single,0.10729180618537286,0.012468827930174564,0.09278350515463918,10,99,802,1067,1.0,False,0.08031467722446461,0.8951612903225806
Office Supplies > Calendars & Planners > Planners & Personal Organizers,planner_type,appointment book,single,0.10729180618537286,0.09351620947630923,0.05998125585754452,75,64,802,1067,0.0026,False,-0.03353495361876471,0.00029354838709677415
Office Supplies > Calendars & Planners > Planners & Personal Organizers,planner_type,journal/guided,single,0.10729180618537286,0.0,0.14807872539831302,0,158,802,1067,1.0,False,0.14807872539831302,0.9516129032258065
Office Supplies > Calendars & Planners > Planners & Personal Organizers,planner_type,personal organizer,single,0.10729180618537286,0.028678304239401497,0.02530459231490159,23,27,802,1067,0.3264,False,-0.003373711924499905,0.11845161290322583
Office Supplies > Calendars & Planners > Planners & Personal Organizers,planner_type,planner,single,0.10729180618537286,0.8653366583541147,0.6738519212746017,694,719,802,1067,0.0,False,-0.19148473707951297,0.0
Office Supplies > Calendars & Planners > Planners & Personal Organizers,date_format,daily,single,0.06113327917807322,0.09462915601023018,0.26756352765321373,74,179,782,669,1.0,False,0.17293437164298353,0.967741935483871
Office Supplies > Calendars & Planners > Planners & Personal Organizers,date_format,monthly,single,0.06113327917807322,0.2672634271099744,0.25411061285500747,209,170,782,669,0.2842,False,-0.013152814254966949,0.055006451612903226
Office Supplies > Calendars & Planners > Planners & Personal Organizers,date_format,weekly,single,0.06113327917807322,0.0639386189258312,0.13452914798206278,50,90,782,669,1.0,False,0.07059052905623157,0.8709677419354839
Office Supplies > Calendars & Planners > Planners & Personal Organizers,date_format,weekly & monthly,single,0.06113327917807322,0.5741687979539642,0.34379671150971597,449,230,782,669,0.0,False,-0.23037208644424828,0.0
Office Supplies > Calendars & Planners > Planners & Personal Organizers,year_format,academic,single,0.08480943540486567,0.3526448362720403,0.1644518272425249,280,99,794,602,0.0,False,-0.18819300902951538,0.0
Office Supplies > Calendars & Planners > Planners & Personal Organizers,year_format,calendar year,single,0.08480943540486567,0.5642317380352645,0.5548172757475083,448,334,794,602,0.3569,False,-0.00941446228775622,0.08059032258064516
Office Supplies > Calendars & Planners > Planners & Personal Organizers,year_format,multi-year,single,0.08480943540486567,0.0,0.0946843853820598,0,57,794,602,1.0,False,0.0946843853820598,0.9112903225806451
Office Supplies > Calendars & Planners > Planners & Personal Organizers,year_format,undated,single,0.08480943540486567,0.08312342569269521,0.18604651162790697,66,112,794,602,1.0,False,0.10292308593521177,0.9193548387096774
Office Supplies > Calendars & Planners > Planners & Personal Organizers,planner_size,large,single,0.012218603432994794,0.5180124223602485,0.40387275242047027,417,292,805,723,5e-05,False,-0.1141396699397782,3.225806451612903e-06
Office Supplies > Calendars & Planners > Planners & Personal Organizers,planner_size,medium,single,0.012218603432994794,0.3279503105590062,0.35684647302904565,264,258,805,723,0.88255,False,0.028896162470039455,0.6192084677419355
Office Supplies > Calendars & Planners > Planners & Personal Organizers,planner_size,pocket,single,0.012218603432994794,0.15403726708074533,0.2392807745504841,124,173,805,723,1.0,False,0.08524350746973877,0.9032258064516129
Office Supplies > Calendars & Planners > Planners & Personal Organizers,binding,bound,single,0.05444559483259327,0.15119363395225463,0.3088235294117647,57,168,377,544,1.0,False,0.1576298954595101,0.9596774193548387
Office Supplies > Calendars & Planners > Planners & Personal Organizers,binding,ring/disc binder,single,0.05444559483259327,0.08488063660477453,0.19117647058823528,32,104,377,544,1.0,False,0.10629583398346075,0.9354838709677419
Office Supplies > Calendars & Planners > Planners & Personal Organizers,binding,spiral/wire,single,0.05444559483259327,0.7639257294429708,0.5,288,272,377,544,0.0,False,-0.26392572944297077,0.0
Office Supplies > Calendars & Planners > Planners & Personal Organizers,design_theme,animal/cute,single,0.04264820230999401,0.02732919254658385,0.011937557392102846,22,13,805,1089,0.00795,False,-0.015391635154481003,0.0014745967741935486
Office Supplies > Calendars & Planners > Planners & Personal Organizers,design_theme,art/pattern,single,0.04264820230999401,0.1093167701863354,0.02295684113865932,88,25,805,1089,0.0,False,-0.08635992904767609,0.0
Office Supplies > Calendars & Planners > Planners & Personal Organizers,design_theme,faith/inspirational,single,0.04264820230999401,0.002484472049689441,0.02938475665748393,2,32,805,1089,1.0,False,0.02690028460779449,0.6854838709677419
Office Supplies > Calendars & Planners > Planners & Personal Organizers,design_theme,floral/botanical,single,0.04264820230999401,0.10559006211180125,0.08631772268135904,85,94,805,1089,0.07515,False,-0.01927233943044221,0.012727016129032256
Office Supplies > Calendars & Planners > Planners & Personal Organizers,design_theme,plain,single,0.04264820230999401,0.7428571428571429,0.800734618916437,598,872,805,1089,0.99845,False,0.057877476059294164,0.8293576612903226
Office Supplies > Calendars & Planners > Planners & Personal Organizers,design_theme,travel/scenic,single,0.04264820230999401,0.012422360248447204,0.048668503213957756,10,53,805,1089,1.0,False,0.036246142965510555,0.7661290322580645
Office Supplies > Calendars & Planners > Planners & Personal Organizers,audience,business/professional,single,0.036472041020791074,0.09440993788819876,0.08907254361799816,76,97,805,1089,0.3477,False,-0.005337394270200607,0.11776935483870968
Office Supplies > Calendars & Planners > Planners & Personal Organizers,audience,family/home,single,0.036472041020791074,0.008695652173913044,0.05785123966942149,7,63,805,1089,1.0,False,0.04915558749550845,0.8145161290322581
Office Supplies > Calendars & Planners > Planners & Personal Organizers,audience,general,single,0.036472041020791074,0.7329192546583851,0.6271808999081726,590,683,805,1089,0.0,False,-0.10573835475021254,0.0
Office Supplies > Calendars & Planners > Planners & Personal Organizers,audience,student,single,0.036472041020791074,0.11304347826086956,0.12029384756657484,91,131,805,1089,0.68585,False,0.007250369305705273,0.37058024193548383
Office Supplies > Calendars & Planners > Planners & Personal Organizers,audience,teacher,single,0.036472041020791074,0.040993788819875775,0.03305785123966942,33,36,805,1089,0.1806,False,-0.007935937580206352,0.04369354838709678
Office Supplies > Calendars & Planners > Planners & Personal Organizers,audience,wellness/self-care,single,0.036472041020791074,0.009937888198757764,0.07254361799816346,8,79,805,1089,1.0,False,0.0626057297994057,0.8387096774193549
Office Supplies > Calendars & Planners > Planners & Personal Organizers,aesthetic_tags,character/licensed,multi,0.07288699272570953,0.008695652173913044,0.0027548209366391185,7,3,805,1089,0.0403,False,-0.005940831237273925,0.0128375
Office Supplies > Calendars & Planners > Planners & Personal Organizers,aesthetic_tags,cozy/plush,multi,0.07288699272570953,0.0,0.0009182736455463728,0,1,805,1089,0.7693,False,0.0009182736455463728,0.3319157258064516
Office Supplies > Calendars & Planners > Planners & Personal Organizers,aesthetic_tags,curved/organic,multi,0.07288699272570953,0.0,0.0009182736455463728,0,1,805,1089,0.76665,False,0.0009182736455463728,0.3307723790322581
Office Supplies > Calendars & Planners > Planners & Personal Organizers,aesthetic_tags,cute/kawaii,multi,0.07288699272570953,0.016149068322981366,0.009182736455463728,13,10,805,1089,0.08745,False,-0.0069663318675176385,0.023625604838709676
Office Supplies > Calendars & Planners > Planners & Personal Organizers,aesthetic_tags,floral/botanical,multi,0.07288699272570953,0.10062111801242236,0.07897153351698806,81,86,805,1089,0.05075,False,-0.021649584495434304,0.007776209677419356
Office Supplies > Calendars & Planners > Planners & Personal Organizers,aesthetic_tags,geometric/abstract,multi,0.07288699272570953,0.008695652173913044,0.0027548209366391185,7,3,805,1089,0.04065,False,-0.005940831237273925,0.012948991935483871
Office Supplies > Calendars & Planners > Planners & Personal Organizers,aesthetic_tags,glitter/sparkle,multi,0.07288699272570953,0.002484472049689441,0.0,2,0,805,1089,0.04945,False,-0.002484472049689441,0.01834435483870968
Office Supplies > Calendars & Planners > Planners & Personal Organizers,aesthetic_tags,inspirational,multi,0.07288699272570953,0.0012422360248447205,0.013774104683195593,1,15,805,1089,0.9995,False,0.012531868658350872,0.5924455645161291
Office Supplies > Calendars & Planners > Planners & Personal Organizers,aesthetic_tags,luxe,multi,0.07288699272570953,0.037267080745341616,0.04315886134067952,30,47,805,1089,0.73665,False,0.005891780595337903,0.38614717741935484
Office Supplies > Calendars & Planners > Planners & Personal Organizers,aesthetic_tags,metal-accent,multi,0.07288699272570953,0.0,0.0018365472910927456,0,2,805,1089,0.88855,False,0.0018365472910927456,0.4120292338709677
Office Supplies > Calendars & Planners > Planners & Personal Organizers,aesthetic_tags,playful/colourful,multi,0.07288699272570953,0.0422360248447205,0.06519742883379247,34,71,805,1089,0.98575,False,0.02296140398907197,0.651866935483871
Office Supplies > Calendars & Planners > Planners & Personal Organizers,aesthetic_tags,professional,multi,0.07288699272570953,0.03850931677018633,0.027548209366391185,31,30,805,1089,0.09105,False,-0.010961107403795148,0.019091129032258066
Office Supplies > Calendars & Planners > Planners & Personal Organizers,aesthetic_tags,retro/vintage,multi,0.07288699272570953,0.007453416149068323,0.02662993572084481,6,29,805,1089,0.9992,False,0.01917651957177649,0.6365870967741936
Office Supplies > Calendars & Planners > Planners & Personal Organizers,aesthetic_tags,sleek/minimal,multi,0.07288699272570953,0.02111801242236025,0.004591368227731864,17,5,805,1089,0.0006,False,-0.016526644194628386,0.0001064516129032258
Office Supplies > Calendars & Planners > Planners & Personal Organizers,aesthetic_tags,statement,multi,0.07288699272570953,0.004968944099378882,0.0,4,0,805,1089,0.00605,False,-0.004968944099378882,0.0021223790322580645
Office Supplies > Calendars & Planners > Planners & Personal Organizers,aesthetic_tags,textured,multi,0.07288699272570953,0.004968944099378882,0.0027548209366391185,4,3,805,1089,0.2159,False,-0.0022141231627397636,0.08270362903225807
Office Supplies > Calendars & Planners > Planners & Personal Organizers,use_context,corporate office,multi,0.18626931175779193,0.008695652173913044,0.11202938475665748,7,122,805,1089,1.0,False,0.10333373258274443,0.9274193548387096
Office Supplies > Calendars & Planners > Planners & Personal Organizers,use_context,education,multi,0.18626931175779193,0.1515527950310559,0.15426997245179064,122,168,805,1089,0.565,False,0.00271717742073474,0.27338709677419354
Office Supplies > Calendars & Planners > Planners & Personal Organizers,use_context,gym/sports,multi,0.18626931175779193,0.0012422360248447205,0.011937557392102846,1,13,805,1089,0.9986,False,0.010695321367258126,0.5717790322580646
Office Supplies > Calendars & Planners > Planners & Personal Organizers,use_context,healthcare,multi,0.18626931175779193,0.0,0.0036730945821854912,0,4,805,1089,0.96905,False,0.0036730945821854912,0.48843245967741933
Office Supplies > Calendars & Planners > Planners & Personal Organizers,use_context,home office,multi,0.18626931175779193,0.0,0.013774104683195593,0,15,805,1089,1.0,False,0.013774104683195593,0.6088709677419355
Office Supplies > Calendars & Planners > Planners & Personal Organizers,use_context,hospitality/events,multi,0.18626931175779193,0.0012422360248447205,0.03397612488521579,1,37,805,1089,1.0,False,0.032733888860371076,0.75
Office Supplies > Calendars & Planners > Planners & Personal Organizers,use_context,kids/teen,multi,0.18626931175779193,0.0,0.009182736455463728,0,10,805,1089,0.99945,False,0.009182736455463728,0.556145564516129
Office Supplies > Calendars & Planners > Planners & Personal Organizers,use_context,outdoor,multi,0.18626931175779193,0.024844720496894408,0.017447199265381085,20,19,805,1089,0.1309,False,-0.007397521231513323,0.03378064516129032
Office Supplies > Calendars & Planners > Planners & Personal Organizers,use_context,travel/commute,multi,0.18626931175779193,0.008695652173913044,0.047750229568411386,7,52,805,1089,1.0,False,0.039054577394498344,0.7983870967741935
Office Supplies > Calendars & Planners > Planners & Personal Organizers,end_user_segment,kids,multi,0.36355488253322676,0.0012422360248447205,0.013774104683195593,1,15,805,1089,0.9996,False,0.012531868658350872,0.5925048387096775
Office Supplies > Calendars & Planners > Planners & Personal Organizers,end_user_segment,men,multi,0.36355488253322676,0.0,0.06978879706152434,0,76,805,1089,1.0,False,0.06978879706152434,0.8629032258064516
Office Supplies > Calendars & Planners > Planners & Personal Organizers,end_user_segment,remote workers,multi,0.36355488253322676,0.0,0.013774104683195593,0,15,805,1089,0.9999,False,0.013774104683195593,0.6088100806451613
Office Supplies > Calendars & Planners > Planners & Personal Organizers,end_user_segment,seniors,multi,0.36355488253322676,0.012422360248447204,0.04499540863177227,10,49,805,1089,1.0,False,0.03257304838332506,0.7419354838709677
Office Supplies > Calendars & Planners > Planners & Personal Organizers,end_user_segment,students,multi,0.36355488253322676,0.04720496894409938,0.05417814508723599,38,59,805,1089,0.75745,False,0.006973176143136611,0.4031588709677419
Office Supplies > Calendars & Planners > Planners & Personal Organizers,end_user_segment,teachers,multi,0.36355488253322676,0.040993788819875775,0.03489439853076217,33,38,805,1089,0.24825,False,-0.006099390289113604,0.07407459677419355
Office Supplies > Calendars & Planners > Planners & Personal Organizers,end_user_segment,teens,multi,0.36355488253322676,0.0,0.0018365472910927456,0,2,805,1089,0.88815,False,0.0018365472910927456,0.41184374999999995
Office Supplies > Calendars & Planners > Planners & Personal Organizers,end_user_segment,women,multi,0.36355488253322676,0.0012422360248447205,0.14508723599632692,1,158,805,1089,1.0,False,0.1438449999714822,0.9435483870967742
Office Supplies > Calendars & Planners > Planners & Personal Organizers,key_benefits,comfort,multi,0.3316023689218571,0.0,0.0018365472910927456,0,2,805,1089,0.8911,False,0.0018365472910927456,0.4132116935483871
Office Supplies > Calendars & Planners > Planners & Personal Organizers,key_benefits,commercial-grade,multi,0.3316023689218571,0.007453416149068323,0.0,6,0,805,1089,0.001,False,-0.007453416149068323,0.00025
Office Supplies > Calendars & Planners > Planners & Personal Organizers,key_benefits,security,multi,0.3316023689218571,0.0,0.0036730945821854912,0,4,805,1089,0.9685,False,0.0036730945821854912,0.4881552419354839
Office Supplies > Calendars & Planners > Planners & Personal Organizers,key_benefits,space-saving,multi,0.3316023689218571,0.037267080745341616,0.012855831037649219,30,14,805,1089,0.00025,False,-0.024411249707692397,3.427419354838709e-05
Office Supplies > Calendars & Planners > Planners & Personal Organizers,key_benefits,sustainable,multi,0.3316023689218571,0.012422360248447204,0.011937557392102846,10,13,805,1089,0.4555,False,-0.00048480285634435773,0.18366935483870966
Office Supplies > Calendars & Planners > Planners & Personal Organizers,key_benefits,tech-enabled,multi,0.3316023689218571,0.0012422360248447205,0.004591368227731864,1,5,805,1089,0.90565,False,0.003349132202887143,0.4455213709677419
Office Supplies > Calendars & Planners > Planners & Personal Organizers,key_benefits,water-resistant,multi,0.3316023689218571,0.0,0.02662993572084481,0,29,805,1089,1.0,False,0.02662993572084481,0.6774193548387096
"Bags, Backpacks & Luggage > Backpacks & Laptop Bags > Backpacks",colour_family,beige/cream,single,0.08552303330287979,0.0158311345646438,0.05414364640883978,6,49,379,905,0.99945,True,0.03831251184419598,0.74125875
"Bags, Backpacks & Luggage > Backpacks & Laptop Bags > Backpacks",colour_family,black,single,0.08552303330287979,0.3562005277044855,0.538121546961326,135,487,379,905,1.0,True,0.18192101925684045,0.9
"Bags, Backpacks & Luggage > Backpacks & Laptop Bags > Backpacks",colour_family,blue,single,0.08552303330287979,0.14775725593667546,0.04640883977900553,56,42,379,905,0.0,True,-0.10134841615766993,0.0
"Bags, Backpacks & Luggage > Backpacks & Laptop Bags > Backpacks",colour_family,brown/wood,single,0.08552303330287979,0.052770448548812667,0.03425414364640884,20,31,379,905,0.0619,True,-0.01851630490240383,0.015732916666666666
"Bags, Backpacks & Luggage > Backpacks & Laptop Bags > Backpacks",colour_family,clear,single,0.08552303330287979,0.013192612137203167,0.045303867403314914,5,41,379,905,0.999,True,0.03211125526611175,0.724275
"Bags, Backpacks & Luggage > Backpacks & Laptop Bags > Backpacks",colour_family,green,single,0.08552303330287979,0.06068601583113457,0.057458563535911604,23,52,379,905,0.40515,True,-0.003227452295222963,0.16543625
"Bags, Backpacks & Luggage > Backpacks & Laptop Bags > Backpacks",colour_family,grey,single,0.08552303330287979,0.06596306068601583,0.056353591160221,25,51,379,905,0.247,True,-0.009609469525794834,0.07718749999999999
"Bags, Backpacks & Luggage > Backpacks & Laptop Bags > Backpacks",colour_family,metallic,single,0.08552303330287979,0.0,0.014364640883977901,0,13,379,905,0.99825,True,0.014364640883977901,0.611428125
"Bags, Backpacks & Luggage > Backpacks & Laptop Bags > Backpacks",colour_family,multi/pattern,single,0.08552303330287979,0.13984168865435356,0.049723756906077346,53,45,379,905,0.0,True,-0.09011793174827622,0.0
"Bags, Backpacks & Luggage > Backpacks & Laptop Bags > Backpacks",colour_family,navy,single,0.08552303330287979,0.0,0.017679558011049725,0,16,379,905,0.999,True,0.017679558011049725,0.657675
"Bags, Backpacks & Luggage > Backpacks & Laptop Bags > Backpacks",colour_family,purple,single,0.08552303330287979,0.0395778364116095,0.020994475138121547,15,19,379,905,0.03465,True,-0.018583361273487954,0.008373750000000001
"Bags, Backpacks & Luggage > Backpacks & Laptop Bags > Backpacks",colour_family,red/pink,single,0.08552303330287979,0.09234828496042216,0.04088397790055249,35,37,379,905,0.0002,True,-0.05146430705986967,3.1666666666666666e-05
"Bags, Backpacks & Luggage > Backpacks & Laptop Bags > Backpacks",colour_family,white,single,0.08552303330287979,0.005277044854881266,0.012154696132596685,2,11,379,905,0.87345,True,0.006877651277715419,0.5095125
"Bags, Backpacks & Luggage > Backpacks & Laptop Bags > Backpacks",colour_family,yellow/orange,single,0.08552303330287979,0.010554089709762533,0.012154696132596685,4,11,379,905,0.5822,True,0.0016006064228341523,0.31535833333333335
"Bags, Backpacks & Luggage > Backpacks & Laptop Bags > Backpacks",colour_tone,bold,single,0.07402208271994047,0.35092348284960423,0.17790055248618786,133,161,379,905,0.0,True,-0.17302293036341637,0.0
"Bags, Backpacks & Luggage > Backpacks & Laptop Bags > Backpacks",colour_tone,dark-neutral,single,0.07402208271994047,0.3562005277044855,0.5558011049723757,135,503,379,905,1.0,True,0.19960057726789016,0.9083333333333333
"Bags, Backpacks & Luggage > Backpacks & Laptop Bags > Backpacks",colour_tone,light-neutral,single,0.07402208271994047,0.03430079155672823,0.11160220994475138,13,101,379,905,1.0,True,0.07730141838802315,0.8
"Bags, Backpacks & Luggage > Backpacks & Laptop Bags > Backpacks",colour_tone,metallic,single,0.07402208271994047,0.0,0.014364640883977901,0,13,379,905,0.9982,True,0.014364640883977901,0.6113975
"Bags, Backpacks & Luggage > Backpacks & Laptop Bags > Backpacks",colour_tone,mid-neutral,single,0.07402208271994047,0.06596306068601583,0.056353591160221,25,51,379,905,0.24755,True,-0.009609469525794834,0.077359375
"Bags, Backpacks & Luggage > Backpacks & Laptop Bags > Backpacks",colour_tone,pattern,single,0.07402208271994047,0.13984168865435356,0.049723756906077346,53,45,379,905,0.0,True,-0.09011793174827622,0.0
"Bags, Backpacks & Luggage > Backpacks & Laptop Bags > Backpacks",colour_tone,warm-neutral,single,0.07402208271994047,0.052770448548812667,0.03425414364640884,20,31,379,905,0.0637,True,-0.01851630490240383,0.01619041666666667
"Bags, Backpacks & Luggage > Backpacks & Laptop Bags > Backpacks",material_class,canvas/cotton,single,0.28980544182021056,0.007936507936507936,0.12654320987654322,3,41,378,324,1.0,True,0.11860670194003528,0.8416666666666667
"Bags, Backpacks & Luggage > Backpacks & Laptop Bags > Backpacks",material_class,clear/vinyl,single,0.28980544182021056,0.021164021164021163,0.24691358024691357,8,80,378,324,1.0,True,0.2257495590828924,0.925
"Bags, Backpacks & Luggage > Backpacks & Laptop Bags > Backpacks",material_class,faux leather,single,0.28980544182021056,0.031746031746031744,0.05555555555555555,12,18,378,324,0.93985,True,0.023809523809523808,0.63439875
"Bags, Backpacks & Luggage > Backpacks & Laptop Bags > Backpacks",material_class,leather,single,0.28980544182021056,0.03439153439153439,0.16666666666666666,13,54,378,324,1.0,True,0.13227513227513227,0.875
"Bags, Backpacks & Luggage > Backpacks & Laptop Bags > Backpacks",material_class,nylon,single,0.28980544182021056,0.2275132275132275,0.25617283950617287,86,83,378,324,0.81105,True,0.028659611992945366,0.5812525000000001
"Bags, Backpacks & Luggage > Backpacks & Laptop Bags > Backpacks",material_class,polyester,single,0.28980544182021056,0.6772486772486772,0.14814814814814814,256,48,378,324,0.0,True,-0.5291005291005291,0.0
"Bags, Backpacks & Luggage > Backpacks & Laptop Bags > Backpacks",style_family,boho/coastal,single,0.2391705746303655,0.023255813953488372,0.1518987341772152,1,12,43,79,0.991,False,0.1286429202237268,0.8423499999999999
"Bags, Backpacks & Luggage > Backpacks & Laptop Bags > Backpacks",style_family,contemporary,single,0.2391705746303655,0.09302325581395349,0.0,4,0,43,79,0.0024,False,-0.09302325581395349,0.00028
"Bags, Backpacks & Luggage > Backpacks & Laptop Bags > Backpacks",style_family,farmhouse/rustic,single,0.2391705746303655,0.0,0.02531645569620253,0,2,43,79,0.8471,False,0.02531645569620253,0.5859108333333333
"Bags, Backpacks & Luggage > Backpacks & Laptop Bags > Backpacks",style_family,gaming,single,0.2391705746303655,0.023255813953488372,0.11392405063291139,1,9,43,79,0.96845,False,0.09066823667942302,0.7909008333333334
"Bags, Backpacks & Luggage > Backpacks & Laptop Bags > Backpacks",style_family,glam,single,0.2391705746303655,0.0,0.012658227848101266,0,1,43,79,0.7129,False,0.012658227848101266,0.42773999999999995
"Bags, Backpacks & Luggage > Backpacks & Laptop Bags > Backpacks",style_family,mid-century,single,0.2391705746303655,0.0,0.06329113924050633,0,5,43,79,0.97015,False,0.06329113924050633,0.7599508333333332
"Bags, Backpacks & Luggage > Backpacks & Laptop Bags > Backpacks",style_family,minimalist,single,0.2391705746303655,0.023255813953488372,0.0379746835443038,1,3,43,79,0.6469,False,0.014718869590815427,0.4097033333333333
"Bags, Backpacks & Luggage > Backpacks & Laptop Bags > Backpacks",style_family,modern,single,0.2391705746303655,0.4418604651162791,0.0379746835443038,19,3,43,79,0.0,False,-0.4038857815719753,0.0
"Bags, Backpacks & Luggage > Backpacks & Laptop Bags > Backpacks",style_family,traditional,single,0.2391705746303655,0.3953488372093023,0.5569620253164557,17,44,43,79,0.9547,False,0.16161318810715336,0.8433183333333333
"Bags, Backpacks & Luggage > Backpacks & Laptop Bags > Backpacks",vibe,character/licensed,single,0.03216146407867314,0.0712401055408971,0.04966248794599807,27,103,379,2074,0.04725,False,-0.021577617594899033,0.010828125
"Bags, Backpacks & Luggage > Backpacks & Laptop Bags > Backpacks",vibe,cozy/plush,single,0.03216146407867314,0.002638522427440633,0.0009643201542912247,1,2,379,2074,0.1757,False,-0.0016742022731494085,0.07613666666666667
"Bags, Backpacks & Luggage > Backpacks & Laptop Bags > Backpacks",vibe,curved/organic,single,0.03216146407867314,0.002638522427440633,0.003857280617164899,1,8,379,2074,0.60265,False,0.0012187581897242657,0.308858125
"Bags, Backpacks & Luggage > Backpacks & Laptop Bags > Backpacks",vibe,cute/kawaii,single,0.03216146407867314,0.036939313984168866,0.021697203471552556,14,45,379,2074,0.04305,False,-0.01524211051261631,0.012197499999999998
"Bags, Backpacks & Luggage > Backpacks & Laptop Bags > Backpacks",vibe,floral/botanical,single,0.03216146407867314,0.013192612137203167,0.0057859209257473485,5,12,379,2074,0.0637,False,-0.007406691211455818,0.021233333333333333
"Bags, Backpacks & Luggage > Backpacks & Laptop Bags > Backpacks",vibe,geometric/abstract,single,0.03216146407867314,0.0,0.00048216007714561236,0,1,379,2074,0.4924,False,0.00048216007714561236,0.22978666666666667
"Bags, Backpacks & Luggage > Backpacks & Laptop Bags > Backpacks",vibe,glitter/sparkle,single,0.03216146407867314,0.002638522427440633,0.0024108003857280617,1,5,379,2074,0.40885,False,-0.0002277220417125714,0.1839825
"Bags, Backpacks & Luggage > Backpacks & Laptop Bags > Backpacks",vibe,luxe,single,0.03216146407867314,0.018469656992084433,0.010125361620057859,7,21,379,2074,0.0855,False,-0.008344295372026574,0.027787500000000003
"Bags, Backpacks & Luggage > Backpacks & Laptop Bags > Backpacks",vibe,natural/woven,single,0.03216146407867314,0.005277044854881266,0.00048216007714561236,2,1,379,2074,0.0174,False,-0.004794884777735654,0.006597499999999999
"Bags, Backpacks & Luggage > Backpacks & Laptop Bags > Backpacks",vibe,plain,single,0.03216146407867314,0.7176781002638523,0.7912246865959498,272,1641,379,2074,0.9988,False,0.07354658633209754,0.7907166666666666
"Bags, Backpacks & Luggage > Backpacks & Laptop Bags > Backpacks",vibe,playful/colourful,single,0.03216146407867314,0.029023746701846966,0.0014464802314368371,11,3,379,2074,0.0,False,-0.027577266470410127,0.0
"Bags, Backpacks & Luggage > Backpacks & Laptop Bags > Backpacks",vibe,professional,single,0.03216146407867314,0.07387862796833773,0.08534233365477338,28,177,379,2074,0.7636,False,0.011463705686435649,0.4517966666666666
"Bags, Backpacks & Luggage > Backpacks & Laptop Bags > Backpacks",vibe,retro/vintage,single,0.03216146407867314,0.0,0.01591128254580521,0,33,379,2074,0.999,False,0.01591128254580521,0.6410250000000001
"Bags, Backpacks & Luggage > Backpacks & Laptop Bags > Backpacks",vibe,sleek/minimal,single,0.03216146407867314,0.018469656992084433,0.0024108003857280617,7,5,379,2074,0.00055,False,-0.01605885660635637,0.00015125000000000002
"Bags, Backpacks & Luggage > Backpacks & Laptop Bags > Backpacks",vibe,statement,single,0.03216146407867314,0.002638522427440633,0.00048216007714561236,1,1,379,2074,0.0979,False,-0.0021563623502950206,0.04119958333333333
"Bags, Backpacks & Luggage > Backpacks & Laptop Bags > Backpacks",vibe,textured,single,0.03216146407867314,0.005277044854881266,0.007714561234329798,2,16,379,2074,0.6724,False,0.0024375163794485314,0.37542333333333333
"Bags, Backpacks & Luggage > Backpacks & Laptop Bags > Backpacks",pack_type,hiking/outdoor,single,0.45293734110594963,0.013477088948787063,0.4169240271772699,5,675,371,1619,1.0,False,0.4034469382284828,1.0
"Bags, Backpacks & Luggage > Backpacks & Laptop Bags > Backpacks",pack_type,laptop/work,single,0.45293734110594963,0.6199460916442049,0.11179740580605312,230,181,371,1619,0.0,False,-0.5081486858381518,0.0
"Bags, Backpacks & Luggage > Backpacks & Laptop Bags > Backpacks",pack_type,mini/sling,single,0.45293734110594963,0.013477088948787063,0.1260037059913527,5,204,371,1619,1.0,False,0.11252661704256563,0.8333333333333334
"Bags, Backpacks & Luggage > Backpacks & Laptop Bags > Backpacks",pack_type,rolling,single,0.45293734110594963,0.029649595687331536,0.025941939468807906,11,42,371,1619,0.33085,False,-0.00370765621852363,0.12958291666666666
"Bags, Backpacks & Luggage > Backpacks & Laptop Bags > Backpacks",pack_type,school/kids,single,0.45293734110594963,0.2668463611859838,0.053119209388511425,99,86,371,1619,0.0,False,-0.2137271517974724,0.0
"Bags, Backpacks & Luggage > Backpacks & Laptop Bags > Backpacks",pack_type,travel/carry-on,single,0.45293734110594963,0.05660377358490566,0.26621371216800493,21,431,371,1619,1.0,False,0.2096099385830993,0.9166666666666666
"Bags, Backpacks & Luggage > Backpacks & Laptop Bags > Backpacks",water_resistant,no,single,0.115098657068854,0.9868073878627969,0.7295081967213115,374,1513,379,2074,0.0,True,-0.25729919114148536,0.0
"Bags, Backpacks & Luggage > Backpacks & Laptop Bags > Backpacks",water_resistant,yes,single,0.115098657068854,0.013192612137203167,0.27049180327868855,5,561,379,2074,1.0,True,0.25729919114148536,0.9416666666666667
"Bags, Backpacks & Luggage > Backpacks & Laptop Bags > Backpacks",usb_port,no,single,0.019821081896279177,0.9973614775725593,0.9445515911282546,378,1959,379,2074,0.0,False,-0.05280988644430473,0.0
"Bags, Backpacks & Luggage > Backpacks & Laptop Bags > Backpacks",usb_port,yes,single,0.019821081896279177,0.002638522427440633,0.05544840887174542,1,115,379,2074,1.0,False,0.05280988644430478,0.775
"Bags, Backpacks & Luggage > Backpacks & Laptop Bags > Backpacks",anti_theft,no,single,0.06373989487388595,1.0,0.8698167791706847,379,1804,379,2074,0.0,False,-0.13018322082931533,0.0
"Bags, Backpacks & Luggage > Backpacks & Laptop Bags > Backpacks",anti_theft,yes,single,0.06373989487388595,0.0,0.13018322082931533,0,270,379,2074,1.0,False,0.13018322082931533,0.8625
"Bags, Backpacks & Luggage > Backpacks & Laptop Bags > Backpacks",laptop_fit,15-16 in,single,0.1829855995238539,0.6369230769230769,0.5703517587939698,207,227,325,398,0.03405,True,-0.0665713181291071,0.004823749999999999
"Bags, Backpacks & Luggage > Backpacks & Laptop Bags > Backpacks",laptop_fit,17 in+,single,0.1829855995238539,0.04923076923076923,0.38190954773869346,16,152,325,398,1.0,True,0.3326787785079242,0.9666666666666667
"Bags, Backpacks & Luggage > Backpacks & Laptop Bags > Backpacks",laptop_fit,up to 14 in,single,0.1829855995238539,0.31384615384615383,0.04773869346733668,102,19,325,398,0.0,True,-0.26610746037881716,0.0
"Bags, Backpacks & Luggage > Backpacks & Laptop Bags > Backpacks",capacity_band,21-30 L,single,0.04705158967965506,0.5303030303030303,0.2984218077474892,70,208,132,697,0.0,False,-0.23188122255554106,0.0
"Bags, Backpacks & Luggage > Backpacks & Laptop Bags > Backpacks",capacity_band,31 L+,single,0.04705158967965506,0.17424242424242425,0.35581061692969873,23,248,132,697,1.0,False,0.18156819268727448,0.8916666666666667
"Bags, Backpacks & Luggage > Backpacks & Laptop Bags > Backpacks",capacity_band,up to 20 L,single,0.04705158967965506,0.29545454545454547,0.34576757532281205,39,241,132,697,0.8714,False,0.05031302986826658,0.6680733333333333
"Bags, Backpacks & Luggage > Backpacks & Laptop Bags > Backpacks",pattern,camo,single,0.005064002006384851,0.005277044854881266,0.006750241080038573,2,14,379,2074,0.60095,False,0.0014731962251573064,0.32050666666666666
"Bags, Backpacks & Luggage > Backpacks & Laptop Bags > Backpacks",pattern,character/licensed,single,0.005064002006384851,0.0712401055408971,0.048698167791706846,27,101,379,2074,0.03745,False,-0.022541937749190256,0.007802083333333333
"Bags, Backpacks & Luggage > Backpacks & Laptop Bags > Backpacks",pattern,floral,single,0.005064002006384851,0.013192612137203167,0.0033751205400192863,5,7,379,2074,0.0116,False,-0.00981749159718388,0.0034799999999999996
"Bags, Backpacks & Luggage > Backpacks & Laptop Bags > Backpacks",pattern,novelty/animal,single,0.005064002006384851,0.018469656992084433,0.017357762777242044,7,36,379,2074,0.4282,False,-0.001111894214842389,0.18912166666666666
"Bags, Backpacks & Luggage > Backpacks & Laptop Bags > Backpacks",pattern,print/pattern,single,0.005064002006384851,0.013192612137203167,0.00819672131147541,5,17,379,2074,0.166,False,-0.004995890825727756,0.060866666666666666
"Bags, Backpacks & Luggage > Backpacks & Laptop Bags > Backpacks",pattern,solid,single,0.005064002006384851,0.8786279683377308,0.9156219864995179,333,1899,379,2074,0.98735,False,0.036994018161787046,0.7240566666666666
"Bags, Backpacks & Luggage > Backpacks & Laptop Bags > Backpacks",audience,general,single,0.2556262590125671,0.7598944591029023,0.5139826422372228,288,1066,379,2074,0.0,False,-0.24591181686567953,0.0
"Bags, Backpacks & Luggage > Backpacks & Laptop Bags > Backpacks",audience,kids,single,0.2556262590125671,0.22955145118733508,0.040983606557377046,87,85,379,2074,0.0,False,-0.18856784462995804,0.0
"Bags, Backpacks & Luggage > Backpacks & Laptop Bags > Backpacks",audience,men,single,0.2556262590125671,0.0,0.09450337512054002,0,196,379,2074,1.0,False,0.09450337512054002,0.825
"Bags, Backpacks & Luggage > Backpacks & Laptop Bags > Backpacks",audience,women,single,0.2556262590125671,0.010554089709762533,0.35053037608486015,4,727,379,2074,1.0,False,0.33997628637509764,0.975
"Bags, Backpacks & Luggage > Backpacks & Laptop Bags > Backpacks",aesthetic_tags,character/licensed,multi,0.10318570734626888,0.0712401055408971,0.04966248794599807,27,103,379,2074,0.0464,False,-0.021577617594899033,0.010633333333333331
"Bags, Backpacks & Luggage > Backpacks & Laptop Bags > Backpacks",aesthetic_tags,cozy/plush,multi,0.10318570734626888,0.0079155672823219,0.0014464802314368371,3,3,379,2074,0.01945,False,-0.006469087050885064,0.006807499999999999
"Bags, Backpacks & Luggage > Backpacks & Laptop Bags > Backpacks",aesthetic_tags,curved/organic,multi,0.10318570734626888,0.002638522427440633,0.003857280617164899,1,8,379,2074,0.59455,False,0.0012187581897242657,0.304706875
"Bags, Backpacks & Luggage > Backpacks & Laptop Bags > Backpacks",aesthetic_tags,cute/kawaii,multi,0.10318570734626888,0.0395778364116095,0.022179363548698167,15,46,379,2074,0.028,False,-0.017398472862911334,0.007466666666666667
"Bags, Backpacks & Luggage > Backpacks & Laptop Bags > Backpacks",aesthetic_tags,floral/botanical,multi,0.10318570734626888,0.013192612137203167,0.009643201542912247,5,20,379,2074,0.24665,False,-0.0035494105942909197,0.09866000000000001
"Bags, Backpacks & Luggage > Backpacks & Laptop Bags > Backpacks",aesthetic_tags,geometric/abstract,multi,0.10318570734626888,0.0,0.00048216007714561236,0,1,379,2074,0.4868,False,0.00048216007714561236,0.22717333333333334
"Bags, Backpacks & Luggage > Backpacks & Laptop Bags > Backpacks",aesthetic_tags,glitter/sparkle,multi,0.10318570734626888,0.010554089709762533,0.004339440694310511,4,9,379,2074,0.07245,False,-0.006214649015452022,0.02596125
"Bags, Backpacks & Luggage > Backpacks & Laptop Bags > Backpacks",aesthetic_tags,inspirational,multi,0.10318570734626888,0.0,0.00048216007714561236,0,1,379,2074,0.48655,False,0.00048216007714561236,0.22705666666666666
"Bags, Backpacks & Luggage > Backpacks & Laptop Bags > Backpacks",aesthetic_tags,luxe,multi,0.10318570734626888,0.018469656992084433,0.011089681774349084,7,23,379,2074,0.1179,False,-0.007379975217735349,0.040282500000000006
"Bags, Backpacks & Luggage > Backpacks & Laptop Bags > Backpacks",aesthetic_tags,natural/woven,multi,0.10318570734626888,0.005277044854881266,0.00048216007714561236,2,1,379,2074,0.01795,False,-0.004794884777735654,0.006806041666666667
"Bags, Backpacks & Luggage > Backpacks & Laptop Bags > Backpacks",aesthetic_tags,playful/colourful,multi,0.10318570734626888,0.0316622691292876,0.0028929604628736743,12,6,379,2074,0.0,False,-0.028769308666413928,0.0
"Bags, Backpacks & Luggage > Backpacks & Laptop Bags > Backpacks",aesthetic_tags,professional,multi,0.10318570734626888,0.07387862796833773,0.09064609450337512,28,188,379,2074,0.8512,False,0.016767466535037384,0.55328
"Bags, Backpacks & Luggage > Backpacks & Laptop Bags > Backpacks",aesthetic_tags,retro/vintage,multi,0.10318570734626888,0.0,0.017839922854387655,0,37,379,2074,0.9995,False,0.017839922854387655,0.6663333333333333
"Bags, Backpacks & Luggage > Backpacks & Laptop Bags > Backpacks",aesthetic_tags,sleek/minimal,multi,0.10318570734626888,0.026385224274406333,0.004339440694310511,10,9,379,2074,0.0002,False,-0.02204578358009582,4.3333333333333334e-05
"Bags, Backpacks & Luggage > Backpacks & Laptop Bags > Backpacks",aesthetic_tags,statement,multi,0.10318570734626888,0.002638522427440633,0.00048216007714561236,1,1,379,2074,0.09785,False,-0.0021563623502950206,0.04117854166666667
"Bags, Backpacks & Luggage > Backpacks & Laptop Bags > Backpacks",aesthetic_tags,textured,multi,0.10318570734626888,0.0079155672823219,0.008678881388621022,3,18,379,2074,0.5275,False,0.0007633141062991216,0.25495833333333334
"Bags, Backpacks & Luggage > Backpacks & Laptop Bags > Backpacks",use_context,breakroom/dining,multi,0.28427865174332945,0.0,0.0009643201542912247,0,2,379,2074,0.61515,False,0.0009643201542912247,0.30244875
"Bags, Backpacks & Luggage > Backpacks & Laptop Bags > Backpacks",use_context,corporate office,multi,0.28427865174332945,0.010554089709762533,0.015429122468659595,4,32,379,2074,0.75975,False,0.004875032758897063,0.430525
"Bags, Backpacks & Luggage > Backpacks & Laptop Bags > Backpacks",use_context,education,multi,0.28427865174332945,0.18469656992084432,0.1518804243008679,70,315,379,2074,0.057,False,-0.03281614561997642,0.0095
"Bags, Backpacks & Luggage > Backpacks & Laptop Bags > Backpacks",use_context,gaming,multi,0.28427865174332945,0.002638522427440633,0.003857280617164899,1,8,379,2074,0.6023,False,0.0012187581897242657,0.30867874999999995
"Bags, Backpacks & Luggage > Backpacks & Laptop Bags > Backpacks",use_context,gym/sports,multi,0.28427865174332945,0.03430079155672823,0.06123432979749277,13,127,379,2074,0.98525,False,0.02693353824076454,0.6896749999999999
"Bags, Backpacks & Luggage > Backpacks & Laptop Bags > Backpacks",use_context,healthcare,multi,0.28427865174332945,0.0,0.024108003857280617,0,50,379,2074,0.9999,False,0.024108003857280617,0.683265
"Bags, Backpacks & Luggage > Backpacks & Laptop Bags > Backpacks",use_context,hospitality/events,multi,0.28427865174332945,0.0,0.0019286403085824494,0,4,379,2074,0.77065,False,0.0019286403085824494,0.4238575
"Bags, Backpacks & Luggage > Backpacks & Laptop Bags > Backpacks",use_context,kids/teen,multi,0.28427865174332945,0.22163588390501318,0.02651880424300868,84,55,379,2074,0.0,False,-0.1951170796620045,0.0
"Bags, Backpacks & Luggage > Backpacks & Laptop Bags > Backpacks",use_context,outdoor,multi,0.28427865174332945,0.005277044854881266,0.2729026036644166,2,566,379,2074,1.0,False,0.2676255588095353,0.95
"Bags, Backpacks & Luggage > Backpacks & Laptop Bags > Backpacks",use_context,travel/commute,multi,0.28427865174332945,0.14775725593667546,0.5265188042430087,56,1092,379,2074,1.0,False,0.37876154830633324,0.9916666666666667
"Bags, Backpacks & Luggage > Backpacks & Laptop Bags > Backpacks",end_user_segment,gamers,multi,0.5115097253441409,0.002638522427440633,0.003857280617164899,1,8,379,2074,0.6002,False,0.0012187581897242657,0.30760249999999995
"Bags, Backpacks & Luggage > Backpacks & Laptop Bags > Backpacks",end_user_segment,kids,multi,0.5115097253441409,0.22427440633245382,0.04387656702025072,85,91,379,2074,0.0,False,-0.1803978393122031,0.0
"Bags, Backpacks & Luggage > Backpacks & Laptop Bags > Backpacks",end_user_segment,men,multi,0.5115097253441409,0.0079155672823219,0.33799421407907426,3,701,379,2074,1.0,False,0.33007864679675236,0.9583333333333334
"Bags, Backpacks & Luggage > Backpacks & Laptop Bags > Backpacks",end_user_segment,students,multi,0.5115097253441409,0.08179419525065963,0.1253616200578592,31,260,379,2074,0.994,False,0.043567424807199565,0.7455
"Bags, Backpacks & Luggage > Backpacks & Laptop Bags > Backpacks",end_user_segment,teachers,multi,0.5115097253441409,0.0,0.02844744455159113,0,59,379,2074,0.99995,False,0.02844744455159113,0.7082979166666667
"Bags, Backpacks & Luggage > Backpacks & Laptop Bags > Backpacks",end_user_segment,teens,multi,0.5115097253441409,0.0,0.01446480231436837,0,30,379,2074,0.9986,False,0.01446480231436837,0.624125
"Bags, Backpacks & Luggage > Backpacks & Laptop Bags > Backpacks",end_user_segment,women,multi,0.5115097253441409,0.010554089709762533,0.3722275795564127,4,772,379,2074,1.0,False,0.3616734898466502,0.9833333333333333
"Bags, Backpacks & Luggage > Backpacks & Laptop Bags > Backpacks",key_benefits,comfort,multi,0.4050483693056297,0.06596306068601583,0.034233365477338476,25,71,379,2074,0.00315,False,-0.031729695208677355,0.00055125
"Bags, Backpacks & Luggage > Backpacks & Laptop Bags > Backpacks",key_benefits,commercial-grade,multi,0.4050483693056297,0.0316622691292876,0.020250723240115717,12,42,379,2074,0.08675,False,-0.011411545889171884,0.025302083333333333
"Bags, Backpacks & Luggage > Backpacks & Laptop Bags > Backpacks",key_benefits,ergonomic,multi,0.4050483693056297,0.0,0.00626808100289296,0,13,379,2074,0.96565,False,0.00626808100289296,0.55524875
"Bags, Backpacks & Luggage > Backpacks & Laptop Bags > Backpacks",key_benefits,security,multi,0.4050483693056297,0.0,0.13018322082931533,0,270,379,2074,1.0,False,0.13018322082931533,0.8625
"Bags, Backpacks & Luggage > Backpacks & Laptop Bags > Backpacks",key_benefits,space-saving,multi,0.4050483693056297,0.010554089709762533,0.09980713596914176,4,207,379,2074,1.0,False,0.08925304625937923,0.8083333333333333
"Bags, Backpacks & Luggage > Backpacks & Laptop Bags > Backpacks",key_benefits,sustainable,multi,0.4050483693056297,0.0316622691292876,0.006750241080038573,12,14,379,2074,0.0,False,-0.024912028049249028,0.0
"Bags, Backpacks & Luggage > Backpacks & Laptop Bags > Backpacks",key_benefits,tech-enabled,multi,0.4050483693056297,0.005277044854881266,0.054966248794599805,2,114,379,2074,1.0,False,0.04968920393971854,0.7583333333333333
"Bags, Backpacks & Luggage > Backpacks & Laptop Bags > Backpacks",key_benefits,water-resistant,multi,0.4050483693056297,0.0158311345646438,0.27145612343297976,6,563,379,2074,1.0,False,0.25562498886833596,0.9333333333333333
Furniture > Desks > Office Desks,colour_family,beige/cream,single,0.12107539391098997,0.004491017964071856,0.0683453237410072,3,171,668,2502,1.0,True,0.06385430577693535,0.8015267175572519
Furniture > Desks > Office Desks,colour_family,black,single,0.12107539391098997,0.07035928143712575,0.20303756994404476,47,508,668,2502,1.0,True,0.132678288506919,0.8854961832061069
Furniture > Desks > Office Desks,colour_family,blue,single,0.12107539391098997,0.0,0.01718625099920064,0,43,668,2502,1.0,True,0.01718625099920064,0.6335877862595419
Furniture > Desks > Office Desks,colour_family,brown/wood,single,0.12107539391098997,0.48952095808383234,0.32973621103117506,327,825,668,2502,0.0,True,-0.15978474705265727,0.0
Furniture > Desks > Office Desks,colour_family,clear,single,0.12107539391098997,0.004491017964071856,0.015187849720223821,3,38,668,2502,0.9918,True,0.010696831756151964,0.567824427480916
Furniture > Desks > Office Desks,colour_family,green,single,0.12107539391098997,0.0,0.002398081534772182,0,6,668,2502,0.9145,True,0.002398081534772182,0.4048931297709924
Furniture > Desks > Office Desks,colour_family,grey,single,0.12107539391098997,0.28592814371257486,0.10671462829736211,191,267,668,2502,0.0,True,-0.17921351541521274,0.0
Furniture > Desks > Office Desks,colour_family,metallic,single,0.12107539391098997,0.004491017964071856,0.02238209432454037,3,56,668,2502,0.99975,True,0.01789107636046851,0.6448769083969466
Furniture > Desks > Office Desks,colour_family,multi/pattern,single,0.12107539391098997,0.014970059880239521,0.001199040767386091,10,3,668,2502,0.0001,True,-0.01377101911285343,2.404580152671756e-05
Furniture > Desks > Office Desks,colour_family,navy,single,0.12107539391098997,0.0,0.004796163069544364,0,12,668,2502,0.98425,True,0.004796163069544364,0.49588167938931293
Furniture > Desks > Office Desks,colour_family,purple,single,0.12107539391098997,0.0014970059880239522,0.0,1,0,668,2502,0.0451,True,-0.0014970059880239522,0.012393893129770994
Furniture > Desks > Office Desks,colour_family,red/pink,single,0.12107539391098997,0.0014970059880239522,0.009992006394884092,1,25,668,2502,0.99295,True,0.00849500040686014,0.5457435114503817
Furniture > Desks > Office Desks,colour_family,white,single,0.12107539391098997,0.12275449101796407,0.2138289368505196,82,535,668,2502,1.0,True,0.09107444583255553,0.8549618320610687
Furniture > Desks > Office Desks,colour_family,yellow/orange,single,0.12107539391098997,0.0,0.005195843325339729,0,13,668,2502,0.9885,True,0.005195843325339729,0.5131145038167939
Furniture > Desks > Office Desks,colour_tone,bold,single,0.11024603104150832,0.0029940119760479044,0.03477218225419664,2,87,668,2502,1.0,True,0.031778170278148735,0.6870229007633588
Furniture > Desks > Office Desks,colour_tone,dark-neutral,single,0.11024603104150832,0.07035928143712575,0.20783373301358912,47,520,668,2502,1.0,True,0.13747445157646337,0.9083969465648855
Furniture > Desks > Office Desks,colour_tone,light-neutral,single,0.11024603104150832,0.1317365269461078,0.2973621103117506,88,744,668,2502,1.0,True,0.1656255833656428,0.9312977099236641
Furniture > Desks > Office Desks,colour_tone,metallic,single,0.11024603104150832,0.004491017964071856,0.02238209432454037,3,56,668,2502,0.99985,True,0.01789107636046851,0.6449414122137405
Furniture > Desks > Office Desks,colour_tone,mid-neutral,single,0.11024603104150832,0.28592814371257486,0.10671462829736211,191,267,668,2502,0.0,True,-0.17921351541521274,0.0
Furniture > Desks > Office Desks,colour_tone,pattern,single,0.11024603104150832,0.014970059880239521,0.001199040767386091,10,3,668,2502,0.0,True,-0.01377101911285343,0.0
Furniture > Desks > Office Desks,colour_tone,warm-neutral,single,0.11024603104150832,0.48952095808383234,0.32973621103117506,327,825,668,2502,0.0,True,-0.15978474705265727,0.0
Furniture > Desks > Office Desks,material_class,engineered wood,single,0.22505205795412309,0.9236526946107785,0.422271714922049,617,948,668,2245,0.0,True,-0.5013809796887294,0.0
Furniture > Desks > Office Desks,material_class,faux leather,single,0.22505205795412309,0.0,0.0031180400890868597,0,7,668,2245,0.9482,True,0.0031180400890868597,0.4415282442748092
Furniture > Desks > Office Desks,material_class,glass,single,0.22505205795412309,0.0074850299401197605,0.04053452115812917,5,91,668,2245,1.0,True,0.033049491218009416,0.7022900763358778
Furniture > Desks > Office Desks,material_class,metal,single,0.22505205795412309,0.017964071856287425,0.1888641425389755,12,424,668,2245,1.0,True,0.17090007068268806,0.9389312977099237
Furniture > Desks > Office Desks,material_class,plastic,single,0.22505205795412309,0.0029940119760479044,0.0031180400890868597,2,7,668,2245,0.48795,True,0.00012402811303895535,0.1527171755725191
Furniture > Desks > Office Desks,material_class,wicker/rattan,single,0.22505205795412309,0.0,0.0013363028953229399,0,3,668,2245,0.81385,True,0.0013363028953229399,0.32926755725190837
Furniture > Desks > Office Desks,material_class,wood,single,0.22505205795412309,0.04790419161676647,0.34075723830734966,32,765,668,2245,1.0,True,0.2928530466905832,0.9694656488549618
Furniture > Desks > Office Desks,style_family,boho/coastal,single,0.14432067320686864,0.0016891891891891893,0.0015748031496062992,1,4,592,2540,0.425,False,-0.00011438603958289009,0.1265267175572519
Furniture > Desks > Office Desks,style_family,contemporary,single,0.14432067320686864,0.5168918918918919,0.23031496062992127,306,585,592,2540,0.0,False,-0.2865769312619706,0.0
Furniture > Desks > Office Desks,style_family,farmhouse/rustic,single,0.14432067320686864,0.028716216216216218,0.11968503937007874,17,304,592,2540,1.0,False,0.09096882315386252,0.8473282442748091
Furniture > Desks > Office Desks,style_family,gaming,single,0.14432067320686864,0.04054054054054054,0.07992125984251969,24,203,592,2540,0.99975,False,0.039380719301979145,0.7250095419847329
Furniture > Desks > Office Desks,style_family,glam,single,0.14432067320686864,0.0,0.006299212598425197,0,16,592,2540,0.99255,False,0.006299212598425197,0.5379469465648855
Furniture > Desks > Office Desks,style_family,industrial,single,0.14432067320686864,0.011824324324324325,0.09921259842519685,7,252,592,2540,1.0,False,0.08738827410087252,0.8396946564885496
Furniture > Desks > Office Desks,style_family,mid-century,single,0.14432067320686864,0.015202702702702704,0.04409448818897638,9,112,592,2540,0.99985,False,0.028891785486273674,0.6792874045801527
Furniture > Desks > Office Desks,style_family,minimalist,single,0.14432067320686864,0.010135135135135136,0.04566929133858268,6,116,592,2540,1.0,False,0.03553415620344754,0.7099236641221374
Furniture > Desks > Office Desks,style_family,modern,single,0.14432067320686864,0.16554054054054054,0.26338582677165356,98,669,592,2540,1.0,False,0.09784528623111302,0.8625954198473282
Furniture > Desks > Office Desks,style_family,scandinavian,single,0.14432067320686864,0.033783783783783786,0.048818897637795275,20,124,592,2540,0.94835,False,0.01503511385401149,0.5936236641221374
Furniture > Desks > Office Desks,style_family,traditional,single,0.14432067320686864,0.11148648648648649,0.0547244094488189,66,139,592,2540,0.0,False,-0.056762077037667585,0.0
Furniture > Desks > Office Desks,style_family,transitional,single,0.14432067320686864,0.06418918918918919,0.006299212598425197,38,16,592,2540,0.0,False,-0.05788997659076399,0.0
Furniture > Desks > Office Desks,vibe,cozy/plush,single,0.25150749345584594,0.0029940119760479044,0.012558306422676713,2,35,668,2787,0.9923,False,0.009564294446628808,0.5605358778625954
Furniture > Desks > Office Desks,vibe,curved/organic,single,0.25150749345584594,0.1407185628742515,0.02691065662002153,94,75,668,2787,0.0,False,-0.11380790625422997,0.0
Furniture > Desks > Office Desks,vibe,cute/kawaii,single,0.25150749345584594,0.0,0.0003588087549336204,0,1,668,2787,0.5401,False,0.0003588087549336204,0.1917148854961832
Furniture > Desks > Office Desks,vibe,floral/botanical,single,0.25150749345584594,0.004491017964071856,0.0046645138141370645,3,13,668,2787,0.5006,False,0.0001734958500652084,0.1624083969465649
Furniture > Desks > Office Desks,vibe,geometric/abstract,single,0.25150749345584594,0.0029940119760479044,0.0068173663437387875,2,19,668,2787,0.87675,False,0.003823354367690883,0.41495038167938936
Furniture > Desks > Office Desks,vibe,luxe,single,0.25150749345584594,0.05239520958083832,0.30570505920344454,35,852,668,2787,1.0,False,0.2533098496226062,0.9618320610687023
Furniture > Desks > Office Desks,vibe,metal-accent,single,0.25150749345584594,0.0,0.0014352350197344816,0,4,668,2787,0.8217,False,0.0014352350197344816,0.3418522900763359
Furniture > Desks > Office Desks,vibe,natural/woven,single,0.25150749345584594,0.0074850299401197605,0.05776820954431288,5,161,668,2787,1.0,False,0.05028317960419312,0.7709923664122137
Furniture > Desks > Office Desks,vibe,plain,single,0.25150749345584594,0.2844311377245509,0.2482956584140653,190,692,668,2787,0.02975,False,-0.03613547931048561,0.005223282442748091
Furniture > Desks > Office Desks,vibe,playful/colourful,single,0.25150749345584594,0.0,0.005023322569070686,0,14,668,2787,0.9874,False,0.005023322569070686,0.505006106870229
Furniture > Desks > Office Desks,vibe,professional,single,0.25150749345584594,0.42664670658682635,0.08934337997847147,285,249,668,2787,0.0,False,-0.3373033266083549,0.0
Furniture > Desks > Office Desks,vibe,retro/vintage,single,0.25150749345584594,0.01347305389221557,0.03982777179763186,9,111,668,2787,0.9999,False,0.02635471790541629,0.6716885496183206
Furniture > Desks > Office Desks,vibe,sleek/minimal,single,0.25150749345584594,0.040419161676646706,0.10010764262648009,27,279,668,2787,1.0,False,0.05968848094983338,0.7862595419847328
Furniture > Desks > Office Desks,vibe,statement,single,0.25150749345584594,0.005988023952095809,0.09006099748833872,4,251,668,2787,1.0,False,0.0840729735362429,0.8244274809160306
Furniture > Desks > Office Desks,vibe,textured,single,0.25150749345584594,0.017964071856287425,0.011123071402942232,12,31,668,2787,0.08065,False,-0.006841000453345193,0.02093206106870229
Furniture > Desks > Office Desks,desk_type,armoire/hideaway,single,0.09560496413970868,0.0015082956259426848,0.015283842794759825,1,42,663,2748,0.9995,False,0.01377554716881714,0.610381679389313
Furniture > Desks > Office Desks,desk_type,computer,single,0.09560496413970868,0.6380090497737556,0.5611353711790393,423,1542,663,2748,0.0001,False,-0.07687367859471628,1.2213740458015267e-05
Furniture > Desks > Office Desks,desk_type,credenza,single,0.09560496413970868,0.06636500754147813,0.005094614264919942,44,14,663,2748,0.0,False,-0.061270393276558185,0.0
Furniture > Desks > Office Desks,desk_type,executive,single,0.09560496413970868,0.06033182503770739,0.10516739446870452,40,289,663,2748,0.99995,False,0.044835569430997126,0.732787786259542
Furniture > Desks > Office Desks,desk_type,floating/wall,single,0.09560496413970868,0.0030165912518853697,0.006914119359534207,2,19,663,2748,0.8823,False,0.0038975281076488373,0.424312213740458
Furniture > Desks > Office Desks,desk_type,gaming,single,0.09560496413970868,0.027149321266968326,0.03966521106259097,18,109,663,2748,0.938,False,0.012515889795622646,0.558503816793893
Furniture > Desks > Office Desks,desk_type,ladder,single,0.09560496413970868,0.0015082956259426848,0.000363901018922853,1,1,663,2748,0.13745,False,-0.001144394607019832,0.03882175572519084
Furniture > Desks > Office Desks,desk_type,reception,single,0.09560496413970868,0.03619909502262444,0.000363901018922853,24,1,663,2748,0.0,False,-0.03583519400370158,0.0
Furniture > Desks > Office Desks,desk_type,secretary,single,0.09560496413970868,0.0015082956259426848,0.0032751091703056767,1,9,663,2748,0.7584,False,0.0017668135443629919,0.32420152671755725
Furniture > Desks > Office Desks,desk_type,vanity,single,0.09560496413970868,0.0,0.012372634643377001,0,34,663,2748,0.99995,False,0.012372634643377001,0.5877568702290076
Furniture > Desks > Office Desks,desk_type,workstation,single,0.09560496413970868,0.11161387631975868,0.05131004366812227,74,141,663,2748,0.0,False,-0.060303832651636406,0.0
Furniture > Desks > Office Desks,desk_type,writing/table,single,0.09560496413970868,0.05279034690799397,0.19905385735080058,35,547,663,2748,1.0,False,0.1462635104428066,0.916030534351145
Furniture > Desks > Office Desks,shape,L-shaped,single,0.0648625455579792,0.2762345679012346,0.46451033243486073,179,517,648,1113,1.0,False,0.18827576453362616,0.9465648854961832
Furniture > Desks > Office Desks,shape,U-shaped,single,0.0648625455579792,0.06481481481481481,0.047619047619047616,42,53,648,1113,0.0642,False,-0.017195767195767195,0.014212213740458014
Furniture > Desks > Office Desks,shape,bow-front,single,0.0648625455579792,0.027777777777777776,0.0017969451931716084,18,2,648,1113,0.0,False,-0.025980832584606168,0.0
Furniture > Desks > Office Desks,shape,corner,single,0.0648625455579792,0.023148148148148147,0.10152740341419586,15,113,648,1113,1.0,False,0.07837925526604772,0.816793893129771
Furniture > Desks > Office Desks,shape,rectangular,single,0.0648625455579792,0.6080246913580247,0.38454627133872415,394,428,648,1113,0.0,False,-0.22347842001930057,0.0
Furniture > Desks > Office Desks,drawers,no,single,0.0015839384166361214,0.5823353293413174,0.5357014711158953,389,1493,668,2787,0.01585,False,-0.0466338582254221,0.002540839694656488
Furniture > Desks > Office Desks,drawers,yes,single,0.0015839384166361214,0.4176646706586826,0.4642985288841048,279,1294,668,2787,0.9862,False,0.04663385822542215,0.7302396946564885
Furniture > Desks > Office Desks,storage,no,single,0.018161202293552024,0.4505988023952096,0.2974524578399713,301,829,668,2787,0.0,False,-0.1531463445552383,0.0
Furniture > Desks > Office Desks,storage,yes,single,0.018161202293552024,0.5494011976047904,0.7025475421600287,367,1958,668,2787,1.0,False,0.15314634455523823,0.9236641221374046
Furniture > Desks > Office Desks,keyboard_tray,no,single,0.0008559485528824391,0.9670658682634731,0.9529960531036957,646,2656,668,2787,0.05175,False,-0.014069815159777344,0.011851145038167938
Furniture > Desks > Office Desks,keyboard_tray,yes,single,0.0008559485528824391,0.03293413173652695,0.04700394689630427,22,131,668,2787,0.949,False,0.014069815159777323,0.5867862595419847
Furniture > Desks > Office Desks,width_band,40-48 in,single,0.2386614314606682,0.08396946564885496,0.2167235494880546,55,254,655,1172,1.0,False,0.13275408383919965,0.8931297709923665
Furniture > Desks > Office Desks,width_band,48-60 in,single,0.2386614314606682,0.16030534351145037,0.1407849829351536,105,165,655,1172,0.12935,False,-0.019520360576296775,0.026659923664122138
Furniture > Desks > Office Desks,width_band,60-72 in,single,0.2386614314606682,0.5343511450381679,0.15443686006825938,350,181,655,1172,0.0,False,-0.37991428496990853,0.0
Furniture > Desks > Office Desks,width_band,72+ in,single,0.2386614314606682,0.183206106870229,0.0878839590443686,120,103,655,1172,0.0,False,-0.0953221478258604,0.0
Furniture > Desks > Office Desks,width_band,<40 in,single,0.2386614314606682,0.03816793893129771,0.40017064846416384,25,469,655,1172,1.0,False,0.3620027095328661,1.0
Furniture > Desks > Office Desks,aesthetic_tags,cozy/plush,multi,0.23435047291273456,0.0029940119760479044,0.03552206673842842,2,99,668,2787,1.0,False,0.032528054762380514,0.6946564885496184
Furniture > Desks > Office Desks,aesthetic_tags,curved/organic,multi,0.23435047291273456,0.1497005988023952,0.0563329745245784,100,157,668,2787,0.0,False,-0.0933676242778168,0.0
Furniture > Desks > Office Desks,aesthetic_tags,cute/kawaii,multi,0.23435047291273456,0.0,0.0003588087549336204,0,1,668,2787,0.54095,False,0.0003588087549336204,0.19201660305343513
Furniture > Desks > Office Desks,aesthetic_tags,floral/botanical,multi,0.23435047291273456,0.004491017964071856,0.0046645138141370645,3,13,668,2787,0.49905,False,0.0001734958500652084,0.16190553435114502
Furniture > Desks > Office Desks,aesthetic_tags,geometric/abstract,multi,0.23435047291273456,0.0029940119760479044,0.022604951560818085,2,63,668,2787,1.0,False,0.01961093958477018,0.6564885496183206
Furniture > Desks > Office Desks,aesthetic_tags,glitter/sparkle,multi,0.23435047291273456,0.0,0.0003588087549336204,0,1,668,2787,0.5388,False,0.0003588087549336204,0.1912534351145038
Furniture > Desks > Office Desks,aesthetic_tags,inspirational,multi,0.23435047291273456,0.0,0.0003588087549336204,0,1,668,2787,0.53355,False,0.0003588087549336204,0.18938988549618319
Furniture > Desks > Office Desks,aesthetic_tags,luxe,multi,0.23435047291273456,0.05239520958083832,0.3555794761392178,35,991,668,2787,1.0,False,0.3031842665583795,0.9770992366412213
Furniture > Desks > Office Desks,aesthetic_tags,metal-accent,multi,0.23435047291273456,0.0,0.020093290276282743,0,56,668,2787,1.0,False,0.020093290276282743,0.6641221374045801
Furniture > Desks > Office Desks,aesthetic_tags,nailhead,multi,0.23435047291273456,0.0,0.0007176175098672408,0,2,668,2787,0.67505,False,0.0007176175098672408,0.26022919847328246
Furniture > Desks > Office Desks,aesthetic_tags,natural/woven,multi,0.23435047291273456,0.010479041916167664,0.12881234302116973,7,359,668,2787,1.0,False,0.11833330110500206,0.8778625954198473
Furniture > Desks > Office Desks,aesthetic_tags,playful/colourful,multi,0.23435047291273456,0.0,0.012558306422676713,0,35,668,2787,0.99995,False,0.012558306422676713,0.603023282442748
Furniture > Desks > Office Desks,aesthetic_tags,professional,multi,0.23435047291273456,0.5044910179640718,0.24183710082526014,337,674,668,2787,0.0,False,-0.2626539171388117,0.0
Furniture > Desks > Office Desks,aesthetic_tags,retro/vintage,multi,0.23435047291273456,0.016467065868263474,0.06996770721205597,11,195,668,2787,1.0,False,0.053500641343792496,0.7786259541984732
Furniture > Desks > Office Desks,aesthetic_tags,sleek/minimal,multi,0.23435047291273456,0.11377245508982035,0.32292787944025836,76,900,668,2787,1.0,False,0.209155424350438,0.9541984732824428
Furniture > Desks > Office Desks,aesthetic_tags,statement,multi,0.23435047291273456,0.005988023952095809,0.09041980624327234,4,252,668,2787,1.0,False,0.08443178229117652,0.8320610687022901
Furniture > Desks > Office Desks,aesthetic_tags,textured,multi,0.23435047291273456,0.017964071856287425,0.021887334050950842,12,61,668,2787,0.7283,False,0.003923262194663418,0.35581068702290075
Furniture > Desks > Office Desks,aesthetic_tags,tufted,multi,0.23435047291273456,0.0,0.0003588087549336204,0,1,668,2787,0.54165,False,0.0003588087549336204,0.19226507633587783
Furniture > Desks > Office Desks,use_context,breakroom/dining,multi,0.1128404172840628,0.004491017964071856,0.015787585217079295,3,44,668,2787,0.994,False,0.011296567253007438,0.5766717557251908
Furniture > Desks > Office Desks,use_context,corporate office,multi,0.1128404172840628,0.7395209580838323,0.501973448152135,494,1399,668,2787,0.0,False,-0.23754750993169738,0.0
Furniture > Desks > Office Desks,use_context,education,multi,0.1128404172840628,0.0374251497005988,0.07678507355579477,25,214,668,2787,0.99985,False,0.03935992385519597,0.7174496183206107
Furniture > Desks > Office Desks,use_context,gaming,multi,0.1128404172840628,0.03592814371257485,0.0843200574094008,24,235,668,2787,1.0,False,0.048391913696825946,0.7595419847328244
Furniture > Desks > Office Desks,use_context,gym/sports,multi,0.1128404172840628,0.0014970059880239522,0.0014352350197344816,1,4,668,2787,0.4336,False,-6.177096828947058e-05,0.1323969465648855
Furniture > Desks > Office Desks,use_context,healthcare,multi,0.1128404172840628,0.0,0.0003588087549336204,0,1,668,2787,0.5399,False,0.0003588087549336204,0.191643893129771
Furniture > Desks > Office Desks,use_context,home office,multi,0.1128404172840628,0.1691616766467066,0.5181198421241479,113,1444,668,2787,1.0,False,0.3489581654774413,0.9923664122137404
Furniture > Desks > Office Desks,use_context,hospitality/events,multi,0.1128404172840628,0.01347305389221557,0.022246142805884463,9,62,668,2787,0.9284,False,0.008773088913668894,0.5173526717557252
Furniture > Desks > Office Desks,use_context,kids/teen,multi,0.1128404172840628,0.0029940119760479044,0.00897021887334051,2,25,668,2787,0.95215,False,0.005976206897292605,0.5087824427480916
Furniture > Desks > Office Desks,use_context,outdoor,multi,0.1128404172840628,0.0,0.0028704700394689632,0,8,668,2787,0.9414,False,0.0028704700394689632,0.43117557251908395
Furniture > Desks > Office Desks,use_context,reception/lobby,multi,0.1128404172840628,0.04790419161676647,0.002152852529601722,32,6,668,2787,0.0,False,-0.04575133908716475,0.0
Furniture > Desks > Office Desks,use_context,residential living,multi,0.1128404172840628,0.019461077844311378,0.1216361679224973,13,339,668,2787,1.0,False,0.10217509007818593,0.8702290076335878
Furniture > Desks > Office Desks,use_context,travel/commute,multi,0.1128404172840628,0.0,0.004305705059203444,0,12,668,2787,0.97835,False,0.004305705059203444,0.4854408396946565
Furniture > Desks > Office Desks,end_user_segment,big & tall,multi,0.057084817038719926,0.0,0.002511661284535343,0,7,668,2787,0.922,False,0.002511661284535343,0.41525190839694653
Furniture > Desks > Office Desks,end_user_segment,gamers,multi,0.057084817038719926,0.03592814371257485,0.0843200574094008,24,235,668,2787,1.0,False,0.048391913696825946,0.7595419847328244
Furniture > Desks > Office Desks,end_user_segment,kids,multi,0.057084817038719926,0.0029940119760479044,0.008252601363473269,2,23,668,2787,0.9371,False,0.0052585893874253645,0.4935870229007634
Furniture > Desks > Office Desks,end_user_segment,remote workers,multi,0.057084817038719926,0.1631736526946108,0.5080731969860065,109,1416,668,2787,1.0,False,0.3448995442913957,0.9847328244274809
Furniture > Desks > Office Desks,end_user_segment,seniors,multi,0.057084817038719926,0.0,0.0007176175098672408,0,2,668,2787,0.68275,False,0.0007176175098672408,0.26319751908396943
Furniture > Desks > Office Desks,end_user_segment,students,multi,0.057084817038719926,0.005988023952095809,0.06925008970218874,4,193,668,2787,1.0,False,0.06326206575009292,0.7938931297709924
Furniture > Desks > Office Desks,end_user_segment,teachers,multi,0.057084817038719926,0.019461077844311378,0.0007176175098672408,13,2,668,2787,0.0,False,-0.018743460334444136,0.0
Furniture > Desks > Office Desks,end_user_segment,teens,multi,0.057084817038719926,0.0,0.0014352350197344816,0,4,668,2787,0.8243,False,0.0014352350197344816,0.3429339694656489
Furniture > Desks > Office Desks,end_user_segment,women,multi,0.057084817038719926,0.0,0.001794043774668102,0,5,668,2787,0.8686,False,0.001794043774668102,0.3779404580152672
Furniture > Desks > Office Desks,key_benefits,comfort,multi,0.3618535514569208,0.0,0.001076426264800861,0,3,668,2787,0.76705,False,0.001076426264800861,0.30447786259541987
Furniture > Desks > Office Desks,key_benefits,commercial-grade,multi,0.3618535514569208,0.4311377245508982,0.02942231790455687,288,82,668,2787,0.0,False,-0.40171540664634137,0.0
Furniture > Desks > Office Desks,key_benefits,easy-clean,multi,0.3618535514569208,0.058383233532934134,0.044851094366702544,39,125,668,2787,0.07335,False,-0.01353213916623159,0.018477480916030534
Furniture > Desks > Office Desks,key_benefits,ergonomic,multi,0.3618535514569208,0.029940119760479042,0.077502691065662,20,216,668,2787,1.0,False,0.04756257130518296,0.7480916030534351
Furniture > Desks > Office Desks,key_benefits,security,multi,0.3618535514569208,0.014970059880239521,0.00897021887334051,10,25,668,2787,0.085,False,-0.005999841006899011,0.02270992366412214
Furniture > Desks > Office Desks,key_benefits,space-saving,multi,0.3618535514569208,0.05239520958083832,0.18729817007534985,35,522,668,2787,1.0,False,0.13490296049451153,0.9007633587786259
Furniture > Desks > Office Desks,key_benefits,sustainable,multi,0.3618535514569208,0.05239520958083832,0.01901686401148188,35,53,668,2787,0.0,False,-0.03337834556935644,0.0
Furniture > Desks > Office Desks,key_benefits,tech-enabled,multi,0.3618535514569208,0.017964071856287425,0.09257265877287406,12,258,668,2787,1.0,False,0.07460858691658663,0.8091603053435115
Furniture > Desks > Office Desks,key_benefits,water-resistant,multi,0.3618535514569208,0.016467065868263474,0.015428776462145676,11,43,668,2787,0.411,False,-0.0010382894061177986,0.1192213740458015
Furniture > Chairs & Seating > Accent & Waiting Room Chairs,colour_family,beige/cream,single,0.25204178615034795,0.02586206896551724,0.21137905048982666,3,561,116,2654,1.0,False,0.18551698152430943,0.9548872180451128
Furniture > Chairs & Seating > Accent & Waiting Room Chairs,colour_family,black,single,0.25204178615034795,0.4827586206896552,0.08100979653353428,56,215,116,2654,0.0,False,-0.4017488241561209,0.0
Furniture > Chairs & Seating > Accent & Waiting Room Chairs,colour_family,blue,single,0.25204178615034795,0.14655172413793102,0.08025621703089676,17,213,116,2654,0.0088,False,-0.06629550710703426,0.0014556390977443609
Furniture > Chairs & Seating > Accent & Waiting Room Chairs,colour_family,brown/wood,single,0.25204178615034795,0.06896551724137931,0.13978899773926148,8,371,116,2654,0.99145,False,0.07082348049788217,0.7864509398496241
Furniture > Chairs & Seating > Accent & Waiting Room Chairs,colour_family,clear,single,0.25204178615034795,0.008620689655172414,0.0011303692539562924,1,3,116,2654,0.04285,False,-0.007490320401216121,0.012565037593984961
Furniture > Chairs & Seating > Accent & Waiting Room Chairs,colour_family,green,single,0.25204178615034795,0.0,0.0746043707611153,0,198,116,2654,1.0,False,0.0746043707611153,0.8120300751879699
Furniture > Chairs & Seating > Accent & Waiting Room Chairs,colour_family,grey,single,0.25204178615034795,0.20689655172413793,0.15297663903541825,24,406,116,2654,0.06275,False,-0.05391991268871968,0.012031015037593984
Furniture > Chairs & Seating > Accent & Waiting Room Chairs,colour_family,metallic,single,0.25204178615034795,0.0,0.022984174830444612,0,61,116,2654,0.9785,False,0.022984174830444612,0.6216785714285714
Furniture > Chairs & Seating > Accent & Waiting Room Chairs,colour_family,multi/pattern,single,0.25204178615034795,0.017241379310344827,0.073474001507159,2,195,116,2654,0.99595,False,0.05623262219681418,0.7525787593984963
Furniture > Chairs & Seating > Accent & Waiting Room Chairs,colour_family,navy,single,0.25204178615034795,0.0,0.02110022607385079,0,56,116,2654,0.97355,False,0.02110022607385079,0.6002338345864662
Furniture > Chairs & Seating > Accent & Waiting Room Chairs,colour_family,purple,single,0.25204178615034795,0.0,0.0037678975131876413,0,10,116,2654,0.6552,False,0.0037678975131876413,0.32021052631578945
Furniture > Chairs & Seating > Accent & Waiting Room Chairs,colour_family,red/pink,single,0.25204178615034795,0.017241379310344827,0.03391107761868877,2,90,116,2654,0.83725,False,0.016669698308343944,0.4973139097744361
Furniture > Chairs & Seating > Accent & Waiting Room Chairs,colour_family,white,single,0.25204178615034795,0.02586206896551724,0.05840241145440844,3,155,116,2654,0.9411,False,0.032540342488891205,0.6368345864661654
Furniture > Chairs & Seating > Accent & Waiting Room Chairs,colour_family,yellow/orange,single,0.25204178615034795,0.0,0.0452147701582517,0,120,116,2654,0.99915,False,0.0452147701582517,0.7136785714285714
Furniture > Chairs & Seating > Accent & Waiting Room Chairs,colour_tone,bold,single,0.1762517332986955,0.16379310344827586,0.23775433308214017,19,631,116,2654,0.97315,False,0.07396122963386431,0.7829101503759398
Furniture > Chairs & Seating > Accent & Waiting Room Chairs,colour_tone,dark-neutral,single,0.1762517332986955,0.4827586206896552,0.10211002260738508,56,271,116,2654,0.0,False,-0.38064859808227014,0.0
Furniture > Chairs & Seating > Accent & Waiting Room Chairs,colour_tone,light-neutral,single,0.1762517332986955,0.0603448275862069,0.2709118311981914,7,719,116,2654,1.0,False,0.2105670036119845,0.9624060150375939
Furniture > Chairs & Seating > Accent & Waiting Room Chairs,colour_tone,metallic,single,0.1762517332986955,0.0,0.022984174830444612,0,61,116,2654,0.9803,False,0.022984174830444612,0.6228221804511278
Furniture > Chairs & Seating > Accent & Waiting Room Chairs,colour_tone,mid-neutral,single,0.1762517332986955,0.20689655172413793,0.15297663903541825,24,406,116,2654,0.0617,False,-0.05391991268871968,0.0118296992481203
Furniture > Chairs & Seating > Accent & Waiting Room Chairs,colour_tone,pattern,single,0.1762517332986955,0.017241379310344827,0.073474001507159,2,195,116,2654,0.9958,False,0.05623262219681418,0.7524654135338346
Furniture > Chairs & Seating > Accent & Waiting Room Chairs,colour_tone,warm-neutral,single,0.1762517332986955,0.06896551724137931,0.13978899773926148,8,371,116,2654,0.98995,False,0.07082348049788217,0.7852610902255639
Furniture > Chairs & Seating > Accent & Waiting Room Chairs,material_class,bonded leather,single,0.34579547726386917,0.008620689655172414,0.0014393666786613889,1,4,116,2779,0.05635,True,-0.007181322976511025,0.017371052631578947
Furniture > Chairs & Seating > Accent & Waiting Room Chairs,material_class,boucle,single,0.34579547726386917,0.0,0.05433609211946743,0,151,116,2779,0.9997,True,0.05433609211946743,0.7441375939849625
Furniture > Chairs & Seating > Accent & Waiting Room Chairs,material_class,fabric,single,0.34579547726386917,0.2413793103448276,0.6286433969053616,28,1747,116,2779,1.0,True,0.387264086560534,1.0
Furniture > Chairs & Seating > Accent & Waiting Room Chairs,material_class,faux leather,single,0.34579547726386917,0.15517241379310345,0.07304785894206549,18,203,116,2779,0.00135,True,-0.08212455485103796,0.00020300751879699248
Furniture > Chairs & Seating > Accent & Waiting Room Chairs,material_class,leather,single,0.34579547726386917,0.09482758620689655,0.05577545879812882,11,155,116,2779,0.04365,True,-0.03905212740876773,0.009517669172932331
Furniture > Chairs & Seating > Accent & Waiting Room Chairs,material_class,mesh,single,0.34579547726386917,0.0603448275862069,0.0,7,0,116,2779,0.0,True,-0.0603448275862069,0.0
Furniture > Chairs & Seating > Accent & Waiting Room Chairs,material_class,metal,single,0.34579547726386917,0.017241379310344827,0.010075566750629723,2,28,116,2779,0.20995,True,-0.007165812559715105,0.0663
Furniture > Chairs & Seating > Accent & Waiting Room Chairs,material_class,plastic,single,0.34579547726386917,0.034482758620689655,0.0025188916876574307,4,7,116,2779,0.00015,True,-0.03196386693303222,3.721804511278195e-05
Furniture > Chairs & Seating > Accent & Waiting Room Chairs,material_class,velvet,single,0.34579547726386917,0.0,0.11083123425692695,0,308,116,2779,1.0,True,0.11083123425692695,0.8872180451127819
Furniture > Chairs & Seating > Accent & Waiting Room Chairs,material_class,vinyl,single,0.34579547726386917,0.3017241379310345,0.0,35,0,116,2779,0.0,True,-0.3017241379310345,0.0
Furniture > Chairs & Seating > Accent & Waiting Room Chairs,material_class,wicker/rattan,single,0.34579547726386917,0.04310344827586207,0.008996041741633681,5,25,116,2779,0.0026,True,-0.03410740653422839,0.000625563909774436
Furniture > Chairs & Seating > Accent & Waiting Room Chairs,material_class,wood,single,0.34579547726386917,0.04310344827586207,0.05433609211946743,5,151,116,2779,0.6832,True,0.01123264384360536,0.37498947368421054
Furniture > Chairs & Seating > Accent & Waiting Room Chairs,style_family,boho/coastal,single,0.17494787947749704,0.0,0.028875379939209727,0,76,86,2632,0.9747,False,0.028875379939209727,0.6522428571428571
Furniture > Chairs & Seating > Accent & Waiting Room Chairs,style_family,contemporary,single,0.17494787947749704,0.22093023255813954,0.08168693009118541,19,215,86,2632,0.0,False,-0.13924330246695413,0.0
Furniture > Chairs & Seating > Accent & Waiting Room Chairs,style_family,farmhouse/rustic,single,0.17494787947749704,0.011627906976744186,0.08244680851063829,1,217,86,2632,0.9979,False,0.07081890153389411,0.7803127819548872
Furniture > Chairs & Seating > Accent & Waiting Room Chairs,style_family,gaming,single,0.17494787947749704,0.0,0.006458966565349544,0,17,86,2632,0.7093,False,0.006458966565349544,0.35198345864661656
Furniture > Chairs & Seating > Accent & Waiting Room Chairs,style_family,glam,single,0.17494787947749704,0.03488372093023256,0.03533434650455927,3,93,86,2632,0.4708,False,0.0004506255743267143,0.18761203007518795
Furniture > Chairs & Seating > Accent & Waiting Room Chairs,style_family,industrial,single,0.17494787947749704,0.0,0.006838905775075988,0,18,86,2632,0.7257,False,0.006838905775075988,0.36557819548872184
Furniture > Chairs & Seating > Accent & Waiting Room Chairs,style_family,mid-century,single,0.17494787947749704,0.011627906976744186,0.11322188449848024,1,298,86,2632,0.99985,False,0.10159397752173605,0.8570142857142857
Furniture > Chairs & Seating > Accent & Waiting Room Chairs,style_family,minimalist,single,0.17494787947749704,0.0,0.02621580547112462,0,69,86,2632,0.96555,False,0.02621580547112462,0.6316003759398496
Furniture > Chairs & Seating > Accent & Waiting Room Chairs,style_family,modern,single,0.17494787947749704,0.16279069767441862,0.2708966565349544,14,713,86,2632,0.98875,False,0.10810595886053581,0.8698026315789474
Furniture > Chairs & Seating > Accent & Waiting Room Chairs,style_family,scandinavian,single,0.17494787947749704,0.38372093023255816,0.16869300911854104,33,444,86,2632,0.0,False,-0.2150279211140171,0.0
Furniture > Chairs & Seating > Accent & Waiting Room Chairs,style_family,traditional,single,0.17494787947749704,0.05813953488372093,0.16983282674772038,5,447,86,2632,0.9989,False,0.11169329186399946,0.9012631578947368
Furniture > Chairs & Seating > Accent & Waiting Room Chairs,style_family,transitional,single,0.17494787947749704,0.11627906976744186,0.009498480243161094,10,25,86,2632,0.0,False,-0.10678058952428077,0.0
Furniture > Chairs & Seating > Accent & Waiting Room Chairs,size_class,compact,single,0.06113702582603692,0.2831858407079646,0.08534322820037106,32,46,113,539,0.0,True,-0.19784261250759355,0.0
Furniture > Chairs & Seating > Accent & Waiting Room Chairs,size_class,oversize,single,0.06113702582603692,0.05309734513274336,0.016697588126159554,6,9,113,539,0.0163,True,-0.03639975700658381,0.0036766917293233076
Furniture > Chairs & Seating > Accent & Waiting Room Chairs,size_class,standard,single,0.06113702582603692,0.6637168141592921,0.8979591836734694,75,484,113,539,1.0,True,0.23424236951417732,0.9699248120300752
Furniture > Chairs & Seating > Accent & Waiting Room Chairs,vibe,channel-tufted,single,0.18108110255746346,0.0,0.000671366230278617,0,2,116,2979,0.3248,False,0.000671366230278617,0.1318736842105263
Furniture > Chairs & Seating > Accent & Waiting Room Chairs,vibe,character/licensed,single,0.18108110255746346,0.0,0.0003356831151393085,0,1,116,2979,0.24355,False,0.0003356831151393085,0.09156015037593984
Furniture > Chairs & Seating > Accent & Waiting Room Chairs,vibe,cozy/plush,single,0.18108110255746346,0.0603448275862069,0.06143001007049345,7,183,116,2979,0.502,False,0.0010851824842865523,0.2189172932330827
Furniture > Chairs & Seating > Accent & Waiting Room Chairs,vibe,curved/organic,single,0.18108110255746346,0.0603448275862069,0.09667673716012085,7,288,116,2979,0.9129,False,0.03633190957391395,0.6314796992481203
Furniture > Chairs & Seating > Accent & Waiting Room Chairs,vibe,cute/kawaii,single,0.18108110255746346,0.0,0.0016784155756965425,0,5,116,2979,0.47745,False,0.0016784155756965425,0.21718590225563908
Furniture > Chairs & Seating > Accent & Waiting Room Chairs,vibe,floral/botanical,single,0.18108110255746346,0.008620689655172414,0.07049345417925479,1,210,116,2979,0.99915,False,0.06187276452408237,0.7662654135338345
Furniture > Chairs & Seating > Accent & Waiting Room Chairs,vibe,geometric/abstract,single,0.18108110255746346,0.034482758620689655,0.01779120510238335,4,53,116,2979,0.1035,False,-0.016691553518306305,0.027236842105263157
Furniture > Chairs & Seating > Accent & Waiting Room Chairs,vibe,luxe,single,0.18108110255746346,0.15517241379310345,0.20342396777442096,18,606,116,2979,0.9006,False,0.0482515539813175,0.6636
Furniture > Chairs & Seating > Accent & Waiting Room Chairs,vibe,metal-accent,single,0.18108110255746346,0.008620689655172414,0.0016784155756965425,1,5,116,2979,0.0668,False,-0.006942274079475871,0.021596992481203007
Furniture > Chairs & Seating > Accent & Waiting Room Chairs,vibe,nailhead,single,0.18108110255746346,0.0,0.0036925142665323934,0,11,116,2979,0.6455,False,0.0036925142665323934,0.3106165413533834
Furniture > Chairs & Seating > Accent & Waiting Room Chairs,vibe,natural/woven,single,0.18108110255746346,0.04310344827586207,0.06042296072507553,5,180,116,2979,0.7731,False,0.01731951244921346,0.46502255639097745
Furniture > Chairs & Seating > Accent & Waiting Room Chairs,vibe,plain,single,0.18108110255746346,0.3793103448275862,0.1940248405505203,44,578,116,2979,0.0,False,-0.1852855042770659,0.0
Furniture > Chairs & Seating > Accent & Waiting Room Chairs,vibe,playful/colourful,single,0.18108110255746346,0.0,0.0023497818059751594,0,7,116,2979,0.54305,False,0.0023497818059751594,0.25315112781954885
Furniture > Chairs & Seating > Accent & Waiting Room Chairs,vibe,professional,single,0.18108110255746346,0.1724137931034483,0.002014098690835851,20,6,116,2979,0.0,False,-0.17039969441261243,0.0
Furniture > Chairs & Seating > Accent & Waiting Room Chairs,vibe,retro/vintage,single,0.18108110255746346,0.008620689655172414,0.03423967774420947,1,102,116,2979,0.9502,False,0.025618988089037054,0.614415037593985
Furniture > Chairs & Seating > Accent & Waiting Room Chairs,vibe,sleek/minimal,single,0.18108110255746346,0.034482758620689655,0.02081235313863713,4,62,116,2979,0.15555,False,-0.013670405482052526,0.043273308270676686
Furniture > Chairs & Seating > Accent & Waiting Room Chairs,vibe,statement,single,0.18108110255746346,0.008620689655172414,0.11312520980194696,1,337,116,2979,1.0,False,0.10450452014677454,0.8721804511278195
Furniture > Chairs & Seating > Accent & Waiting Room Chairs,vibe,textured,single,0.18108110255746346,0.008620689655172414,0.055052030882846596,1,164,116,2979,0.99555,False,0.046431341227674186,0.7260778195488722
Furniture > Chairs & Seating > Accent & Waiting Room Chairs,vibe,tufted,single,0.18108110255746346,0.017241379310344827,0.06008727760993622,2,179,116,2979,0.98495,False,0.042845898299591394,0.6961300751879699
Furniture > Chairs & Seating > Accent & Waiting Room Chairs,form_factor,armchair,single,0.2694107400238177,0.09259259259259259,0.36908962597035994,10,1046,108,2834,1.0,False,0.2764970333777673,0.9849624060150376
Furniture > Chairs & Seating > Accent & Waiting Room Chairs,form_factor,barrel,single,0.2694107400238177,0.0,0.1340860973888497,0,380,108,2834,1.0,False,0.1340860973888497,0.9097744360902256
Furniture > Chairs & Seating > Accent & Waiting Room Chairs,form_factor,chaise,single,0.2694107400238177,0.0,0.01305575158786168,0,37,108,2834,0.90705,False,0.01305575158786168,0.5183142857142857
Furniture > Chairs & Seating > Accent & Waiting Room Chairs,form_factor,chesterfield,single,0.2694107400238177,0.0,0.027522935779816515,0,78,108,2834,0.9847,False,0.027522935779816515,0.6515308270676692
Furniture > Chairs & Seating > Accent & Waiting Room Chairs,form_factor,guest/side,single,0.2694107400238177,0.6851851851851852,0.1400846859562456,74,397,108,2834,0.0,False,-0.5451004992289397,0.0
Furniture > Chairs & Seating > Accent & Waiting Room Chairs,form_factor,lounge/club,single,0.2694107400238177,0.12037037037037036,0.1213832039520113,13,344,108,2834,0.4973,False,0.0010128335816409345,0.21312857142857142
Furniture > Chairs & Seating > Accent & Waiting Room Chairs,form_factor,multi-seat,single,0.2694107400238177,0.07407407407407407,0.11609033168666197,8,329,108,2834,0.91595,False,0.0420162576125879,0.6404763157894737
Furniture > Chairs & Seating > Accent & Waiting Room Chairs,form_factor,recliner/rocker,single,0.2694107400238177,0.018518518518518517,0.032815808045165845,2,93,108,2834,0.78095,False,0.014297289526647328,0.4521289473684211
Furniture > Chairs & Seating > Accent & Waiting Room Chairs,form_factor,slipper,single,0.2694107400238177,0.0,0.0024700070571630206,0,7,108,2834,0.53605,False,0.0024700070571630206,0.25391842105263157
Furniture > Chairs & Seating > Accent & Waiting Room Chairs,form_factor,wingback,single,0.2694107400238177,0.009259259259259259,0.043401552575864505,1,123,108,2834,0.9762,False,0.034142293316605246,0.6679263157894737
Furniture > Chairs & Seating > Accent & Waiting Room Chairs,arm_type,armless,single,0.019341733740138443,0.19827586206896552,0.08692676249144421,23,127,116,1461,0.00015,False,-0.11134909957752132,1.9172932330827066e-05
Furniture > Chairs & Seating > Accent & Waiting Room Chairs,arm_type,with arms,single,0.019341733740138443,0.8017241379310345,0.9130732375085557,93,1334,116,1461,0.9998,False,0.11134909957752126,0.8945578947368421
Furniture > Chairs & Seating > Accent & Waiting Room Chairs,base_type,casters,single,0.1156860659246679,0.08653846153846154,0.028513238289205704,9,28,104,982,0.00235,False,-0.05802522324925583,0.00042406015037593987
Furniture > Chairs & Seating > Accent & Waiting Room Chairs,base_type,legs,single,0.1156860659246679,0.7884615384615384,0.7810590631364562,82,767,104,982,0.44145,False,-0.007402475325082203,0.1327669172932331
Furniture > Chairs & Seating > Accent & Waiting Room Chairs,base_type,sled,single,0.1156860659246679,0.125,0.019348268839103868,13,19,104,982,0.0,False,-0.10565173116089613,0.0
Furniture > Chairs & Seating > Accent & Waiting Room Chairs,base_type,swivel base,single,0.1156860659246679,0.0,0.1710794297352342,0,168,104,982,1.0,False,0.1710794297352342,0.9398496240601504
Furniture > Chairs & Seating > Accent & Waiting Room Chairs,swivel,no,single,0.0699374380073167,0.9913793103448276,0.8163813360187983,115,2432,116,2979,0.0,False,-0.17499797432602937,0.0
Furniture > Chairs & Seating > Accent & Waiting Room Chairs,swivel,yes,single,0.0699374380073167,0.008620689655172414,0.18361866398120175,1,547,116,2979,1.0,False,0.17499797432602934,0.9473684210526315
Furniture > Chairs & Seating > Accent & Waiting Room Chairs,stackable,no,single,0.0710423999164566,0.8620689655172413,0.9993286337697214,100,2977,116,2979,1.0,False,0.13725966825248004,0.9172932330827067
Furniture > Chairs & Seating > Accent & Waiting Room Chairs,stackable,yes,single,0.0710423999164566,0.13793103448275862,0.000671366230278617,16,2,116,2979,0.0,False,-0.13725966825248,0.0
Furniture > Chairs & Seating > Accent & Waiting Room Chairs,aesthetic_tags,channel-tufted,multi,0.17276968844349921,0.0,0.010406176569318564,0,31,116,2979,0.8768,False,0.010406176569318564,0.47465864661654134
Furniture > Chairs & Seating > Accent & Waiting Room Chairs,aesthetic_tags,character/licensed,multi,0.17276968844349921,0.0,0.0003356831151393085,0,1,116,2979,0.24235,False,0.0003356831151393085,0.09110902255639097
Furniture > Chairs & Seating > Accent & Waiting Room Chairs,aesthetic_tags,cozy/plush,multi,0.17276968844349921,0.07758620689655173,0.324269889224572,9,966,116,2979,1.0,False,0.2466836823280203,0.9774436090225563
Furniture > Chairs & Seating > Accent & Waiting Room Chairs,aesthetic_tags,curved/organic,multi,0.17276968844349921,0.06896551724137931,0.23564954682779457,8,702,116,2979,1.0,False,0.16668402958641526,0.9323308270676691
Furniture > Chairs & Seating > Accent & Waiting Room Chairs,aesthetic_tags,cute/kawaii,multi,0.17276968844349921,0.0,0.0016784155756965425,0,5,116,2979,0.4744,False,0.0016784155756965425,0.2157984962406015
Furniture > Chairs & Seating > Accent & Waiting Room Chairs,aesthetic_tags,floral/botanical,multi,0.17276968844349921,0.008620689655172414,0.07082913729439409,1,211,116,2979,0.9993,False,0.062208447639221676,0.773893984962406
Furniture > Chairs & Seating > Accent & Waiting Room Chairs,aesthetic_tags,geometric/abstract,multi,0.17276968844349921,0.0603448275862069,0.026183282980866064,7,78,116,2979,0.02245,False,-0.034161544605340835,0.005232706766917293
Furniture > Chairs & Seating > Accent & Waiting Room Chairs,aesthetic_tags,glitter/sparkle,multi,0.17276968844349921,0.0,0.0003356831151393085,0,1,116,2979,0.24235,False,0.0003356831151393085,0.09110902255639097
Furniture > Chairs & Seating > Accent & Waiting Room Chairs,aesthetic_tags,luxe,multi,0.17276968844349921,0.16379310344827586,0.2588116817724068,19,771,116,2979,0.992,False,0.09501857832413096,0.8353684210526315
Furniture > Chairs & Seating > Accent & Waiting Room Chairs,aesthetic_tags,metal-accent,multi,0.17276968844349921,0.017241379310344827,0.01812688821752266,2,54,116,2979,0.48355,False,0.000885508907177833,0.1999642857142857
Furniture > Chairs & Seating > Accent & Waiting Room Chairs,aesthetic_tags,nailhead,multi,0.17276968844349921,0.034482758620689655,0.05706612957368244,4,170,116,2979,0.8546,False,0.022583370952992787,0.5333218045112782
Furniture > Chairs & Seating > Accent & Waiting Room Chairs,aesthetic_tags,natural/woven,multi,0.17276968844349921,0.0603448275862069,0.2091305807317892,7,623,116,2979,1.0,False,0.1487857531455823,0.924812030075188
Furniture > Chairs & Seating > Accent & Waiting Room Chairs,aesthetic_tags,playful/colourful,multi,0.17276968844349921,0.0,0.012755958375293723,0,38,116,2979,0.91405,False,0.012755958375293723,0.5154417293233083
Furniture > Chairs & Seating > Accent & Waiting Room Chairs,aesthetic_tags,professional,multi,0.17276968844349921,0.2413793103448276,0.012084592145015106,28,36,116,2979,0.0,False,-0.22929471819981248,0.0
Furniture > Chairs & Seating > Accent & Waiting Room Chairs,aesthetic_tags,retro/vintage,multi,0.17276968844349921,0.017241379310344827,0.06277274253105068,2,187,116,2979,0.9884,False,0.045531363220705855,0.7134315789473683
Furniture > Chairs & Seating > Accent & Waiting Room Chairs,aesthetic_tags,sleek/minimal,multi,0.17276968844349921,0.09482758620689655,0.17690500167841558,11,527,116,2979,0.9919,False,0.08207741547151903,0.8278263157894737
Furniture > Chairs & Seating > Accent & Waiting Room Chairs,aesthetic_tags,statement,multi,0.17276968844349921,0.017241379310344827,0.11547499160792213,2,344,116,2979,1.0,False,0.0982336122975773,0.849624060150376
Furniture > Chairs & Seating > Accent & Waiting Room Chairs,aesthetic_tags,textured,multi,0.17276968844349921,0.017241379310344827,0.09701242027526015,2,289,116,2979,0.9997,False,0.07977104096491533,0.8268195488721805
Furniture > Chairs & Seating > Accent & Waiting Room Chairs,aesthetic_tags,tufted,multi,0.17276968844349921,0.02586206896551724,0.12856663309835514,3,383,116,2979,0.99995,False,0.1027045641328379,0.8646184210526315
Furniture > Chairs & Seating > Accent & Waiting Room Chairs,use_context,breakroom/dining,multi,0.47708638946306237,0.02586206896551724,0.0433031218529708,3,129,116,2979,0.8185,False,0.017441052887453557,0.4984849624060151
Furniture > Chairs & Seating > Accent & Waiting Room Chairs,use_context,corporate office,multi,0.47708638946306237,0.47413793103448276,0.09768378650553877,55,291,116,2979,0.0,False,-0.376454144528944,0.0
Furniture > Chairs & Seating > Accent & Waiting Room Chairs,use_context,education,multi,0.47708638946306237,0.034482758620689655,0.012420275260154415,4,37,116,2979,0.0358,False,-0.02206248336053524,0.00915187969924812
Furniture > Chairs & Seating > Accent & Waiting Room Chairs,use_context,gaming,multi,0.47708638946306237,0.0,0.008392077878482713,0,25,116,2979,0.842,False,0.008392077878482713,0.4336616541353383
Furniture > Chairs & Seating > Accent & Waiting Room Chairs,use_context,gym/sports,multi,0.47708638946306237,0.0,0.0003356831151393085,0,1,116,2979,0.2421,False,0.0003356831151393085,0.09101503759398497
Furniture > Chairs & Seating > Accent & Waiting Room Chairs,use_context,healthcare,multi,0.47708638946306237,0.20689655172413793,0.000671366230278617,24,2,116,2979,0.0,False,-0.20622518549385932,0.0
Furniture > Chairs & Seating > Accent & Waiting Room Chairs,use_context,home office,multi,0.47708638946306237,0.04310344827586207,0.0433031218529708,5,129,116,2979,0.4775,False,0.0001996735771087263,0.16874060150375939
Furniture > Chairs & Seating > Accent & Waiting Room Chairs,use_context,hospitality/events,multi,0.47708638946306237,0.05172413793103448,0.012084592145015106,6,36,116,2979,0.00195,False,-0.03963954578601937,0.00041052631578947365
Furniture > Chairs & Seating > Accent & Waiting Room Chairs,use_context,kids/teen,multi,0.47708638946306237,0.0,0.01544142329640819,0,46,116,2979,0.93955,False,0.01544142329640819,0.5510142857142857
Furniture > Chairs & Seating > Accent & Waiting Room Chairs,use_context,outdoor,multi,0.47708638946306237,0.02586206896551724,0.016448472641826115,3,49,116,2979,0.20085,False,-0.009413596323691126,0.05738571428571428
Furniture > Chairs & Seating > Accent & Waiting Room Chairs,use_context,reception/lobby,multi,0.47708638946306237,0.5,0.012755958375293723,58,38,116,2979,0.0,False,-0.4872440416247063,0.0
Furniture > Chairs & Seating > Accent & Waiting Room Chairs,use_context,residential living,multi,0.47708638946306237,0.034482758620689655,0.383014434373951,4,1141,116,2979,1.0,False,0.3485316757532613,0.9924812030075187
Furniture > Chairs & Seating > Accent & Waiting Room Chairs,end_user_segment,bariatric,multi,0.3723428956827396,0.04310344827586207,0.0,5,0,116,2979,0.0,False,-0.04310344827586207,0.0
Furniture > Chairs & Seating > Accent & Waiting Room Chairs,end_user_segment,big & tall,multi,0.3723428956827396,0.13793103448275862,0.006377979187646861,16,19,116,2979,0.0,False,-0.13155305529511177,0.0
Furniture > Chairs & Seating > Accent & Waiting Room Chairs,end_user_segment,gamers,multi,0.3723428956827396,0.0,0.008392077878482713,0,25,116,2979,0.8366,False,0.008392077878482713,0.43088045112781953
Furniture > Chairs & Seating > Accent & Waiting Room Chairs,end_user_segment,kids,multi,0.3723428956827396,0.0,0.010070493454179255,0,30,116,2979,0.8714,False,0.010070493454179255,0.46518345864661653
Furniture > Chairs & Seating > Accent & Waiting Room Chairs,end_user_segment,remote workers,multi,0.3723428956827396,0.04310344827586207,0.04196038939241356,5,125,116,2979,0.44645,False,-0.0011430588834485111,0.1510545112781955
Furniture > Chairs & Seating > Accent & Waiting Room Chairs,end_user_segment,seniors,multi,0.3723428956827396,0.0,0.0003356831151393085,0,1,116,2979,0.2493,False,0.0003356831151393085,0.09372180451127819
Furniture > Chairs & Seating > Accent & Waiting Room Chairs,end_user_segment,students,multi,0.3723428956827396,0.0,0.001342732460557234,0,4,116,2979,0.42485,False,0.001342732460557234,0.1884672932330827
Furniture > Chairs & Seating > Accent & Waiting Room Chairs,end_user_segment,teens,multi,0.3723428956827396,0.0,0.0010070493454179255,0,3,116,2979,0.38325,False,0.0010070493454179255,0.16136842105263155
Furniture > Chairs & Seating > Accent & Waiting Room Chairs,key_benefits,comfort,multi,0.1803096605638826,0.1896551724137931,0.17421953675730112,22,519,116,2979,0.33165,False,-0.015435635656491975,0.08976992481203007
Furniture > Chairs & Seating > Accent & Waiting Room Chairs,key_benefits,commercial-grade,multi,0.1803096605638826,0.2413793103448276,0.012084592145015106,28,36,116,2979,0.0,False,-0.22929471819981248,0.0
Furniture > Chairs & Seating > Accent & Waiting Room Chairs,key_benefits,easy-clean,multi,0.1803096605638826,0.10344827586206896,0.032561262168512926,12,97,116,2979,0.00055,False,-0.07088701369355604,8.68421052631579e-05
Furniture > Chairs & Seating > Accent & Waiting Room Chairs,key_benefits,ergonomic,multi,0.1803096605638826,0.08620689655172414,0.09600537092984222,10,286,116,2979,0.62435,False,0.00979847437811808,0.3286052631578947
Furniture > Chairs & Seating > Accent & Waiting Room Chairs,key_benefits,space-saving,multi,0.1803096605638826,0.05172413793103448,0.1309164149043303,6,390,116,2979,0.99715,False,0.07919227697329584,0.8172131578947368
Furniture > Chairs & Seating > Accent & Waiting Room Chairs,key_benefits,sustainable,multi,0.1803096605638826,0.008620689655172414,0.00436388049681101,1,13,116,2979,0.2122,False,-0.004256809158361403,0.07020150375939849
Furniture > Chairs & Seating > Accent & Waiting Room Chairs,key_benefits,tech-enabled,multi,0.1803096605638826,0.034482758620689655,0.03457536085934877,4,103,116,2979,0.47665,False,9.260223865911743e-05,0.16485639097744362
Furniture > Chairs & Seating > Accent & Waiting Room Chairs,key_benefits,water-resistant,multi,0.1803096605638826,0.0,0.012420275260154415,0,37,116,2979,0.9107,False,0.012420275260154415,0.5067052631578947
Furniture > Lamps & Lighting > Desk Lamps,colour_family,beige/cream,single,0.09763424038905846,0.0,0.09967320261437909,0,61,169,612,1.0,False,0.09967320261437909,0.8956521739130435
Furniture > Lamps & Lighting > Desk Lamps,colour_family,black,single,0.09763424038905846,0.47337278106508873,0.28431372549019607,80,174,169,612,5e-05,False,-0.18905905557489266,1.7391304347826088e-06
Furniture > Lamps & Lighting > Desk Lamps,colour_family,blue,single,0.09763424038905846,0.01775147928994083,0.021241830065359478,3,13,169,612,0.58965,False,0.003490350775418649,0.23586000000000001
Furniture > Lamps & Lighting > Desk Lamps,colour_family,brown/wood,single,0.09763424038905846,0.005917159763313609,0.05065359477124183,1,31,169,612,0.9985,False,0.04473643500792822,0.7684108695652174
Furniture > Lamps & Lighting > Desk Lamps,colour_family,clear,single,0.09763424038905846,0.01775147928994083,0.014705882352941176,3,9,169,612,0.3734,False,-0.0030455969369996526,0.10714956521739132
Furniture > Lamps & Lighting > Desk Lamps,colour_family,green,single,0.09763424038905846,0.023668639053254437,0.0196078431372549,4,12,169,612,0.35305,False,-0.004060795915999536,0.09516999999999999
Furniture > Lamps & Lighting > Desk Lamps,colour_family,grey,single,0.09763424038905846,0.047337278106508875,0.05228758169934641,8,32,169,612,0.59035,False,0.004950303592837532,0.26437413043478264
Furniture > Lamps & Lighting > Desk Lamps,colour_family,metallic,single,0.09763424038905846,0.17751479289940827,0.2761437908496732,30,169,169,612,0.9966,False,0.09862899795026495,0.8796078260869565
Furniture > Lamps & Lighting > Desk Lamps,colour_family,multi/pattern,single,0.09763424038905846,0.005917159763313609,0.017973856209150325,1,11,169,612,0.8781,False,0.012056696445836717,0.46959260869565217
Furniture > Lamps & Lighting > Desk Lamps,colour_family,navy,single,0.09763424038905846,0.005917159763313609,0.006535947712418301,1,4,169,612,0.4842,False,0.0006187879491046915,0.15999652173913043
Furniture > Lamps & Lighting > Desk Lamps,colour_family,purple,single,0.09763424038905846,0.0,0.0032679738562091504,0,2,169,612,0.7093,False,0.0032679738562091504,0.2775521739130435
Furniture > Lamps & Lighting > Desk Lamps,colour_family,red/pink,single,0.09763424038905846,0.0,0.026143790849673203,0,16,169,612,0.99555,False,0.026143790849673203,0.6146439130434783
Furniture > Lamps & Lighting > Desk Lamps,colour_family,white,single,0.09763424038905846,0.22485207100591717,0.12254901960784313,38,75,169,612,0.0006,False,-0.10230305139807404,5.739130434782608e-05
Furniture > Lamps & Lighting > Desk Lamps,colour_family,yellow/orange,single,0.09763424038905846,0.0,0.004901960784313725,0,3,169,612,0.797,False,0.004901960784313725,0.34652173913043477
Furniture > Lamps & Lighting > Desk Lamps,colour_tone,bold,single,0.040312643616649296,0.04142011834319527,0.07516339869281045,7,46,169,612,0.94395,False,0.033743280349615185,0.6402443478260869
Furniture > Lamps & Lighting > Desk Lamps,colour_tone,dark-neutral,single,0.040312643616649296,0.47928994082840237,0.2908496732026144,81,178,169,612,0.0,False,-0.18844026762578797,0.0
Furniture > Lamps & Lighting > Desk Lamps,colour_tone,light-neutral,single,0.040312643616649296,0.24260355029585798,0.2369281045751634,41,145,169,612,0.4398,False,-0.0056754457206945885,0.11090608695652174
Furniture > Lamps & Lighting > Desk Lamps,colour_tone,metallic,single,0.040312643616649296,0.17751479289940827,0.2761437908496732,30,169,169,612,0.99625,False,0.09862899795026495,0.8792989130434783
Furniture > Lamps & Lighting > Desk Lamps,colour_tone,mid-neutral,single,0.040312643616649296,0.047337278106508875,0.05228758169934641,8,32,169,612,0.58655,False,0.004950303592837532,0.26267239130434783
Furniture > Lamps & Lighting > Desk Lamps,colour_tone,pattern,single,0.040312643616649296,0.005917159763313609,0.017973856209150325,1,11,169,612,0.87355,False,0.012056696445836717,0.467159347826087
Furniture > Lamps & Lighting > Desk Lamps,colour_tone,warm-neutral,single,0.040312643616649296,0.005917159763313609,0.05065359477124183,1,31,169,612,0.9985,False,0.04473643500792822,0.7684108695652174
Furniture > Lamps & Lighting > Desk Lamps,material_class,ceramic/porcelain,single,0.09622283027762024,0.0,0.03759398496240601,0,25,110,665,0.9953,False,0.03759398496240601,0.7356565217391303
Furniture > Lamps & Lighting > Desk Lamps,material_class,glass/crystal,single,0.09622283027762024,0.0,0.11578947368421053,0,77,110,665,1.0,False,0.11578947368421053,0.9043478260869565
Furniture > Lamps & Lighting > Desk Lamps,material_class,marble/stone,single,0.09622283027762024,0.0,0.0406015037593985,0,27,110,665,0.9964,False,0.0406015037593985,0.7451339130434782
Furniture > Lamps & Lighting > Desk Lamps,material_class,metal,single,0.09622283027762024,0.8,0.6691729323308271,88,445,110,665,0.00235,False,-0.13082706766917296,0.00016347826086956523
Furniture > Lamps & Lighting > Desk Lamps,material_class,plastic/resin,single,0.09622283027762024,0.12727272727272726,0.03308270676691729,14,22,110,665,5e-05,False,-0.09419002050580996,5.652173913043479e-06
Furniture > Lamps & Lighting > Desk Lamps,material_class,wood/bamboo,single,0.09622283027762024,0.07272727272727272,0.1037593984962406,8,69,110,665,0.84475,False,0.031032125768967883,0.5435782608695652
Furniture > Lamps & Lighting > Desk Lamps,style_family,boho/coastal,single,0.09934310286339312,0.0,0.026845637583892617,0,16,101,596,0.97625,False,0.026845637583892617,0.6112173913043478
Furniture > Lamps & Lighting > Desk Lamps,style_family,contemporary,single,0.09934310286339312,0.18811881188118812,0.08389261744966443,19,50,101,596,0.0012,False,-0.10422619443152369,0.00010434782608695651
Furniture > Lamps & Lighting > Desk Lamps,style_family,farmhouse/rustic,single,0.09934310286339312,0.009900990099009901,0.0587248322147651,1,35,101,596,0.98935,False,0.048823842115755196,0.79148
Furniture > Lamps & Lighting > Desk Lamps,style_family,gaming,single,0.09934310286339312,0.0297029702970297,0.01174496644295302,3,7,101,596,0.09035,False,-0.01795800385407668,0.019641304347826086
Furniture > Lamps & Lighting > Desk Lamps,style_family,glam,single,0.09934310286339312,0.07920792079207921,0.05536912751677853,8,33,101,596,0.1722,False,-0.023838793275300682,0.03444
Furniture > Lamps & Lighting > Desk Lamps,style_family,industrial,single,0.09934310286339312,0.009900990099009901,0.1493288590604027,1,89,101,596,1.0,False,0.13942786896139278,0.9217391304347826
Furniture > Lamps & Lighting > Desk Lamps,style_family,mid-century,single,0.09934310286339312,0.07920792079207921,0.09563758389261745,8,57,101,596,0.6923,False,0.01642966310053824,0.3913
Furniture > Lamps & Lighting > Desk Lamps,style_family,minimalist,single,0.09934310286339312,0.12871287128712872,0.06543624161073826,13,39,101,596,0.01735,False,-0.06327662967639046,0.0025647826086956523
Furniture > Lamps & Lighting > Desk Lamps,style_family,modern,single,0.09934310286339312,0.18811881188118812,0.1929530201342282,19,115,101,596,0.534,False,0.004834208253040068,0.2275304347826087
Furniture > Lamps & Lighting > Desk Lamps,style_family,scandinavian,single,0.09934310286339312,0.12871287128712872,0.16275167785234898,13,97,101,596,0.80205,False,0.034038806565220264,0.5509734782608696
Furniture > Lamps & Lighting > Desk Lamps,style_family,traditional,single,0.09934310286339312,0.15841584158415842,0.087248322147651,16,52,101,596,0.0159,False,-0.07116751943650741,0.0022121739130434785
Furniture > Lamps & Lighting > Desk Lamps,style_family,transitional,single,0.09934310286339312,0.0,0.010067114093959731,0,6,101,596,0.84035,False,0.010067114093959731,0.4311360869565218
Furniture > Lamps & Lighting > Desk Lamps,size_class,extra tall (26 in+),single,0.07351885650068606,0.08552631578947369,0.34177215189873417,13,54,152,158,1.0,False,0.2562458361092605,0.9826086956521739
Furniture > Lamps & Lighting > Desk Lamps,size_class,medium (15-20 in),single,0.07351885650068606,0.46710526315789475,0.3670886075949367,71,58,152,158,0.0365,False,-0.10001665556295802,0.0038086956521739125
Furniture > Lamps & Lighting > Desk Lamps,size_class,short (<15 in),single,0.07351885650068606,0.23026315789473684,0.14556962025316456,35,23,152,158,0.02855,False,-0.08469353764157228,0.0034756521739130433
Furniture > Lamps & Lighting > Desk Lamps,size_class,tall (20-26 in),single,0.07351885650068606,0.21710526315789475,0.14556962025316456,33,23,152,158,0.0505,False,-0.07153564290473019,0.006586956521739131
Furniture > Lamps & Lighting > Desk Lamps,vibe,character/licensed,single,0.1562936704578372,0.0,0.0012987012987012987,0,1,169,770,0.5237,False,0.0012987012987012987,0.1867104347826087
Furniture > Lamps & Lighting > Desk Lamps,vibe,cozy/plush,single,0.1562936704578372,0.0,0.032467532467532464,0,25,169,770,0.9988,False,0.032467532467532464,0.6687617391304348
Furniture > Lamps & Lighting > Desk Lamps,vibe,curved/organic,single,0.1562936704578372,0.005917159763313609,0.02207792207792208,1,17,169,770,0.92995,False,0.01616076231460847,0.5175373913043478
Furniture > Lamps & Lighting > Desk Lamps,vibe,cute/kawaii,single,0.1562936704578372,0.0,0.006493506493506494,0,5,169,770,0.855,False,0.006493506493506494,0.4200652173913043
Furniture > Lamps & Lighting > Desk Lamps,vibe,floral/botanical,single,0.1562936704578372,0.0,0.03636363636363636,0,28,169,770,0.9995,False,0.03636363636363636,0.7083413043478262
Furniture > Lamps & Lighting > Desk Lamps,vibe,geometric/abstract,single,0.1562936704578372,0.0,0.014285714285714285,0,11,169,770,0.967,False,0.014285714285714285,0.5297478260869565
Furniture > Lamps & Lighting > Desk Lamps,vibe,glitter/sparkle,single,0.1562936704578372,0.0,0.0012987012987012987,0,1,169,770,0.5259,False,0.0012987012987012987,0.18749478260869568
Furniture > Lamps & Lighting > Desk Lamps,vibe,luxe,single,0.1562936704578372,0.029585798816568046,0.18441558441558442,5,142,169,770,1.0,False,0.1548297855990164,0.9478260869565217
Furniture > Lamps & Lighting > Desk Lamps,vibe,metal-accent,single,0.1562936704578372,0.005917159763313609,0.0025974025974025974,1,2,169,770,0.2199,False,-0.003319757165911012,0.06118956521739131
Furniture > Lamps & Lighting > Desk Lamps,vibe,natural/woven,single,0.1562936704578372,0.011834319526627219,0.04415584415584416,2,34,169,770,0.98535,False,0.03232152462921694,0.6511878260869565
Furniture > Lamps & Lighting > Desk Lamps,vibe,plain,single,0.1562936704578372,0.6331360946745562,0.2662337662337662,107,205,169,770,0.0,False,-0.36690232844079,0.0
Furniture > Lamps & Lighting > Desk Lamps,vibe,playful/colourful,single,0.1562936704578372,0.0,0.016883116883116882,0,13,169,770,0.97695,False,0.016883116883116882,0.560684347826087
Furniture > Lamps & Lighting > Desk Lamps,vibe,professional,single,0.1562936704578372,0.0,0.005194805194805195,0,4,169,770,0.8066,False,0.005194805194805195,0.3787513043478261
Furniture > Lamps & Lighting > Desk Lamps,vibe,retro/vintage,single,0.1562936704578372,0.10650887573964497,0.07532467532467532,18,58,169,770,0.094,False,-0.03118420041496965,0.017165217391304347
Furniture > Lamps & Lighting > Desk Lamps,vibe,sleek/minimal,single,0.1562936704578372,0.17751479289940827,0.16753246753246753,30,129,169,770,0.37845,False,-0.009982325366940742,0.09214434782608696
Furniture > Lamps & Lighting > Desk Lamps,vibe,statement,single,0.1562936704578372,0.029585798816568046,0.09740259740259741,5,75,169,770,0.9995,False,0.06781679858602936,0.8343652173913043
Furniture > Lamps & Lighting > Desk Lamps,vibe,textured,single,0.1562936704578372,0.0,0.025974025974025976,0,20,169,770,0.9961,False,0.025974025974025976,0.6063217391304349
Furniture > Lamps & Lighting > Desk Lamps,lamp_form,architect/swing-arm,single,0.18850326629065164,0.18115942028985507,0.06200317965023847,25,39,138,629,5e-05,False,-0.1191562406396166,3.91304347826087e-06
Furniture > Lamps & Lighting > Desk Lamps,lamp_form,banker's,single,0.18850326629065164,0.036231884057971016,0.003179650238473768,5,2,138,629,0.00065,False,-0.03305223381949725,0.00011304347826086956
Furniture > Lamps & Lighting > Desk Lamps,lamp_form,bar/panel LED,single,0.18850326629065164,0.014492753623188406,0.001589825119236884,2,1,138,629,0.02745,False,-0.012902928503951522,0.006444782608695652
Furniture > Lamps & Lighting > Desk Lamps,lamp_form,gooseneck/flex,single,0.18850326629065164,0.3695652173913043,0.06995230524642289,51,44,138,629,0.0,False,-0.29961291214488145,0.0
Furniture > Lamps & Lighting > Desk Lamps,lamp_form,novelty/sculptural,single,0.18850326629065164,0.007246376811594203,0.08267090620031796,1,52,138,629,0.99995,False,0.07542452938872375,0.8608265217391304
Furniture > Lamps & Lighting > Desk Lamps,lamp_form,shaded table-style,single,0.18850326629065164,0.391304347826087,0.78060413354531,54,491,138,629,1.0,False,0.389299785719223,1.0
Furniture > Lamps & Lighting > Desk Lamps,bulb,LED,single,0.021451861200655405,0.8545454545454545,0.7115384615384616,141,259,165,364,0.0,False,-0.14300699300699293,0.0
Furniture > Lamps & Lighting > Desk Lamps,bulb,bulb (E26/E12),single,0.021451861200655405,0.14545454545454545,0.28846153846153844,24,105,165,364,0.9999,False,0.143006993006993,0.9303417391304347
Furniture > Lamps & Lighting > Desk Lamps,usb_port,no,single,0.021924836916806745,0.6686390532544378,0.8194805194805195,113,631,169,770,0.99995,False,0.15084146622608163,0.9390834782608696
Furniture > Lamps & Lighting > Desk Lamps,usb_port,yes,single,0.021924836916806745,0.33136094674556216,0.18051948051948052,56,139,169,770,0.0,False,-0.15084146622608163,0.0
Furniture > Lamps & Lighting > Desk Lamps,wireless_charging,no,single,0.09718817958842788,0.7396449704142012,0.977922077922078,125,753,169,770,1.0,False,0.23827710750787678,0.9739130434782609
Furniture > Lamps & Lighting > Desk Lamps,wireless_charging,yes,single,0.09718817958842788,0.2603550295857988,0.02207792207792208,44,17,169,770,0.0,False,-0.23827710750787673,0.0
Furniture > Lamps & Lighting > Desk Lamps,dimmable,no,single,0.001799210583266441,0.8047337278106509,0.8415584415584415,136,648,169,770,0.879,True,0.036824713747790616,0.6420521739130435
Furniture > Lamps & Lighting > Desk Lamps,dimmable,yes,single,0.001799210583266441,0.1952662721893491,0.15844155844155844,33,122,169,770,0.1252,True,-0.03682471374779067,0.02068521739130435
Furniture > Lamps & Lighting > Desk Lamps,cordless,no,single,5.2602579147685005e-05,0.9408284023668639,0.9428571428571428,159,726,169,770,0.55975,False,0.002028740490278902,0.21416521739130434
Furniture > Lamps & Lighting > Desk Lamps,cordless,yes,single,5.2602579147685005e-05,0.05917159763313609,0.05714285714285714,10,44,169,770,0.44905,False,-0.0020287404902789505,0.13276260869565218
Furniture > Lamps & Lighting > Desk Lamps,clamp,no,single,0.009810902652528108,0.9408284023668639,0.9831168831168832,159,757,169,770,0.9979,False,0.04228848075001923,0.7549330434782608
Furniture > Lamps & Lighting > Desk Lamps,clamp,yes,single,0.009810902652528108,0.05917159763313609,0.016883116883116882,10,13,169,770,0.002,False,-0.04228848075001921,0.0003130434782608696
Furniture > Lamps & Lighting > Desk Lamps,aesthetic_tags,character/licensed,multi,0.12334063383331084,0.0,0.0012987012987012987,0,1,169,770,0.5196,False,0.0012987012987012987,0.1852486956521739
Furniture > Lamps & Lighting > Desk Lamps,aesthetic_tags,cozy/plush,multi,0.12334063383331084,0.0,0.12077922077922078,0,93,169,770,1.0,False,0.12077922077922078,0.9130434782608695
Furniture > Lamps & Lighting > Desk Lamps,aesthetic_tags,curved/organic,multi,0.12334063383331084,0.01775147928994083,0.07142857142857142,3,55,169,770,0.99805,False,0.053677092138630596,0.8157973913043479
Furniture > Lamps & Lighting > Desk Lamps,aesthetic_tags,cute/kawaii,multi,0.12334063383331084,0.0,0.006493506493506494,0,5,169,770,0.8531,False,0.006493506493506494,0.4191317391304348
Furniture > Lamps & Lighting > Desk Lamps,aesthetic_tags,floral/botanical,multi,0.12334063383331084,0.0,0.03636363636363636,0,28,169,770,0.99945,False,0.03636363636363636,0.7083058695652173
Furniture > Lamps & Lighting > Desk Lamps,aesthetic_tags,geometric/abstract,multi,0.12334063383331084,0.029585798816568046,0.06623376623376623,5,51,169,770,0.9718,False,0.03664796741719818,0.7013860869565218
Furniture > Lamps & Lighting > Desk Lamps,aesthetic_tags,glitter/sparkle,multi,0.12334063383331084,0.0,0.003896103896103896,0,3,169,770,0.7451,False,0.003896103896103896,0.3077586956521739
Furniture > Lamps & Lighting > Desk Lamps,aesthetic_tags,luxe,multi,0.12334063383331084,0.029585798816568046,0.23506493506493506,5,181,169,770,1.0,False,0.205479136248367,0.9652173913043478
Furniture > Lamps & Lighting > Desk Lamps,aesthetic_tags,metal-accent,multi,0.12334063383331084,0.011834319526627219,0.04155844155844156,2,32,169,770,0.98035,False,0.02972412203181434,0.6223091304347826
Furniture > Lamps & Lighting > Desk Lamps,aesthetic_tags,natural/woven,multi,0.12334063383331084,0.011834319526627219,0.06103896103896104,2,47,169,770,0.99885,False,0.04920464151233382,0.807765652173913
Furniture > Lamps & Lighting > Desk Lamps,aesthetic_tags,playful/colourful,multi,0.12334063383331084,0.0,0.048051948051948054,0,37,169,770,0.99995,False,0.048051948051948054,0.7912647826086956
Furniture > Lamps & Lighting > Desk Lamps,aesthetic_tags,professional,multi,0.12334063383331084,0.029585798816568046,0.007792207792207792,5,6,169,770,0.0151,False,-0.021793591024360254,0.003151304347826087
Furniture > Lamps & Lighting > Desk Lamps,aesthetic_tags,retro/vintage,multi,0.12334063383331084,0.1301775147928994,0.14155844155844155,22,109,169,770,0.63915,False,0.011380926765542143,0.3334695652173913
Furniture > Lamps & Lighting > Desk Lamps,aesthetic_tags,sleek/minimal,multi,0.12334063383331084,0.1952662721893491,0.38831168831168833,33,299,169,770,1.0,False,0.19304541612233922,0.9565217391304348
Furniture > Lamps & Lighting > Desk Lamps,aesthetic_tags,statement,multi,0.12334063383331084,0.029585798816568046,0.1012987012987013,5,78,169,770,0.99945,False,0.07171290248213326,0.8517052173913042
Furniture > Lamps & Lighting > Desk Lamps,aesthetic_tags,textured,multi,0.12334063383331084,0.0,0.045454545454545456,0,35,169,770,0.9998,False,0.045454545454545456,0.7824521739130436
Furniture > Lamps & Lighting > Desk Lamps,use_context,breakroom/dining,multi,0.11021941641055646,0.005917159763313609,0.03766233766233766,1,29,169,770,0.9932,False,0.03174517789902405,0.6477391304347826
Furniture > Lamps & Lighting > Desk Lamps,use_context,corporate office,multi,0.11021941641055646,0.13609467455621302,0.19090909090909092,23,147,169,770,0.95665,False,0.0548144163528779,0.7902760869565217
Furniture > Lamps & Lighting > Desk Lamps,use_context,education,multi,0.11021941641055646,0.05917159763313609,0.045454545454545456,10,35,169,770,0.21995,False,-0.013717052178590636,0.04972782608695652
Furniture > Lamps & Lighting > Desk Lamps,use_context,gym/sports,multi,0.11021941641055646,0.005917159763313609,0.0012987012987012987,1,1,169,770,0.1219,False,-0.004618458464612311,0.031799999999999995
Furniture > Lamps & Lighting > Desk Lamps,use_context,home office,multi,0.11021941641055646,0.01775147928994083,0.09480519480519481,3,73,169,770,0.9999,False,0.07705371551525397,0.8694782608695653
Furniture > Lamps & Lighting > Desk Lamps,use_context,hospitality/events,multi,0.11021941641055646,0.005917159763313609,0.04155844155844156,1,32,169,770,0.9963,False,0.035641281795127946,0.6930782608695651
Furniture > Lamps & Lighting > Desk Lamps,use_context,kids/teen,multi,0.11021941641055646,0.0,0.02207792207792208,0,17,169,770,0.99155,False,0.02207792207792208,0.5819967391304348
Furniture > Lamps & Lighting > Desk Lamps,use_context,outdoor,multi,0.11021941641055646,0.0,0.02207792207792208,0,17,169,770,0.99185,False,0.02207792207792208,0.5821728260869565
Furniture > Lamps & Lighting > Desk Lamps,use_context,residential living,multi,0.11021941641055646,0.07100591715976332,0.42337662337662335,12,326,169,770,1.0,False,0.35237070621686006,0.991304347826087
Furniture > Lamps & Lighting > Desk Lamps,use_context,travel/commute,multi,0.11021941641055646,0.0,0.005194805194805195,0,4,169,770,0.8067,False,0.005194805194805195,0.3787982608695652
Furniture > Lamps & Lighting > Desk Lamps,end_user_segment,kids,multi,0.10140428834226092,0.0,0.024675324675324677,0,19,169,770,0.9945,False,0.024675324675324677,0.5967
Furniture > Lamps & Lighting > Desk Lamps,end_user_segment,remote workers,multi,0.10140428834226092,0.01775147928994083,0.08571428571428572,3,66,169,770,0.9997,False,0.06796280642434488,0.8432252173913044
Furniture > Lamps & Lighting > Desk Lamps,end_user_segment,seniors,multi,0.10140428834226092,0.0,0.0012987012987012987,0,1,169,770,0.52485,False,0.0012987012987012987,0.1871204347826087
Furniture > Lamps & Lighting > Desk Lamps,end_user_segment,students,multi,0.10140428834226092,0.005917159763313609,0.006493506493506494,1,5,169,770,0.4786,False,0.0005763467301928846,0.15398434782608694
Furniture > Lamps & Lighting > Desk Lamps,end_user_segment,teens,multi,0.10140428834226092,0.0,0.0012987012987012987,0,1,169,770,0.5287,False,0.0012987012987012987,0.18849304347826085
Furniture > Lamps & Lighting > Desk Lamps,key_benefits,commercial-grade,multi,0.02196085100239251,0.005917159763313609,0.005194805194805195,1,4,169,770,0.4028,False,-0.0007223545685084145,0.12434260869565217
Furniture > Lamps & Lighting > Desk Lamps,key_benefits,easy-clean,multi,0.02196085100239251,0.0,0.003896103896103896,0,3,169,770,0.74995,False,0.003896103896103896,0.30976195652173916
Furniture > Lamps & Lighting > Desk Lamps,key_benefits,ergonomic,multi,0.02196085100239251,0.0,0.007792207792207792,0,6,169,770,0.88295,False,0.007792207792207792,0.4453139130434782
Furniture > Lamps & Lighting > Desk Lamps,key_benefits,space-saving,multi,0.02196085100239251,0.11242603550295859,0.08181818181818182,19,63,169,770,0.1044,False,-0.030607853684776767,0.01997217391304348
Furniture > Lamps & Lighting > Desk Lamps,key_benefits,sustainable,multi,0.02196085100239251,0.005917159763313609,0.005194805194805195,1,4,169,770,0.4066,False,-0.0007223545685084145,0.12551565217391306
Furniture > Lamps & Lighting > Desk Lamps,key_benefits,tech-enabled,multi,0.02196085100239251,0.48520710059171596,0.1987012987012987,82,153,169,770,0.0,False,-0.28650580189041724,0.0
Furniture > Lamps & Lighting > Desk Lamps,key_benefits,water-resistant,multi,0.02196085100239251,0.0,0.005194805194805195,0,4,169,770,0.8084,False,0.005194805194805195,0.37959652173913044
"Bags, Backpacks & Luggage > Totes & Handbags > Lunch Bags & Boxes",colour_family,beige/cream,single,0.19739491618440425,0.009523809523809525,0.07123287671232877,3,52,315,730,1.0,True,0.06170906718851924,0.7967479674796748
"Bags, Backpacks & Luggage > Totes & Handbags > Lunch Bags & Boxes",colour_family,black,single,0.19739491618440425,0.07301587301587302,0.2465753424657534,23,180,315,730,1.0,True,0.17355946944988038,0.8861788617886179
"Bags, Backpacks & Luggage > Totes & Handbags > Lunch Bags & Boxes",colour_family,blue,single,0.19739491618440425,0.15555555555555556,0.14383561643835616,49,105,315,730,0.30535,True,-0.011719939117199402,0.08937073170731707
"Bags, Backpacks & Luggage > Totes & Handbags > Lunch Bags & Boxes",colour_family,brown/wood,single,0.19739491618440425,0.022222222222222223,0.038356164383561646,7,28,315,730,0.9133,True,0.016133942161339423,0.6348548780487805
"Bags, Backpacks & Luggage > Totes & Handbags > Lunch Bags & Boxes",colour_family,clear,single,0.19739491618440425,0.0031746031746031746,0.06712328767123288,1,49,315,730,1.0,True,0.0639486844966297,0.8048780487804879
"Bags, Backpacks & Luggage > Totes & Handbags > Lunch Bags & Boxes",colour_family,green,single,0.19739491618440425,0.06984126984126984,0.07534246575342465,22,55,315,730,0.61805,True,0.00550119591215481,0.3416861788617886
"Bags, Backpacks & Luggage > Totes & Handbags > Lunch Bags & Boxes",colour_family,grey,single,0.19739491618440425,0.06666666666666667,0.056164383561643834,21,41,315,730,0.2552,True,-0.010502283105022832,0.07987967479674796
"Bags, Backpacks & Luggage > Totes & Handbags > Lunch Bags & Boxes",colour_family,metallic,single,0.19739491618440425,0.006349206349206349,0.015068493150684932,2,11,315,730,0.87995,True,0.008719286801478583,0.5472859756097561
"Bags, Backpacks & Luggage > Totes & Handbags > Lunch Bags & Boxes",colour_family,multi/pattern,single,0.19739491618440425,0.4095238095238095,0.052054794520547946,129,38,315,730,0.0,True,-0.35746901500326156,0.0
"Bags, Backpacks & Luggage > Totes & Handbags > Lunch Bags & Boxes",colour_family,navy,single,0.19739491618440425,0.0,0.012328767123287671,0,9,315,730,0.9898,True,0.012328767123287671,0.651819512195122
"Bags, Backpacks & Luggage > Totes & Handbags > Lunch Bags & Boxes",colour_family,purple,single,0.19739491618440425,0.05714285714285714,0.04794520547945205,18,35,315,730,0.2653,True,-0.009197651663405089,0.08843333333333332
"Bags, Backpacks & Luggage > Totes & Handbags > Lunch Bags & Boxes",colour_family,red/pink,single,0.19739491618440425,0.08253968253968254,0.1273972602739726,26,93,315,730,0.9828,True,0.04485757773429007,0.7590731707317073
"Bags, Backpacks & Luggage > Totes & Handbags > Lunch Bags & Boxes",colour_family,white,single,0.19739491618440425,0.02857142857142857,0.031506849315068496,9,23,315,730,0.5929,True,0.002935420743639925,0.29403983739837397
"Bags, Backpacks & Luggage > Totes & Handbags > Lunch Bags & Boxes",colour_family,yellow/orange,single,0.19739491618440425,0.015873015873015872,0.015068493150684932,5,11,315,730,0.4452,True,-0.0008045227223309401,0.17373658536585365
"Bags, Backpacks & Luggage > Totes & Handbags > Lunch Bags & Boxes",colour_tone,bold,single,0.18361660098371146,0.38095238095238093,0.4095890410958904,120,299,315,730,0.8041,True,0.028636660143509463,0.6014406504065041
"Bags, Backpacks & Luggage > Totes & Handbags > Lunch Bags & Boxes",colour_tone,dark-neutral,single,0.18361660098371146,0.07301587301587302,0.2589041095890411,23,189,315,730,1.0,True,0.18588823657316805,0.9105691056910569
"Bags, Backpacks & Luggage > Totes & Handbags > Lunch Bags & Boxes",colour_tone,light-neutral,single,0.18361660098371146,0.04126984126984127,0.16986301369863013,13,124,315,730,1.0,True,0.12859317242878887,0.8455284552845529
"Bags, Backpacks & Luggage > Totes & Handbags > Lunch Bags & Boxes",colour_tone,metallic,single,0.18361660098371146,0.006349206349206349,0.015068493150684932,2,11,315,730,0.8861,True,0.008719286801478583,0.5511109756097561
"Bags, Backpacks & Luggage > Totes & Handbags > Lunch Bags & Boxes",colour_tone,mid-neutral,single,0.18361660098371146,0.06666666666666667,0.056164383561643834,21,41,315,730,0.253,True,-0.010502283105022832,0.0791910569105691
"Bags, Backpacks & Luggage > Totes & Handbags > Lunch Bags & Boxes",colour_tone,pattern,single,0.18361660098371146,0.4095238095238095,0.052054794520547946,129,38,315,730,0.0,True,-0.35746901500326156,0.0
"Bags, Backpacks & Luggage > Totes & Handbags > Lunch Bags & Boxes",colour_tone,warm-neutral,single,0.18361660098371146,0.022222222222222223,0.038356164383561646,7,28,315,730,0.9133,True,0.016133942161339423,0.6348548780487805
"Bags, Backpacks & Luggage > Totes & Handbags > Lunch Bags & Boxes",material_class,bamboo/wood,single,0.15537747382984138,0.0,0.0073439412484700125,0,6,318,817,0.95805,False,0.0073439412484700125,0.5763878048780489
"Bags, Backpacks & Luggage > Totes & Handbags > Lunch Bags & Boxes",material_class,fabric/poly,single,0.15537747382984138,0.4088050314465409,0.09791921664626684,130,80,318,817,0.0,False,-0.31088581480027405,0.0
"Bags, Backpacks & Luggage > Totes & Handbags > Lunch Bags & Boxes",material_class,faux leather,single,0.15537747382984138,0.0,0.004895960832313341,0,4,318,817,0.906,False,0.004895960832313341,0.4861463414634147
"Bags, Backpacks & Luggage > Totes & Handbags > Lunch Bags & Boxes",material_class,glass,single,0.15537747382984138,0.02830188679245283,0.014687882496940025,9,12,318,817,0.0672,False,-0.013614004295512806,0.019121951219512195
"Bags, Backpacks & Luggage > Totes & Handbags > Lunch Bags & Boxes",material_class,neoprene,single,0.15537747382984138,0.009433962264150943,0.011015911872705019,3,9,318,817,0.57365,False,0.001581949608554076,0.2331910569105691
"Bags, Backpacks & Luggage > Totes & Handbags > Lunch Bags & Boxes",material_class,paper,single,0.15537747382984138,0.02830188679245283,0.0024479804161566705,9,2,318,817,5e-05,False,-0.02585390637629616,1.0569105691056911e-05
"Bags, Backpacks & Luggage > Totes & Handbags > Lunch Bags & Boxes",material_class,plastic,single,0.15537747382984138,0.3553459119496855,0.3317013463892289,113,271,318,817,0.222,False,-0.023644565560456632,0.05234146341463415
"Bags, Backpacks & Luggage > Totes & Handbags > Lunch Bags & Boxes",material_class,silicone,single,0.15537747382984138,0.018867924528301886,0.07466340269277846,6,61,318,817,1.0,False,0.05579547816447658,0.7886178861788617
"Bags, Backpacks & Luggage > Totes & Handbags > Lunch Bags & Boxes",material_class,stainless steel,single,0.15537747382984138,0.1509433962264151,0.45532435740514077,48,372,318,817,1.0,False,0.3043809611787257,0.959349593495935
"Bags, Backpacks & Luggage > Totes & Handbags > Lunch Bags & Boxes",style_family,boho/coastal,single,0.16312908843492405,0.25,0.581081081081081,5,86,20,148,0.99765,False,0.33108108108108103,0.9814280487804878
"Bags, Backpacks & Luggage > Totes & Handbags > Lunch Bags & Boxes",style_family,farmhouse/rustic,single,0.16312908843492405,0.0,0.02702702702702703,0,4,20,148,0.71135,False,0.02702702702702703,0.5233916666666667
"Bags, Backpacks & Luggage > Totes & Handbags > Lunch Bags & Boxes",style_family,gaming,single,0.16312908843492405,0.0,0.08783783783783784,0,13,20,148,0.9385,False,0.08783783783783784,0.7630081300813008
"Bags, Backpacks & Luggage > Totes & Handbags > Lunch Bags & Boxes",style_family,glam,single,0.16312908843492405,0.05,0.0,1,0,20,148,0.0162,False,-0.05,0.002370731707317073
"Bags, Backpacks & Luggage > Totes & Handbags > Lunch Bags & Boxes",style_family,mid-century,single,0.16312908843492405,0.0,0.04054054054054054,0,6,20,148,0.8004,False,0.04054054054054054,0.6116878048780489
"Bags, Backpacks & Luggage > Totes & Handbags > Lunch Bags & Boxes",style_family,minimalist,single,0.16312908843492405,0.0,0.02702702702702703,0,4,20,148,0.70635,False,0.02702702702702703,0.5197128048780487
"Bags, Backpacks & Luggage > Totes & Handbags > Lunch Bags & Boxes",style_family,modern,single,0.16312908843492405,0.2,0.07432432432432433,4,11,20,148,0.0407,False,-0.12567567567567567,0.003970731707317074
"Bags, Backpacks & Luggage > Totes & Handbags > Lunch Bags & Boxes",style_family,traditional,single,0.16312908843492405,0.5,0.16216216216216217,10,24,20,148,0.00055,False,-0.33783783783783783,1.3414634146341466e-05
"Bags, Backpacks & Luggage > Totes & Handbags > Lunch Bags & Boxes",size_class,compact,single,0.8921930036685995,1.0,0.024691358024691357,303,2,303,81,0.0,False,-0.9753086419753086,0.0
"Bags, Backpacks & Luggage > Totes & Handbags > Lunch Bags & Boxes",size_class,oversize,single,0.8921930036685995,0.0,0.9753086419753086,0,79,303,81,1.0,False,0.9753086419753086,1.0
"Bags, Backpacks & Luggage > Totes & Handbags > Lunch Bags & Boxes",vibe,character/licensed,single,0.05349280674610815,0.07547169811320754,0.041993281075028,24,75,318,1786,0.00735,False,-0.033478417038179546,0.0013146341463414633
"Bags, Backpacks & Luggage > Totes & Handbags > Lunch Bags & Boxes",vibe,cozy/plush,single,0.05349280674610815,0.009433962264150943,0.0022396416573348264,3,4,318,1786,0.0314,False,-0.007194320606816117,0.011487804878048779
"Bags, Backpacks & Luggage > Totes & Handbags > Lunch Bags & Boxes",vibe,curved/organic,single,0.05349280674610815,0.0,0.002799552071668533,0,5,318,1786,0.80965,False,0.002799552071668533,0.38836869918699185
"Bags, Backpacks & Luggage > Totes & Handbags > Lunch Bags & Boxes",vibe,cute/kawaii,single,0.05349280674610815,0.09119496855345911,0.08006718924972005,29,143,318,1786,0.2506,False,-0.011127779303739066,0.07538373983739838
"Bags, Backpacks & Luggage > Totes & Handbags > Lunch Bags & Boxes",vibe,floral/botanical,single,0.05349280674610815,0.02830188679245283,0.011758118701007838,9,21,318,1786,0.0165,False,-0.01654376809144499,0.004292682926829269
"Bags, Backpacks & Luggage > Totes & Handbags > Lunch Bags & Boxes",vibe,geometric/abstract,single,0.05349280674610815,0.009433962264150943,0.0005599104143337066,3,1,318,1786,0.0038,False,-0.008874051849817237,0.0013130081300813008
"Bags, Backpacks & Luggage > Totes & Handbags > Lunch Bags & Boxes",vibe,glitter/sparkle,single,0.05349280674610815,0.050314465408805034,0.003919372900335946,16,7,318,1786,0.0,False,-0.046395092508469085,0.0
"Bags, Backpacks & Luggage > Totes & Handbags > Lunch Bags & Boxes",vibe,inspirational,single,0.05349280674610815,0.0,0.0016797312430011197,0,3,318,1786,0.6972,False,0.0016797312430011197,0.2947512195121952
"Bags, Backpacks & Luggage > Totes & Handbags > Lunch Bags & Boxes",vibe,luxe,single,0.05349280674610815,0.009433962264150943,0.006159014557670772,3,11,318,1786,0.2466,False,-0.0032749477064801706,0.09222439024390244
"Bags, Backpacks & Luggage > Totes & Handbags > Lunch Bags & Boxes",vibe,natural/woven,single,0.05349280674610815,0.0,0.002799552071668533,0,5,318,1786,0.8143,False,0.002799552071668533,0.3905991869918699
"Bags, Backpacks & Luggage > Totes & Handbags > Lunch Bags & Boxes",vibe,plain,single,0.05349280674610815,0.6729559748427673,0.8225083986562151,214,1469,318,1786,1.0,False,0.1495524238134478,0.8536585365853658
"Bags, Backpacks & Luggage > Totes & Handbags > Lunch Bags & Boxes",vibe,playful/colourful,single,0.05349280674610815,0.025157232704402517,0.002799552071668533,8,5,318,1786,5e-05,False,-0.022357680632733985,1.2601626016260162e-05
"Bags, Backpacks & Luggage > Totes & Handbags > Lunch Bags & Boxes",vibe,professional,single,0.05349280674610815,0.0,0.0016797312430011197,0,3,318,1786,0.69665,False,0.0016797312430011197,0.29451869918699186
"Bags, Backpacks & Luggage > Totes & Handbags > Lunch Bags & Boxes",vibe,retro/vintage,single,0.05349280674610815,0.0,0.005039193729003359,0,9,318,1786,0.918,False,0.005039193729003359,0.5000487804878049
"Bags, Backpacks & Luggage > Totes & Handbags > Lunch Bags & Boxes",vibe,sleek/minimal,single,0.05349280674610815,0.025157232704402517,0.0022396416573348264,8,4,318,1786,0.0,False,-0.02291759104706769,0.0
"Bags, Backpacks & Luggage > Totes & Handbags > Lunch Bags & Boxes",vibe,textured,single,0.05349280674610815,0.0031446540880503146,0.011758118701007838,1,21,318,1786,0.933,False,0.008613464612957523,0.5689024390243903
"Bags, Backpacks & Luggage > Totes & Handbags > Lunch Bags & Boxes",lunch_type,bento box,single,0.07235064335430184,0.20766773162939298,0.3235294117647059,65,572,313,1768,1.0,False,0.11586168013531292,0.8373983739837398
"Bags, Backpacks & Luggage > Totes & Handbags > Lunch Bags & Boxes",lunch_type,container/snack,single,0.07235064335430184,0.10862619808306709,0.06278280542986425,34,111,313,1768,0.00245,False,-0.045843392653202836,0.00039837398373983735
"Bags, Backpacks & Luggage > Totes & Handbags > Lunch Bags & Boxes",lunch_type,electric heated,single,0.07235064335430184,0.019169329073482427,0.12047511312217195,6,213,313,1768,1.0,False,0.10130578404868952,0.8211382113821138
"Bags, Backpacks & Luggage > Totes & Handbags > Lunch Bags & Boxes",lunch_type,food jar,single,0.07235064335430184,0.18210862619808307,0.05260180995475113,57,93,313,1768,0.0,False,-0.12950681624333193,0.0
"Bags, Backpacks & Luggage > Totes & Handbags > Lunch Bags & Boxes",lunch_type,ice pack,single,0.07235064335430184,0.05750798722044728,0.032805429864253395,18,58,313,1768,0.01905,False,-0.024702557356193887,0.004181707317073171
"Bags, Backpacks & Luggage > Totes & Handbags > Lunch Bags & Boxes",lunch_type,lunch bag/tote,single,0.07235064335430184,0.35782747603833864,0.32918552036199095,112,582,313,1768,0.16645,False,-0.028641955676347697,0.03383130081300813
"Bags, Backpacks & Luggage > Totes & Handbags > Lunch Bags & Boxes",lunch_type,lunch box,single,0.07235064335430184,0.0670926517571885,0.07861990950226244,21,139,313,1768,0.75485,False,0.011527257745073946,0.49095934959349596
"Bags, Backpacks & Luggage > Totes & Handbags > Lunch Bags & Boxes",insulated,no,single,0.00191394086459689,0.48427672955974843,0.5358342665173572,154,957,318,1786,0.9574,False,0.051557536957608785,0.7472390243902439
"Bags, Backpacks & Luggage > Totes & Handbags > Lunch Bags & Boxes",insulated,yes,single,0.00191394086459689,0.5157232704402516,0.4641657334826428,164,829,318,1786,0.0448,False,-0.051557536957608785,0.006191869918699187
"Bags, Backpacks & Luggage > Totes & Handbags > Lunch Bags & Boxes",leakproof,no,single,0.10765926005287556,0.9182389937106918,0.5963045912653976,292,1065,318,1786,0.0,False,-0.32193440244529425,0.0
"Bags, Backpacks & Luggage > Totes & Handbags > Lunch Bags & Boxes",leakproof,yes,single,0.10765926005287556,0.08176100628930817,0.40369540873460247,26,721,318,1786,1.0,False,0.3219344024452943,0.967479674796748
"Bags, Backpacks & Luggage > Totes & Handbags > Lunch Bags & Boxes",compartments,multi-compartment,single,0.003912597474750213,0.9578313253012049,0.9815126050420168,159,584,166,595,0.9516,False,0.02368127974081191,0.6808195121951219
"Bags, Backpacks & Luggage > Totes & Handbags > Lunch Bags & Boxes",compartments,single,single,0.003912597474750213,0.04216867469879518,0.018487394957983194,7,11,166,595,0.0421,False,-0.023681279740811984,0.009583739837398374
"Bags, Backpacks & Luggage > Totes & Handbags > Lunch Bags & Boxes",dishwasher_safe,no,single,0.09169436502012537,0.9968553459119497,0.8040313549832027,317,1436,318,1786,0.0,False,-0.19282399092874702,0.0
"Bags, Backpacks & Luggage > Totes & Handbags > Lunch Bags & Boxes",dishwasher_safe,yes,single,0.09169436502012537,0.0031446540880503146,0.1959686450167973,1,350,318,1786,1.0,False,0.192823990928747,0.9186991869918699
"Bags, Backpacks & Luggage > Totes & Handbags > Lunch Bags & Boxes",pattern,character/licensed,single,0.039964721152521504,0.07547169811320754,0.041993281075028,24,75,318,1786,0.0068,False,-0.033478417038179546,0.001216260162601626
"Bags, Backpacks & Luggage > Totes & Handbags > Lunch Bags & Boxes",pattern,floral,single,0.039964721152521504,0.015723270440251572,0.016237402015677492,5,29,318,1786,0.49625,False,0.0005141315754259197,0.1976930894308943
"Bags, Backpacks & Luggage > Totes & Handbags > Lunch Bags & Boxes",pattern,novelty/animal,single,0.039964721152521504,0.09433962264150944,0.03135498320268757,30,56,318,1786,0.0,False,-0.06298463943882188,0.0
"Bags, Backpacks & Luggage > Totes & Handbags > Lunch Bags & Boxes",pattern,print/pattern,single,0.039964721152521504,0.0880503144654088,0.018477043673012318,28,33,318,1786,0.0,False,-0.06957327079239647,0.0
"Bags, Backpacks & Luggage > Totes & Handbags > Lunch Bags & Boxes",pattern,solid,single,0.039964721152521504,0.7264150943396226,0.8919372900335947,231,1593,318,1786,1.0,False,0.16552219569397209,0.8780487804878049
"Bags, Backpacks & Luggage > Totes & Handbags > Lunch Bags & Boxes",audience,adult/work,single,0.1764272216728132,0.0440251572327044,0.22228443449048152,14,397,318,1786,1.0,False,0.17825927725777713,0.8943089430894309
"Bags, Backpacks & Luggage > Totes & Handbags > Lunch Bags & Boxes",audience,general,single,0.1764272216728132,0.4339622641509434,0.24356103023516237,138,435,318,1786,0.0,False,-0.19040123391578104,0.0
"Bags, Backpacks & Luggage > Totes & Handbags > Lunch Bags & Boxes",audience,kids,single,0.1764272216728132,0.5188679245283019,0.3135498320268757,165,560,318,1786,0.0,False,-0.20531809250142619,0.0
"Bags, Backpacks & Luggage > Totes & Handbags > Lunch Bags & Boxes",audience,men,single,0.1764272216728132,0.0,0.03583426651735722,0,64,318,1786,1.0,False,0.03583426651735722,0.7560975609756098
"Bags, Backpacks & Luggage > Totes & Handbags > Lunch Bags & Boxes",audience,women,single,0.1764272216728132,0.0031446540880503146,0.18477043673012317,1,330,318,1786,1.0,False,0.18162578264207285,0.9024390243902439
"Bags, Backpacks & Luggage > Totes & Handbags > Lunch Bags & Boxes",aesthetic_tags,character/licensed,multi,0.15681711765201334,0.07547169811320754,0.041993281075028,24,75,318,1786,0.00695,False,-0.033478417038179546,0.001243089430894309
"Bags, Backpacks & Luggage > Totes & Handbags > Lunch Bags & Boxes",aesthetic_tags,cozy/plush,multi,0.15681711765201334,0.012578616352201259,0.0022396416573348264,4,4,318,1786,0.0079,False,-0.010338974694866433,0.002569105691056911
"Bags, Backpacks & Luggage > Totes & Handbags > Lunch Bags & Boxes",aesthetic_tags,curved/organic,multi,0.15681711765201334,0.0,0.0033594624860022394,0,6,318,1786,0.8469,False,0.0033594624860022394,0.4337780487804878
"Bags, Backpacks & Luggage > Totes & Handbags > Lunch Bags & Boxes",aesthetic_tags,cute/kawaii,multi,0.15681711765201334,0.09748427672955975,0.08230683090705487,31,147,318,1786,0.18475,False,-0.015177445822504881,0.05106910569105691
"Bags, Backpacks & Luggage > Totes & Handbags > Lunch Bags & Boxes",aesthetic_tags,floral/botanical,multi,0.15681711765201334,0.02830188679245283,0.01959686450167973,9,35,318,1786,0.15755,False,-0.0087050222907731,0.056359349593495936
"Bags, Backpacks & Luggage > Totes & Handbags > Lunch Bags & Boxes",aesthetic_tags,geometric/abstract,multi,0.15681711765201334,0.009433962264150943,0.0005599104143337066,3,1,318,1786,0.0032,False,-0.008874051849817237,0.0011056910569105691
"Bags, Backpacks & Luggage > Totes & Handbags > Lunch Bags & Boxes",aesthetic_tags,glitter/sparkle,multi,0.15681711765201334,0.0660377358490566,0.004479283314669653,21,8,318,1786,0.0,False,-0.06155845253438695,0.0
"Bags, Backpacks & Luggage > Totes & Handbags > Lunch Bags & Boxes",aesthetic_tags,inspirational,multi,0.15681711765201334,0.0,0.0016797312430011197,0,3,318,1786,0.69855,False,0.0016797312430011197,0.2953219512195122
"Bags, Backpacks & Luggage > Totes & Handbags > Lunch Bags & Boxes",aesthetic_tags,luxe,multi,0.15681711765201334,0.009433962264150943,0.007278835386338186,3,13,318,1786,0.3218,False,-0.0021551268778127568,0.12296422764227642
"Bags, Backpacks & Luggage > Totes & Handbags > Lunch Bags & Boxes",aesthetic_tags,natural/woven,multi,0.15681711765201334,0.0,0.002799552071668533,0,5,318,1786,0.8113,False,0.002799552071668533,0.389160162601626
"Bags, Backpacks & Luggage > Totes & Handbags > Lunch Bags & Boxes",aesthetic_tags,playful/colourful,multi,0.15681711765201334,0.05660377358490566,0.005039193729003359,18,9,318,1786,0.0,False,-0.0515645798559023,0.0
"Bags, Backpacks & Luggage > Totes & Handbags > Lunch Bags & Boxes",aesthetic_tags,professional,multi,0.15681711765201334,0.0,0.0022396416573348264,0,4,318,1786,0.7592,False,0.0022396416573348264,0.3425658536585366
"Bags, Backpacks & Luggage > Totes & Handbags > Lunch Bags & Boxes",aesthetic_tags,retro/vintage,multi,0.15681711765201334,0.0,0.006159014557670772,0,11,318,1786,0.94255,False,0.006159014557670772,0.5287475609756098
"Bags, Backpacks & Luggage > Totes & Handbags > Lunch Bags & Boxes",aesthetic_tags,sleek/minimal,multi,0.15681711765201334,0.031446540880503145,0.002799552071668533,10,5,318,1786,0.0,False,-0.028646988808834612,0.0
"Bags, Backpacks & Luggage > Totes & Handbags > Lunch Bags & Boxes",aesthetic_tags,textured,multi,0.15681711765201334,0.006289308176100629,0.01959686450167973,2,35,318,1786,0.9645,False,0.013307556325579102,0.6508414634146342
"Bags, Backpacks & Luggage > Totes & Handbags > Lunch Bags & Boxes",use_context,breakroom/dining,multi,0.3247096500122164,0.0,0.010078387458006719,0,18,318,1786,0.98505,False,0.010078387458006719,0.6246658536585366
"Bags, Backpacks & Luggage > Totes & Handbags > Lunch Bags & Boxes",use_context,corporate office,multi,0.3247096500122164,0.012578616352201259,0.1629339305711086,4,291,318,1786,1.0,False,0.15035531421890735,0.8617886178861789
"Bags, Backpacks & Luggage > Totes & Handbags > Lunch Bags & Boxes",use_context,education,multi,0.3247096500122164,0.07861635220125786,0.2799552071668533,25,500,318,1786,1.0,False,0.20133885496559545,0.926829268292683
"Bags, Backpacks & Luggage > Totes & Handbags > Lunch Bags & Boxes",use_context,gaming,multi,0.3247096500122164,0.0,0.007278835386338186,0,13,318,1786,0.96315,False,0.007278835386338186,0.5598798780487805
"Bags, Backpacks & Luggage > Totes & Handbags > Lunch Bags & Boxes",use_context,gym/sports,multi,0.3247096500122164,0.009433962264150943,0.011198208286674132,3,20,318,1786,0.5794,False,0.0017642460225231887,0.2543707317073171
"Bags, Backpacks & Luggage > Totes & Handbags > Lunch Bags & Boxes",use_context,healthcare,multi,0.3247096500122164,0.0,0.02127659574468085,0,38,318,1786,0.99965,False,0.02127659574468085,0.7070695121951219
"Bags, Backpacks & Luggage > Totes & Handbags > Lunch Bags & Boxes",use_context,home office,multi,0.3247096500122164,0.0,0.0033594624860022394,0,6,318,1786,0.84915,False,0.0033594624860022394,0.43493048780487803
"Bags, Backpacks & Luggage > Totes & Handbags > Lunch Bags & Boxes",use_context,hospitality/events,multi,0.3247096500122164,0.0,0.004479283314669653,0,8,318,1786,0.8998,False,0.004479283314669653,0.4755040650406504
"Bags, Backpacks & Luggage > Totes & Handbags > Lunch Bags & Boxes",use_context,kids/teen,multi,0.3247096500122164,0.5188679245283019,0.2945128779395297,165,526,318,1786,0.0,False,-0.2243550465887722,0.0
"Bags, Backpacks & Luggage > Totes & Handbags > Lunch Bags & Boxes",use_context,outdoor,multi,0.3247096500122164,0.009433962264150943,0.2625979843225084,3,469,318,1786,1.0,False,0.2531640220583575,0.943089430894309
"Bags, Backpacks & Luggage > Totes & Handbags > Lunch Bags & Boxes",use_context,travel/commute,multi,0.3247096500122164,0.0031446540880503146,0.3057110862262038,1,546,318,1786,1.0,False,0.3025664321381535,0.9512195121951219
"Bags, Backpacks & Luggage > Totes & Handbags > Lunch Bags & Boxes",end_user_segment,gamers,multi,0.31875688779947114,0.0,0.007278835386338186,0,13,318,1786,0.96465,False,0.007278835386338186,0.5607518292682927
"Bags, Backpacks & Luggage > Totes & Handbags > Lunch Bags & Boxes",end_user_segment,kids,multi,0.31875688779947114,0.5188679245283019,0.3157894736842105,165,564,318,1786,0.0,False,-0.20307845084409137,0.0
"Bags, Backpacks & Luggage > Totes & Handbags > Lunch Bags & Boxes",end_user_segment,men,multi,0.31875688779947114,0.0,0.1511758118701008,0,270,318,1786,1.0,False,0.1511758118701008,0.8699186991869918
"Bags, Backpacks & Luggage > Totes & Handbags > Lunch Bags & Boxes",end_user_segment,remote workers,multi,0.31875688779947114,0.0,0.0033594624860022394,0,6,318,1786,0.8512,False,0.0033594624860022394,0.435980487804878
"Bags, Backpacks & Luggage > Totes & Handbags > Lunch Bags & Boxes",end_user_segment,students,multi,0.31875688779947114,0.0,0.013437849944008958,0,24,318,1786,0.99555,False,0.013437849944008958,0.6798878048780489
"Bags, Backpacks & Luggage > Totes & Handbags > Lunch Bags & Boxes",end_user_segment,teachers,multi,0.31875688779947114,0.0,0.025195968645016796,0,45,318,1786,0.9998,False,0.025195968645016796,0.7234325203252033
"Bags, Backpacks & Luggage > Totes & Handbags > Lunch Bags & Boxes",end_user_segment,teens,multi,0.31875688779947114,0.0,0.007278835386338186,0,13,318,1786,0.9611,False,0.007278835386338186,0.5586882113821138
"Bags, Backpacks & Luggage > Totes & Handbags > Lunch Bags & Boxes",end_user_segment,women,multi,0.31875688779947114,0.0031446540880503146,0.22956326987681971,1,410,318,1786,1.0,False,0.2264186157887694,0.9349593495934959
"Bags, Backpacks & Luggage > Totes & Handbags > Lunch Bags & Boxes",key_benefits,comfort,multi,0.06690117932334483,0.018867924528301886,0.002799552071668533,6,5,318,1786,0.0015,False,-0.016068372456633354,0.00040243902439024393
"Bags, Backpacks & Luggage > Totes & Handbags > Lunch Bags & Boxes",key_benefits,commercial-grade,multi,0.06690117932334483,0.0,0.011198208286674132,0,20,318,1786,0.99155,False,0.011198208286674132,0.63684918699187
"Bags, Backpacks & Luggage > Totes & Handbags > Lunch Bags & Boxes",key_benefits,easy-clean,multi,0.06690117932334483,0.025157232704402517,0.1360582306830907,8,243,318,1786,1.0,False,0.11090099797868819,0.8292682926829268
"Bags, Backpacks & Luggage > Totes & Handbags > Lunch Bags & Boxes",key_benefits,ergonomic,multi,0.06690117932334483,0.0,0.0022396416573348264,0,4,318,1786,0.7597,False,0.0022396416573348264,0.3427914634146342
"Bags, Backpacks & Luggage > Totes & Handbags > Lunch Bags & Boxes",key_benefits,security,multi,0.06690117932334483,0.0,0.007278835386338186,0,13,318,1786,0.96385,False,0.007278835386338186,0.5602867886178862
"Bags, Backpacks & Luggage > Totes & Handbags > Lunch Bags & Boxes",key_benefits,space-saving,multi,0.06690117932334483,0.040880503144654086,0.043673012318029114,13,78,318,1786,0.5759,False,0.002792509173375028,0.26688048780487805
"Bags, Backpacks & Luggage > Totes & Handbags > Lunch Bags & Boxes",key_benefits,sustainable,multi,0.06690117932334483,0.07861635220125786,0.4132138857782755,25,738,318,1786,1.0,False,0.33459753357701766,0.991869918699187
"Bags, Backpacks & Luggage > Totes & Handbags > Lunch Bags & Boxes",key_benefits,tech-enabled,multi,0.06690117932334483,0.0,0.012877939529675251,0,23,318,1786,0.99525,False,0.012877939529675251,0.6635
"Bags, Backpacks & Luggage > Totes & Handbags > Lunch Bags & Boxes",key_benefits,water-resistant,multi,0.06690117932334483,0.0880503144654088,0.41153415453527437,28,735,318,1786,1.0,False,0.3234838400698656,0.975609756097561
Furniture > Decor > Clocks & Timers,colour_family,beige/cream,single,0.06286455902681716,0.018292682926829267,0.06728299948638931,3,131,164,1947,0.99725,True,0.04899031655956004,0.7783414634146342
Furniture > Decor > Clocks & Timers,colour_family,black,single,0.06286455902681716,0.27439024390243905,0.1751412429378531,45,341,164,1947,0.0016,True,-0.09924900096458594,0.00016910569105691058
Furniture > Decor > Clocks & Timers,colour_family,blue,single,0.06286455902681716,0.04878048780487805,0.09142270159219312,8,178,164,1947,0.97275,True,0.04264221378731507,0.7434024390243903
Furniture > Decor > Clocks & Timers,colour_family,brown/wood,single,0.06286455902681716,0.054878048780487805,0.12532100667693888,9,244,164,1947,0.9986,True,0.07044295789645108,0.8321666666666667
Furniture > Decor > Clocks & Timers,colour_family,clear,single,0.06286455902681716,0.012195121951219513,0.02465331278890601,2,48,164,1947,0.84515,True,0.012458190837686497,0.5084642276422764
Furniture > Decor > Clocks & Timers,colour_family,green,single,0.06286455902681716,0.036585365853658534,0.036466358500256806,6,71,164,1947,0.4788,True,-0.00011900735340172885,0.1829560975609756
Furniture > Decor > Clocks & Timers,colour_family,grey,single,0.06286455902681716,0.04878048780487805,0.04262968669748331,8,83,164,1947,0.33385,True,-0.006150801107394743,0.1072119918699187
Furniture > Decor > Clocks & Timers,colour_family,metallic,single,0.06286455902681716,0.23780487804878048,0.1258346173600411,39,245,164,1947,5e-05,True,-0.11197026068873939,4.26829268292683e-06
Furniture > Decor > Clocks & Timers,colour_family,multi/pattern,single,0.06286455902681716,0.018292682926829267,0.08423215202876219,3,164,164,1947,0.99975,True,0.06593946910193292,0.8087408536585367
Furniture > Decor > Clocks & Timers,colour_family,navy,single,0.06286455902681716,0.006097560975609756,0.0025680534155110425,1,5,164,1947,0.1809,True,-0.003529507560098714,0.06324146341463414
Furniture > Decor > Clocks & Timers,colour_family,purple,single,0.06286455902681716,0.006097560975609756,0.01078582434514638,1,21,164,1947,0.6787,True,0.004688263369536623,0.3531447154471545
Furniture > Decor > Clocks & Timers,colour_family,red/pink,single,0.06286455902681716,0.042682926829268296,0.061633281972265024,7,120,164,1947,0.8367,True,0.018950355142996728,0.5509975609756098
Furniture > Decor > Clocks & Timers,colour_family,white,single,0.06286455902681716,0.1402439024390244,0.11607601438109913,23,226,164,1947,0.178,True,-0.024167888057925274,0.03907317073170732
Furniture > Decor > Clocks & Timers,colour_family,yellow/orange,single,0.06286455902681716,0.054878048780487805,0.035952747817154594,9,70,164,1947,0.11175,True,-0.01892530096333321,0.029981707317073173
Furniture > Decor > Clocks & Timers,colour_tone,bold,single,0.04815149908267442,0.18902439024390244,0.23626091422701592,31,460,164,1947,0.91825,True,0.04723652398311348,0.7092174796747968
Furniture > Decor > Clocks & Timers,colour_tone,dark-neutral,single,0.04815149908267442,0.2804878048780488,0.17770929635336416,46,346,164,1947,0.00125,True,-0.10277850852468465,0.00012195121951219514
Furniture > Decor > Clocks & Timers,colour_tone,light-neutral,single,0.04815149908267442,0.17073170731707318,0.20801232665639446,28,405,164,1947,0.87415,True,0.03728061933932128,0.6396219512195122
Furniture > Decor > Clocks & Timers,colour_tone,metallic,single,0.04815149908267442,0.23780487804878048,0.1258346173600411,39,245,164,1947,0.0001,True,-0.11197026068873939,8.53658536585366e-06
Furniture > Decor > Clocks & Timers,colour_tone,mid-neutral,single,0.04815149908267442,0.04878048780487805,0.04262968669748331,8,83,164,1947,0.33645,True,-0.006150801107394743,0.10804695121951222
Furniture > Decor > Clocks & Timers,colour_tone,pattern,single,0.04815149908267442,0.018292682926829267,0.08423215202876219,3,164,164,1947,0.99975,True,0.06593946910193292,0.8087408536585367
Furniture > Decor > Clocks & Timers,colour_tone,warm-neutral,single,0.04815149908267442,0.054878048780487805,0.12532100667693888,9,244,164,1947,0.99845,True,0.07044295789645108,0.8320416666666667
Furniture > Decor > Clocks & Timers,material_class,ceramic/stone,single,0.3071259819041838,0.0,0.03642893791688045,0,71,145,1949,0.9987,False,0.03642893791688045,0.7226365853658537
Furniture > Decor > Clocks & Timers,material_class,glass/mirror,single,0.3071259819041838,0.020689655172413793,0.18265777321703439,3,356,145,1949,1.0,False,0.16196811804462058,0.9349593495934959
Furniture > Decor > Clocks & Timers,material_class,metal,single,0.3071259819041838,0.296551724137931,0.5028219599794767,43,980,145,1949,1.0,False,0.20627023584154563,0.959349593495935
Furniture > Decor > Clocks & Timers,material_class,plastic/resin,single,0.3071259819041838,0.6068965517241379,0.049769112365315546,88,97,145,1949,0.0,False,-0.5571274393588224,0.0
Furniture > Decor > Clocks & Timers,material_class,wood,single,0.3071259819041838,0.07586206896551724,0.22832221652129298,11,445,145,1949,1.0,False,0.15246014755577575,0.926829268292683
Furniture > Decor > Clocks & Timers,style_family,boho/coastal,single,0.17170570858449832,0.014814814814814815,0.05648441030275644,2,125,135,2213,0.99125,False,0.04166959548794162,0.7414227642276422
Furniture > Decor > Clocks & Timers,style_family,contemporary,single,0.17170570858449832,0.17037037037037037,0.05422503389064618,23,120,135,2213,0.0,False,-0.11614533647972419,0.0
Furniture > Decor > Clocks & Timers,style_family,farmhouse/rustic,single,0.17170570858449832,0.022222222222222223,0.1455038409399006,3,322,135,2213,1.0,False,0.12328161871767837,0.8943089430894309
Furniture > Decor > Clocks & Timers,style_family,gaming,single,0.17170570858449832,0.17037037037037037,0.04835065521915951,23,107,135,2213,0.0,False,-0.12201971515121085,0.0
Furniture > Decor > Clocks & Timers,style_family,glam,single,0.17170570858449832,0.014814814814814815,0.04925440578400361,2,109,135,2213,0.97885,False,0.0344395909691888,0.7003154471544716
Furniture > Decor > Clocks & Timers,style_family,industrial,single,0.17170570858449832,0.0962962962962963,0.04157252598282874,13,92,135,2213,0.00315,False,-0.054723770313467555,0.00038414634146341465
Furniture > Decor > Clocks & Timers,style_family,mid-century,single,0.17170570858449832,0.2814814814814815,0.13149570718481698,38,291,135,2213,0.0,False,-0.14998577429666451,0.0
Furniture > Decor > Clocks & Timers,style_family,minimalist,single,0.17170570858449832,0.02962962962962963,0.04066877541798464,4,90,135,2213,0.72245,False,0.011039145788355006,0.42289756097560977
Furniture > Decor > Clocks & Timers,style_family,modern,single,0.17170570858449832,0.07407407407407407,0.26208766380478987,10,580,135,2213,1.0,False,0.1880135897307158,0.9512195121951219
Furniture > Decor > Clocks & Timers,style_family,scandinavian,single,0.17170570858449832,0.0,0.01807501129688206,0,40,135,2213,0.9717,False,0.01807501129688206,0.6241000000000001
Furniture > Decor > Clocks & Timers,style_family,traditional,single,0.17170570858449832,0.1259259259259259,0.12471757794848622,17,276,135,2213,0.47695,False,-0.0012083479774396971,0.17837154471544714
Furniture > Decor > Clocks & Timers,style_family,transitional,single,0.17170570858449832,0.0,0.027564392227745142,0,61,135,2213,0.9935,False,0.027564392227745142,0.6704105691056911
Furniture > Decor > Clocks & Timers,size_class,large (14-20 in),single,0.13217143463514944,0.29133858267716534,0.357487922705314,37,74,127,207,0.89495,False,0.06614934002814865,0.7348776422764228
Furniture > Decor > Clocks & Timers,size_class,medium (10-14 in),single,0.13217143463514944,0.4015748031496063,0.21739130434782608,51,45,127,207,0.0001,False,-0.18418349880178023,2.4390243902439027e-06
Furniture > Decor > Clocks & Timers,size_class,oversized (20 in+),single,0.13217143463514944,0.031496062992125984,0.30434782608695654,4,63,127,207,1.0,False,0.27285176309483056,0.983739837398374
Furniture > Decor > Clocks & Timers,size_class,small (<10 in),single,0.13217143463514944,0.2755905511811024,0.12077294685990338,35,25,127,207,0.00025,False,-0.154817604321199,8.130081300813009e-06
Furniture > Decor > Clocks & Timers,vibe,character/licensed,single,0.19396517397372295,0.034482758620689655,0.0030959752321981426,6,8,174,2584,5e-05,False,-0.03138678338849151,9.146341463414634e-06
Furniture > Decor > Clocks & Timers,vibe,cozy/plush,single,0.19396517397372295,0.0,0.0042569659442724455,0,11,174,2584,0.7718,False,0.0042569659442724455,0.39531219512195126
Furniture > Decor > Clocks & Timers,vibe,curved/organic,single,0.19396517397372295,0.011494252873563218,0.013544891640866873,2,35,174,2584,0.5548,False,0.002050638767303655,0.26612357723577235
Furniture > Decor > Clocks & Timers,vibe,cute/kawaii,single,0.19396517397372295,0.0,0.005804953560371517,0,15,174,2584,0.83855,False,0.005804953560371517,0.44654491869918694
Furniture > Decor > Clocks & Timers,vibe,floral/botanical,single,0.19396517397372295,0.0,0.10719814241486068,0,277,174,2584,1.0,False,0.10719814241486068,0.8699186991869918
Furniture > Decor > Clocks & Timers,vibe,geometric/abstract,single,0.19396517397372295,0.0,0.014705882352941176,0,38,174,2584,0.9753,False,0.014705882352941176,0.6026243902439025
Furniture > Decor > Clocks & Timers,vibe,glitter/sparkle,single,0.19396517397372295,0.0,0.0003869969040247678,0,1,174,2584,0.31555,False,0.0003869969040247678,0.12698963414634146
Furniture > Decor > Clocks & Timers,vibe,inspirational,single,0.19396517397372295,0.0,0.0007739938080495357,0,2,174,2584,0.413,False,0.0007739938080495357,0.17460162601626017
Furniture > Decor > Clocks & Timers,vibe,luxe,single,0.19396517397372295,0.14367816091954022,0.12113003095975232,25,313,174,2584,0.18565,False,-0.022548129959787902,0.04528048780487805
Furniture > Decor > Clocks & Timers,vibe,metal-accent,single,0.19396517397372295,0.005747126436781609,0.0015479876160990713,1,4,174,2584,0.1053,False,-0.004199138820682537,0.0351
Furniture > Decor > Clocks & Timers,vibe,natural/woven,single,0.19396517397372295,0.017241379310344827,0.02321981424148607,3,60,174,2584,0.67655,False,0.005978434931141242,0.3685272357723577
Furniture > Decor > Clocks & Timers,vibe,plain,single,0.19396517397372295,0.5114942528735632,0.22910216718266255,89,592,174,2584,0.0,False,-0.2823920856909007,0.0
Furniture > Decor > Clocks & Timers,vibe,playful/colourful,single,0.19396517397372295,0.0,0.015092879256965945,0,39,174,2584,0.97665,False,0.015092879256965945,0.6113987804878048
Furniture > Decor > Clocks & Timers,vibe,professional,single,0.19396517397372295,0.05172413793103448,0.0030959752321981426,9,8,174,2584,0.0,False,-0.04862816269883634,0.0
Furniture > Decor > Clocks & Timers,vibe,retro/vintage,single,0.19396517397372295,0.09770114942528736,0.0901702786377709,17,233,174,2584,0.3567,False,-0.007530870787516464,0.10730000000000002
Furniture > Decor > Clocks & Timers,vibe,sleek/minimal,single,0.19396517397372295,0.05172413793103448,0.03560371517027864,9,92,174,2584,0.1402,False,-0.016120422760755843,0.038754471544715445
Furniture > Decor > Clocks & Timers,vibe,statement,single,0.19396517397372295,0.06321839080459771,0.326625386996904,11,844,174,2584,1.0,False,0.26340699619230634,0.967479674796748
Furniture > Decor > Clocks & Timers,vibe,textured,single,0.19396517397372295,0.011494252873563218,0.0046439628482972135,2,12,174,2584,0.11755,False,-0.006850290025266005,0.03631626016260163
Furniture > Decor > Clocks & Timers,clock_type,alarm,single,0.06049158948656731,0.16167664670658682,0.12075769534333071,27,306,167,2534,0.0633,False,-0.040918951363256115,0.009778048780487804
Furniture > Decor > Clocks & Timers,clock_type,cuckoo,single,0.06049158948656731,0.0,0.02722967640094712,0,69,167,2534,0.9974,False,0.02722967640094712,0.6649333333333333
Furniture > Decor > Clocks & Timers,clock_type,grandfather/floor,single,0.06049158948656731,0.0,0.001973164956590371,0,5,167,2534,0.5847,False,0.001973164956590371,0.2757121951219512
Furniture > Decor > Clocks & Timers,clock_type,mantel/tabletop,single,0.06049158948656731,0.10778443113772455,0.0840568271507498,18,213,167,2534,0.145,False,-0.023727603986974752,0.03300813008130081
Furniture > Decor > Clocks & Timers,clock_type,pendulum,single,0.06049158948656731,0.0,0.09037095501183899,0,229,167,2534,1.0,False,0.09037095501183899,0.8617886178861789
Furniture > Decor > Clocks & Timers,clock_type,projection,single,0.06049158948656731,0.005988023952095809,0.0031570639305445935,1,8,167,2534,0.22085,False,-0.0028309600215512152,0.07900325203252032
Furniture > Decor > Clocks & Timers,clock_type,wall,single,0.06049158948656731,0.688622754491018,0.6681136543014996,115,1693,167,2534,0.298,False,-0.020509100189518348,0.07752845528455285
Furniture > Decor > Clocks & Timers,clock_type,weather station,single,0.06049158948656731,0.03592814371257485,0.004340962904498816,6,11,167,2534,0.0001,False,-0.03158718080807603,1.707317073170732e-05
Furniture > Decor > Clocks & Timers,display,analog,single,0.017111465462446906,0.7558139534883721,0.8736083824492469,130,1334,172,1527,1.0,False,0.11779442896087478,0.8861788617886179
Furniture > Decor > Clocks & Timers,display,digital,single,0.017111465462446906,0.2441860465116279,0.12639161755075312,42,193,172,1527,0.0,False,-0.11779442896087478,0.0
Furniture > Decor > Clocks & Timers,atomic,no,single,0.05835191713112793,0.8448275862068966,0.9887770897832817,147,2555,174,2584,1.0,False,0.14394950357638514,0.9024390243902439
Furniture > Decor > Clocks & Timers,atomic,yes,single,0.05835191713112793,0.15517241379310345,0.011222910216718266,27,29,174,2584,0.0,False,-0.1439495035763852,0.0
Furniture > Decor > Clocks & Timers,silent,no,single,0.0009203991424229872,0.7183908045977011,0.7488390092879257,125,1935,174,2584,0.8145,False,0.03044820469022458,0.5628658536585366
Furniture > Decor > Clocks & Timers,silent,yes,single,0.0009203991424229872,0.28160919540229884,0.2511609907120743,49,649,174,2584,0.1841,False,-0.030448204690224523,0.0359219512195122
Furniture > Decor > Clocks & Timers,theme,kids/cartoon,single,0.12095575788412889,0.017241379310344827,0.01741486068111455,3,45,174,2584,0.47105,False,0.00017348137076972359,0.18382439024390246
Furniture > Decor > Clocks & Timers,theme,nature/animals,single,0.12095575788412889,0.0,0.15092879256965944,0,390,174,2584,1.0,False,0.15092879256965944,0.9186991869918699
Furniture > Decor > Clocks & Timers,theme,nautical/coastal,single,0.12095575788412889,0.011494252873563218,0.04256965944272446,2,110,174,2584,0.9882,False,0.03107540656916124,0.698970731707317
Furniture > Decor > Clocks & Timers,theme,none,single,0.12095575788412889,0.8908045977011494,0.6648606811145511,155,1718,174,2584,0.0,False,-0.2259439165865983,0.0
Furniture > Decor > Clocks & Timers,theme,sports/licensed,single,0.12095575788412889,0.04597701149425287,0.0011609907120743034,8,3,174,2584,0.0,False,-0.04481602078217857,0.0
Furniture > Decor > Clocks & Timers,theme,vintage/ornate,single,0.12095575788412889,0.034482758620689655,0.12306501547987617,6,318,174,2584,1.0,False,0.08858225685918651,0.8536585365853658
Furniture > Decor > Clocks & Timers,aesthetic_tags,character/licensed,multi,0.2082803919633412,0.034482758620689655,0.0030959752321981426,6,8,174,2584,5e-05,False,-0.03138678338849151,9.146341463414634e-06
Furniture > Decor > Clocks & Timers,aesthetic_tags,cozy/plush,multi,0.2082803919633412,0.0,0.018188854489164085,0,47,174,2584,0.98745,False,0.018188854489164085,0.6422439024390244
Furniture > Decor > Clocks & Timers,aesthetic_tags,curved/organic,multi,0.2082803919633412,0.011494252873563218,0.041408668730650154,2,107,174,2584,0.98725,False,0.029914415857086936,0.674219512195122
Furniture > Decor > Clocks & Timers,aesthetic_tags,cute/kawaii,multi,0.2082803919633412,0.0,0.005804953560371517,0,15,174,2584,0.8399,False,0.005804953560371517,0.44726382113821134
Furniture > Decor > Clocks & Timers,aesthetic_tags,floral/botanical,multi,0.2082803919633412,0.0,0.10797213622291021,0,279,174,2584,1.0,False,0.10797213622291021,0.8780487804878049
Furniture > Decor > Clocks & Timers,aesthetic_tags,geometric/abstract,multi,0.2082803919633412,0.0,0.14860681114551083,0,384,174,2584,1.0,False,0.14860681114551083,0.9105691056910569
Furniture > Decor > Clocks & Timers,aesthetic_tags,glitter/sparkle,multi,0.2082803919633412,0.0,0.00348297213622291,0,9,174,2584,0.7309,False,0.00348297213622291,0.35950772357723576
Furniture > Decor > Clocks & Timers,aesthetic_tags,inspirational,multi,0.2082803919633412,0.0,0.0007739938080495357,0,2,174,2584,0.40825,False,0.0007739938080495357,0.17259349593495937
Furniture > Decor > Clocks & Timers,aesthetic_tags,luxe,multi,0.2082803919633412,0.14367816091954022,0.17414860681114552,25,450,174,2584,0.84795,False,0.030470445891605302,0.5928756097560975
Furniture > Decor > Clocks & Timers,aesthetic_tags,metal-accent,multi,0.2082803919633412,0.011494252873563218,0.007352941176470588,2,19,174,2584,0.2425,False,-0.00414131169709263,0.08280487804878049
Furniture > Decor > Clocks & Timers,aesthetic_tags,natural/woven,multi,0.2082803919633412,0.034482758620689655,0.08591331269349846,6,222,174,2584,0.9952,False,0.051430554072808804,0.7848325203252032
Furniture > Decor > Clocks & Timers,aesthetic_tags,playful/colourful,multi,0.2082803919633412,0.011494252873563218,0.05185758513931889,2,134,174,2584,0.9971,False,0.04036333226575567,0.7376918699186992
Furniture > Decor > Clocks & Timers,aesthetic_tags,professional,multi,0.2082803919633412,0.05172413793103448,0.009674922600619196,9,25,174,2584,5e-05,False,-0.042049215330415286,7.317073170731707e-06
Furniture > Decor > Clocks & Timers,aesthetic_tags,retro/vintage,multi,0.2082803919633412,0.19540229885057472,0.17260061919504643,34,446,174,2584,0.22285,False,-0.02280167965552829,0.052541869918699184
Furniture > Decor > Clocks & Timers,aesthetic_tags,sleek/minimal,multi,0.2082803919633412,0.06321839080459771,0.33475232198142413,11,865,174,2584,1.0,False,0.27153393117682645,0.975609756097561
Furniture > Decor > Clocks & Timers,aesthetic_tags,statement,multi,0.2082803919633412,0.06321839080459771,0.39241486068111453,11,1014,174,2584,1.0,False,0.32919646987651685,1.0
Furniture > Decor > Clocks & Timers,aesthetic_tags,textured,multi,0.2082803919633412,0.017241379310344827,0.008513931888544891,3,22,174,2584,0.1234,False,-0.008727447421799936,0.036117073170731706
Furniture > Decor > Clocks & Timers,use_context,breakroom/dining,multi,0.10746710727713427,0.022988505747126436,0.09868421052631579,4,255,174,2584,0.99995,False,0.07569570477918935,0.8454861788617887
Furniture > Decor > Clocks & Timers,use_context,corporate office,multi,0.10746710727713427,0.20114942528735633,0.5143188854489165,35,1329,174,2584,1.0,False,0.3131694601615601,0.991869918699187
Furniture > Decor > Clocks & Timers,use_context,education,multi,0.10746710727713427,0.028735632183908046,0.025928792569659444,5,67,174,2584,0.38775,False,-0.002806839614248602,0.14185975609756096
Furniture > Decor > Clocks & Timers,use_context,gaming,multi,0.10746710727713427,0.028735632183908046,0.0,5,0,174,2584,0.0,False,-0.028735632183908046,0.0
Furniture > Decor > Clocks & Timers,use_context,gym/sports,multi,0.10746710727713427,0.0,0.008513931888544891,0,22,174,2584,0.91225,False,0.008513931888544891,0.51175
Furniture > Decor > Clocks & Timers,use_context,home office,multi,0.10746710727713427,0.011494252873563218,0.020510835913312694,2,53,174,2584,0.78335,False,0.009016583039749476,0.45217764227642276
Furniture > Decor > Clocks & Timers,use_context,hospitality/events,multi,0.10746710727713427,0.034482758620689655,0.01238390092879257,6,32,174,2584,0.01625,False,-0.022098857691897084,0.0040955284552845524
Furniture > Decor > Clocks & Timers,use_context,kids/teen,multi,0.10746710727713427,0.005747126436781609,0.018575851393188854,1,48,174,2584,0.9041,False,0.012828724956407245,0.551280487804878
Furniture > Decor > Clocks & Timers,use_context,outdoor,multi,0.10746710727713427,0.07471264367816093,0.0348297213622291,13,90,174,2584,0.00735,False,-0.039882922315931824,0.0011951219512195122
Furniture > Decor > Clocks & Timers,use_context,reception/lobby,multi,0.10746710727713427,0.017241379310344827,0.0023219814241486067,3,6,174,2584,0.0053,False,-0.014919397886196221,0.001508130081300813
Furniture > Decor > Clocks & Timers,use_context,residential living,multi,0.10746710727713427,0.09195402298850575,0.27128482972136225,16,701,174,2584,1.0,False,0.1793308067328565,0.943089430894309
Furniture > Decor > Clocks & Timers,use_context,travel/commute,multi,0.10746710727713427,0.005747126436781609,0.009287925696594427,1,24,174,2584,0.63625,False,0.003540799259812818,0.3207113821138211
Furniture > Decor > Clocks & Timers,end_user_segment,gamers,multi,0.3187240867969857,0.028735632183908046,0.0,5,0,174,2584,0.0,False,-0.028735632183908046,0.0
Furniture > Decor > Clocks & Timers,end_user_segment,kids,multi,0.3187240867969857,0.005747126436781609,0.02089783281733746,1,54,174,2584,0.9344,False,0.01515070638055585,0.5925463414634147
Furniture > Decor > Clocks & Timers,end_user_segment,men,multi,0.3187240867969857,0.0,0.001934984520123839,0,5,174,2584,0.59415,False,0.001934984520123839,0.27533780487804876
Furniture > Decor > Clocks & Timers,end_user_segment,remote workers,multi,0.3187240867969857,0.011494252873563218,0.020123839009287926,2,52,174,2584,0.7827,False,0.008629586135724707,0.44543902439024385
Furniture > Decor > Clocks & Timers,end_user_segment,seniors,multi,0.3187240867969857,0.0,0.01238390092879257,0,32,174,2584,0.961,False,0.01238390092879257,0.570349593495935
Furniture > Decor > Clocks & Timers,end_user_segment,students,multi,0.3187240867969857,0.0,0.0011609907120743034,0,3,174,2584,0.4823,False,0.0011609907120743034,0.21566260162601625
Furniture > Decor > Clocks & Timers,end_user_segment,teachers,multi,0.3187240867969857,0.0,0.0003869969040247678,0,1,174,2584,0.31355,False,0.0003869969040247678,0.12618475609756097
Furniture > Decor > Clocks & Timers,end_user_segment,teens,multi,0.3187240867969857,0.0,0.0011609907120743034,0,3,174,2584,0.48505,False,0.0011609907120743034,0.2168922764227642
Furniture > Decor > Clocks & Timers,end_user_segment,women,multi,0.3187240867969857,0.0,0.0011609907120743034,0,3,174,2584,0.4826,False,0.0011609907120743034,0.21579674796747966
Furniture > Decor > Clocks & Timers,key_benefits,commercial-grade,multi,0.29345315505161995,0.011494252873563218,0.05379256965944272,2,139,174,2584,0.9978,False,0.0422983167858795,0.7544341463414634
Furniture > Decor > Clocks & Timers,key_benefits,easy-clean,multi,0.29345315505161995,0.0,0.056888544891640865,0,147,174,2584,1.0,False,0.056888544891640865,0.7967479674796748
Furniture > Decor > Clocks & Timers,key_benefits,space-saving,multi,0.29345315505161995,0.017241379310344827,0.023606811145510834,3,61,174,2584,0.6896,False,0.006365431835166007,0.3812422764227642
Furniture > Decor > Clocks & Timers,key_benefits,sustainable,multi,0.29345315505161995,0.0,0.0007739938080495357,0,2,174,2584,0.41185,False,0.0007739938080495357,0.17411544715447155
Furniture > Decor > Clocks & Timers,key_benefits,tech-enabled,multi,0.29345315505161995,0.12643678160919541,0.035990712074303405,22,93,174,2584,0.0,False,-0.09044606953489201,0.0
Furniture > Decor > Clocks & Timers,key_benefits,water-resistant,multi,0.29345315505161995,0.0,0.00348297213622291,0,9,174,2584,0.7323,False,0.00348297213622291,0.3601963414634146
"Coffee, Water & Snacks > Coffee, Coffee Makers & Supplies > Coffee Organizers & Dispensers",colour_family,beige/cream,single,0.5191373365193412,0.02,0.00516795865633075,1,6,50,1161,0.09685,False,-0.01483204134366925,0.019370000000000002
"Coffee, Water & Snacks > Coffee, Coffee Makers & Supplies > Coffee Organizers & Dispensers",colour_family,black,single,0.5191373365193412,0.84,0.13953488372093023,42,162,50,1161,0.0,False,-0.7004651162790697,0.0
"Coffee, Water & Snacks > Coffee, Coffee Makers & Supplies > Coffee Organizers & Dispensers",colour_family,blue,single,0.5191373365193412,0.0,0.0017226528854435831,0,2,50,1161,0.33815,False,0.0017226528854435831,0.14277444444444445
"Coffee, Water & Snacks > Coffee, Coffee Makers & Supplies > Coffee Organizers & Dispensers",colour_family,brown/wood,single,0.5191373365193412,0.02,0.7691645133505599,1,893,50,1161,1.0,False,0.7491645133505599,0.9944444444444445
"Coffee, Water & Snacks > Coffee, Coffee Makers & Supplies > Coffee Organizers & Dispensers",colour_family,clear,single,0.5191373365193412,0.06,0.029285099052540915,3,34,50,1161,0.1083,False,-0.030714900947459083,0.015643333333333332
"Coffee, Water & Snacks > Coffee, Coffee Makers & Supplies > Coffee Organizers & Dispensers",colour_family,grey,single,0.5191373365193412,0.0,0.0008613264427217916,0,1,50,1161,0.25345,False,0.0008613264427217916,0.08448333333333333
"Coffee, Water & Snacks > Coffee, Coffee Makers & Supplies > Coffee Organizers & Dispensers",colour_family,metallic,single,0.5191373365193412,0.0,0.03273040482342808,0,38,50,1161,0.93135,False,0.03273040482342808,0.7088608333333333
"Coffee, Water & Snacks > Coffee, Coffee Makers & Supplies > Coffee Organizers & Dispensers",colour_family,multi/pattern,single,0.5191373365193412,0.0,0.0008613264427217916,0,1,50,1161,0.2587,False,0.0008613264427217916,0.08623333333333333
"Coffee, Water & Snacks > Coffee, Coffee Makers & Supplies > Coffee Organizers & Dispensers",colour_family,navy,single,0.5191373365193412,0.0,0.0008613264427217916,0,1,50,1161,0.25285,False,0.0008613264427217916,0.08428333333333334
"Coffee, Water & Snacks > Coffee, Coffee Makers & Supplies > Coffee Organizers & Dispensers",colour_family,purple,single,0.5191373365193412,0.0,0.0008613264427217916,0,1,50,1161,0.26185,False,0.0008613264427217916,0.08728333333333334
"Coffee, Water & Snacks > Coffee, Coffee Makers & Supplies > Coffee Organizers & Dispensers",colour_family,red/pink,single,0.5191373365193412,0.02,0.004306632213608958,1,5,50,1161,0.0771,False,-0.015693367786391042,0.014563333333333333
"Coffee, Water & Snacks > Coffee, Coffee Makers & Supplies > Coffee Organizers & Dispensers",colour_family,white,single,0.5191373365193412,0.04,0.013781223083548665,2,16,50,1161,0.0784,False,-0.026218776916451338,0.013066666666666666
"Coffee, Water & Snacks > Coffee, Coffee Makers & Supplies > Coffee Organizers & Dispensers",colour_family,yellow/orange,single,0.5191373365193412,0.0,0.0008613264427217916,0,1,50,1161,0.26335,False,0.0008613264427217916,0.08778333333333332
"Coffee, Water & Snacks > Coffee, Coffee Makers & Supplies > Coffee Organizers & Dispensers",colour_tone,bold,single,0.5181481188249278,0.02,0.007751937984496124,1,9,50,1161,0.15515,False,-0.012248062015503876,0.03275388888888889
"Coffee, Water & Snacks > Coffee, Coffee Makers & Supplies > Coffee Organizers & Dispensers",colour_tone,dark-neutral,single,0.5181481188249278,0.84,0.14039621016365203,42,163,50,1161,0.0,False,-0.699603789836348,0.0
"Coffee, Water & Snacks > Coffee, Coffee Makers & Supplies > Coffee Organizers & Dispensers",colour_tone,light-neutral,single,0.5181481188249278,0.12,0.04823428079242033,6,56,50,1161,0.0216,False,-0.07176571920757967,0.00216
"Coffee, Water & Snacks > Coffee, Coffee Makers & Supplies > Coffee Organizers & Dispensers",colour_tone,metallic,single,0.5181481188249278,0.0,0.03273040482342808,0,38,50,1161,0.9283,False,0.03273040482342808,0.7065394444444444
"Coffee, Water & Snacks > Coffee, Coffee Makers & Supplies > Coffee Organizers & Dispensers",colour_tone,mid-neutral,single,0.5181481188249278,0.0,0.0008613264427217916,0,1,50,1161,0.26205,False,0.0008613264427217916,0.08735
"Coffee, Water & Snacks > Coffee, Coffee Makers & Supplies > Coffee Organizers & Dispensers",colour_tone,pattern,single,0.5181481188249278,0.0,0.0008613264427217916,0,1,50,1161,0.25815,False,0.0008613264427217916,0.08604999999999999
"Coffee, Water & Snacks > Coffee, Coffee Makers & Supplies > Coffee Organizers & Dispensers",colour_tone,warm-neutral,single,0.5181481188249278,0.02,0.7691645133505599,1,893,50,1161,1.0,False,0.7491645133505599,0.9944444444444445
"Coffee, Water & Snacks > Coffee, Coffee Makers & Supplies > Coffee Organizers & Dispensers",material_class,acrylic/clear,single,0.3357011933623767,0.0851063829787234,0.15508021390374332,4,116,47,748,0.9124,False,0.06997383092501992,0.7704711111111111
"Coffee, Water & Snacks > Coffee, Coffee Makers & Supplies > Coffee Organizers & Dispensers",material_class,glass,single,0.3357011933623767,0.0,0.026737967914438502,0,20,47,748,0.88565,False,0.026737967914438502,0.6593172222222222
"Coffee, Water & Snacks > Coffee, Coffee Makers & Supplies > Coffee Organizers & Dispensers",material_class,metal/wire,single,0.3357011933623767,0.2553191489361702,0.41711229946524064,12,312,47,748,0.98765,False,0.16179315052907045,0.9108327777777778
"Coffee, Water & Snacks > Coffee, Coffee Makers & Supplies > Coffee Organizers & Dispensers",material_class,plastic,single,0.3357011933623767,0.6170212765957447,0.03609625668449198,29,27,47,748,0.0,False,-0.5809250199112527,0.0
"Coffee, Water & Snacks > Coffee, Coffee Makers & Supplies > Coffee Organizers & Dispensers",material_class,wood/bamboo,single,0.3357011933623767,0.0425531914893617,0.3649732620320856,2,273,47,748,1.0,False,0.32242007054272387,0.9777777777777777
"Coffee, Water & Snacks > Coffee, Coffee Makers & Supplies > Coffee Organizers & Dispensers",style_family,boho/coastal,single,0.12797338734292577,0.0,0.006144393241167435,0,4,30,651,0.4648,False,0.006144393241167435,0.2840444444444445
"Coffee, Water & Snacks > Coffee, Coffee Makers & Supplies > Coffee Organizers & Dispensers",style_family,contemporary,single,0.12797338734292577,0.4,0.15053763440860216,12,98,30,651,0.0007,False,-0.24946236559139787,3.111111111111111e-05
"Coffee, Water & Snacks > Coffee, Coffee Makers & Supplies > Coffee Organizers & Dispensers",style_family,farmhouse/rustic,single,0.12797338734292577,0.0,0.1336405529953917,0,87,30,651,0.99725,False,0.1336405529953917,0.897525
"Coffee, Water & Snacks > Coffee, Coffee Makers & Supplies > Coffee Organizers & Dispensers",style_family,glam,single,0.12797338734292577,0.0,0.010752688172043012,0,7,30,651,0.5876,False,0.010752688172043012,0.3917333333333333
"Coffee, Water & Snacks > Coffee, Coffee Makers & Supplies > Coffee Organizers & Dispensers",style_family,industrial,single,0.12797338734292577,0.0,0.13978494623655913,0,91,30,651,0.997,False,0.13978494623655913,0.9083777777777777
"Coffee, Water & Snacks > Coffee, Coffee Makers & Supplies > Coffee Organizers & Dispensers",style_family,mid-century,single,0.12797338734292577,0.0,0.007680491551459293,0,5,30,651,0.51285,False,0.007680491551459293,0.32195583333333333
"Coffee, Water & Snacks > Coffee, Coffee Makers & Supplies > Coffee Organizers & Dispensers",style_family,minimalist,single,0.12797338734292577,0.0,0.02304147465437788,0,15,30,651,0.76635,False,0.02304147465437788,0.56199
"Coffee, Water & Snacks > Coffee, Coffee Makers & Supplies > Coffee Organizers & Dispensers",style_family,modern,single,0.12797338734292577,0.0,0.055299539170506916,0,36,30,651,0.93575,False,0.055299539170506916,0.7486
"Coffee, Water & Snacks > Coffee, Coffee Makers & Supplies > Coffee Organizers & Dispensers",style_family,scandinavian,single,0.12797338734292577,0.6,0.46543778801843316,18,303,30,651,0.0753,False,-0.13456221198156681,0.005856666666666667
"Coffee, Water & Snacks > Coffee, Coffee Makers & Supplies > Coffee Organizers & Dispensers",style_family,traditional,single,0.12797338734292577,0.0,0.007680491551459293,0,5,30,651,0.5128,False,0.007680491551459293,0.32192444444444446
"Coffee, Water & Snacks > Coffee, Coffee Makers & Supplies > Coffee Organizers & Dispensers",vibe,curved/organic,single,0.0521172057087382,0.0,0.004219409282700422,0,5,50,1185,0.49125,False,0.004219409282700422,0.25654166666666667
"Coffee, Water & Snacks > Coffee, Coffee Makers & Supplies > Coffee Organizers & Dispensers",vibe,cute/kawaii,single,0.0521172057087382,0.0,0.005063291139240506,0,6,50,1185,0.53015,False,0.005063291139240506,0.2974730555555556
"Coffee, Water & Snacks > Coffee, Coffee Makers & Supplies > Coffee Organizers & Dispensers",vibe,geometric/abstract,single,0.0521172057087382,0.0,0.0033755274261603376,0,4,50,1185,0.445,False,0.0033755274261603376,0.21755555555555556
"Coffee, Water & Snacks > Coffee, Coffee Makers & Supplies > Coffee Organizers & Dispensers",vibe,luxe,single,0.0521172057087382,0.0,0.021940928270042195,0,26,50,1185,0.86305,False,0.021940928270042195,0.6185191666666666
"Coffee, Water & Snacks > Coffee, Coffee Makers & Supplies > Coffee Organizers & Dispensers",vibe,metal-accent,single,0.0521172057087382,0.0,0.002531645569620253,0,3,50,1185,0.39265,False,0.002531645569620253,0.1766925
"Coffee, Water & Snacks > Coffee, Coffee Makers & Supplies > Coffee Organizers & Dispensers",vibe,natural/woven,single,0.0521172057087382,0.0,0.06413502109704641,0,76,50,1185,0.98855,False,0.06413502109704641,0.8018238888888889
"Coffee, Water & Snacks > Coffee, Coffee Makers & Supplies > Coffee Organizers & Dispensers",vibe,plain,single,0.0521172057087382,0.92,0.8734177215189873,46,1035,50,1185,0.1658,False,-0.04658227848101271,0.022106666666666667
"Coffee, Water & Snacks > Coffee, Coffee Makers & Supplies > Coffee Organizers & Dispensers",vibe,playful/colourful,single,0.0521172057087382,0.0,0.0008438818565400844,0,1,50,1185,0.2627,False,0.0008438818565400844,0.07005333333333333
"Coffee, Water & Snacks > Coffee, Coffee Makers & Supplies > Coffee Organizers & Dispensers",vibe,professional,single,0.0521172057087382,0.0,0.0008438818565400844,0,1,50,1185,0.2519,False,0.0008438818565400844,0.06717333333333333
"Coffee, Water & Snacks > Coffee, Coffee Makers & Supplies > Coffee Organizers & Dispensers",vibe,retro/vintage,single,0.0521172057087382,0.0,0.012658227848101266,0,15,50,1185,0.7426,False,0.012658227848101266,0.5074433333333334
"Coffee, Water & Snacks > Coffee, Coffee Makers & Supplies > Coffee Organizers & Dispensers",vibe,sleek/minimal,single,0.0521172057087382,0.08,0.008438818565400843,4,10,50,1185,0.00045,False,-0.07156118143459916,4.9999999999999996e-05
"Coffee, Water & Snacks > Coffee, Coffee Makers & Supplies > Coffee Organizers & Dispensers",vibe,textured,single,0.0521172057087382,0.0,0.002531645569620253,0,3,50,1185,0.39685,False,0.002531645569620253,0.1785825
"Coffee, Water & Snacks > Coffee, Coffee Makers & Supplies > Coffee Organizers & Dispensers",organizer_type,basket/bin,single,0.062410376045570724,0.04081632653061224,0.1327054794520548,2,155,49,1168,0.9806,False,0.09188915292144256,0.8389577777777778
"Coffee, Water & Snacks > Coffee, Coffee Makers & Supplies > Coffee Organizers & Dispensers",organizer_type,carousel/rotating,single,0.062410376045570724,0.10204081632653061,0.09075342465753425,5,106,49,1168,0.37415,False,-0.011287391668996366,0.08314444444444444
"Coffee, Water & Snacks > Coffee, Coffee Makers & Supplies > Coffee Organizers & Dispensers",organizer_type,dispenser,single,0.062410376045570724,0.04081632653061224,0.038527397260273974,2,45,49,1168,0.42515,False,-0.0022889292703382677,0.09920166666666666
"Coffee, Water & Snacks > Coffee, Coffee Makers & Supplies > Coffee Organizers & Dispensers",organizer_type,pod drawer,single,0.062410376045570724,0.2857142857142857,0.2953767123287671,14,345,49,1168,0.5481,False,0.009662426614481412,0.35322000000000003
"Coffee, Water & Snacks > Coffee, Coffee Makers & Supplies > Coffee Organizers & Dispensers",organizer_type,stand/rack,single,0.062410376045570724,0.04081632653061224,0.1720890410958904,2,201,49,1168,0.9964,False,0.13127271456527817,0.8856888888888887
"Coffee, Water & Snacks > Coffee, Coffee Makers & Supplies > Coffee Organizers & Dispensers",organizer_type,station/condiment organizer,single,0.062410376045570724,0.4897959183673469,0.2705479452054795,24,316,49,1168,0.0007,False,-0.21924797316186745,3.8888888888888884e-05
"Coffee, Water & Snacks > Coffee, Coffee Makers & Supplies > Coffee Organizers & Dispensers",pod_system,k-cup,single,0.20989513045080196,0.2903225806451613,0.4920091324200913,9,431,31,876,0.9882,False,0.20168655177493,0.92232
"Coffee, Water & Snacks > Coffee, Coffee Makers & Supplies > Coffee Organizers & Dispensers",pod_system,multi-item,single,0.20989513045080196,0.6774193548387096,0.18036529680365296,21,158,31,876,0.0,False,-0.49705405803505665,0.0
"Coffee, Water & Snacks > Coffee, Coffee Makers & Supplies > Coffee Organizers & Dispensers",pod_system,nespresso,single,0.20989513045080196,0.03225806451612903,0.3276255707762557,1,287,31,876,0.99995,False,0.29536750626012664,0.9666183333333334
"Coffee, Water & Snacks > Coffee, Coffee Makers & Supplies > Coffee Organizers & Dispensers",capacity_band,30-49 pods,single,0.04453299750293674,0.27586206896551724,0.5211970074812967,8,209,29,401,0.9954,False,0.24533493851577948,0.9400999999999999
"Coffee, Water & Snacks > Coffee, Coffee Makers & Supplies > Coffee Organizers & Dispensers",capacity_band,50+ pods,single,0.04453299750293674,0.27586206896551724,0.18952618453865336,8,76,29,401,0.12995,False,-0.08633588442686388,0.011551111111111113
"Coffee, Water & Snacks > Coffee, Coffee Makers & Supplies > Coffee Organizers & Dispensers",capacity_band,under 30 pods,single,0.04453299750293674,0.4482758620689655,0.2892768079800499,13,116,29,401,0.03725,False,-0.15899905408891563,0.002483333333333333
"Coffee, Water & Snacks > Coffee, Coffee Makers & Supplies > Coffee Organizers & Dispensers",aesthetic_tags,cozy/plush,multi,0.31330308126173234,0.0,0.002531645569620253,0,3,50,1185,0.3957,False,0.002531645569620253,0.178065
"Coffee, Water & Snacks > Coffee, Coffee Makers & Supplies > Coffee Organizers & Dispensers",aesthetic_tags,curved/organic,multi,0.31330308126173234,0.0,0.004219409282700422,0,5,50,1185,0.4963,False,0.004219409282700422,0.2591788888888889
"Coffee, Water & Snacks > Coffee, Coffee Makers & Supplies > Coffee Organizers & Dispensers",aesthetic_tags,cute/kawaii,multi,0.31330308126173234,0.0,0.005063291139240506,0,6,50,1185,0.5282,False,0.005063291139240506,0.2963788888888889
"Coffee, Water & Snacks > Coffee, Coffee Makers & Supplies > Coffee Organizers & Dispensers",aesthetic_tags,geometric/abstract,multi,0.31330308126173234,0.0,0.005063291139240506,0,6,50,1185,0.52875,False,0.005063291139240506,0.29668750000000005
"Coffee, Water & Snacks > Coffee, Coffee Makers & Supplies > Coffee Organizers & Dispensers",aesthetic_tags,luxe,multi,0.31330308126173234,0.0,0.021940928270042195,0,26,50,1185,0.8632,False,0.021940928270042195,0.6186266666666667
"Coffee, Water & Snacks > Coffee, Coffee Makers & Supplies > Coffee Organizers & Dispensers",aesthetic_tags,metal-accent,multi,0.31330308126173234,0.0,0.00590717299578059,0,7,50,1185,0.56295,False,0.00590717299578059,0.33464249999999995
"Coffee, Water & Snacks > Coffee, Coffee Makers & Supplies > Coffee Organizers & Dispensers",aesthetic_tags,natural/woven,multi,0.31330308126173234,0.0,0.06582278481012659,0,78,50,1185,0.9911,False,0.06582278481012659,0.8259166666666666
"Coffee, Water & Snacks > Coffee, Coffee Makers & Supplies > Coffee Organizers & Dispensers",aesthetic_tags,playful/colourful,multi,0.31330308126173234,0.0,0.0008438818565400844,0,1,50,1185,0.25075,False,0.0008438818565400844,0.06686666666666666
"Coffee, Water & Snacks > Coffee, Coffee Makers & Supplies > Coffee Organizers & Dispensers",aesthetic_tags,professional,multi,0.31330308126173234,0.0,0.0008438818565400844,0,1,50,1185,0.25585,False,0.0008438818565400844,0.06822666666666667
"Coffee, Water & Snacks > Coffee, Coffee Makers & Supplies > Coffee Organizers & Dispensers",aesthetic_tags,retro/vintage,multi,0.31330308126173234,0.0,0.012658227848101266,0,15,50,1185,0.7402,False,0.012658227848101266,0.5058033333333333
"Coffee, Water & Snacks > Coffee, Coffee Makers & Supplies > Coffee Organizers & Dispensers",aesthetic_tags,sleek/minimal,multi,0.31330308126173234,0.08,0.009282700421940928,4,11,50,1185,0.00055,False,-0.07071729957805907,6.722222222222222e-05
"Coffee, Water & Snacks > Coffee, Coffee Makers & Supplies > Coffee Organizers & Dispensers",aesthetic_tags,textured,multi,0.31330308126173234,0.0,0.002531645569620253,0,3,50,1185,0.3973,False,0.002531645569620253,0.178785
"Coffee, Water & Snacks > Coffee, Coffee Makers & Supplies > Coffee Organizers & Dispensers",use_context,breakroom/dining,multi,0.06384816268794316,0.56,0.6641350210970464,28,787,50,1185,0.9342,False,0.10413502109704631,0.80964
"Coffee, Water & Snacks > Coffee, Coffee Makers & Supplies > Coffee Organizers & Dispensers",use_context,corporate office,multi,0.06384816268794316,0.08,0.18565400843881857,4,220,50,1185,0.9788,False,0.10565400843881857,0.8591688888888889
"Coffee, Water & Snacks > Coffee, Coffee Makers & Supplies > Coffee Organizers & Dispensers",use_context,education,multi,0.06384816268794316,0.0,0.0033755274261603376,0,4,50,1185,0.4477,False,0.0033755274261603376,0.21887555555555555
"Coffee, Water & Snacks > Coffee, Coffee Makers & Supplies > Coffee Organizers & Dispensers",use_context,home office,multi,0.06384816268794316,0.0,0.04725738396624472,0,56,50,1185,0.9712,False,0.04725738396624472,0.7661688888888888
"Coffee, Water & Snacks > Coffee, Coffee Makers & Supplies > Coffee Organizers & Dispensers",use_context,hospitality/events,multi,0.06384816268794316,0.1,0.39324894514767933,5,466,50,1185,1.0,False,0.2932489451476793,0.9555555555555556
"Coffee, Water & Snacks > Coffee, Coffee Makers & Supplies > Coffee Organizers & Dispensers",use_context,kids/teen,multi,0.06384816268794316,0.0,0.0016877637130801688,0,2,50,1185,0.3368,False,0.0016877637130801688,0.13284888888888888
"Coffee, Water & Snacks > Coffee, Coffee Makers & Supplies > Coffee Organizers & Dispensers",use_context,outdoor,multi,0.06384816268794316,0.0,0.004219409282700422,0,5,50,1185,0.49065,False,0.004219409282700422,0.25622833333333334
"Coffee, Water & Snacks > Coffee, Coffee Makers & Supplies > Coffee Organizers & Dispensers",use_context,reception/lobby,multi,0.06384816268794316,0.02,0.0,1,0,50,1185,0.0033,False,-0.02,0.0005866666666666667
"Coffee, Water & Snacks > Coffee, Coffee Makers & Supplies > Coffee Organizers & Dispensers",use_context,residential living,multi,0.06384816268794316,0.0,0.018565400843881856,0,22,50,1185,0.8306,False,0.018565400843881856,0.5814199999999999
"Coffee, Water & Snacks > Coffee, Coffee Makers & Supplies > Coffee Organizers & Dispensers",use_context,travel/commute,multi,0.06384816268794316,0.0,0.00590717299578059,0,7,50,1185,0.57135,False,0.00590717299578059,0.33963583333333336
"Coffee, Water & Snacks > Coffee, Coffee Makers & Supplies > Coffee Organizers & Dispensers",end_user_segment,kids,multi,0.31864675877728166,0.0,0.0016877637130801688,0,2,50,1185,0.33525,False,0.0016877637130801688,0.13223749999999998
"Coffee, Water & Snacks > Coffee, Coffee Makers & Supplies > Coffee Organizers & Dispensers",end_user_segment,men,multi,0.31864675877728166,0.0,0.0016877637130801688,0,2,50,1185,0.3354,False,0.0016877637130801688,0.13229666666666665
"Coffee, Water & Snacks > Coffee, Coffee Makers & Supplies > Coffee Organizers & Dispensers",end_user_segment,remote workers,multi,0.31864675877728166,0.0,0.046413502109704644,0,55,50,1185,0.97195,False,0.046413502109704644,0.7559611111111111
"Coffee, Water & Snacks > Coffee, Coffee Makers & Supplies > Coffee Organizers & Dispensers",end_user_segment,women,multi,0.31864675877728166,0.0,0.0016877637130801688,0,2,50,1185,0.3349,False,0.0016877637130801688,0.13209944444444444
"Coffee, Water & Snacks > Coffee, Coffee Makers & Supplies > Coffee Organizers & Dispensers",key_benefits,commercial-grade,multi,0.12698773135151256,0.0,0.010126582278481013,0,12,50,1185,0.6918,False,0.010126582278481013,0.4535133333333333
"Coffee, Water & Snacks > Coffee, Coffee Makers & Supplies > Coffee Organizers & Dispensers",key_benefits,easy-clean,multi,0.12698773135151256,0.0,0.0008438818565400844,0,1,50,1185,0.2548,False,0.0008438818565400844,0.06794666666666667
"Coffee, Water & Snacks > Coffee, Coffee Makers & Supplies > Coffee Organizers & Dispensers",key_benefits,security,multi,0.12698773135151256,0.0,0.005063291139240506,0,6,50,1185,0.5328,False,0.005063291139240506,0.29896000000000006
"Coffee, Water & Snacks > Coffee, Coffee Makers & Supplies > Coffee Organizers & Dispensers",key_benefits,space-saving,multi,0.12698773135151256,0.06,0.1248945147679325,3,148,50,1185,0.92295,False,0.0648945147679325,0.75887
"Coffee, Water & Snacks > Coffee, Coffee Makers & Supplies > Coffee Organizers & Dispensers",key_benefits,sustainable,multi,0.12698773135151256,0.04,0.010126582278481013,2,12,50,1185,0.0443,False,-0.02987341772151899,0.006891111111111111
"Coffee, Water & Snacks > Coffee, Coffee Makers & Supplies > Coffee Organizers & Dispensers",key_benefits,water-resistant,multi,0.12698773135151256,0.0,0.0033755274261603376,0,4,50,1185,0.4504,False,0.0033755274261603376,0.22019555555555556
Furniture > Cubicle & Panel Systems > Office Partitions & Dividers,colour_family,beige/cream,single,0.2387048364487292,0.0,0.12588652482269502,0,71,99,564,1.0,False,0.12588652482269502,0.8608695652173913
Furniture > Cubicle & Panel Systems > Office Partitions & Dividers,colour_family,black,single,0.2387048364487292,0.16161616161616163,0.16134751773049646,16,91,99,564,0.48305,False,-0.00026864388566516517,0.13861434782608695
Furniture > Cubicle & Panel Systems > Office Partitions & Dividers,colour_family,blue,single,0.2387048364487292,0.12121212121212122,0.02304964539007092,12,13,99,564,0.0001,False,-0.09816247582205029,1.391304347826087e-05
Furniture > Cubicle & Panel Systems > Office Partitions & Dividers,colour_family,brown/wood,single,0.2387048364487292,0.06060606060606061,0.23581560283687944,6,133,99,564,1.0,False,0.17520954223081883,0.9
Furniture > Cubicle & Panel Systems > Office Partitions & Dividers,colour_family,clear,single,0.2387048364487292,0.09090909090909091,0.04964539007092199,9,28,99,564,0.05665,False,-0.041263700838168924,0.010837391304347826
Furniture > Cubicle & Panel Systems > Office Partitions & Dividers,colour_family,green,single,0.2387048364487292,0.0,0.02304964539007092,0,13,99,564,0.96195,False,0.02304964539007092,0.5186165217391304
Furniture > Cubicle & Panel Systems > Office Partitions & Dividers,colour_family,grey,single,0.2387048364487292,0.494949494949495,0.12411347517730496,49,70,99,564,0.0,False,-0.37083601977219,0.0
Furniture > Cubicle & Panel Systems > Office Partitions & Dividers,colour_family,metallic,single,0.2387048364487292,0.0,0.031914893617021274,0,18,99,564,0.98525,False,0.031914893617021274,0.586866304347826
Furniture > Cubicle & Panel Systems > Office Partitions & Dividers,colour_family,multi/pattern,single,0.2387048364487292,0.010101010101010102,0.09397163120567376,1,53,99,564,0.9996,False,0.08387062110466366,0.7692573913043479
Furniture > Cubicle & Panel Systems > Office Partitions & Dividers,colour_family,navy,single,0.2387048364487292,0.0,0.0017730496453900709,0,1,99,564,0.4785,False,0.0017730496453900709,0.16643478260869565
Furniture > Cubicle & Panel Systems > Office Partitions & Dividers,colour_family,purple,single,0.2387048364487292,0.0,0.008865248226950355,0,5,99,564,0.80345,False,0.008865248226950355,0.3563126086956522
Furniture > Cubicle & Panel Systems > Office Partitions & Dividers,colour_family,red/pink,single,0.2387048364487292,0.0,0.015957446808510637,0,9,99,564,0.91915,False,0.015957446808510637,0.4395934782608696
Furniture > Cubicle & Panel Systems > Office Partitions & Dividers,colour_family,white,single,0.2387048364487292,0.06060606060606061,0.09397163120567376,6,53,99,564,0.86105,False,0.03336557059961315,0.5241173913043479
Furniture > Cubicle & Panel Systems > Office Partitions & Dividers,colour_family,yellow/orange,single,0.2387048364487292,0.0,0.010638297872340425,0,6,99,564,0.84905,False,0.010638297872340425,0.39130130434782606
Furniture > Cubicle & Panel Systems > Office Partitions & Dividers,colour_tone,bold,single,0.16619988018016535,0.12121212121212122,0.08156028368794327,12,46,99,564,0.1017,False,-0.039651837524177946,0.02034
Furniture > Cubicle & Panel Systems > Office Partitions & Dividers,colour_tone,dark-neutral,single,0.16619988018016535,0.16161616161616163,0.16312056737588654,16,92,99,564,0.49905,False,0.0015044057597249083,0.16924304347826086
Furniture > Cubicle & Panel Systems > Office Partitions & Dividers,colour_tone,light-neutral,single,0.16619988018016535,0.15151515151515152,0.2695035460992908,15,152,99,564,0.99495,False,0.11798839458413926,0.8392186956521739
Furniture > Cubicle & Panel Systems > Office Partitions & Dividers,colour_tone,metallic,single,0.16619988018016535,0.0,0.031914893617021274,0,18,99,564,0.98585,False,0.031914893617021274,0.5872236956521739
Furniture > Cubicle & Panel Systems > Office Partitions & Dividers,colour_tone,mid-neutral,single,0.16619988018016535,0.494949494949495,0.12411347517730496,49,70,99,564,0.0,False,-0.37083601977219,0.0
Furniture > Cubicle & Panel Systems > Office Partitions & Dividers,colour_tone,pattern,single,0.16619988018016535,0.010101010101010102,0.09397163120567376,1,53,99,564,0.99955,False,0.08387062110466366,0.7692189130434783
Furniture > Cubicle & Panel Systems > Office Partitions & Dividers,colour_tone,warm-neutral,single,0.16619988018016535,0.06060606060606061,0.23581560283687944,6,133,99,564,1.0,False,0.17520954223081883,0.9
Furniture > Cubicle & Panel Systems > Office Partitions & Dividers,material_class,acrylic/plastic,single,0.358522849794573,0.24242424242424243,0.03422619047619048,24,23,99,672,0.0,True,-0.20819805194805197,0.0
Furniture > Cubicle & Panel Systems > Office Partitions & Dividers,material_class,canvas/print,single,0.358522849794573,0.0,0.05654761904761905,0,38,99,672,0.9991,True,0.05654761904761905,0.7210895652173913
Furniture > Cubicle & Panel Systems > Office Partitions & Dividers,material_class,fabric/acoustic,single,0.358522849794573,0.5959595959595959,0.15922619047619047,59,107,99,672,0.0,True,-0.43673340548340545,0.0
Furniture > Cubicle & Panel Systems > Office Partitions & Dividers,material_class,glass,single,0.358522849794573,0.0,0.002976190476190476,0,2,99,672,0.5754,True,0.002976190476190476,0.22515652173913045
Furniture > Cubicle & Panel Systems > Office Partitions & Dividers,material_class,metal,single,0.358522849794573,0.1111111111111111,0.13541666666666666,11,91,99,672,0.7387,True,0.024305555555555552,0.4046791304347826
Furniture > Cubicle & Panel Systems > Office Partitions & Dividers,material_class,paper/shoji,single,0.358522849794573,0.0,0.08928571428571429,0,60,99,672,1.0,True,0.08928571428571429,0.8
Furniture > Cubicle & Panel Systems > Office Partitions & Dividers,material_class,rattan/woven,single,0.358522849794573,0.0,0.052083333333333336,0,35,99,672,0.998,True,0.052083333333333336,0.7029391304347826
Furniture > Cubicle & Panel Systems > Office Partitions & Dividers,material_class,wood,single,0.358522849794573,0.050505050505050504,0.47023809523809523,5,316,99,672,1.0,True,0.41973304473304474,1.0
Furniture > Cubicle & Panel Systems > Office Partitions & Dividers,style_family,boho/coastal,single,0.13850210254532389,0.021739130434782608,0.052104208416833664,1,26,46,499,0.81675,False,0.030365077982051056,0.46874347826086954
Furniture > Cubicle & Panel Systems > Office Partitions & Dividers,style_family,contemporary,single,0.13850210254532389,0.06521739130434782,0.1342685370741483,3,67,46,499,0.9186,False,0.06905114576980047,0.6869530434782608
Furniture > Cubicle & Panel Systems > Office Partitions & Dividers,style_family,farmhouse/rustic,single,0.13850210254532389,0.0,0.08617234468937876,0,43,46,499,0.9958,False,0.08617234468937876,0.7879808695652174
Furniture > Cubicle & Panel Systems > Office Partitions & Dividers,style_family,glam,single,0.13850210254532389,0.0,0.004008016032064128,0,2,46,499,0.47205,False,0.004008016032064128,0.19292478260869567
Furniture > Cubicle & Panel Systems > Office Partitions & Dividers,style_family,industrial,single,0.13850210254532389,0.0,0.04609218436873747,0,23,46,499,0.96185,False,0.04609218436873747,0.6607491304347827
Furniture > Cubicle & Panel Systems > Office Partitions & Dividers,style_family,mid-century,single,0.13850210254532389,0.2608695652173913,0.09218436873747494,12,46,46,499,0.00065,False,-0.16868519647991637,6.217391304347826e-05
Furniture > Cubicle & Panel Systems > Office Partitions & Dividers,style_family,minimalist,single,0.13850210254532389,0.0,0.12625250501002003,0,63,46,499,0.9994,False,0.12625250501002003,0.8690434782608695
Furniture > Cubicle & Panel Systems > Office Partitions & Dividers,style_family,modern,single,0.13850210254532389,0.08695652173913043,0.09819639278557114,4,49,46,499,0.5756,False,0.011239871046440711,0.2702817391304348
Furniture > Cubicle & Panel Systems > Office Partitions & Dividers,style_family,scandinavian,single,0.13850210254532389,0.41304347826086957,0.1903807615230461,19,95,46,499,0.0004,False,-0.22266271673782348,2.4347826086956523e-05
Furniture > Cubicle & Panel Systems > Office Partitions & Dividers,style_family,traditional,single,0.13850210254532389,0.15217391304347827,0.15030060120240482,7,75,46,499,0.472,False,-0.0018733118410734495,0.1313391304347826
Furniture > Cubicle & Panel Systems > Office Partitions & Dividers,style_family,transitional,single,0.13850210254532389,0.0,0.02004008016032064,0,10,46,499,0.82245,False,0.02004008016032064,0.4076491304347826
Furniture > Cubicle & Panel Systems > Office Partitions & Dividers,size_class,low (<48 in),single,0.010745316741863832,0.0707070707070707,0.0645933014354067,7,27,99,418,0.403,False,-0.006113769271664002,0.1051304347826087
Furniture > Cubicle & Panel Systems > Office Partitions & Dividers,size_class,mid (48-71 in),single,0.010745316741863832,0.3939393939393939,0.5143540669856459,39,215,99,418,0.98325,False,0.12041467304625197,0.8379
Furniture > Cubicle & Panel Systems > Office Partitions & Dividers,size_class,tall (72 in+),single,0.010745316741863832,0.5353535353535354,0.42105263157894735,53,176,99,418,0.02035,False,-0.11430090377458801,0.0026543478260869563
Furniture > Cubicle & Panel Systems > Office Partitions & Dividers,vibe,cozy/plush,single,0.27270248221031435,0.010101010101010102,0.0076824583866837385,1,6,99,781,0.3493,False,-0.0024185517143263634,0.0941591304347826
Furniture > Cubicle & Panel Systems > Office Partitions & Dividers,vibe,curved/organic,single,0.27270248221031435,0.0,0.026888604353393086,0,21,99,781,0.977,False,0.026888604353393086,0.5479695652173913
Furniture > Cubicle & Panel Systems > Office Partitions & Dividers,vibe,cute/kawaii,single,0.27270248221031435,0.0,0.002560819462227913,0,2,99,781,0.53825,False,0.002560819462227913,0.19657826086956523
Furniture > Cubicle & Panel Systems > Office Partitions & Dividers,vibe,floral/botanical,single,0.27270248221031435,0.0,0.1088348271446863,0,85,99,781,1.0,False,0.1088348271446863,0.8217391304347826
Furniture > Cubicle & Panel Systems > Office Partitions & Dividers,vibe,geometric/abstract,single,0.27270248221031435,0.04040404040404041,0.014084507042253521,4,11,99,781,0.0383,False,-0.026319533361786884,0.008659130434782608
Furniture > Cubicle & Panel Systems > Office Partitions & Dividers,vibe,inspirational,single,0.27270248221031435,0.0,0.006402048655569782,0,5,99,781,0.73865,False,0.006402048655569782,0.31794065217391304
Furniture > Cubicle & Panel Systems > Office Partitions & Dividers,vibe,luxe,single,0.27270248221031435,0.0,0.176696542893726,0,138,99,781,1.0,False,0.176696542893726,0.9130434782608695
Furniture > Cubicle & Panel Systems > Office Partitions & Dividers,vibe,nailhead,single,0.27270248221031435,0.0,0.0012804097311139564,0,1,99,781,0.4199,False,0.0012804097311139564,0.13144695652173913
Furniture > Cubicle & Panel Systems > Office Partitions & Dividers,vibe,natural/woven,single,0.27270248221031435,0.020202020202020204,0.1882202304737516,2,147,99,781,1.0,False,0.16801821027173142,0.8869565217391304
Furniture > Cubicle & Panel Systems > Office Partitions & Dividers,vibe,plain,single,0.27270248221031435,0.797979797979798,0.3495518565941101,79,273,99,781,0.0,False,-0.4484279413856879,0.0
Furniture > Cubicle & Panel Systems > Office Partitions & Dividers,vibe,playful/colourful,single,0.27270248221031435,0.0,0.006402048655569782,0,5,99,781,0.7417,False,0.006402048655569782,0.3192534782608696
Furniture > Cubicle & Panel Systems > Office Partitions & Dividers,vibe,professional,single,0.27270248221031435,0.020202020202020204,0.002560819462227913,2,2,99,781,0.02035,False,-0.017641200739792293,0.0049547826086956525
Furniture > Cubicle & Panel Systems > Office Partitions & Dividers,vibe,retro/vintage,single,0.27270248221031435,0.010101010101010102,0.019206145966709345,1,15,99,781,0.71265,False,0.009105135865699244,0.3222417391304348
Furniture > Cubicle & Panel Systems > Office Partitions & Dividers,vibe,sleek/minimal,single,0.27270248221031435,0.0,0.03713188220230474,0,29,99,781,0.992,False,0.03713188220230474,0.6555826086956521
Furniture > Cubicle & Panel Systems > Office Partitions & Dividers,vibe,statement,single,0.27270248221031435,0.020202020202020204,0.03969270166453265,2,31,99,781,0.8369,False,0.019490681462512444,0.40753391304347825
Furniture > Cubicle & Panel Systems > Office Partitions & Dividers,vibe,textured,single,0.27270248221031435,0.08080808080808081,0.012804097311139564,8,10,99,781,0.0002,False,-0.06800398349694126,3.130434782608696e-05
Furniture > Cubicle & Panel Systems > Office Partitions & Dividers,divider_type,acoustic panel,single,0.08836383489304214,0.08080808080808081,0.027237354085603113,8,21,99,771,0.00695,False,-0.0535707267224777,0.0012691304347826086
Furniture > Cubicle & Panel Systems > Office Partitions & Dividers,divider_type,folding screen,single,0.08836383489304214,0.494949494949495,0.74189364461738,49,572,99,771,1.0,False,0.24694414966788508,0.9826086956521739
Furniture > Cubicle & Panel Systems > Office Partitions & Dividers,divider_type,freestanding partition,single,0.08836383489304214,0.32323232323232326,0.1867704280155642,32,144,99,771,0.0014,False,-0.13646189521675905,0.00015826086956521738
Furniture > Cubicle & Panel Systems > Office Partitions & Dividers,divider_type,hanging/curtain,single,0.08836383489304214,0.0,0.03631647211413749,0,28,99,771,0.9926,False,0.03631647211413749,0.6473478260869565
Furniture > Cubicle & Panel Systems > Office Partitions & Dividers,divider_type,panel system,single,0.08836383489304214,0.04040404040404041,0.005188067444876783,4,4,99,771,0.00295,False,-0.03521597295916362,0.0006156521739130434
Furniture > Cubicle & Panel Systems > Office Partitions & Dividers,divider_type,sliding/operable wall,single,0.08836383489304214,0.06060606060606061,0.0025940337224383916,6,2,99,771,0.0,False,-0.05801202688362222,0.0
Furniture > Cubicle & Panel Systems > Office Partitions & Dividers,wheels,no,single,0.051674017314847026,0.7171717171717171,0.9180537772087067,71,717,99,781,1.0,True,0.2008820600369896,0.9304347826086956
Furniture > Cubicle & Panel Systems > Office Partitions & Dividers,wheels,yes,single,0.051674017314847026,0.2828282828282828,0.08194622279129321,28,64,99,781,0.0,True,-0.2008820600369896,0.0
Furniture > Cubicle & Panel Systems > Office Partitions & Dividers,sound_absorbing,no,single,0.06937499933168285,0.6868686868686869,0.9244558258642765,68,722,99,781,1.0,True,0.2375871389955897,0.9652173913043478
Furniture > Cubicle & Panel Systems > Office Partitions & Dividers,sound_absorbing,yes,single,0.06937499933168285,0.31313131313131315,0.07554417413572344,31,59,99,781,0.0,True,-0.2375871389955897,0.0
Furniture > Cubicle & Panel Systems > Office Partitions & Dividers,tackable,no,single,0.07447741557242846,0.7878787878787878,0.9795134443021767,78,765,99,781,1.0,False,0.19163465642338884,0.9217391304347826
Furniture > Cubicle & Panel Systems > Office Partitions & Dividers,tackable,yes,single,0.07447741557242846,0.21212121212121213,0.020486555697823303,21,16,99,781,0.0,False,-0.19163465642338884,0.0
Furniture > Cubicle & Panel Systems > Office Partitions & Dividers,panel_band,1-3 panels,single,0.0500607837252243,0.3877551020408163,0.5264900662251656,38,159,98,302,0.99235,False,0.13873496418434927,0.8715421739130434
Furniture > Cubicle & Panel Systems > Office Partitions & Dividers,panel_band,4-5 panels,single,0.0500607837252243,0.25510204081632654,0.34105960264900664,25,103,98,302,0.94355,False,0.08595756183268011,0.7384304347826087
Furniture > Cubicle & Panel Systems > Office Partitions & Dividers,panel_band,6+ panels,single,0.0500607837252243,0.35714285714285715,0.13245033112582782,35,40,98,302,0.0,False,-0.22469252601702933,0.0
Furniture > Cubicle & Panel Systems > Office Partitions & Dividers,design,carved/cutout,single,0.16649071328876505,0.0,0.030729833546734954,0,24,99,781,0.9858,False,0.030729833546734954,0.574335652173913
Furniture > Cubicle & Panel Systems > Office Partitions & Dividers,design,oriental/art,single,0.16649071328876505,0.0,0.10755441741357234,0,84,99,781,1.0,False,0.10755441741357234,0.808695652173913
Furniture > Cubicle & Panel Systems > Office Partitions & Dividers,design,plain,single,0.16649071328876505,1.0,0.649167733674776,99,507,99,781,0.0,False,-0.350832266325224,0.0
Furniture > Cubicle & Panel Systems > Office Partitions & Dividers,design,print/photo,single,0.16649071328876505,0.0,0.21254801536491677,0,166,99,781,1.0,False,0.21254801536491677,0.9391304347826087
Furniture > Cubicle & Panel Systems > Office Partitions & Dividers,aesthetic_tags,cozy/plush,multi,0.36531695541336295,0.010101010101010102,0.04353393085787452,1,34,99,781,0.96295,False,0.033432920756864416,0.5945169565217391
Furniture > Cubicle & Panel Systems > Office Partitions & Dividers,aesthetic_tags,curved/organic,multi,0.36531695541336295,0.0,0.05377720870678617,0,42,99,781,0.9987,False,0.05377720870678617,0.7121165217391304
Furniture > Cubicle & Panel Systems > Office Partitions & Dividers,aesthetic_tags,cute/kawaii,multi,0.36531695541336295,0.0,0.002560819462227913,0,2,99,781,0.54405,False,0.002560819462227913,0.19869652173913044
Furniture > Cubicle & Panel Systems > Office Partitions & Dividers,aesthetic_tags,floral/botanical,multi,0.36531695541336295,0.0,0.1088348271446863,0,85,99,781,1.0,False,0.1088348271446863,0.8217391304347826
Furniture > Cubicle & Panel Systems > Office Partitions & Dividers,aesthetic_tags,geometric/abstract,multi,0.36531695541336295,0.06060606060606061,0.03841229193341869,6,30,99,781,0.1466,False,-0.022193768672641917,0.03441913043478261
Furniture > Cubicle & Panel Systems > Office Partitions & Dividers,aesthetic_tags,inspirational,multi,0.36531695541336295,0.0,0.034571062740076826,0,27,99,781,0.9892,False,0.034571062740076826,0.6236260869565218
Furniture > Cubicle & Panel Systems > Office Partitions & Dividers,aesthetic_tags,luxe,multi,0.36531695541336295,0.0,0.23431498079385404,0,183,99,781,1.0,False,0.23431498079385404,0.9565217391304348
Furniture > Cubicle & Panel Systems > Office Partitions & Dividers,aesthetic_tags,nailhead,multi,0.36531695541336295,0.0,0.0012804097311139564,0,1,99,781,0.42145,False,0.0012804097311139564,0.1319321739130435
Furniture > Cubicle & Panel Systems > Office Partitions & Dividers,aesthetic_tags,natural/woven,multi,0.36531695541336295,0.020202020202020204,0.31370038412291934,2,245,99,781,1.0,False,0.2934983639208991,0.991304347826087
Furniture > Cubicle & Panel Systems > Office Partitions & Dividers,aesthetic_tags,playful/colourful,multi,0.36531695541336295,0.0,0.034571062740076826,0,27,99,781,0.9908,False,0.034571062740076826,0.6246347826086956
Furniture > Cubicle & Panel Systems > Office Partitions & Dividers,aesthetic_tags,professional,multi,0.36531695541336295,0.030303030303030304,0.016645326504481434,3,13,99,781,0.16685,False,-0.01365770379854887,0.04207521739130435
Furniture > Cubicle & Panel Systems > Office Partitions & Dividers,aesthetic_tags,retro/vintage,multi,0.36531695541336295,0.010101010101010102,0.06145966709346991,1,48,99,781,0.99205,False,0.051358656992459804,0.6901217391304347
Furniture > Cubicle & Panel Systems > Office Partitions & Dividers,aesthetic_tags,sleek/minimal,multi,0.36531695541336295,0.0,0.11267605633802817,0,88,99,781,1.0,False,0.11267605633802817,0.8347826086956521
Furniture > Cubicle & Panel Systems > Office Partitions & Dividers,aesthetic_tags,statement,multi,0.36531695541336295,0.020202020202020204,0.04225352112676056,2,33,99,781,0.8571,False,0.02205150092474036,0.45463565217391305
Furniture > Cubicle & Panel Systems > Office Partitions & Dividers,aesthetic_tags,textured,multi,0.36531695541336295,0.08080808080808081,0.019206145966709345,8,15,99,781,0.0013,False,-0.06160193484137147,0.00021478260869565216
Furniture > Cubicle & Panel Systems > Office Partitions & Dividers,use_context,breakroom/dining,multi,0.310732728968868,0.0,0.040973111395646605,0,32,99,781,0.99535,False,0.040973111395646605,0.6664517391304348
Furniture > Cubicle & Panel Systems > Office Partitions & Dividers,use_context,corporate office,multi,0.310732728968868,0.3939393939393939,0.2727272727272727,39,213,99,781,0.0074,False,-0.12121212121212122,0.0009008695652173913
Furniture > Cubicle & Panel Systems > Office Partitions & Dividers,use_context,education,multi,0.310732728968868,0.21212121212121213,0.06914212548015365,21,54,99,781,5e-05,False,-0.14297908664105846,5.217391304347826e-06
Furniture > Cubicle & Panel Systems > Office Partitions & Dividers,use_context,healthcare,multi,0.310732728968868,0.09090909090909091,0.011523687580025609,9,9,99,781,0.0,False,-0.0793854033290653,0.0
Furniture > Cubicle & Panel Systems > Office Partitions & Dividers,use_context,home office,multi,0.310732728968868,0.0,0.06530089628681178,0,51,99,781,0.9995,False,0.06530089628681178,0.7387608695652174
Furniture > Cubicle & Panel Systems > Office Partitions & Dividers,use_context,hospitality/events,multi,0.310732728968868,0.0,0.04225352112676056,0,33,99,781,0.9952,False,0.04225352112676056,0.6750052173913043
Furniture > Cubicle & Panel Systems > Office Partitions & Dividers,use_context,kids/teen,multi,0.310732728968868,0.0,0.02176696542893726,0,17,99,781,0.95765,False,0.02176696542893726,0.4954797826086957
Furniture > Cubicle & Panel Systems > Office Partitions & Dividers,use_context,outdoor,multi,0.310732728968868,0.0,0.07682458386683738,0,60,99,781,0.99995,False,0.07682458386683738,0.7564839130434782
Furniture > Cubicle & Panel Systems > Office Partitions & Dividers,use_context,reception/lobby,multi,0.310732728968868,0.0,0.005121638924455826,0,4,99,781,0.68645,False,0.005121638924455826,0.2865182608695652
Furniture > Cubicle & Panel Systems > Office Partitions & Dividers,use_context,residential living,multi,0.310732728968868,0.0,0.24199743918053776,0,189,99,781,1.0,False,0.24199743918053776,0.9739130434782609
Furniture > Cubicle & Panel Systems > Office Partitions & Dividers,use_context,travel/commute,multi,0.310732728968868,0.0,0.0012804097311139564,0,1,99,781,0.41855,False,0.0012804097311139564,0.13102434782608696
Furniture > Cubicle & Panel Systems > Office Partitions & Dividers,end_user_segment,big & tall,multi,0.24863188968522415,0.0,0.0012804097311139564,0,1,99,781,0.4205,False,0.0012804097311139564,0.13163478260869566
Furniture > Cubicle & Panel Systems > Office Partitions & Dividers,end_user_segment,kids,multi,0.24863188968522415,0.0,0.02176696542893726,0,17,99,781,0.9621,False,0.02176696542893726,0.49778217391304347
Furniture > Cubicle & Panel Systems > Office Partitions & Dividers,end_user_segment,remote workers,multi,0.24863188968522415,0.0,0.06402048655569782,0,50,99,781,0.9997,False,0.06402048655569782,0.730215652173913
Furniture > Cubicle & Panel Systems > Office Partitions & Dividers,end_user_segment,students,multi,0.24863188968522415,0.010101010101010102,0.012804097311139564,1,10,99,781,0.5376,False,0.0027030872101294623,0.20569043478260868
Furniture > Cubicle & Panel Systems > Office Partitions & Dividers,end_user_segment,teachers,multi,0.24863188968522415,0.0,0.002560819462227913,0,2,99,781,0.53445,False,0.002560819462227913,0.1951904347826087
Furniture > Cubicle & Panel Systems > Office Partitions & Dividers,key_benefits,commercial-grade,multi,0.22038541098929815,0.010101010101010102,0.04481434058898848,1,35,99,781,0.96755,False,0.034713330487978374,0.6225973913043478
Furniture > Cubicle & Panel Systems > Office Partitions & Dividers,key_benefits,easy-clean,multi,0.22038541098929815,0.010101010101010102,0.030729833546734954,1,24,99,781,0.8892,False,0.02062882344572485,0.44846608695652174
Furniture > Cubicle & Panel Systems > Office Partitions & Dividers,key_benefits,security,multi,0.22038541098929815,0.0,0.0012804097311139564,0,1,99,781,0.418,False,0.0012804097311139564,0.1308521739130435
Furniture > Cubicle & Panel Systems > Office Partitions & Dividers,key_benefits,space-saving,multi,0.22038541098929815,0.020202020202020204,0.2496798975672215,2,195,99,781,1.0,False,0.2294778773652013,0.9478260869565217
Furniture > Cubicle & Panel Systems > Office Partitions & Dividers,key_benefits,sustainable,multi,0.22038541098929815,0.09090909090909091,0.058898847631242,9,46,99,781,0.11015,False,-0.03201024327784891,0.02394565217391304
Furniture > Cubicle & Panel Systems > Office Partitions & Dividers,key_benefits,tech-enabled,multi,0.22038541098929815,0.0,0.0038412291933418692,0,3,99,781,0.62015,False,0.0038412291933418692,0.24806
Furniture > Cubicle & Panel Systems > Office Partitions & Dividers,key_benefits,water-resistant,multi,0.22038541098929815,0.0,0.026888604353393086,0,21,99,781,0.9778,False,0.026888604353393086,0.5484182608695652
