archetype_id,node_id,l2_key,competitor,depth,facets,name,combo,n_staples,n_competitor,valid,vw,aas,ad,crs,ppr,n_labelled,n_safe,safe_share_all,decided_share,safe_share,reject_share,share_CURATE,share_STYLE-EXTENSION,share_TRADE-UP,share_LEAN-APPROVE,share_REVIEW,share_EDGE,share_SUBSTITUTE,share_UNDERCUT,share_OFF-BRAND,share_EXCLUDE,pct_vw,pct_ad,vos,m1_gate,m1_list,p_staples,p_competitor,lsr,lsr_credibility,absent,thin,ppg,ppg_dir,cg,msg,dfg,within_archetype_ref,price_median_staples,price_median_competitor,missing_colours,staples_colourways_mean,acr,n_ok2,pct_lsr,pct_ppg,pct_cg,pct_msg,pct_dfg,tg,tg_original,m2_overindex,m2_gate,m2_list,eligible,tier,final,rrf,shortlisted,final_rank,exclusion_reason,m1_reason,m2_reason,stability_tg,stability_vos,brand_hhi,archetype
Office Supplies > Calendars & Planners > Planners & Personal Organizers :: planner_type=address book · design_theme=floral/botanical · audience=general · vibe=floral/botanical,Office Supplies > Calendars & Planners > Planners & Personal Organizers,Office Supplies > Calendars & Planners,amazon,4,"{""planner_type"": ""address book"", ""design_theme"": ""floral/botanical"", ""audience"": ""general"", ""vibe"": ""floral/botanical""}",Floral/botanical address book planner,Type: address book · Design: floral/botanical · Audience: general · Vibe: floral/botanical,1,9,True,0.7709262622623901,20.074534161490686,0.5,61.20048904418945,0.36720189523558827,9.0,0.0,0.0,1.0,0.0,0.0,0.0,0.0,0.0,0.0,0.0,0.0,0.0,0.0,1.0,0.0,0.675,0.6875,20.790663722752043,False,False,0.0012422360248447205,0.0076726342710997444,1.4697384326169174,0.98335,False,True,0.42308537621362396,-1.0,0.032286361842141106,0.2418598048330849,-0.11172901921132455,False,13.99,13.719999999999999,multi/pattern|navy|red/pink,1.0,0.3333333333333333,6.0,0.6,0.525,0.025,0.4358974358974359,0.25,42.16346153846153,39.625,True,True,True,True,Gap-led,68.75,0.03036576949620428,True,4.0,,0 safe products (< 2),,0.811,1.0,0.7222222222222223,Floral/botanical address book planner (Type: address book · Design: floral/botanical · Audience: general · Vibe: floral/botanical)
Office Supplies > Calendars & Planners > Planners & Personal Organizers :: planner_type=address book · design_theme=plain · audience=general · vibe=other,Office Supplies > Calendars & Planners > Planners & Personal Organizers,Office Supplies > Calendars & Planners,amazon,4,"{""planner_type"": ""address book"", ""design_theme"": ""plain"", ""audience"": ""general"", ""vibe"": ""other""}",Plain-cover address book planner,Type: address book · Design: plain · Audience: general · Vibe: other (mixed),0,10,False,1.0,1.2827614295896548,0.875,73.6987533569336,0.3625839935877524,10.0,0.0,0.0,1.0,0.0,0.0,0.0,0.0,0.0,0.0,0.0,0.0,0.0,0.0,1.0,0.0,0.9875,0.825,17.213463271376636,False,False,0.0,0.008525149190110827,2.6684341798420097,0.999,True,True,0.6101755619028132,-1.0,0.10049855488810383,0.2656634792976707,-0.20980788675429723,False,,10.99,black|blue|green|multi/pattern,,0.4,6.0,0.6875,0.75,0.3,0.5384615384615384,0.1,53.13942307692307,50.81249999999999,True,False,False,False,Not listed,,,False,,includes a grouped “other (mixed)” value: not a nameable archetype,0 safe products (< 2),"passed, outside the top 10 by TG",0.0,0.0,,Plain-cover address book planner (Type: address book · Design: plain · Audience: general · Vibe: other (mixed))
Office Supplies > Calendars & Planners > Planners & Personal Organizers :: planner_type=address book · design_theme=plain · audience=other · vibe=plain,Office Supplies > Calendars & Planners > Planners & Personal Organizers,Office Supplies > Calendars & Planners,amazon,4,"{""planner_type"": ""address book"", ""design_theme"": ""plain"", ""audience"": ""other"", ""vibe"": ""plain""}",Plain-cover address book planner,Type: address book · Design: plain · Audience: other (mixed) · Vibe: plain,0,11,False,0.8302957747037351,14.360248447204969,0.0,73.56230926513672,0.39315726290516206,11.0,0.0,0.0,1.0,0.0,0.09090909090909091,0.0,0.0,0.0,0.0,0.0,0.0,0.0,0.09090909090909091,0.9090909090909091,0.0,0.75,0.275,11.879267283007227,False,False,0.0,0.00937766410912191,2.7594059580477364,0.99955,True,True,0.5628561403243925,-1.0,0.07046124214583253,0.2977260426113536,-0.4029322548028311,False,,9.825,black|blue|multi/pattern|purple,,0.6363636363636364,4.0,0.725,0.7,0.225,0.6410256410256411,0.0,52.36538461538461,47.37499999999999,True,False,False,False,Not listed,,,False,,includes a grouped “other (mixed)” value: not a nameable archetype,0 safe products (< 2),ACR 64% (≥ 50%): cheaper or same-look Staples twins,0.0,0.0,,Plain-cover address book planner (Type: address book · Design: plain · Audience: other (mixed) · Vibe: plain)
Office Supplies > Calendars & Planners > Planners & Personal Organizers :: planner_type=appointment book · design_theme=plain · audience=business/professional · vibe=other,Office Supplies > Calendars & Planners > Planners & Personal Organizers,Office Supplies > Calendars & Planners,amazon,4,"{""planner_type"": ""appointment book"", ""design_theme"": ""plain"", ""audience"": ""business/professional"", ""vibe"": ""other""}",Plain-cover business/professional appointment book planner,Type: appointment book · Design: plain · Audience: business/professional · Vibe: other (mixed),8,7,False,0.7795241301188339,26.70807453416149,0.25,73.00447082519531,0.4306524415264669,7.0,0.0,0.0,1.0,0.0,0.5714285714285714,0.0,0.0,0.0,0.0,0.0,0.0,0.0,0.5714285714285714,0.42857142857142855,0.0,0.7,0.6125,14.80027791082489,False,False,0.009937888198757764,0.005967604433077579,-0.5012514008354196,0.15715,False,False,0.9239805473870549,-1.0,0.02201787324796779,0.3635223711654473,0.04120323559150657,True,38.99,15.99,,1.0,0.5714285714285714,3.0,0.2,0.95,0.0,0.7948717948717948,0.55,42.67307692307693,38.24999999999999,False,False,False,False,Not listed,,,False,,includes a grouped “other (mixed)” value: not a nameable archetype,0 safe products (< 2),share gap not credible (16% < 90%); ACR 57% (≥ 50%): cheaper or same-look Staples twins,0.0,0.0,,Plain-cover business/professional appointment book planner (Type: appointment book · Design: plain · Audience: business/professional · Vibe: other (mixed))
Office Supplies > Calendars & Planners > Planners & Personal Organizers :: planner_type=appointment book · design_theme=plain · audience=general · vibe=plain,Office Supplies > Calendars & Planners > Planners & Personal Organizers,Office Supplies > Calendars & Planners,amazon,4,"{""planner_type"": ""appointment book"", ""design_theme"": ""plain"", ""audience"": ""general"", ""vibe"": ""plain""}",Plain-cover appointment book planner,Type: appointment book · Design: plain · Audience: general · Vibe: plain,46,46,True,0.4283119662989105,27.00621118012422,0.0,81.69374465942383,0.5654859138880963,46.0,0.0,0.0,1.0,0.0,0.5434782608695652,0.0,0.0,0.0,0.0,0.0,0.0,0.043478260869565216,0.5,0.45652173913043476,0.0,0.175,0.275,4.183320455669617,False,False,0.05714285714285714,0.0392156862745098,-0.3760882578814135,0.033,False,False,0.6442788030352083,-1.0,0.04142282447263418,0.5476495507259875,0.01820020222446916,True,32.49,18.535,beige/cream|purple,1.173913043478261,0.8043478260869565,9.0,0.2875,0.775,0.05,0.8974358974358975,0.475,41.86778846153846,34.90625000000001,False,False,False,False,Not listed,21.875,0.027272727272727275,False,,Method 1: 0 safe products (< 2) · Method 2: share gap not credible (3% < 90%); ACR 80% (≥ 50%): cheaper or same-look Staples twins,0 safe products (< 2),share gap not credible (3% < 90%); ACR 80% (≥ 50%): cheaper or same-look Staples twins,0.0,0.0,,Plain-cover appointment book planner (Type: appointment book · Design: plain · Audience: general · Vibe: plain)
Office Supplies > Calendars & Planners > Planners & Personal Organizers :: planner_type=journal/guided · design_theme=other · audience=general · vibe=other,Office Supplies > Calendars & Planners > Planners & Personal Organizers,Office Supplies > Calendars & Planners,amazon,4,"{""planner_type"": ""journal/guided"", ""design_theme"": ""other"", ""audience"": ""general"", ""vibe"": ""other""}",Journal/guided planner,Type: journal/guided · Design: other (mixed) · Audience: general · Vibe: other (mixed),0,10,False,0.9811460258780038,4.721107830159863,1.0,34.768877029418945,0.5260663507109006,10.0,0.0,0.0,1.0,0.0,0.0,0.0,0.0,0.0,0.0,0.0,0.0,0.0,0.0,1.0,0.0,0.875,0.925,41.69334135289276,False,False,0.0,0.008525149190110827,2.6684341798420097,0.9989,True,True,0.26787439770783494,-1.0,0.2623113825530601,0.555113271893728,0.2009605662285136,False,,13.99,black|brown/wood|metallic|red/pink,,0.0,10.0,0.6875,0.125,0.575,0.9230769230769231,0.9,62.53365384615385,56.6875,True,False,False,False,Not listed,,,False,,includes a grouped “other (mixed)” value: not a nameable archetype,0 safe products (< 2),"passed, outside the top 10 by TG",0.0,0.0,,Journal/guided planner (Type: journal/guided · Design: other (mixed) · Audience: general · Vibe: other (mixed))
Office Supplies > Calendars & Planners > Planners & Personal Organizers :: planner_type=journal/guided · design_theme=other · audience=general · vibe=plain,Office Supplies > Calendars & Planners > Planners & Personal Organizers,Office Supplies > Calendars & Planners,amazon,4,"{""planner_type"": ""journal/guided"", ""design_theme"": ""other"", ""audience"": ""general"", ""vibe"": ""plain""}",Journal/guided planner,Type: journal/guided · Design: other (mixed) · Audience: general · Vibe: plain,0,35,False,0.9536506959143318,4.876489155890439,0.0,49.49842834472656,0.5393215111796454,35.0,0.0,0.0,0.9714285714285714,0.0,0.0,0.0,0.0,0.0,0.0,0.02857142857142857,0.0,0.0,0.0,0.9714285714285714,0.0,0.85,0.275,23.527645309039233,False,False,0.0,0.029838022165387893,3.886591619159902,1.0,True,True,0.3031469101110102,-1.0,0.19008509701860754,0.23154276091969864,-0.057633973710818964,False,,13.99,beige/cream|black|brown/wood|green|grey|multi/pattern|navy|red/pink|yellow/orange,,0.0,35.0,0.975,0.225,0.475,0.3333333333333333,0.3,55.25,55.25,True,False,False,False,Not listed,,,False,,includes a grouped “other (mixed)” value: not a nameable archetype,0 safe products (< 2),"passed, outside the top 10 by TG",0.0,0.0,,Journal/guided planner (Type: journal/guided · Design: other (mixed) · Audience: general · Vibe: plain)
Office Supplies > Calendars & Planners > Planners & Personal Organizers :: planner_type=journal/guided · design_theme=plain · audience=general · vibe=other,Office Supplies > Calendars & Planners > Planners & Personal Organizers,Office Supplies > Calendars & Planners,amazon,4,"{""planner_type"": ""journal/guided"", ""design_theme"": ""plain"", ""audience"": ""general"", ""vibe"": ""other""}",Plain-cover journal/guided planner,Type: journal/guided · Design: plain · Audience: general · Vibe: other (mixed),0,14,False,0.9865328756271455,20.074534161490686,0.6666666666666667,41.3275032043457,0.5991198239647929,14.0,0.0,0.0,1.0,0.0,0.0,0.0,0.0,0.0,0.0,0.0,0.0,0.0,0.0,1.0,0.0,0.9,0.775,38.66362658019096,False,False,0.0,0.011935208866155157,2.9912075721050604,0.9999,True,True,0.31400630518198586,-1.0,0.3656982355977576,0.34924002798976556,0.15748230535894842,False,,17.99,black|blue|brown/wood|green|grey|red/pink,,0.0,14.0,0.775,0.3,0.875,0.7435897435897436,0.875,70.52884615384616,69.625,True,False,False,False,Not listed,,,False,,includes a grouped “other (mixed)” value: not a nameable archetype,0 safe products (< 2),"passed, outside the top 10 by TG",0.0,0.0,,Plain-cover journal/guided planner (Type: journal/guided · Design: plain · Audience: general · Vibe: other (mixed))
Office Supplies > Calendars & Planners > Planners & Personal Organizers :: planner_type=journal/guided · design_theme=plain · audience=wellness/self-care · vibe=plain,Office Supplies > Calendars & Planners > Planners & Personal Organizers,Office Supplies > Calendars & Planners,amazon,4,"{""planner_type"": ""journal/guided"", ""design_theme"": ""plain"", ""audience"": ""wellness/self-care"", ""vibe"": ""plain""}",Plain-cover wellness/self-care journal/guided planner,Type: journal/guided · Design: plain · Audience: wellness/self-care · Vibe: plain,0,21,True,0.9910219170847637,2.611818212673523,0.0,54.48058319091797,0.5260663507109006,21.0,0.0,0.0,1.0,0.0,0.0,0.0,0.0,0.0,0.0,0.0,0.0,0.0,0.0,1.0,0.0,0.925,0.275,22.4335824779615,False,False,0.0,0.017902813299232736,3.385111857812149,1.0,True,True,0.382054054984673,-1.0,0.3103467357355812,0.26991488738190894,-0.03690596562184023,False,,11.99,beige/cream|brown/wood|red/pink,,0.0,21.0,0.9,0.475,0.775,0.5641025641025641,0.35,66.33653846153847,65.875,True,True,True,True,Gap-led,90.625,0.03200204813108039,True,2.0,,0 safe products (< 2),,1.0,1.0,0.7414965986394558,Plain-cover wellness/self-care journal/guided planner (Type: journal/guided · Design: plain · Audience: wellness/self-care · Vibe: plain)
Office Supplies > Calendars & Planners > Planners & Personal Organizers :: planner_type=other · design_theme=plain · audience=general · vibe=plain,Office Supplies > Calendars & Planners > Planners & Personal Organizers,Office Supplies > Calendars & Planners,amazon,4,"{""planner_type"": ""other"", ""design_theme"": ""plain"", ""audience"": ""general"", ""vibe"": ""plain""}",Plain-cover planner,Type: other (mixed) · Design: plain · Audience: general · Vibe: plain,14,18,False,0.5095140564838498,21.490683229813662,0.0,61.57596206665039,0.7367035281727226,18.0,1.0,0.05555555555555555,0.7777777777777778,0.07142857142857142,0.0,0.0,0.0,0.05555555555555555,0.0,0.2222222222222222,0.0,0.0,0.0,0.7222222222222222,0.0,0.3,0.275,10.306174211827862,False,False,0.017391304347826087,0.015345268542199489,-0.1324661752236631,0.35245,False,False,0.36065444870061336,-1.0,0.05644168380257171,0.2849871896910238,0.07431749241658242,True,23.189999999999998,15.49,grey|navy,1.0,0.3333333333333333,12.0,0.35,0.4,0.2,0.6153846153846154,0.75,37.60576923076923,35.12500000000001,False,False,False,False,Not listed,,,False,,includes a grouped “other (mixed)” value: not a nameable archetype,1 safe products (< 2),share gap not credible (35% < 90%),0.0,0.0,,Plain-cover planner (Type: other (mixed) · Design: plain · Audience: general · Vibe: plain)
Office Supplies > Calendars & Planners > Planners & Personal Organizers :: planner_type=planner · design_theme=art/pattern · audience=general · vibe=plain,Office Supplies > Calendars & Planners > Planners & Personal Organizers,Office Supplies > Calendars & Planners,amazon,4,"{""planner_type"": ""planner"", ""design_theme"": ""art/pattern"", ""audience"": ""general"", ""vibe"": ""plain""}",Art/pattern planner,Type: planner · Design: art/pattern · Audience: general · Vibe: plain,43,13,True,0.1475343930088381,77.24223602484473,0.0,86.29547119140625,0.9090357792601578,13.0,2.0,0.15384615384615385,1.0,0.15384615384615385,0.6153846153846154,0.0,0.07692307692307693,0.07692307692307693,0.0,0.0,0.0,0.38461538461538464,0.23076923076923078,0.23076923076923078,0.0,0.025,0.275,4.272067651215548,True,True,0.05341614906832298,0.011082693947144074,-1.5461595105316681,0.0,False,False,0.1427724131066032,1.0,0.07345881606185974,0.5696164377795734,0.3265925176946411,True,19.99,20.99,yellow/orange,1.0,0.6923076923076923,4.0,0.0,0.025,0.25,0.9487179487179487,0.95,32.730769230769226,24.625,False,False,False,True,Vector-led,9.375,0.02649122807017544,True,6.0,,,share gap not credible (0% < 90%); ACR 69% (≥ 50%): cheaper or same-look Staples twins,0.249,0.0,0.5,Art/pattern planner (Type: planner · Design: art/pattern · Audience: general · Vibe: plain)
Office Supplies > Calendars & Planners > Planners & Personal Organizers :: planner_type=planner · design_theme=floral/botanical · audience=general · vibe=floral/botanical,Office Supplies > Calendars & Planners > Planners & Personal Organizers,Office Supplies > Calendars & Planners,amazon,4,"{""planner_type"": ""planner"", ""design_theme"": ""floral/botanical"", ""audience"": ""general"", ""vibe"": ""floral/botanical""}",Floral/botanical planner,Type: planner · Design: floral/botanical · Audience: general · Vibe: floral/botanical,65,43,True,0.22201879001340677,31.180124223602483,0.6666666666666666,81.96758270263672,0.76905311778291,43.0,3.0,0.06976744186046512,1.0,0.06976744186046512,0.5581395348837209,0.0,0.06976744186046512,0.0,0.0,0.0,0.0,0.11627906976744186,0.4418604651162791,0.37209302325581395,0.0,0.05,0.7375,5.417215362542905,False,False,0.08074534161490683,0.03665814151747655,-0.7853774624279813,5e-05,False,False,0.2817868229046984,-1.0,0.13087327187178308,0.2654654420638701,0.011627906976744207,True,16.945,11.39,beige/cream|metallic|purple|white,1.1076923076923078,0.627906976744186,16.0,0.1,0.2,0.375,0.5128205128205128,0.425,25.442307692307693,22.750000000000004,False,False,False,False,Not listed,15.625,0.026875901875901876,False,,Method 1: safe share 7% (< 10%) · Method 2: share gap not credible (0% < 90%); ACR 63% (≥ 50%): cheaper or same-look Staples twins,safe share 7% (< 10%),share gap not credible (0% < 90%); ACR 63% (≥ 50%): cheaper or same-look Staples twins,0.0,0.0,,Floral/botanical planner (Type: planner · Design: floral/botanical · Audience: general · Vibe: floral/botanical)
Office Supplies > Calendars & Planners > Planners & Personal Organizers :: planner_type=planner · design_theme=floral/botanical · audience=other · vibe=floral/botanical,Office Supplies > Calendars & Planners > Planners & Personal Organizers,Office Supplies > Calendars & Planners,amazon,4,"{""planner_type"": ""planner"", ""design_theme"": ""floral/botanical"", ""audience"": ""other"", ""vibe"": ""floral/botanical""}",Floral/botanical planner,Type: planner · Design: floral/botanical · Audience: other (mixed) · Vibe: floral/botanical,4,7,False,0.3251122230723325,24.626820079421645,1.0,85.3072738647461,0.5855043054783933,7.0,1.0,0.14285714285714285,1.0,0.14285714285714285,0.2857142857142857,0.0,0.14285714285714285,0.0,0.0,0.0,0.0,0.0,0.2857142857142857,0.5714285714285714,0.0,0.125,0.925,5.309664132912841,False,False,0.004968944099378882,0.005967604433077579,0.13473736588457733,0.61015,False,False,0.9754160493319369,-1.0,0.046642311615156175,0.1374485621259637,-0.1779575328614763,True,32.39,11.49,beige/cream|blue|purple,1.0,0.7142857142857143,2.0,0.45,1.0,0.075,0.10256410256410256,0.175,33.16346153846153,37.875,False,False,False,False,Not listed,,,False,,includes a grouped “other (mixed)” value: not a nameable archetype,1 safe products (< 2),share gap not credible (61% < 90%); ACR 71% (≥ 50%): cheaper or same-look Staples twins,0.0,0.0,,Floral/botanical planner (Type: planner · Design: floral/botanical · Audience: other (mixed) · Vibe: floral/botanical)
Office Supplies > Calendars & Planners > Planners & Personal Organizers :: planner_type=planner · design_theme=floral/botanical · audience=student · vibe=floral/botanical,Office Supplies > Calendars & Planners > Planners & Personal Organizers,Office Supplies > Calendars & Planners,amazon,4,"{""planner_type"": ""planner"", ""design_theme"": ""floral/botanical"", ""audience"": ""student"", ""vibe"": ""floral/botanical""}",Floral/botanical student planner,Type: planner · Design: floral/botanical · Audience: student · Vibe: floral/botanical,4,6,True,0.3407075061763533,70.9983708380002,0.16666666666666666,72.69539642333984,0.76905311778291,6.0,2.0,0.3333333333333333,1.0,0.3333333333333333,0.5,0.0,0.16666666666666666,0.0,0.16666666666666666,0.0,0.0,0.16666666666666666,0.3333333333333333,0.16666666666666666,0.0,0.15,0.575,11.583844616530373,True,True,0.004968944099378882,0.005115089514066497,-0.008363477756096083,0.5096,False,False,0.7156471934683992,-1.0,0.04678484847737534,,0.05940343781597579,True,19.99,9.99,,1.0,0.3333333333333333,4.0,0.4,0.85,0.1,0.5,0.625,42.375,42.75,False,False,False,True,Vector-led,59.375,0.029631255487269532,True,5.0,,,share gap not credible (51% < 90%),0.94,1.0,1.0,Floral/botanical student planner (Type: planner · Design: floral/botanical · Audience: student · Vibe: floral/botanical)
Office Supplies > Calendars & Planners > Planners & Personal Organizers :: planner_type=planner · design_theme=other · audience=general · vibe=other,Office Supplies > Calendars & Planners > Planners & Personal Organizers,Office Supplies > Calendars & Planners,amazon,4,"{""planner_type"": ""planner"", ""design_theme"": ""other"", ""audience"": ""general"", ""vibe"": ""other""}",Planner,Type: planner · Design: other (mixed) · Audience: general · Vibe: other (mixed),15,12,False,0.6451401071398309,18.012218714998472,1.0,83.7605972290039,0.7637956711690214,12.0,1.0,0.08333333333333333,1.0,0.08333333333333333,0.3333333333333333,0.0,0.08333333333333333,0.0,0.0,0.0,0.0,0.0,0.3333333333333333,0.5833333333333334,0.0,0.475,0.925,8.104057256629662,False,False,0.018633540372670808,0.010230179028132993,-0.591199637498359,0.0607,False,False,0.35789664814609995,1.0,0.2969571035645601,0.3725359658615196,-0.13675429726996957,True,8.99,19.979999999999997,brown/wood|green|red/pink,1.0,0.9166666666666666,1.0,0.175,0.375,0.7,0.8205128205128205,0.225,36.74519230769231,30.937499999999996,False,False,False,False,Not listed,,,False,,includes a grouped “other (mixed)” value: not a nameable archetype,1 safe products (< 2),share gap not credible (6% < 90%); ACR 92% (≥ 50%): cheaper or same-look Staples twins; 1 non-cannibalising products (< 2),0.0,0.0,,Planner (Type: planner · Design: other (mixed) · Audience: general · Vibe: other (mixed))
Office Supplies > Calendars & Planners > Planners & Personal Organizers :: planner_type=planner · design_theme=other · audience=general · vibe=plain,Office Supplies > Calendars & Planners > Planners & Personal Organizers,Office Supplies > Calendars & Planners,amazon,4,"{""planner_type"": ""planner"", ""design_theme"": ""other"", ""audience"": ""general"", ""vibe"": ""plain""}",Planner,Type: planner · Design: other (mixed) · Audience: general · Vibe: plain,18,18,False,0.5388215347454478,15.159148762855107,0.0,80.25590133666992,0.8636489581621356,18.0,0.0,0.0,0.8888888888888888,0.0,0.1111111111111111,0.0,0.0,0.0,0.0,0.1111111111111111,0.0,0.05555555555555555,0.05555555555555555,0.7777777777777778,0.0,0.35,0.275,5.365013509056158,False,False,0.02236024844720497,0.015345268542199489,-0.37608825788141365,0.12915,False,False,0.2159801046599965,1.0,0.34002344395374534,0.22613974543356136,-0.037664307381193085,True,11.49,17.99,beige/cream|green|metallic,1.0,0.2777777777777778,13.0,0.25,0.075,0.825,0.28205128205128205,0.325,27.355769230769226,29.25,False,False,False,False,Not listed,,,False,,includes a grouped “other (mixed)” value: not a nameable archetype,0 safe products (< 2),share gap not credible (13% < 90%),0.0,0.0,,Planner (Type: planner · Design: other (mixed) · Audience: general · Vibe: plain)
Office Supplies > Calendars & Planners > Planners & Personal Organizers :: planner_type=planner · design_theme=plain · audience=business/professional · vibe=other,Office Supplies > Calendars & Planners > Planners & Personal Organizers,Office Supplies > Calendars & Planners,amazon,4,"{""planner_type"": ""planner"", ""design_theme"": ""plain"", ""audience"": ""business/professional"", ""vibe"": ""other""}",Plain-cover business/professional planner,Type: planner · Design: plain · Audience: business/professional · Vibe: other (mixed),24,8,False,0.5841604668587962,22.161490683229815,0.8,73.07550048828125,0.847275686761843,8.0,0.0,0.0,0.875,0.0,0.125,0.0,0.0,0.0,0.0,0.125,0.0,0.125,0.0,0.75,0.0,0.425,0.8,12.324271569198702,False,False,0.02981366459627329,0.0068201193520886615,-1.4346952119358238,0.0,False,False,0.4510016216682803,-1.0,0.09462409254708704,0.2448706705489259,0.07128412537917095,True,27.74,24.99,clear,1.3333333333333333,0.5,4.0,0.025,0.575,0.275,0.48717948717948717,0.7,33.87019230769231,34.3125,False,False,False,False,Not listed,,,False,,includes a grouped “other (mixed)” value: not a nameable archetype,0 safe products (< 2),share gap not credible (0% < 90%); ACR 50% (≥ 50%): cheaper or same-look Staples twins,0.0,0.0,,Plain-cover business/professional planner (Type: planner · Design: plain · Audience: business/professional · Vibe: other (mixed))
Office Supplies > Calendars & Planners > Planners & Personal Organizers :: planner_type=planner · design_theme=plain · audience=business/professional · vibe=plain,Office Supplies > Calendars & Planners > Planners & Personal Organizers,Office Supplies > Calendars & Planners,amazon,4,"{""planner_type"": ""planner"", ""design_theme"": ""plain"", ""audience"": ""business/professional"", ""vibe"": ""plain""}",Plain-cover business/professional planner,Type: planner · Design: plain · Audience: business/professional · Vibe: plain,6,52,True,0.5478304664199969,26.782608695652176,0.0,77.81486511230469,0.6456048873107401,52.0,4.0,0.07692307692307693,0.9230769230769231,0.08333333333333333,0.36538461538461536,0.0,0.038461538461538464,0.038461538461538464,0.0,0.07692307692307693,0.0,0.038461538461538464,0.3269230769230769,0.4807692307692308,0.0,0.4,0.275,7.3010796629864245,False,False,0.007453416149068323,0.0443307757885763,1.7129227348145732,1.0,False,True,0.6889124393581512,-1.0,0.04932454336111516,0.10242600208763084,-0.14054600606673417,True,25.84,9.99,beige/cream|brown/wood|grey|navy,1.3333333333333333,0.5576923076923077,23.0,0.625,0.825,0.15,0.05128205128205128,0.2,44.39423076923077,49.5,True,False,False,False,Not listed,53.125,0.029211087420042643,False,,Method 1: safe share 8% (< 10%) · Method 2: ACR 56% (≥ 50%): cheaper or same-look Staples twins,safe share 8% (< 10%),ACR 56% (≥ 50%): cheaper or same-look Staples twins,0.0,0.0,,Plain-cover business/professional planner (Type: planner · Design: plain · Audience: business/professional · Vibe: plain)
Office Supplies > Calendars & Planners > Planners & Personal Organizers :: planner_type=planner · design_theme=plain · audience=student · vibe=other,Office Supplies > Calendars & Planners > Planners & Personal Organizers,Office Supplies > Calendars & Planners,amazon,4,"{""planner_type"": ""planner"", ""design_theme"": ""plain"", ""audience"": ""student"", ""vibe"": ""other""}",Plain-cover student planner,Type: planner · Design: plain · Audience: student · Vibe: other (mixed),4,19,False,0.6904985135273869,44.87414723551573,1.0,82.64600372314453,0.666444296197465,19.0,1.0,0.05263157894736842,0.8947368421052632,0.058823529411764705,0.6842105263157895,0.0,0.05263157894736842,0.0,0.0,0.10526315789473684,0.0,0.05263157894736842,0.631578947368421,0.15789473684210525,0.0,0.575,0.925,10.839695527815788,False,False,0.004968944099378882,0.01619778346121057,1.0902488109120136,0.99015,False,False,0.3929106450264523,-1.0,0.2653668990762438,0.03917983836496709,0.031092012133468128,True,16.79,11.99,,1.0,0.7894736842105263,4.0,0.525,0.5,0.625,0.02564102564102564,0.5,45.63461538461539,53.37499999999999,True,False,False,False,Not listed,,,False,,includes a grouped “other (mixed)” value: not a nameable archetype,1 safe products (< 2),ACR 79% (≥ 50%): cheaper or same-look Staples twins,0.0,0.0,,Plain-cover student planner (Type: planner · Design: plain · Audience: student · Vibe: other (mixed))
Office Supplies > Calendars & Planners > Planners & Personal Organizers :: planner_type=planner · design_theme=plain · audience=wellness/self-care · vibe=plain,Office Supplies > Calendars & Planners > Planners & Personal Organizers,Office Supplies > Calendars & Planners,amazon,4,"{""planner_type"": ""planner"", ""design_theme"": ""plain"", ""audience"": ""wellness/self-care"", ""vibe"": ""plain""}",Plain-cover wellness/self-care planner,Type: planner · Design: plain · Audience: wellness/self-care · Vibe: plain,8,40,True,0.6850978712898371,22.757763975155278,0.0,78.47910690307617,0.582371886152053,40.0,2.0,0.05,0.9,0.05555555555555555,0.225,0.0,0.0,0.05,0.0,0.1,0.0,0.05,0.175,0.625,0.0,0.525,0.275,8.033174611464792,False,False,0.009937888198757764,0.03410059676044331,1.185147552734809,0.99985,False,False,0.532656539723754,-1.0,0.4440352048802505,0.17400032183009262,-0.17821031344792715,True,17.49,11.935,black|brown/wood|green|metallic|navy|red/pink|yellow/orange,1.0,0.65,14.0,0.55,0.65,0.95,0.15384615384615385,0.15,51.05769230769231,57.49999999999999,True,False,False,False,Not listed,65.625,0.030090497737556562,False,,Method 1: safe share 6% (< 10%) · Method 2: ACR 65% (≥ 50%): cheaper or same-look Staples twins,safe share 6% (< 10%),ACR 65% (≥ 50%): cheaper or same-look Staples twins,0.0,0.0,,Plain-cover wellness/self-care planner (Type: planner · Design: plain · Audience: wellness/self-care · Vibe: plain)
Office Supplies > Calendars & Planners > Planners & Personal Organizers :: planner_type=address book · design_theme=plain · audience=general · vibe=plain · planner_size=large,Office Supplies > Calendars & Planners > Planners & Personal Organizers,Office Supplies > Calendars & Planners,amazon,5,"{""planner_type"": ""address book"", ""design_theme"": ""plain"", ""audience"": ""general"", ""vibe"": ""plain"", ""planner_size"": ""large""}",Plain-cover large address book planner,Type: address book · Design: plain · Audience: general · Vibe: plain · Size: large,1,16,True,0.8126574540922173,1.3200285103349965,0.0,65.75141143798828,0.5598239295718288,16.0,0.0,0.0,1.0,0.0,0.0,0.0,0.0,0.0,0.0,0.0,0.0,0.0,0.0,1.0,0.0,0.725,0.275,13.663819822016391,False,False,0.0012422360248447205,0.013640238704177323,2.021807014916957,0.99975,False,True,0.27928559114552143,-1.0,0.11827109207090902,0.2438409419286114,-0.2558139534883721,False,29.99,15.36,black|blue|brown/wood|white,1.0,0.625,6.0,0.65,0.15,0.325,0.46153846153846156,0.075,38.67307692307692,34.5,True,False,False,False,Not listed,56.25,0.02946912242686891,False,,Method 1: 0 safe products (< 2) · Method 2: ACR 62% (≥ 50%): cheaper or same-look Staples twins,0 safe products (< 2),ACR 62% (≥ 50%): cheaper or same-look Staples twins,0.0,0.0,,Plain-cover large address book planner (Type: address book · Design: plain · Audience: general · Vibe: plain · Size: large)
Office Supplies > Calendars & Planners > Planners & Personal Organizers :: planner_type=address book · design_theme=plain · audience=general · vibe=plain · planner_size=pocket,Office Supplies > Calendars & Planners > Planners & Personal Organizers,Office Supplies > Calendars & Planners,amazon,5,"{""planner_type"": ""address book"", ""design_theme"": ""plain"", ""audience"": ""general"", ""vibe"": ""plain"", ""planner_size"": ""pocket""}",Plain-cover pocket address book planner,Type: address book · Design: plain · Audience: general · Vibe: plain · Size: pocket,0,16,True,0.8762471465679995,20.074534161490686,0.5,78.09451675415039,0.32666410157752984,16.0,0.0,0.0,1.0,0.0,0.0625,0.0,0.0,0.0,0.0,0.0,0.0,0.0,0.0625,0.9375,0.0,0.775,0.6875,12.723769330098765,False,False,0.0,0.013640238704177323,3.120419303585067,0.99995,True,True,0.6551044542691439,-1.0,0.30027176802998556,0.36041581662048894,-0.3402426693629929,False,,8.49,black|blue|brown/wood|purple|red/pink|yellow/orange,,0.5,8.0,0.8,0.8,0.75,0.7692307692307693,0.025,67.16346153846155,63.5,True,False,False,False,Not listed,81.25,0.03128054740957967,False,,Method 1: 0 safe products (< 2) · Method 2: ACR 50% (≥ 50%): cheaper or same-look Staples twins,0 safe products (< 2),ACR 50% (≥ 50%): cheaper or same-look Staples twins,0.0,0.0,,Plain-cover pocket address book planner (Type: address book · Design: plain · Audience: general · Vibe: plain · Size: pocket)
Office Supplies > Calendars & Planners > Planners & Personal Organizers :: planner_type=address book · design_theme=plain · audience=general · vibe=plain · planner_size=other,Office Supplies > Calendars & Planners > Planners & Personal Organizers,Office Supplies > Calendars & Planners,amazon,5,"{""planner_type"": ""address book"", ""design_theme"": ""plain"", ""audience"": ""general"", ""vibe"": ""plain"", ""planner_size"": ""other""}",Plain-cover address book planner,Type: address book · Design: plain · Audience: general · Vibe: plain · Size: other (mixed),5,27,False,0.923138631917174,20.149068322981368,0.0,80.9920425415039,0.3587287004834088,27.0,0.0,0.0,0.9629629629629629,0.0,0.0,0.0,0.0,0.0,0.0,0.037037037037037035,0.0,0.0,0.0,0.9629629629629629,0.0,0.825,0.275,9.512479182272962,False,False,0.006211180124223602,0.023017902813299233,1.233349654552687,0.99895,False,False,0.950710574502134,-1.0,0.049819981181022335,0.2413231576061861,0.07330637007077856,True,27.99,9.99,beige/cream|blue|grey|purple,1.0,0.4444444444444444,15.0,0.575,0.975,0.175,0.38461538461538464,0.725,58.894230769230774,62.499999999999986,True,False,False,False,Not listed,,,False,,includes a grouped “other (mixed)” value: not a nameable archetype,0 safe products (< 2),"passed, outside the top 10 by TG",0.0,0.0,,Plain-cover address book planner (Type: address book · Design: plain · Audience: general · Vibe: plain · Size: other (mixed))
Office Supplies > Calendars & Planners > Planners & Personal Organizers :: planner_type=journal/guided · design_theme=plain · audience=general · vibe=plain · planner_size=medium,Office Supplies > Calendars & Planners > Planners & Personal Organizers,Office Supplies > Calendars & Planners,amazon,5,"{""planner_type"": ""journal/guided"", ""design_theme"": ""plain"", ""audience"": ""general"", ""vibe"": ""plain"", ""planner_size"": ""medium""}",Plain-cover medium journal/guided planner,Type: journal/guided · Design: plain · Audience: general · Vibe: plain · Size: medium,0,20,True,1.0,20.111801242236027,0.3333333333333333,53.52433776855469,0.7695539107821565,20.0,0.0,0.0,1.0,0.0,0.0,0.0,0.0,0.0,0.0,0.0,0.0,0.0,0.0,1.0,0.0,0.9875,0.65,31.009045360908743,False,False,0.0,0.017050298380221655,3.337483808822894,1.0,True,True,0.30716562650243945,1.0,0.3435225774187596,0.6011863018801575,0.043478260869565244,False,,29.685,beige/cream|black|brown/wood|green|red/pink,,0.0,20.0,0.8625,0.25,0.85,1.0,0.575,71.5625,64.9375,True,True,True,True,Gap-led,100.0,0.03278688524590164,True,1.0,,0 safe products (< 2),,1.0,1.0,0.44500000000000006,Plain-cover medium journal/guided planner (Type: journal/guided · Design: plain · Audience: general · Vibe: plain · Size: medium)
Office Supplies > Calendars & Planners > Planners & Personal Organizers :: planner_type=journal/guided · design_theme=plain · audience=general · vibe=plain · planner_size=pocket,Office Supplies > Calendars & Planners > Planners & Personal Organizers,Office Supplies > Calendars & Planners,amazon,5,"{""planner_type"": ""journal/guided"", ""design_theme"": ""plain"", ""audience"": ""general"", ""vibe"": ""plain"", ""planner_size"": ""pocket""}",Plain-cover pocket journal/guided planner,Type: journal/guided · Design: plain · Audience: general · Vibe: plain · Size: pocket,0,19,True,0.991213713498148,20.4472049689441,0.0,69.38253784179688,0.8288357748650733,19.0,0.0,0.0,1.0,0.0,0.0,0.0,0.0,0.0,0.0,0.0,0.0,0.0,0.0,1.0,0.0,0.95,0.275,17.072040169141307,False,False,0.0,0.01619778346121057,3.287473388248233,1.0,True,True,0.13469757413608233,-1.0,0.2823145477183604,0.5723308872282274,0.03235591506572294,False,,16.99,black|blue|brown/wood|green|red/pink,,0.0,19.0,0.825,0.0,0.675,0.9743589743589743,0.525,61.490384615384606,52.87499999999999,True,True,True,True,Gap-led,81.25,0.03125,True,3.0,,0 safe products (< 2),,1.0,1.0,0.6343490304709141,Plain-cover pocket journal/guided planner (Type: journal/guided · Design: plain · Audience: general · Vibe: plain · Size: pocket)
Office Supplies > Calendars & Planners > Planners & Personal Organizers :: planner_type=journal/guided · design_theme=plain · audience=general · vibe=plain · planner_size=other,Office Supplies > Calendars & Planners > Planners & Personal Organizers,Office Supplies > Calendars & Planners,amazon,5,"{""planner_type"": ""journal/guided"", ""design_theme"": ""plain"", ""audience"": ""general"", ""vibe"": ""plain"", ""planner_size"": ""other""}",Plain-cover journal/guided planner,Type: journal/guided · Design: plain · Audience: general · Vibe: plain · Size: other (mixed),0,20,False,0.8955604111838488,20.074534161490686,0.0,45.66545486450195,0.5302492391209761,20.0,0.0,0.0,1.0,0.0,0.0,0.0,0.0,0.0,0.0,0.0,0.0,0.0,0.0,1.0,0.0,0.8,0.275,26.568158274259627,False,False,0.0,0.017050298380221655,3.337483808822894,1.0,True,True,0.36694391977541485,-1.0,0.18366684583993784,0.24153185855958512,0.06521739130434784,False,,12.094999999999999,black|blue|brown/wood|metallic|multi/pattern|purple|red/pink,,0.0,20.0,0.8625,0.425,0.45,0.41025641025641024,0.65,61.34134615384615,62.81250000000001,True,False,False,False,Not listed,,,False,,includes a grouped “other (mixed)” value: not a nameable archetype,0 safe products (< 2),"passed, outside the top 10 by TG",0.0,0.0,,Plain-cover journal/guided planner (Type: journal/guided · Design: plain · Audience: general · Vibe: plain · Size: other (mixed))
Office Supplies > Calendars & Planners > Planners & Personal Organizers :: planner_type=planner · design_theme=plain · audience=general · vibe=other · planner_size=large,Office Supplies > Calendars & Planners > Planners & Personal Organizers,Office Supplies > Calendars & Planners,amazon,5,"{""planner_type"": ""planner"", ""design_theme"": ""plain"", ""audience"": ""general"", ""vibe"": ""other"", ""planner_size"": ""large""}",Plain-cover large planner,Type: planner · Design: plain · Audience: general · Vibe: other (mixed) · Size: large,22,24,False,0.7410531587253838,27.602484472049692,1.0,83.0365982055664,0.49474737368684346,24.0,2.0,0.08333333333333333,1.0,0.08333333333333333,0.7083333333333334,0.0,0.08333333333333333,0.0,0.0,0.0,0.0,0.0,0.7083333333333334,0.20833333333333334,0.0,0.625,0.925,10.098439523519199,False,False,0.02732919254658385,0.020460358056265986,-0.29093044954110664,0.16635,False,False,0.8831881995095853,-1.0,0.4112347065566342,0.34736375480224174,0.11172901921132461,True,24.49,9.925,blue,1.1818181818181819,0.7083333333333334,7.0,0.325,0.9,0.9,0.717948717948718,0.8,59.956730769230774,62.18750000000001,False,False,False,False,Not listed,,,False,,includes a grouped “other (mixed)” value: not a nameable archetype,safe share 8% (< 10%); 71% substitute/undercut (≥ 70%),share gap not credible (17% < 90%); ACR 71% (≥ 50%): cheaper or same-look Staples twins,0.0,0.0,,Plain-cover large planner (Type: planner · Design: plain · Audience: general · Vibe: other (mixed) · Size: large)
Office Supplies > Calendars & Planners > Planners & Personal Organizers :: planner_type=planner · design_theme=plain · audience=general · vibe=other · planner_size=medium,Office Supplies > Calendars & Planners > Planners & Personal Organizers,Office Supplies > Calendars & Planners,amazon,5,"{""planner_type"": ""planner"", ""design_theme"": ""plain"", ""audience"": ""general"", ""vibe"": ""other"", ""planner_size"": ""medium""}",Plain-cover medium planner,Type: planner · Design: plain · Audience: general · Vibe: other (mixed) · Size: medium,15,25,False,0.4915966486766294,24.248447204968944,0.6666666666666666,81.55587005615234,0.7998665777184791,25.0,2.0,0.08,1.0,0.08,0.32,0.0,0.08,0.0,0.0,0.0,0.0,0.0,0.32,0.6,0.0,0.25,0.7375,6.817325610634702,False,False,0.018633540372670808,0.021312872975277068,0.12175017035776595,0.6608,False,False,0.3088087384769123,-1.0,0.46744717304713307,0.22136538622045965,0.010616784630940401,True,17.99,14.99,blue|brown/wood|green,1.1333333333333333,0.8,5.0,0.425,0.275,0.975,0.23076923076923078,0.4,37.02403846153846,41.8125,False,False,False,False,Not listed,,,False,,includes a grouped “other (mixed)” value: not a nameable archetype,safe share 8% (< 10%),share gap not credible (66% < 90%); ACR 80% (≥ 50%): cheaper or same-look Staples twins,0.0,0.0,,Plain-cover medium planner (Type: planner · Design: plain · Audience: general · Vibe: other (mixed) · Size: medium)
Office Supplies > Calendars & Planners > Planners & Personal Organizers :: planner_type=planner · design_theme=plain · audience=general · vibe=other · planner_size=pocket,Office Supplies > Calendars & Planners > Planners & Personal Organizers,Office Supplies > Calendars & Planners,amazon,5,"{""planner_type"": ""planner"", ""design_theme"": ""plain"", ""audience"": ""general"", ""vibe"": ""other"", ""planner_size"": ""pocket""}",Plain-cover pocket planner,Type: planner · Design: plain · Audience: general · Vibe: other (mixed) · Size: pocket,8,11,False,0.49501931844956437,24.919254658385093,1.0,81.78449249267578,0.666444296197465,11.0,2.0,0.18181818181818182,1.0,0.18181818181818182,0.2727272727272727,0.0,0.18181818181818182,0.0,0.0,0.0,0.0,0.18181818181818182,0.09090909090909091,0.5454545454545454,0.0,0.275,0.925,7.828255776020309,False,False,0.009937888198757764,0.00937766410912191,-0.07380738600847984,0.44315,False,False,0.2794216738799524,-1.0,0.11988407475190538,0.016097843600902197,0.403437815975733,True,11.59,9.99,,1.25,0.5454545454545454,5.0,0.375,0.175,0.35,0.0,1.0,30.312499999999996,37.9375,False,False,False,False,Not listed,,,False,,includes a grouped “other (mixed)” value: not a nameable archetype,"passed, outside the top 10 by VOS",share gap not credible (44% < 90%); ACR 55% (≥ 50%): cheaper or same-look Staples twins,0.0,0.0,,Plain-cover pocket planner (Type: planner · Design: plain · Audience: general · Vibe: other (mixed) · Size: pocket)
Office Supplies > Calendars & Planners > Planners & Personal Organizers :: planner_type=planner · design_theme=plain · audience=general · vibe=other · planner_size=other,Office Supplies > Calendars & Planners > Planners & Personal Organizers,Office Supplies > Calendars & Planners,amazon,5,"{""planner_type"": ""planner"", ""design_theme"": ""plain"", ""audience"": ""general"", ""vibe"": ""other"", ""planner_size"": ""other""}",Plain-cover planner,Type: planner · Design: plain · Audience: general · Vibe: other (mixed) · Size: other (mixed),0,13,False,0.7646963656540794,20.0,1.0,56.60668182373047,0.5260663507109006,13.0,0.0,0.0,1.0,0.0,0.15384615384615385,0.0,0.0,0.0,0.0,0.0,0.0,0.0,0.15384615384615385,0.8461538461538461,0.0,0.65,0.925,25.33084948539734,False,False,0.0,0.011082693947144074,2.919748608122916,0.99965,True,True,0.21067173489052055,1.0,0.3385114605903309,0.3247251188087179,0.3483316481294237,False,,23.95,beige/cream|brown/wood|green|grey|red/pink|yellow/orange,,0.46153846153846156,7.0,0.75,0.05,0.8,0.6923076923076923,0.975,64.25961538461537,63.0,True,False,False,False,Not listed,,,False,,includes a grouped “other (mixed)” value: not a nameable archetype,0 safe products (< 2),"passed, outside the top 10 by TG",0.0,0.0,,Plain-cover planner (Type: planner · Design: plain · Audience: general · Vibe: other (mixed) · Size: other (mixed))
Office Supplies > Calendars & Planners > Planners & Personal Organizers :: planner_type=planner · design_theme=plain · audience=general · vibe=plain · planner_size=large,Office Supplies > Calendars & Planners > Planners & Personal Organizers,Office Supplies > Calendars & Planners,amazon,5,"{""planner_type"": ""planner"", ""design_theme"": ""plain"", ""audience"": ""general"", ""vibe"": ""plain"", ""planner_size"": ""large""}",Plain-cover large planner,Type: planner · Design: plain · Audience: general · Vibe: plain · Size: large,154,81,True,0.5417879987825563,27.602484472049692,0.0,75.0365982055664,0.7753876938469235,81.0,0.0,0.0,1.0,0.0,0.654320987654321,0.0,0.0,0.0,0.0,0.0,0.0,0.24691358024691357,0.4074074074074074,0.345679012345679,0.0,0.375,0.275,7.995963657379151,False,False,0.19130434782608696,0.06905370843989769,-1.0156793339723966,0.0,False,False,0.34365810185383405,-1.0,0.17101990265434164,0.31122479620427324,0.2098078867542973,True,19.99,15.99,metallic,1.0714285714285714,0.6296296296296297,30.0,0.05,0.35,0.425,0.6666666666666666,0.925,38.125,36.625,False,False,False,False,Not listed,40.625,0.028381642512077296,False,,Method 1: 0 safe products (< 2) · Method 2: share gap not credible (0% < 90%); ACR 63% (≥ 50%): cheaper or same-look Staples twins,0 safe products (< 2),share gap not credible (0% < 90%); ACR 63% (≥ 50%): cheaper or same-look Staples twins,0.0,0.0,,Plain-cover large planner (Type: planner · Design: plain · Audience: general · Vibe: plain · Size: large)
Office Supplies > Calendars & Planners > Planners & Personal Organizers :: planner_type=planner · design_theme=plain · audience=general · vibe=plain · planner_size=medium,Office Supplies > Calendars & Planners > Planners & Personal Organizers,Office Supplies > Calendars & Planners,amazon,5,"{""planner_type"": ""planner"", ""design_theme"": ""plain"", ""audience"": ""general"", ""vibe"": ""plain"", ""planner_size"": ""medium""}",Plain-cover medium planner,Type: planner · Design: plain · Audience: general · Vibe: plain · Size: medium,105,67,True,0.463737541556592,31.180124223602483,0.0,79.68242645263672,0.666444296197465,67.0,1.0,0.014925373134328358,0.9850746268656716,0.015151515151515152,0.6119402985074627,0.0,0.014925373134328358,0.0,0.0,0.014925373134328358,0.0,0.14925373134328357,0.4626865671641791,0.3582089552238806,0.0,0.2,0.275,5.125928202030821,False,False,0.13043478260869565,0.05711849957374254,-0.8226716129190503,0.0,False,False,0.3397658334987276,-1.0,0.2649110326411824,0.23554702037545952,0.01718907987866536,True,17.89,11.245000000000001,clear|navy,1.0380952380952382,0.6417910447761194,24.0,0.075,0.325,0.6,0.358974358974359,0.45,28.947115384615387,30.4375,False,False,False,False,Not listed,12.5,0.02667140825035562,False,,Method 1: 1 safe products (< 2) · Method 2: share gap not credible (0% < 90%); ACR 64% (≥ 50%): cheaper or same-look Staples twins,1 safe products (< 2),share gap not credible (0% < 90%); ACR 64% (≥ 50%): cheaper or same-look Staples twins,0.0,0.0,,Plain-cover medium planner (Type: planner · Design: plain · Audience: general · Vibe: plain · Size: medium)
Office Supplies > Calendars & Planners > Planners & Personal Organizers :: planner_type=planner · design_theme=plain · audience=general · vibe=plain · planner_size=pocket,Office Supplies > Calendars & Planners > Planners & Personal Organizers,Office Supplies > Calendars & Planners,amazon,5,"{""planner_type"": ""planner"", ""design_theme"": ""plain"", ""audience"": ""general"", ""vibe"": ""plain"", ""planner_size"": ""pocket""}",Plain-cover pocket planner,Type: planner · Design: plain · Audience: general · Vibe: plain · Size: pocket,52,50,True,0.23888254705669074,30.28571428571429,0.0,72.98111724853516,0.8748435544430538,50.0,1.0,0.02,0.98,0.02040816326530612,0.56,0.0,0.02,0.0,0.0,0.02,0.0,0.42,0.14,0.4,0.0,0.075,0.275,5.224293972015381,False,False,0.06459627329192547,0.042625745950554135,-0.4149280911976775,0.0161,False,False,0.38092767626341795,1.0,0.4926350322324526,0.10604966554220754,0.05915065722952473,True,7.99,11.99,beige/cream|clear|green|white,1.0,0.24,38.0,0.225,0.45,1.0,0.07692307692307693,0.6,38.09134615384616,47.18750000000001,False,False,False,False,Not listed,25.0,0.0273972602739726,False,,Method 1: 1 safe products (< 2) · Method 2: share gap not credible (2% < 90%),1 safe products (< 2),share gap not credible (2% < 90%),0.0,0.0,,Plain-cover pocket planner (Type: planner · Design: plain · Audience: general · Vibe: plain · Size: pocket)
Office Supplies > Calendars & Planners > Planners & Personal Organizers :: planner_type=planner · design_theme=plain · audience=general · vibe=plain · planner_size=other,Office Supplies > Calendars & Planners > Planners & Personal Organizers,Office Supplies > Calendars & Planners,amazon,5,"{""planner_type"": ""planner"", ""design_theme"": ""plain"", ""audience"": ""general"", ""vibe"": ""plain"", ""planner_size"": ""other""}",Plain-cover planner,Type: planner · Design: plain · Audience: general · Vibe: plain · Size: other (mixed),0,70,False,0.646595093581362,22.161490683229815,0.0,81.24467468261719,0.6654636544425483,70.0,0.0,0.0,0.9428571428571428,0.0,0.2571428571428571,0.0,0.0,0.0,0.0,0.05714285714285714,0.0,0.08571428571428572,0.17142857142857143,0.6714285714285714,0.014285714285714285,0.5,0.275,6.756314713827569,False,False,0.0,0.059676044330775786,4.572671632496755,1.0,True,True,0.2302732680132572,-1.0,0.22461865399041286,0.19694847227672696,0.14357937310414565,False,,17.97,black|blue|brown/wood|clear|green|grey|multi/pattern|navy|purple|red/pink|white|yellow/orange,,0.5142857142857142,34.0,1.0,0.1,0.5,0.20512820512820512,0.85,60.32692307692308,64.5,True,False,False,False,Not listed,,,False,,includes a grouped “other (mixed)” value: not a nameable archetype,0 safe products (< 2),ACR 51% (≥ 50%): cheaper or same-look Staples twins,0.0,0.0,,Plain-cover planner (Type: planner · Design: plain · Audience: general · Vibe: plain · Size: other (mixed))
Office Supplies > Calendars & Planners > Planners & Personal Organizers :: planner_type=planner · design_theme=plain · audience=other · vibe=plain · planner_size=large,Office Supplies > Calendars & Planners > Planners & Personal Organizers,Office Supplies > Calendars & Planners,amazon,5,"{""planner_type"": ""planner"", ""design_theme"": ""plain"", ""audience"": ""other"", ""vibe"": ""plain"", ""planner_size"": ""large""}",Plain-cover large planner,Type: planner · Design: plain · Audience: other (mixed) · Vibe: plain · Size: large,23,18,False,0.2541433896947463,45.74025048365747,0.0,84.31495666503906,0.4622870206132008,18.0,0.0,0.0,1.0,0.0,0.7777777777777778,0.0,0.0,0.0,0.0,0.0,0.0,0.0,0.7777777777777778,0.2222222222222222,0.0,0.1,0.275,3.9364871123162124,False,False,0.02857142857142857,0.015345268542199489,-0.6153179469472476,0.02115,False,False,0.9222055751233251,-1.0,0.29728072814044637,0.17964942224054012,0.11223458038422651,True,24.99,9.99,metallic,1.1304347826086956,0.8888888888888888,2.0,0.15,0.925,0.725,0.1794871794871795,0.825,47.06730769230769,56.75,False,False,False,False,Not listed,,,False,,includes a grouped “other (mixed)” value: not a nameable archetype,0 safe products (< 2); 78% substitute/undercut (≥ 70%),share gap not credible (2% < 90%); ACR 89% (≥ 50%): cheaper or same-look Staples twins,0.0,0.0,,Plain-cover large planner (Type: planner · Design: plain · Audience: other (mixed) · Vibe: plain · Size: large)
Office Supplies > Calendars & Planners > Planners & Personal Organizers :: planner_type=planner · design_theme=plain · audience=other · vibe=plain · planner_size=medium,Office Supplies > Calendars & Planners > Planners & Personal Organizers,Office Supplies > Calendars & Planners,amazon,5,"{""planner_type"": ""planner"", ""design_theme"": ""plain"", ""audience"": ""other"", ""vibe"": ""plain"", ""planner_size"": ""medium""}",Plain-cover medium planner,Type: planner · Design: plain · Audience: other (mixed) · Vibe: plain · Size: medium,2,8,False,0.040224157870131144,31.387078708889113,0.0,75.60980224609375,0.666444296197465,8.0,1.0,0.125,0.875,0.14285714285714285,0.625,0.0,0.125,0.0,0.0,0.125,0.0,0.25,0.375,0.125,0.0,0.0,0.275,3.9734372654627337,False,False,0.002484472049689441,0.0068201193520886615,0.8476871737407022,0.91305,False,False,0.5954547468211718,-1.0,0.23350210384111658,0.22755747822828798,-0.1941354903943377,False,12.99,10.49,black|green|purple|red/pink,1.0,0.5,4.0,0.5,0.725,0.55,0.3076923076923077,0.125,46.74038461538461,49.125,True,False,False,False,Not listed,,,False,,includes a grouped “other (mixed)” value: not a nameable archetype,1 safe products (< 2),ACR 50% (≥ 50%): cheaper or same-look Staples twins,0.0,0.0,,Plain-cover medium planner (Type: planner · Design: plain · Audience: other (mixed) · Vibe: plain · Size: medium)
Office Supplies > Calendars & Planners > Planners & Personal Organizers :: planner_type=planner · design_theme=plain · audience=other · vibe=plain · planner_size=other,Office Supplies > Calendars & Planners > Planners & Personal Organizers,Office Supplies > Calendars & Planners,amazon,5,"{""planner_type"": ""planner"", ""design_theme"": ""plain"", ""audience"": ""other"", ""vibe"": ""plain"", ""planner_size"": ""other""}",Plain-cover planner,Type: planner · Design: plain · Audience: other (mixed) · Vibe: plain · Size: other (mixed),0,25,False,0.603004515865447,22.161490683229815,0.0,83.05065155029297,0.9110921300387992,25.0,0.0,0.0,0.96,0.0,0.24,0.0,0.0,0.0,0.0,0.04,0.0,0.12,0.12,0.72,0.0,0.45,0.275,5.724379250248028,False,False,0.0,0.021312872975277068,3.5557373748429124,1.0,True,True,0.48210808781700215,-1.0,0.27116965479627636,0.16243366499945197,0.09908998988877654,False,,14.925,black|blue|clear|green|purple|red/pink|white,,0.36,16.0,0.925,0.6,0.65,0.1282051282051282,0.775,67.67307692307692,75.875,True,False,False,False,Not listed,,,False,,includes a grouped “other (mixed)” value: not a nameable archetype,0 safe products (< 2),"passed, outside the top 10 by TG",0.0,0.0,,Plain-cover planner (Type: planner · Design: plain · Audience: other (mixed) · Vibe: plain · Size: other (mixed))
Office Supplies > Calendars & Planners > Planners & Personal Organizers :: planner_type=planner · design_theme=plain · audience=student · vibe=plain · planner_size=large,Office Supplies > Calendars & Planners > Planners & Personal Organizers,Office Supplies > Calendars & Planners,amazon,5,"{""planner_type"": ""planner"", ""design_theme"": ""plain"", ""audience"": ""student"", ""vibe"": ""plain"", ""planner_size"": ""large""}",Plain-cover student large planner,Type: planner · Design: plain · Audience: student · Vibe: plain · Size: large,48,34,True,0.5122171034731815,41.16215253029223,0.0,83.0365982055664,0.521531100478469,34.0,0.0,0.0,0.9117647058823529,0.0,0.8529411764705882,0.0,0.0,0.0,0.0,0.08823529411764706,0.0,0.14705882352941177,0.7058823529411765,0.058823529411764705,0.0,0.325,0.275,5.741881782088549,False,False,0.05962732919254658,0.028985507246376812,-0.716692731787537,0.00065,False,False,0.5329346995681392,-1.0,0.046845115562495626,0.5228959203652442,-0.03614762386248738,True,19.99,9.99,navy,1.0625,0.7941176470588235,7.0,0.125,0.675,0.125,0.8717948717948718,0.375,36.26442307692308,29.062500000000004,False,False,False,False,Not listed,28.125,0.027598020555767037,False,,Method 1: 0 safe products (< 2); 85% substitute/undercut (≥ 70%) · Method 2: share gap not credible (0% < 90%); ACR 79% (≥ 50%): cheaper or same-look Staples twins,0 safe products (< 2); 85% substitute/undercut (≥ 70%),share gap not credible (0% < 90%); ACR 79% (≥ 50%): cheaper or same-look Staples twins,0.0,0.0,,Plain-cover student large planner (Type: planner · Design: plain · Audience: student · Vibe: plain · Size: large)
Office Supplies > Calendars & Planners > Planners & Personal Organizers :: planner_type=planner · design_theme=plain · audience=student · vibe=plain · planner_size=medium,Office Supplies > Calendars & Planners > Planners & Personal Organizers,Office Supplies > Calendars & Planners,amazon,5,"{""planner_type"": ""planner"", ""design_theme"": ""plain"", ""audience"": ""student"", ""vibe"": ""plain"", ""planner_size"": ""medium""}",Plain-cover student medium planner,Type: planner · Design: plain · Audience: student · Vibe: plain · Size: medium,24,24,True,0.4807302773725584,48.97352611750331,0.0,85.55860900878906,0.5330220146764509,24.0,0.0,0.0,1.0,0.0,1.0,0.0,0.0,0.0,0.0,0.0,0.0,0.16666666666666666,0.8333333333333334,0.0,0.0,0.225,0.275,4.576773985149297,False,False,0.02981366459627329,0.020460358056265986,-0.3760882578814135,0.0929,False,False,0.5002296574152779,-1.0,0.4151867207805342,0.5175492021674526,-0.09858442871587464,True,14.99,7.99,beige/cream|black|metallic|yellow/orange,1.0,0.875,3.0,0.2875,0.625,0.925,0.8461538461538461,0.275,48.22355769230769,44.65625,False,False,False,False,Not listed,40.625,0.028484848484848488,False,,Method 1: 0 safe products (< 2); 100% substitute/undercut (≥ 70%) · Method 2: share gap not credible (9% < 90%); ACR 88% (≥ 50%): cheaper or same-look Staples twins,0 safe products (< 2); 100% substitute/undercut (≥ 70%),share gap not credible (9% < 90%); ACR 88% (≥ 50%): cheaper or same-look Staples twins,0.0,0.0,,Plain-cover student medium planner (Type: planner · Design: plain · Audience: student · Vibe: plain · Size: medium)
Office Supplies > Calendars & Planners > Planners & Personal Organizers :: planner_type=planner · design_theme=plain · audience=student · vibe=plain · planner_size=other,Office Supplies > Calendars & Planners > Planners & Personal Organizers,Office Supplies > Calendars & Planners,amazon,5,"{""planner_type"": ""planner"", ""design_theme"": ""plain"", ""audience"": ""student"", ""vibe"": ""plain"", ""planner_size"": ""other""}",Plain-cover student planner,Type: planner · Design: plain · Audience: student · Vibe: plain · Size: other (mixed),0,27,False,0.7078321098029777,36.23643213522045,0.0,79.9404525756836,0.368088467614534,27.0,0.0,0.0,0.8888888888888888,0.0,0.5925925925925926,0.0,0.0,0.0,0.0,0.1111111111111111,0.0,0.2222222222222222,0.37037037037037035,0.2962962962962963,0.0,0.6,0.275,8.975830976700616,False,False,0.0,0.023017902813299233,3.6312449273510574,1.0,True,True,0.8345144868147831,-1.0,0.2304742131373547,0.28349651563478495,-0.29373104145601614,False,,7.99,black|blue|green|red/pink,,0.7037037037037037,8.0,0.95,0.875,0.525,0.5897435897435898,0.05,68.22115384615384,66.625,True,False,False,False,Not listed,,,False,,includes a grouped “other (mixed)” value: not a nameable archetype,0 safe products (< 2),ACR 70% (≥ 50%): cheaper or same-look Staples twins,0.0,0.0,,Plain-cover student planner (Type: planner · Design: plain · Audience: student · Vibe: plain · Size: other (mixed))
Office Supplies > Calendars & Planners > Planners & Personal Organizers :: long tail,Office Supplies > Calendars & Planners > Planners & Personal Organizers,Office Supplies > Calendars & Planners,amazon,0,{},Long tail,not in any 4-attribute combination with enough families,86,179,False,0.6883678763761992,20.8944099378882,0.25,66.98199462890625,0.5728198317839752,179.0,2.0,0.0111731843575419,0.9273743016759777,0.012048192771084338,0.18994413407821228,0.0,0.00558659217877095,0.00558659217877095,0.0,0.07262569832402235,0.0,0.05027932960893855,0.13966480446927373,0.7262569832402235,0.0,0.55,0.6125,15.297513620459517,False,False,0.10683229813664596,0.1526001705029838,0.35394253610908644,0.9988,False,False,0.42655839279530094,-1.0,0.15194252725282212,0.22564405143966731,0.06900910010111222,True,22.99,13.49,beige/cream|brown/wood|metallic|navy|yellow/orange,1.1046511627906976,0.3463687150837989,117.0,0.475,0.55,0.4,0.2564102564102564,0.675,47.59615384615385,51.87500000000001,True,False,False,False,Not listed,,,False,,long tail: not in any supported 4-attribute combination,safe share 1% (< 10%),"passed, outside the top 10 by TG",0.0,0.0,,Long tail (not in any 4-attribute combination with enough families)
Office Supplies > Desk Organizers & Accessories > Desk Organizers :: material_class=acrylic/clear · colour_tone=light-neutral · organizer_type=multi-compartment organizer · vibe=plain,Office Supplies > Desk Organizers & Accessories > Desk Organizers,Office Supplies > Desk Organizers & Accessories,amazon,4,"{""material_class"": ""acrylic/clear"", ""colour_tone"": ""light-neutral"", ""organizer_type"": ""multi-compartment organizer"", ""vibe"": ""plain""}",Acrylic/clear multi-compartment organizer,Material: acrylic/clear · Colour tone: light-neutral · Type: multi-compartment organizer · Vibe: plain,10,1,False,0.0,97.27166276346604,0.5,88.8469009399414,0.5998332638599417,1.0,0.0,0.0,1.0,0.0,1.0,0.0,0.0,0.0,0.0,0.0,0.0,0.0,1.0,0.0,0.0,0.08333333333333333,1.0,6.461157451379493,False,False,0.04184100418410042,0.005405405405405406,-1.6910178994265233,0.00635,False,False,0.8229337220620384,-1.0,0.0,0.0,0.08372641509433965,True,29.195,14.39,,1.0,1.0,0.0,0.375,0.8,0.25,0.16666666666666666,0.5,36.3125,41.5625,False,False,False,False,Not listed,,,False,,only 1 competitor families (< 5),0 safe products (< 2); 100% substitute/undercut (≥ 70%),share gap not credible (1% < 90%); ACR 100% (≥ 50%): cheaper or same-look Staples twins; 0 non-cannibalising products (< 2),0.0,0.0,,Acrylic/clear multi-compartment organizer (Material: acrylic/clear · Colour tone: light-neutral · Type: multi-compartment organizer · Vibe: plain)
Office Supplies > Desk Organizers & Accessories > Desk Organizers :: material_class=acrylic/clear · colour_tone=light-neutral · organizer_type=pen cup · vibe=plain,Office Supplies > Desk Organizers & Accessories > Desk Organizers,Office Supplies > Desk Organizers & Accessories,amazon,4,"{""material_class"": ""acrylic/clear"", ""colour_tone"": ""light-neutral"", ""organizer_type"": ""pen cup"", ""vibe"": ""plain""}",Acrylic/clear pen cup desk organizer,Material: acrylic/clear · Colour tone: light-neutral · Type: pen cup · Vibe: plain,4,10,True,0.4419306184012067,90.1288056206089,0.0,88.84693145751953,1.3558916919770763,10.0,2.0,0.2,1.0,0.2,0.8,0.0,0.0,0.2,0.0,0.0,0.0,0.6,0.2,0.0,0.0,0.3333333333333333,0.25,5.38566530549275,False,False,0.016736401673640166,0.05405405405405406,1.1021901100159937,0.98235,False,False,0.45891889061357577,1.0,0.0,0.16580294107843807,0.0778301886792453,True,19.995,18.49,,1.0,0.4,6.0,0.75,0.2,0.25,1.0,0.3333333333333333,54.0,42.91666666666666,True,True,True,True,Gap-led,50.0,0.03252247488101534,True,1.0,,80% substitute/undercut (≥ 70%),,1.0,1.0,1.0,Acrylic/clear pen cup desk organizer (Material: acrylic/clear · Colour tone: light-neutral · Type: pen cup · Vibe: plain)
Office Supplies > Desk Organizers & Accessories > Desk Organizers :: material_class=metal mesh · colour_tone=dark-neutral · organizer_type=multi-compartment organizer · vibe=plain,Office Supplies > Desk Organizers & Accessories > Desk Organizers,Office Supplies > Desk Organizers & Accessories,amazon,4,"{""material_class"": ""metal mesh"", ""colour_tone"": ""dark-neutral"", ""organizer_type"": ""multi-compartment organizer"", ""vibe"": ""plain""}",Metal mesh multi-compartment organizer,Material: metal mesh · Colour tone: dark-neutral · Type: multi-compartment organizer · Vibe: plain,18,0,False,,,,,,,,,,,,,,,,,,,,,,,,,False,False,0.07531380753138076,0.0,-3.3560256630154344,0.0,False,False,,,,,,True,25.990000000000002,,,1.2222222222222223,,,0.0,0.5,0.5,0.5,0.5,32.5,32.5,False,False,False,False,Not listed,,,False,,only 0 competitor families (< 5),no products labelled,share gap not credible (0% < 90%),0.0,0.0,,Metal mesh multi-compartment organizer (Material: metal mesh · Colour tone: dark-neutral · Type: multi-compartment organizer · Vibe: plain)
Office Supplies > Desk Organizers & Accessories > Desk Organizers :: material_class=metal mesh · colour_tone=dark-neutral · organizer_type=pen cup · vibe=plain,Office Supplies > Desk Organizers & Accessories > Desk Organizers,Office Supplies > Desk Organizers & Accessories,amazon,4,"{""material_class"": ""metal mesh"", ""colour_tone"": ""dark-neutral"", ""organizer_type"": ""pen cup"", ""vibe"": ""plain""}",Metal mesh pen cup desk organizer,Material: metal mesh · Colour tone: dark-neutral · Type: pen cup · Vibe: plain,3,11,True,0.7620603237677525,90.1288056206089,0.25,88.84693145751953,1.5561735261401557,11.0,0.0,0.0,1.0,0.0,0.9090909090909091,0.0,0.0,0.0,0.0,0.0,0.0,0.9090909090909091,0.0,0.0,0.09090909090909091,1.0,0.8333333333333334,10.35807503068196,False,False,0.012552301255230125,0.05945945945945946,1.4444763165026264,0.9966,False,True,0.529618742968826,1.0,0.0,0.09425170205993233,-0.22169811320754718,True,6.99,13.99,,2.6666666666666665,0.7272727272727273,3.0,0.875,0.6,0.25,0.5,0.0,53.87499999999999,50.625,True,False,False,False,Conditional,50.0,0.03252247488101534,True,2.0,,0 safe products (< 2); 91% substitute/undercut (≥ 70%),ACR 73% (≥ 50%): cheaper or same-look Staples twins,0.0,0.0,1.0,Metal mesh pen cup desk organizer (Material: metal mesh · Colour tone: dark-neutral · Type: pen cup · Vibe: plain)
Office Supplies > Desk Organizers & Accessories > Desk Organizers :: material_class=plastic · colour_tone=dark-neutral · organizer_type=multi-compartment organizer · vibe=plain,Office Supplies > Desk Organizers & Accessories > Desk Organizers,Office Supplies > Desk Organizers & Accessories,amazon,4,"{""material_class"": ""plastic"", ""colour_tone"": ""dark-neutral"", ""organizer_type"": ""multi-compartment organizer"", ""vibe"": ""plain""}",Plastic multi-compartment organizer,Material: plastic · Colour tone: dark-neutral · Type: multi-compartment organizer · Vibe: plain,10,0,False,,,,,,,,,,,,,,,,,,,,,,,,,False,False,0.04184100418410042,0.0,-2.789630188094633,0.0004,False,False,,,,,,True,21.24,,,1.0,,,0.125,0.5,0.5,0.5,0.5,34.68750000000001,34.68750000000001,False,False,False,False,Not listed,,,False,,only 0 competitor families (< 5),no products labelled,share gap not credible (0% < 90%),0.0,0.0,,Plastic multi-compartment organizer (Material: plastic · Colour tone: dark-neutral · Type: multi-compartment organizer · Vibe: plain)
Office Supplies > Desk Organizers & Accessories > Desk Organizers :: material_class=plastic · colour_tone=light-neutral · organizer_type=multi-compartment organizer · vibe=plain,Office Supplies > Desk Organizers & Accessories > Desk Organizers,Office Supplies > Desk Organizers & Accessories,amazon,4,"{""material_class"": ""plastic"", ""colour_tone"": ""light-neutral"", ""organizer_type"": ""multi-compartment organizer"", ""vibe"": ""plain""}",Plastic multi-compartment organizer,Material: plastic · Colour tone: light-neutral · Type: multi-compartment organizer · Vibe: plain,16,1,False,0.0,94.13516226162595,0.0,88.8469467163086,,1.0,0.0,0.0,1.0,0.0,1.0,0.0,0.0,0.0,0.0,0.0,0.0,1.0,0.0,0.0,0.0,0.08333333333333333,0.25,4.264988770087691,False,False,0.06694560669456066,0.005405405405405406,-2.1430030231695807,5e-05,False,False,,,0.0,0.0,-0.1497641509433963,True,27.14,,,1.3125,1.0,0.0,0.25,0.5,0.25,0.16666666666666666,0.16666666666666666,23.125,25.208333333333332,False,False,False,False,Not listed,,,False,,only 1 competitor families (< 5),0 safe products (< 2); 100% substitute/undercut (≥ 70%),share gap not credible (0% < 90%); ACR 100% (≥ 50%): cheaper or same-look Staples twins; 0 non-cannibalising products (< 2),0.0,0.0,,Plastic multi-compartment organizer (Material: plastic · Colour tone: light-neutral · Type: multi-compartment organizer · Vibe: plain)
Office Supplies > Desk Organizers & Accessories > Desk Organizers :: long tail,Office Supplies > Desk Organizers & Accessories > Desk Organizers,Office Supplies > Desk Organizers & Accessories,amazon,0,{},Long tail,not in any 4-attribute combination with enough families,178,162,False,0.7188433269799821,67.14285714285715,0.0,88.84693145751953,0.6919713870624218,162.0,30.0,0.18518518518518517,0.9814814814814815,0.18867924528301888,0.7962962962962963,0.0,0.06790123456790123,0.11728395061728394,0.0,0.018518518518518517,0.0,0.2777777777777778,0.5185185185185185,0.0,0.0,0.8333333333333334,0.25,7.126014150891987,False,False,0.7447698744769874,0.8756756756756757,0.1609816501788884,0.99975,False,False,0.4940600662370073,-1.0,0.04803413335006154,0.1045839336266513,0.21344339622641506,True,24.99,13.99,,1.2921348314606742,0.6172839506172839,62.0,0.625,0.4,0.6666666666666666,0.6666666666666666,0.8333333333333334,62.375,61.87499999999999,True,False,False,False,Not listed,,,False,,long tail: not in any supported 4-attribute combination,80% substitute/undercut (≥ 70%),ACR 62% (≥ 50%): cheaper or same-look Staples twins,0.0,0.0,,Long tail (not in any 4-attribute combination with enough families)
"Bags, Backpacks & Luggage > Backpacks & Laptop Bags > Backpacks :: pack_type=hiking/outdoor · audience=general · vibe=other · anti_theft=no","Bags, Backpacks & Luggage > Backpacks & Laptop Bags > Backpacks","Bags, Backpacks & Luggage > Backpacks & Laptop Bags",amazon,4,"{""pack_type"": ""hiking/outdoor"", ""audience"": ""general"", ""vibe"": ""other"", ""anti_theft"": ""no""}",Hiking/outdoor backpack,Type: hiking/outdoor · Audience: general · Vibe: other (mixed) · Anti-theft: not stated,0,16,False,0.9660432395332876,25.914893748493817,1.0,42.05804749340369,0.6118035741102268,16.0,0.0,0.0,1.0,0.0,0.0,0.0,0.0,0.0,0.0,0.0,0.0,0.0,0.0,1.0,0.0,0.8714285714285714,0.9428571428571428,40.88394738072198,False,False,0.0,0.00808489135927236,1.8458266904983307,0.9821,True,True,0.13725395583505684,-1.0,0.12413257182671653,0.3113456023557027,0.7156488549618321,False,,40.74,black|brown/wood|green|metallic|multi/pattern|red/pink,,0.125,14.0,0.4714285714285714,0.0,0.45714285714285713,0.7083333333333334,0.9714285714285714,48.55357142857143,45.07142857142857,True,False,False,False,Not listed,,,False,,includes a grouped “other (mixed)” value: not a nameable archetype,0 safe products (< 2),"passed, outside the top 10 by TG",0.0,0.0,,Hiking/outdoor backpack (Type: hiking/outdoor · Audience: general · Vibe: other (mixed) · Anti-theft: not stated)
"Bags, Backpacks & Luggage > Backpacks & Laptop Bags > Backpacks :: pack_type=hiking/outdoor · audience=general · vibe=plain · anti_theft=no","Bags, Backpacks & Luggage > Backpacks & Laptop Bags > Backpacks","Bags, Backpacks & Luggage > Backpacks & Laptop Bags",amazon,4,"{""pack_type"": ""hiking/outdoor"", ""audience"": ""general"", ""vibe"": ""plain"", ""anti_theft"": ""no""}",Hiking/outdoor backpack,Type: hiking/outdoor · Audience: general · Vibe: plain · Anti-theft: not stated,5,184,True,0.9727341147280074,9.309133489461358,0.0,40.15831134564644,0.41261927736678455,184.0,0.0,0.0,1.0,0.0,0.0,0.0,0.0,0.0,0.0,0.0,0.0,0.0,0.0,1.0,0.0,0.9142857142857143,0.3142857142857143,30.993650244387727,False,False,0.013192612137203167,0.09297625063163213,1.862220500274007,1.0,False,True,0.40269795046340245,-1.0,0.023690445443140435,,0.5436810856658185,True,30.79,29.869999999999997,beige/cream|brown/wood|grey|navy|purple|red/pink|white|yellow/orange,1.2,0.40217391304347827,110.0,0.5428571428571428,0.45714285714285713,0.02857142857142857,0.5,0.6857142857142857,46.35714285714286,44.714285714285715,True,True,False,True,Not listed,53.703703703703695,0.027242401779095628,False,,"Method 1: 0 safe products (< 2) · Method 2: passed, outside the top 10 by TG",0 safe products (< 2),"passed, outside the top 10 by TG",0.0,0.0,,Hiking/outdoor backpack (Type: hiking/outdoor · Audience: general · Vibe: plain · Anti-theft: not stated)
"Bags, Backpacks & Luggage > Backpacks & Laptop Bags > Backpacks :: pack_type=hiking/outdoor · audience=general · vibe=plain · anti_theft=yes","Bags, Backpacks & Luggage > Backpacks & Laptop Bags > Backpacks","Bags, Backpacks & Luggage > Backpacks & Laptop Bags",amazon,4,"{""pack_type"": ""hiking/outdoor"", ""audience"": ""general"", ""vibe"": ""plain"", ""anti_theft"": ""yes""}",Hiking/outdoor backpack,Type: hiking/outdoor · Audience: general · Vibe: plain · Anti-theft: yes,0,17,True,0.9415864829405711,12.997658079625293,0.0,30.158311345646442,1.333370374486054,17.0,0.0,0.0,1.0,0.0,0.0,0.0,0.0,0.0,0.0,0.0,0.0,0.0,0.0,1.0,0.0,0.8,0.3142857142857143,33.353904333479576,False,False,0.0,0.008590197069226882,1.9046671905212642,0.98665,True,True,0.24563376370320725,-1.0,0.15766013659539171,,0.6204410517387617,False,,35.99,beige/cream|black|grey,,0.0,17.0,0.6142857142857143,0.14285714285714285,0.6285714285714286,0.5,0.8571428571428571,54.14285714285714,54.785714285714285,True,True,True,True,Gap-led,64.81481481481481,0.028404512489927477,True,8.0,,0 safe products (< 2),,0.019,0.003,0.6055363321799309,Hiking/outdoor backpack (Type: hiking/outdoor · Audience: general · Vibe: plain · Anti-theft: yes)
"Bags, Backpacks & Luggage > Backpacks & Laptop Bags > Backpacks :: pack_type=hiking/outdoor · audience=kids · vibe=plain · anti_theft=no","Bags, Backpacks & Luggage > Backpacks & Laptop Bags > Backpacks","Bags, Backpacks & Luggage > Backpacks & Laptop Bags",amazon,4,"{""pack_type"": ""hiking/outdoor"", ""audience"": ""kids"", ""vibe"": ""plain"", ""anti_theft"": ""no""}",Kids hiking/outdoor backpack,Type: hiking/outdoor · Audience: kids · Vibe: plain · Anti-theft: not stated,0,16,True,0.8981297185998627,24.803369831863712,0.0,36.554089709762536,0.3902988436702207,16.0,0.0,0.0,0.875,0.0,0.0,0.0,0.0,0.0,0.0,0.125,0.0,0.0,0.0,0.875,0.0,0.6285714285714286,0.3142857142857143,27.652181850929846,False,False,0.0,0.00808489135927236,1.8458266904983307,0.9826,True,True,0.6383231055680242,-1.0,0.16496589358970035,0.12576310904526244,0.38719253604749787,False,,25.99,black|blue|green|grey|red/pink,,0.375,10.0,0.4714285714285714,0.7142857142857143,0.6857142857142857,0.2916666666666667,0.5142857142857142,53.160714285714285,58.357142857142854,True,True,False,True,Not listed,50.0,0.02684684684684685,False,,"Method 1: 0 safe products (< 2) · Method 2: passed, outside the top 10 by TG",0 safe products (< 2),"passed, outside the top 10 by TG",0.006,0.0,,Kids hiking/outdoor backpack (Type: hiking/outdoor · Audience: kids · Vibe: plain · Anti-theft: not stated)
"Bags, Backpacks & Luggage > Backpacks & Laptop Bags > Backpacks :: pack_type=hiking/outdoor · audience=men · vibe=plain · anti_theft=no","Bags, Backpacks & Luggage > Backpacks & Laptop Bags > Backpacks","Bags, Backpacks & Luggage > Backpacks & Laptop Bags",amazon,4,"{""pack_type"": ""hiking/outdoor"", ""audience"": ""men"", ""vibe"": ""plain"", ""anti_theft"": ""no""}",Men hiking/outdoor backpack,Type: hiking/outdoor · Audience: men · Vibe: plain · Anti-theft: not stated,0,48,True,0.9886810798444291,6.038732829521791,0.0,31.583113456464385,0.6065468563978353,48.0,0.0,0.0,1.0,0.0,0.0,0.0,0.0,0.0,0.0,0.0,0.0,0.0,0.0,1.0,0.0,0.9714285714285714,0.3142857142857143,36.52301967118715,False,False,0.0,0.02425467407781708,2.9240301075352337,0.9999,True,True,0.31687816875697183,-1.0,0.05541578839035149,,0.5947837150127226,False,,39.985,beige/cream|black|blue|brown/wood|green|grey|multi/pattern,,0.4166666666666667,28.0,0.9428571428571428,0.37142857142857144,0.17142857142857143,0.5,0.8,62.499999999999986,61.71428571428572,True,True,True,True,Gap-led,85.18518518518519,0.030798389007344232,True,2.0,,0 safe products (< 2),,0.287,0.885,0.681122448979592,Men hiking/outdoor backpack (Type: hiking/outdoor · Audience: men · Vibe: plain · Anti-theft: not stated)
"Bags, Backpacks & Luggage > Backpacks & Laptop Bags > Backpacks :: pack_type=hiking/outdoor · audience=women · vibe=other · anti_theft=no","Bags, Backpacks & Luggage > Backpacks & Laptop Bags > Backpacks","Bags, Backpacks & Luggage > Backpacks & Laptop Bags",amazon,4,"{""pack_type"": ""hiking/outdoor"", ""audience"": ""women"", ""vibe"": ""other"", ""anti_theft"": ""no""}",Women hiking/outdoor backpack,Type: hiking/outdoor · Audience: women · Vibe: other (mixed) · Anti-theft: not stated,0,26,False,0.9582070640409694,22.51910920516829,1.0,42.05804749340369,0.45036792311157825,26.0,0.0,0.0,1.0,0.0,0.0,0.0,0.0,0.0,0.0,0.0,0.0,0.0,0.0,1.0,0.0,0.8285714285714286,0.9428571428571428,39.17622027932733,False,False,0.0,0.013137948458817585,2.3196110425839724,0.99775,True,True,0.6374484830911648,-1.0,0.17468852581165717,0.31967231951374675,0.7546649703138253,False,,29.99,beige/cream|black|blue|brown/wood|green|grey|multi/pattern|red/pink|white,,0.34615384615384615,17.0,0.7714285714285715,0.6857142857142857,0.7714285714285715,0.9166666666666666,1.0,81.03571428571429,79.57142857142858,True,False,False,False,Not listed,,,False,,includes a grouped “other (mixed)” value: not a nameable archetype,0 safe products (< 2),"passed, outside the top 10 by TG",0.0,0.0,,Women hiking/outdoor backpack (Type: hiking/outdoor · Audience: women · Vibe: other (mixed) · Anti-theft: not stated)
"Bags, Backpacks & Luggage > Backpacks & Laptop Bags > Backpacks :: pack_type=hiking/outdoor · audience=women · vibe=plain · anti_theft=no","Bags, Backpacks & Luggage > Backpacks & Laptop Bags > Backpacks","Bags, Backpacks & Luggage > Backpacks & Laptop Bags",amazon,4,"{""pack_type"": ""hiking/outdoor"", ""audience"": ""women"", ""vibe"": ""plain"", ""anti_theft"": ""no""}",Women hiking/outdoor backpack,Type: hiking/outdoor · Audience: women · Vibe: plain · Anti-theft: not stated,0,238,True,0.9861745036532359,4.918032786885246,0.0,31.583113456464385,0.285177954647845,238.0,0.0,0.0,1.0,0.0,0.0,0.0,0.0,0.0,0.0,0.0,0.0,0.0,0.0,1.0,0.0,0.9428571428571428,0.3142857142857143,35.41334956405677,False,False,0.0,0.12026275896917635,4.516835619920192,1.0,True,True,0.824737721178672,-1.0,0.11103187451891477,0.27037419398917434,0.6948685326547923,False,,24.99,beige/cream|black|blue|brown/wood|clear|green|grey|metallic|multi/pattern|purple|red/pink|white|yellow/orange,,0.2857142857142857,170.0,1.0,0.9142857142857143,0.42857142857142855,0.5,0.9428571428571428,81.35714285714285,85.28571428571429,True,True,True,True,Gap-led,92.5925925925926,0.03177805800756621,True,1.0,,0 safe products (< 2),,1.0,0.687,0.34152249134948076,Women hiking/outdoor backpack (Type: hiking/outdoor · Audience: women · Vibe: plain · Anti-theft: not stated)
"Bags, Backpacks & Luggage > Backpacks & Laptop Bags > Backpacks :: pack_type=hiking/outdoor · audience=women · vibe=plain · anti_theft=yes","Bags, Backpacks & Luggage > Backpacks & Laptop Bags > Backpacks","Bags, Backpacks & Luggage > Backpacks & Laptop Bags",amazon,4,"{""pack_type"": ""hiking/outdoor"", ""audience"": ""women"", ""vibe"": ""plain"", ""anti_theft"": ""yes""}",Women hiking/outdoor backpack,Type: hiking/outdoor · Audience: women · Vibe: plain · Anti-theft: yes,0,27,True,0.9325618765247451,5.932864949258392,0.0,20.316622691292878,0.7441592904799814,27.0,0.0,0.0,1.0,0.0,0.0,0.0,0.0,0.0,0.0,0.0,0.0,0.0,0.0,1.0,0.0,0.7428571428571429,0.3142857142857143,34.31610363770059,False,False,0.0,0.013643254168772108,2.3566523142643216,0.99775,True,True,0.6905920633870419,-1.0,0.0388787706178731,0.27552149694479816,0.5966921119592876,False,,25.104999999999997,beige/cream|black|blue|grey|multi/pattern|navy|red/pink|yellow/orange,,0.0,27.0,0.8,0.7714285714285715,0.11428571428571428,0.5833333333333334,0.8285714285714286,66.32142857142857,66.14285714285715,True,True,True,True,Gap-led,81.48148148148148,0.030303030303030304,True,4.0,,0 safe products (< 2),,0.694,0.363,0.1824417009602195,Women hiking/outdoor backpack (Type: hiking/outdoor · Audience: women · Vibe: plain · Anti-theft: yes)
"Bags, Backpacks & Luggage > Backpacks & Laptop Bags > Backpacks :: pack_type=hiking/outdoor · audience=women · vibe=professional · anti_theft=no","Bags, Backpacks & Luggage > Backpacks & Laptop Bags > Backpacks","Bags, Backpacks & Luggage > Backpacks & Laptop Bags",amazon,4,"{""pack_type"": ""hiking/outdoor"", ""audience"": ""women"", ""vibe"": ""professional"", ""anti_theft"": ""no""}",Women hiking/outdoor backpack,Type: hiking/outdoor · Audience: women · Vibe: professional · Anti-theft: not stated,0,16,True,0.9660432395332876,11.584534674633726,1.0,36.633245382585756,0.38586898252385543,16.0,0.0,0.0,1.0,0.0,0.0,0.0,0.0,0.0,0.0,0.0,0.0,0.0,0.0,1.0,0.0,0.8714285714285714,0.9428571428571428,41.9874926044727,False,False,0.0,0.00808489135927236,1.8458266904983307,0.98505,True,True,0.5924408943586826,-1.0,0.0922883197669015,,0.6484308736217133,False,,32.0,black|blue|brown/wood|multi/pattern|purple|red/pink|white|yellow/orange,,0.375,10.0,0.4714285714285714,0.6571428571428571,0.3142857142857143,0.5,0.8857142857142857,55.14285714285714,56.92857142857143,True,True,True,True,Gap-led,77.77777777777777,0.030017921146953404,True,6.0,,0 safe products (< 2),,0.045,1.0,0.5399999999999999,Women hiking/outdoor backpack (Type: hiking/outdoor · Audience: women · Vibe: professional · Anti-theft: not stated)
"Bags, Backpacks & Luggage > Backpacks & Laptop Bags > Backpacks :: pack_type=laptop/work · audience=general · vibe=other · anti_theft=no","Bags, Backpacks & Luggage > Backpacks & Laptop Bags > Backpacks","Bags, Backpacks & Luggage > Backpacks & Laptop Bags",amazon,4,"{""pack_type"": ""laptop/work"", ""audience"": ""general"", ""vibe"": ""other"", ""anti_theft"": ""no""}",Laptop/work backpack,Type: laptop/work · Audience: general · Vibe: other (mixed) · Anti-theft: not stated,22,2,False,0.0,80.0,0.3333333333333333,98.41688654353563,1.029605921184237,2.0,0.0,0.0,1.0,0.0,1.0,0.0,0.0,0.0,0.0,0.0,0.0,0.5,0.5,0.0,0.0,0.02857142857142857,0.7571428571428571,0.6999623068224651,False,False,0.05804749340369393,0.001010611419909045,-3.8479054483043686,0.0,False,False,0.4242379839486688,-1.0,0.20046736094584952,,0.12086513994910947,True,75.44,51.47,clear,1.2727272727272727,0.5,1.0,0.0,0.5142857142857142,0.8285714285714286,0.5,0.3142857142857143,34.92857142857143,35.71428571428571,False,False,False,False,Not listed,,,False,,includes a grouped “other (mixed)” value: not a nameable archetype,0 safe products (< 2); 100% substitute/undercut (≥ 70%),share gap not credible (0% < 90%); ACR 50% (≥ 50%): cheaper or same-look Staples twins; 1 non-cannibalising products (< 2),0.0,0.0,,Laptop/work backpack (Type: laptop/work · Audience: general · Vibe: other (mixed) · Anti-theft: not stated)
"Bags, Backpacks & Luggage > Backpacks & Laptop Bags > Backpacks :: pack_type=laptop/work · audience=general · vibe=plain · anti_theft=no","Bags, Backpacks & Luggage > Backpacks & Laptop Bags > Backpacks","Bags, Backpacks & Luggage > Backpacks & Laptop Bags",amazon,4,"{""pack_type"": ""laptop/work"", ""audience"": ""general"", ""vibe"": ""plain"", ""anti_theft"": ""no""}",Laptop/work backpack,Type: laptop/work · Audience: general · Vibe: plain · Anti-theft: not stated,183,81,True,0.13632619161186993,72.9976580796253,0.0,98.41688654353563,1.5937187437487497,81.0,6.0,0.07407407407407407,0.8641975308641975,0.08571428571428572,0.4444444444444444,0.0,0.06172839506172839,0.012345679012345678,0.0,0.13580246913580246,0.0,0.4074074074074074,0.037037037037037035,0.345679012345679,0.0,0.17142857142857143,0.3142857142857143,0.5932041054667467,False,False,0.48284960422163586,0.040929762506316324,-2.4622925182159574,0.0,False,False,0.3093996213532855,1.0,0.06540768210870918,0.3138957517974018,0.010178117048346064,True,66.99,99.0,navy,1.4153005464480874,0.5555555555555556,36.0,0.11428571428571428,0.34285714285714286,0.2,0.8333333333333334,0.08571428571428572,25.642857142857146,16.28571428571429,False,False,False,False,Not listed,5.555555555555555,0.023122159850307404,False,,Method 1: safe share 9% (< 10%) · Method 2: share gap not credible (0% < 90%); ACR 56% (≥ 50%): cheaper or same-look Staples twins,safe share 9% (< 10%),share gap not credible (0% < 90%); ACR 56% (≥ 50%): cheaper or same-look Staples twins,0.0,0.0,,Laptop/work backpack (Type: laptop/work · Audience: general · Vibe: plain · Anti-theft: not stated)
"Bags, Backpacks & Luggage > Backpacks & Laptop Bags > Backpacks :: pack_type=laptop/work · audience=general · vibe=professional · anti_theft=no","Bags, Backpacks & Luggage > Backpacks & Laptop Bags > Backpacks","Bags, Backpacks & Luggage > Backpacks & Laptop Bags",amazon,4,"{""pack_type"": ""laptop/work"", ""audience"": ""general"", ""vibe"": ""professional"", ""anti_theft"": ""no""}",Laptop/work backpack,Type: laptop/work · Audience: general · Vibe: professional · Anti-theft: not stated,24,6,True,0.11854359091876664,56.947377852477544,0.16666666666666666,33.21635883905014,0.6190113344128012,6.0,1.0,0.16666666666666666,0.8333333333333334,0.2,0.3333333333333333,0.16666666666666666,0.0,0.0,0.0,0.16666666666666666,0.0,0.16666666666666666,0.16666666666666666,0.3333333333333333,0.0,0.11428571428571428,0.6714285714285714,26.05415819725037,False,False,0.0633245382585752,0.003031834259727135,-2.9775518116172397,0.0,False,False,0.5491612789205909,-1.0,0.02567337496829218,,0.0067854113655640425,True,97.59,69.99,,1.0416666666666667,0.5,3.0,0.08571428571428572,0.6285714285714286,0.05714285714285714,0.5,0.05714285714285714,23.28571428571429,19.5,False,False,False,False,Not listed,24.074074074074073,0.024696969696969696,False,,Method 1: 1 safe products (< 2) · Method 2: share gap not credible (0% < 90%); ACR 50% (≥ 50%): cheaper or same-look Staples twins,1 safe products (< 2),share gap not credible (0% < 90%); ACR 50% (≥ 50%): cheaper or same-look Staples twins,0.0,0.0,,Laptop/work backpack (Type: laptop/work · Audience: general · Vibe: professional · Anti-theft: not stated)
"Bags, Backpacks & Luggage > Backpacks & Laptop Bags > Backpacks :: pack_type=laptop/work · audience=women · vibe=plain · anti_theft=no","Bags, Backpacks & Luggage > Backpacks & Laptop Bags > Backpacks","Bags, Backpacks & Luggage > Backpacks & Laptop Bags",amazon,4,"{""pack_type"": ""laptop/work"", ""audience"": ""women"", ""vibe"": ""plain"", ""anti_theft"": ""no""}",Women laptop/work backpack,Type: laptop/work · Audience: women · Vibe: plain · Anti-theft: not stated,0,30,True,0.11982042048500328,62.80375448765085,0.0,98.41688654353563,0.7334031812553576,30.0,1.0,0.03333333333333333,0.8,0.041666666666666664,0.4666666666666667,0.0,0.03333333333333333,0.0,0.0,0.2,0.0,0.3333333333333333,0.13333333333333333,0.26666666666666666,0.03333333333333333,0.14285714285714285,0.3142857142857143,0.5244354717468529,False,False,0.0,0.015159171298635674,2.460192993205162,0.99895,True,True,0.19351862460057653,1.0,0.09781399631308355,0.12576310904526244,0.08142493638676843,False,,55.99,beige/cream|black|green|grey|purple|red/pink,,0.6,12.0,0.8285714285714286,0.08571428571428572,0.37142857142857144,0.2916666666666667,0.2,43.660714285714285,42.57142857142857,True,False,False,False,Not listed,12.962962962962962,0.023709315375982042,False,,Method 1: 1 safe products (< 2) · Method 2: ACR 60% (≥ 50%): cheaper or same-look Staples twins,1 safe products (< 2),ACR 60% (≥ 50%): cheaper or same-look Staples twins,0.0,0.0,,Women laptop/work backpack (Type: laptop/work · Audience: women · Vibe: plain · Anti-theft: not stated)
"Bags, Backpacks & Luggage > Backpacks & Laptop Bags > Backpacks :: pack_type=laptop/work · audience=women · vibe=professional · anti_theft=no","Bags, Backpacks & Luggage > Backpacks & Laptop Bags > Backpacks","Bags, Backpacks & Luggage > Backpacks & Laptop Bags",amazon,4,"{""pack_type"": ""laptop/work"", ""audience"": ""women"", ""vibe"": ""professional"", ""anti_theft"": ""no""}",Women laptop/work backpack,Type: laptop/work · Audience: women · Vibe: professional · Anti-theft: not stated,0,10,True,0.2436240855374226,66.2229891307706,0.0,34.532981530343015,1.7049242785027146,10.0,1.0,0.1,0.5,0.2,0.1,0.0,0.0,0.1,0.0,0.5,0.0,0.1,0.0,0.3,0.0,0.2,0.3142857142857143,24.042133785362335,False,False,0.0,0.005053057099545225,1.3938415667552735,0.9411,True,True,0.7758148815684658,1.0,0.07660589784633834,,0.11938083121289228,False,,179.0,black|brown/wood,,0.1,9.0,0.32857142857142857,0.8285714285714286,0.2714285714285714,0.5,0.2857142857142857,43.92857142857143,43.35714285714286,True,True,False,True,Not listed,35.18518518518518,0.025478740668614087,False,,"Method 1: 1 safe products (< 2) · Method 2: passed, outside the top 10 by TG",1 safe products (< 2),"passed, outside the top 10 by TG",0.001,0.073,,Women laptop/work backpack (Type: laptop/work · Audience: women · Vibe: professional · Anti-theft: not stated)
"Bags, Backpacks & Luggage > Backpacks & Laptop Bags > Backpacks :: pack_type=mini/sling · audience=general · vibe=character/licensed · anti_theft=no","Bags, Backpacks & Luggage > Backpacks & Laptop Bags > Backpacks","Bags, Backpacks & Luggage > Backpacks & Laptop Bags",amazon,4,"{""pack_type"": ""mini/sling"", ""audience"": ""general"", ""vibe"": ""character/licensed"", ""anti_theft"": ""no""}",Mini/sling backpack,Type: mini/sling · Audience: general · Vibe: character/licensed · Anti-theft: not stated,0,69,True,0.9920051432937737,20.94986807387863,1.0,98.41688654353563,1.1885508719793538,69.0,0.0,0.0,1.0,0.0,0.0,0.0,0.0,0.0,0.0,0.0,0.0,0.0,0.0,1.0,0.0,1.0,0.9428571428571428,1.1850615671808788,False,False,0.0,0.03486609398686205,3.2837930621625424,1.0,True,True,0.4712885841447572,1.0,0.24082887271921727,0.17227825155249565,0.6628498727735368,False,,75.99,beige/cream|blue|metallic|multi/pattern|red/pink,,0.2028985507246377,55.0,0.9714285714285714,0.6,0.9142857142857143,0.4166666666666667,0.9142857142857143,79.67857142857142,85.57142857142857,True,True,True,True,Gap-led,61.11111111111111,0.028474711270410194,True,10.0,,0 safe products (< 2),,1.0,0.0,0.48495867768595036,Mini/sling backpack (Type: mini/sling · Audience: general · Vibe: character/licensed · Anti-theft: not stated)
"Bags, Backpacks & Luggage > Backpacks & Laptop Bags > Backpacks :: pack_type=mini/sling · audience=general · vibe=plain · anti_theft=no","Bags, Backpacks & Luggage > Backpacks & Laptop Bags > Backpacks","Bags, Backpacks & Luggage > Backpacks & Laptop Bags",amazon,4,"{""pack_type"": ""mini/sling"", ""audience"": ""general"", ""vibe"": ""plain"", ""anti_theft"": ""no""}",Mini/sling backpack,Type: mini/sling · Audience: general · Vibe: plain · Anti-theft: not stated,5,63,True,0.8597381064924021,20.94986807387863,0.0,98.41688654353563,0.9619144443575506,63.0,0.0,0.0,1.0,0.0,0.0,0.0,0.0,0.0,0.0,0.0,0.0,0.0,0.0,1.0,0.0,0.5428571428571428,0.3142857142857143,0.6106175415495178,False,False,0.013192612137203167,0.03183425972713492,0.7956109426920712,0.9843,False,False,0.3187144226211012,-1.0,0.02011552669245991,,0.1145038167938931,True,67.08,61.5,beige/cream|brown/wood|clear|green|grey|multi/pattern|navy|purple,1.6,0.36507936507936506,40.0,0.2857142857142857,0.4,0.0,0.5,0.2571428571428571,29.35714285714286,25.142857142857146,True,True,False,True,Not listed,12.962962962962962,0.023669467787114845,False,,"Method 1: 0 safe products (< 2) · Method 2: passed, outside the top 10 by TG",0 safe products (< 2),"passed, outside the top 10 by TG",0.0,0.0,,Mini/sling backpack (Type: mini/sling · Audience: general · Vibe: plain · Anti-theft: not stated)
"Bags, Backpacks & Luggage > Backpacks & Laptop Bags > Backpacks :: pack_type=mini/sling · audience=men · vibe=plain · anti_theft=no","Bags, Backpacks & Luggage > Backpacks & Laptop Bags > Backpacks","Bags, Backpacks & Luggage > Backpacks & Laptop Bags",amazon,4,"{""pack_type"": ""mini/sling"", ""audience"": ""men"", ""vibe"": ""plain"", ""anti_theft"": ""no""}",Men mini/sling backpack,Type: mini/sling · Audience: men · Vibe: plain · Anti-theft: not stated,0,10,True,0.9109060213843556,1.301156130084717,0.0,98.41688654353563,0.6724016579338391,10.0,0.0,0.0,1.0,0.0,0.0,0.0,0.0,0.0,0.0,0.0,0.0,0.0,0.0,1.0,0.0,0.6857142857142857,0.3142857142857143,0.6190707000524189,False,False,0.0,0.005053057099545225,1.3938415667552735,0.942,True,True,0.25041302834610424,-1.0,0.07660589784633834,,0.5322307039864291,False,,42.99,black,,0.5,5.0,0.32857142857142857,0.17142857142857143,0.2714285714285714,0.5,0.6571428571428571,36.357142857142854,34.357142857142854,True,False,False,False,Not listed,18.51851851851852,0.024099883855981417,False,,Method 1: 0 safe products (< 2) · Method 2: ACR 50% (≥ 50%): cheaper or same-look Staples twins,0 safe products (< 2),ACR 50% (≥ 50%): cheaper or same-look Staples twins,0.0,0.0,,Men mini/sling backpack (Type: mini/sling · Audience: men · Vibe: plain · Anti-theft: not stated)
"Bags, Backpacks & Luggage > Backpacks & Laptop Bags > Backpacks :: pack_type=mini/sling · audience=women · vibe=plain · anti_theft=no","Bags, Backpacks & Luggage > Backpacks & Laptop Bags > Backpacks","Bags, Backpacks & Luggage > Backpacks & Laptop Bags",amazon,4,"{""pack_type"": ""mini/sling"", ""audience"": ""women"", ""vibe"": ""plain"", ""anti_theft"": ""no""}",Women mini/sling backpack,Type: mini/sling · Audience: women · Vibe: plain · Anti-theft: not stated,0,19,True,0.8969356977862548,1.652444186290806,0.0,98.41688654353563,0.3439430671776022,19.0,0.0,0.0,1.0,0.0,0.0,0.0,0.0,0.0,0.0,0.0,0.0,0.0,0.0,1.0,0.0,0.5714285714285714,0.3142857142857143,0.5393218231237332,False,False,0.0,0.009600808489135927,2.0128807751614968,0.98925,True,True,0.9893569004651361,-1.0,0.12439904736735723,,0.5245971162001697,False,,21.99,beige/cream|black|grey|red/pink,,0.6842105263157895,6.0,0.6571428571428571,0.9714285714285714,0.4857142857142857,0.5,0.6285714285714286,66.64285714285714,69.57142857142857,True,False,False,False,Not listed,44.44444444444444,0.026878868258178604,False,,Method 1: 0 safe products (< 2) · Method 2: ACR 68% (≥ 50%): cheaper or same-look Staples twins,0 safe products (< 2),ACR 68% (≥ 50%): cheaper or same-look Staples twins,0.0,0.0,,Women mini/sling backpack (Type: mini/sling · Audience: women · Vibe: plain · Anti-theft: not stated)
"Bags, Backpacks & Luggage > Backpacks & Laptop Bags > Backpacks :: pack_type=other · audience=women · vibe=plain · anti_theft=no","Bags, Backpacks & Luggage > Backpacks & Laptop Bags > Backpacks","Bags, Backpacks & Luggage > Backpacks & Laptop Bags",amazon,4,"{""pack_type"": ""other"", ""audience"": ""women"", ""vibe"": ""plain"", ""anti_theft"": ""no""}",Women backpack,Type: other (mixed) · Audience: women · Vibe: plain · Anti-theft: not stated,3,14,False,0.680603375483834,6.954314015064913,0.0,40.870712401055414,0.6599659965996599,14.0,0.0,0.0,1.0,0.0,0.0,0.0,0.0,0.0,0.0,0.0,0.0,0.0,0.0,1.0,0.0,0.3142857142857143,0.3142857142857143,14.24205417211824,False,False,0.0079155672823219,0.007074279939363315,-0.22929519003698862,0.40155,False,False,1.3620541409316946,1.0,0.030470424417612916,,0.31085665818490255,True,19.99,69.99,beige/cream|blue,1.0,0.5,7.0,0.2,1.0,0.08571428571428572,0.5,0.37142857142857144,37.857142857142854,37.64285714285714,False,False,False,False,Not listed,,,False,,includes a grouped “other (mixed)” value: not a nameable archetype,0 safe products (< 2),share gap not credible (40% < 90%); ACR 50% (≥ 50%): cheaper or same-look Staples twins,0.0,0.0,,Women backpack (Type: other (mixed) · Audience: women · Vibe: plain · Anti-theft: not stated)
"Bags, Backpacks & Luggage > Backpacks & Laptop Bags > Backpacks :: pack_type=school/kids · audience=general · vibe=plain · anti_theft=no","Bags, Backpacks & Luggage > Backpacks & Laptop Bags > Backpacks","Bags, Backpacks & Luggage > Backpacks & Laptop Bags",amazon,4,"{""pack_type"": ""school/kids"", ""audience"": ""general"", ""vibe"": ""plain"", ""anti_theft"": ""no""}",School/kids backpack,Type: school/kids · Audience: general · Vibe: plain · Anti-theft: not stated,11,22,True,0.08490971693078475,79.92084432717678,0.0,51.081794195250666,0.9740175381617407,22.0,0.0,0.0,0.3181818181818182,0.0,0.0,0.0,0.0,0.0,0.0,0.6818181818181818,0.0,0.0,0.0,0.3181818181818182,0.0,0.08571428571428572,0.3142857142857143,17.459171326929138,False,False,0.029023746701846966,0.011116725618999495,-0.9795125971269794,0.00665,False,False,0.28774308337317006,1.0,0.2896742735021628,,0.039016115351993216,True,39.99,40.6,,1.7272727272727273,0.5909090909090909,9.0,0.17142857142857143,0.2857142857142857,0.9714285714285714,0.5,0.17142857142857143,33.357142857142854,33.0,False,False,False,False,Not listed,24.074074074074073,0.02454819277108434,False,,Method 1: 0 safe products (< 2) · Method 2: share gap not credible (1% < 90%); ACR 59% (≥ 50%): cheaper or same-look Staples twins,0 safe products (< 2),share gap not credible (1% < 90%); ACR 59% (≥ 50%): cheaper or same-look Staples twins,0.0,0.0,,School/kids backpack (Type: school/kids · Audience: general · Vibe: plain · Anti-theft: not stated)
"Bags, Backpacks & Luggage > Backpacks & Laptop Bags > Backpacks :: pack_type=school/kids · audience=kids · vibe=character/licensed · anti_theft=no","Bags, Backpacks & Luggage > Backpacks & Laptop Bags > Backpacks","Bags, Backpacks & Luggage > Backpacks & Laptop Bags",amazon,4,"{""pack_type"": ""school/kids"", ""audience"": ""kids"", ""vibe"": ""character/licensed"", ""anti_theft"": ""no""}",Kids school/kids backpack,Type: school/kids · Audience: kids · Vibe: character/licensed · Anti-theft: not stated,26,4,False,0.0,93.83747443352098,0.0,57.01846965699209,1.8480025982461838,4.0,0.0,0.0,0.0,0.0,0.0,0.0,0.0,0.0,0.0,1.0,0.0,0.0,0.0,0.0,0.0,0.02857142857142857,0.3142857142857143,16.029574681101842,False,False,0.06860158311345646,0.00202122283981809,-3.423748207184052,0.0,False,False,0.7158411553479098,1.0,0.1323835661189611,,0.03180661577608142,True,30.79,58.76,,1.0384615384615385,0.0,4.0,0.02857142857142857,0.8,0.5142857142857142,0.5,0.14285714285714285,33.85714285714286,33.642857142857146,False,False,False,False,Not listed,,,False,,only 4 competitor families (< 5),0 safe products (< 2),share gap not credible (0% < 90%),0.0,0.0,,Kids school/kids backpack (Type: school/kids · Audience: kids · Vibe: character/licensed · Anti-theft: not stated)
"Bags, Backpacks & Luggage > Backpacks & Laptop Bags > Backpacks :: pack_type=school/kids · audience=kids · vibe=other · anti_theft=no","Bags, Backpacks & Luggage > Backpacks & Laptop Bags > Backpacks","Bags, Backpacks & Luggage > Backpacks & Laptop Bags",amazon,4,"{""pack_type"": ""school/kids"", ""audience"": ""kids"", ""vibe"": ""other"", ""anti_theft"": ""no""}",Kids school/kids backpack,Type: school/kids · Audience: kids · Vibe: other (mixed) · Anti-theft: not stated,28,7,False,0.0,78.73536299765807,0.5,51.081794195250666,0.8571020291511859,7.0,2.0,0.2857142857142857,0.7142857142857143,0.4,0.0,0.0,0.0,0.0,0.2857142857142857,0.2857142857142857,0.0,0.0,0.0,0.42857142857142855,0.0,0.02857142857142857,0.8428571428571429,22.491491228612208,False,False,0.07387862796833773,0.0035371399696816574,-2.9856819377004893,0.0,False,False,0.26621550473626926,-1.0,0.2389021021600709,,0.015903307888040716,True,39.99,29.99,,1.0357142857142858,0.2857142857142857,5.0,0.05714285714285714,0.22857142857142856,0.8857142857142857,0.5,0.11428571428571428,28.07142857142857,26.71428571428572,False,False,False,False,Not listed,,,False,,includes a grouped “other (mixed)” value: not a nameable archetype,"passed, outside the top 10 by VOS",share gap not credible (0% < 90%),0.0,0.0,,Kids school/kids backpack (Type: school/kids · Audience: kids · Vibe: other (mixed) · Anti-theft: not stated)
"Bags, Backpacks & Luggage > Backpacks & Laptop Bags > Backpacks :: pack_type=school/kids · audience=kids · vibe=plain · anti_theft=no","Bags, Backpacks & Luggage > Backpacks & Laptop Bags > Backpacks","Bags, Backpacks & Luggage > Backpacks & Laptop Bags",amazon,4,"{""pack_type"": ""school/kids"", ""audience"": ""kids"", ""vibe"": ""plain"", ""anti_theft"": ""no""}",Kids school/kids backpack,Type: school/kids · Audience: kids · Vibe: plain · Anti-theft: not stated,33,27,True,0.3216906844100872,78.20188095135107,0.0,40.31662269129288,1.1802533290029231,27.0,2.0,0.07407407407407407,0.4444444444444444,0.16666666666666666,0.0,0.0,0.0,0.0,0.07407407407407407,0.5555555555555556,0.0,0.0,0.0,0.37037037037037035,0.0,0.22857142857142856,0.3142857142857143,24.830326984361395,True,True,0.0870712401055409,0.013643254168772108,-1.8480403051266445,0.0,False,False,0.18615381335958395,1.0,0.5766282666441604,,-0.024173027989821884,True,35.89,36.34,black|clear|white,1.0909090909090908,0.5555555555555556,12.0,0.14285714285714285,0.05714285714285714,1.0,0.5,0.02857142857142857,26.57142857142857,24.500000000000004,False,False,False,True,Vector-led,24.074074074074073,0.024614919963757174,False,,passed a method gate but outside the node's top 10,,share gap not credible (0% < 90%); ACR 56% (≥ 50%): cheaper or same-look Staples twins,0.0,0.13,,Kids school/kids backpack (Type: school/kids · Audience: kids · Vibe: plain · Anti-theft: not stated)
"Bags, Backpacks & Luggage > Backpacks & Laptop Bags > Backpacks :: pack_type=travel/carry-on · audience=general · vibe=plain · anti_theft=no","Bags, Backpacks & Luggage > Backpacks & Laptop Bags > Backpacks","Bags, Backpacks & Luggage > Backpacks & Laptop Bags",amazon,4,"{""pack_type"": ""travel/carry-on"", ""audience"": ""general"", ""vibe"": ""plain"", ""anti_theft"": ""no""}",Travel/carry-on backpack,Type: travel/carry-on · Audience: general · Vibe: plain · Anti-theft: not stated,19,112,True,0.6910413279124101,66.24574406950374,0.0,98.41688654353563,0.5452989993684105,112.0,2.0,0.017857142857142856,0.9732142857142857,0.01834862385321101,0.5089285714285714,0.0,0.008928571428571428,0.008928571428571428,0.0,0.026785714285714284,0.0,0.14285714285714285,0.36607142857142855,0.44642857142857145,0.0,0.34285714285714286,0.3142857142857143,0.6832628629007717,False,False,0.05013192612137203,0.05659423951490652,0.10185788510662416,0.69115,False,False,0.20531907098002572,1.0,0.27212773265230383,0.12289776447750428,0.2536047497879559,True,47.99,61.495000000000005,brown/wood|clear|navy|white,1.3157894736842106,0.5535714285714286,50.0,0.22857142857142856,0.11428571428571428,0.9428571428571428,0.16666666666666666,0.34285714285714286,28.07142857142857,32.57142857142857,False,False,False,False,Not listed,16.666666666666664,0.023959827833572454,False,,Method 1: safe share 2% (< 10%) · Method 2: share gap not credible (69% < 90%); ACR 55% (≥ 50%): cheaper or same-look Staples twins,safe share 2% (< 10%),share gap not credible (69% < 90%); ACR 55% (≥ 50%): cheaper or same-look Staples twins,0.0,0.0,,Travel/carry-on backpack (Type: travel/carry-on · Audience: general · Vibe: plain · Anti-theft: not stated)
"Bags, Backpacks & Luggage > Backpacks & Laptop Bags > Backpacks :: pack_type=travel/carry-on · audience=general · vibe=plain · anti_theft=yes","Bags, Backpacks & Luggage > Backpacks & Laptop Bags > Backpacks","Bags, Backpacks & Luggage > Backpacks & Laptop Bags",amazon,4,"{""pack_type"": ""travel/carry-on"", ""audience"": ""general"", ""vibe"": ""plain"", ""anti_theft"": ""yes""}",Travel/carry-on backpack,Type: travel/carry-on · Audience: general · Vibe: plain · Anti-theft: yes,0,34,True,0.9267027960009069,13.947526153503922,0.0,24.15831134564644,0.5761504601840736,34.0,2.0,0.058823529411764705,0.8823529411764706,0.06666666666666667,0.0,0.029411764705882353,0.0,0.0,0.029411764705882353,0.11764705882352941,0.0,0.0,0.0,0.8235294117647058,0.0,0.7142857142857143,0.3142857142857143,33.51008726983893,False,False,0.0,0.017180394138453764,2.58342563362911,0.9995,True,True,0.1819304057196074,1.0,0.1373360957429446,0.3444004623326731,0.5621289228159458,False,,71.99,black|clear|green,,0.0,34.0,0.9142857142857143,0.02857142857142857,0.5714285714285714,1.0,0.7428571428571429,67.28571428571428,58.999999999999986,True,True,True,True,Gap-led,83.33333333333333,0.03055037313432836,True,3.0,,safe share 7% (< 10%),,0.684,0.035,0.3615916955017302,Travel/carry-on backpack (Type: travel/carry-on · Audience: general · Vibe: plain · Anti-theft: yes)
"Bags, Backpacks & Luggage > Backpacks & Laptop Bags > Backpacks :: pack_type=travel/carry-on · audience=general · vibe=professional · anti_theft=no","Bags, Backpacks & Luggage > Backpacks & Laptop Bags > Backpacks","Bags, Backpacks & Luggage > Backpacks & Laptop Bags",amazon,4,"{""pack_type"": ""travel/carry-on"", ""audience"": ""general"", ""vibe"": ""professional"", ""anti_theft"": ""no""}",Travel/carry-on backpack,Type: travel/carry-on · Audience: general · Vibe: professional · Anti-theft: not stated,1,10,True,0.8456691832532602,15.847262301261178,0.16666666666666666,24.94986807387863,1.0671742051052395,10.0,1.0,0.1,1.0,0.1,0.0,0.0,0.0,0.1,0.0,0.0,0.0,0.0,0.0,0.9,0.0,0.45714285714285713,0.6714285714285714,31.60460237724784,False,False,0.002638522427440633,0.005053057099545225,0.2952292780871638,0.7092,False,False,0.789533756445136,1.0,0.1325329487332625,,0.4336301950805767,False,139.99,99.49,,1.0,0.5,5.0,0.2571428571428571,0.8857142857142857,0.5428571428571428,0.5,0.5428571428571428,46.0,48.357142857142854,False,False,False,False,Not listed,53.703703703703695,0.027313266443701224,False,,Method 1: 1 safe products (< 2) · Method 2: share gap not credible (71% < 90%); ACR 50% (≥ 50%): cheaper or same-look Staples twins,1 safe products (< 2),share gap not credible (71% < 90%); ACR 50% (≥ 50%): cheaper or same-look Staples twins,0.0,0.0,,Travel/carry-on backpack (Type: travel/carry-on · Audience: general · Vibe: professional · Anti-theft: not stated)
"Bags, Backpacks & Luggage > Backpacks & Laptop Bags > Backpacks :: pack_type=travel/carry-on · audience=kids · vibe=plain · anti_theft=no","Bags, Backpacks & Luggage > Backpacks & Laptop Bags > Backpacks","Bags, Backpacks & Luggage > Backpacks & Laptop Bags",amazon,4,"{""pack_type"": ""travel/carry-on"", ""audience"": ""kids"", ""vibe"": ""plain"", ""anti_theft"": ""no""}",Kids travel/carry-on backpack,Type: travel/carry-on · Audience: kids · Vibe: plain · Anti-theft: not stated,0,11,True,0.4985054089960144,70.39289473304784,0.0,98.41688654353563,0.21791366193846765,11.0,0.0,0.0,0.9090909090909091,0.0,0.5454545454545454,0.0,0.0,0.0,0.0,0.09090909090909091,0.0,0.45454545454545453,0.09090909090909091,0.36363636363636365,0.0,0.2571428571428571,0.3142857142857143,0.641896145358614,False,False,0.0,0.0055583628094997475,1.4848133449610004,0.95275,True,True,0.7839771249796306,-1.0,0.17342283012083876,0.12245225960674402,0.11068702290076332,False,,27.490000000000002,black,,0.8181818181818182,2.0,0.38571428571428573,0.8571428571428571,0.7142857142857143,0.08333333333333333,0.22857142857142856,46.03571428571429,53.78571428571429,True,False,False,False,Not listed,29.629629629629626,0.025035205758097326,False,,Method 1: 0 safe products (< 2) · Method 2: ACR 82% (≥ 50%): cheaper or same-look Staples twins,0 safe products (< 2),ACR 82% (≥ 50%): cheaper or same-look Staples twins,0.0,0.0,,Kids travel/carry-on backpack (Type: travel/carry-on · Audience: kids · Vibe: plain · Anti-theft: not stated)
"Bags, Backpacks & Luggage > Backpacks & Laptop Bags > Backpacks :: pack_type=travel/carry-on · audience=men · vibe=plain · anti_theft=no","Bags, Backpacks & Luggage > Backpacks & Laptop Bags > Backpacks","Bags, Backpacks & Luggage > Backpacks & Laptop Bags",amazon,4,"{""pack_type"": ""travel/carry-on"", ""audience"": ""men"", ""vibe"": ""plain"", ""anti_theft"": ""no""}",Men travel/carry-on backpack,Type: travel/carry-on · Audience: men · Vibe: plain · Anti-theft: not stated,0,22,True,0.9364636968940474,12.429711492711622,0.0,32.34564643799473,0.4359566120470805,22.0,0.0,0.0,0.9545454545454546,0.0,0.18181818181818182,0.0,0.0,0.0,0.0,0.045454545454545456,0.0,0.045454545454545456,0.13636363636363635,0.7727272727272727,0.0,0.7714285714285715,0.3142857142857143,31.32419709011571,False,False,0.0,0.011116725618999495,2.1559816188021705,0.9954,True,True,0.27333682147652105,-1.0,0.14980192903308448,,0.44741306191687874,False,,49.99,black|green,,0.5909090909090909,9.0,0.7142857142857143,0.2571428571428571,0.6,0.5,0.6,55.64285714285715,55.42857142857143,True,False,False,False,Not listed,64.81481481481481,0.028370221327967807,False,,Method 1: 0 safe products (< 2) · Method 2: ACR 59% (≥ 50%): cheaper or same-look Staples twins,0 safe products (< 2),ACR 59% (≥ 50%): cheaper or same-look Staples twins,0.0,0.0,,Men travel/carry-on backpack (Type: travel/carry-on · Audience: men · Vibe: plain · Anti-theft: not stated)
"Bags, Backpacks & Luggage > Backpacks & Laptop Bags > Backpacks :: pack_type=travel/carry-on · audience=men · vibe=professional · anti_theft=no","Bags, Backpacks & Luggage > Backpacks & Laptop Bags > Backpacks","Bags, Backpacks & Luggage > Backpacks & Laptop Bags",amazon,4,"{""pack_type"": ""travel/carry-on"", ""audience"": ""men"", ""vibe"": ""professional"", ""anti_theft"": ""no""}",Men travel/carry-on backpack,Type: travel/carry-on · Audience: men · Vibe: professional · Anti-theft: not stated,0,11,True,0.7886192963836103,9.682388635198013,0.3333333333333333,32.532981530343015,1.0088896790825852,11.0,0.0,0.0,1.0,0.0,0.0,0.0,0.0,0.0,0.0,0.0,0.0,0.0,0.0,1.0,0.0,0.37142857142857144,0.7571428571428571,26.00689869032879,False,False,0.0,0.0055583628094997475,1.4848133449610004,0.9527,True,True,0.6815295616239819,1.0,0.17387827728425537,,0.37022900763358774,False,,113.49,black|brown/wood,,0.2727272727272727,8.0,0.38571428571428573,0.7428571428571429,0.7428571428571429,0.5,0.45714285714285713,53.85714285714286,56.07142857142857,True,True,False,True,Not listed,48.148148148148145,0.02667140825035562,False,,"Method 1: 0 safe products (< 2) · Method 2: passed, outside the top 10 by TG",0 safe products (< 2),"passed, outside the top 10 by TG",0.054,0.038,,Men travel/carry-on backpack (Type: travel/carry-on · Audience: men · Vibe: professional · Anti-theft: not stated)
"Bags, Backpacks & Luggage > Backpacks & Laptop Bags > Backpacks :: pack_type=travel/carry-on · audience=men · vibe=professional · anti_theft=yes","Bags, Backpacks & Luggage > Backpacks & Laptop Bags > Backpacks","Bags, Backpacks & Luggage > Backpacks & Laptop Bags",amazon,4,"{""pack_type"": ""travel/carry-on"", ""audience"": ""men"", ""vibe"": ""professional"", ""anti_theft"": ""yes""}",Men travel/carry-on backpack,Type: travel/carry-on · Audience: men · Vibe: professional · Anti-theft: yes,0,16,True,0.9035432395332876,15.018723004578794,0.3333333333333333,16.554089709762536,0.4000800320128051,16.0,0.0,0.0,1.0,0.0,0.0,0.0,0.0,0.0,0.0,0.0,0.0,0.0,0.0,1.0,0.0,0.6571428571428571,0.7571428571428571,44.2310195283072,False,False,0.0,0.00808489135927236,1.8458266904983307,0.98295,True,True,0.25846165006498767,-1.0,0.1610929093022879,,0.32463952502120436,False,,49.99,black,,0.0,16.0,0.4714285714285714,0.2,0.6571428571428571,0.5,0.4,43.857142857142854,42.642857142857146,True,True,False,True,Not listed,64.81481481481481,0.02889344262295082,False,,"Method 1: 0 safe products (< 2) · Method 2: passed, outside the top 10 by TG",0 safe products (< 2),"passed, outside the top 10 by TG",0.0,1.0,,Men travel/carry-on backpack (Type: travel/carry-on · Audience: men · Vibe: professional · Anti-theft: yes)
"Bags, Backpacks & Luggage > Backpacks & Laptop Bags > Backpacks :: pack_type=travel/carry-on · audience=women · vibe=other · anti_theft=no","Bags, Backpacks & Luggage > Backpacks & Laptop Bags > Backpacks","Bags, Backpacks & Luggage > Backpacks & Laptop Bags",amazon,4,"{""pack_type"": ""travel/carry-on"", ""audience"": ""women"", ""vibe"": ""other"", ""anti_theft"": ""no""}",Women travel/carry-on backpack,Type: travel/carry-on · Audience: women · Vibe: other (mixed) · Anti-theft: not stated,0,17,False,0.8248496399358094,36.881608995516544,0.5,32.532981530343015,0.3023041850019491,17.0,1.0,0.058823529411764705,1.0,0.058823529411764705,0.23529411764705882,0.0,0.0,0.0,0.058823529411764705,0.0,0.0,0.0,0.23529411764705882,0.7058823529411765,0.0,0.42857142857142855,0.8428571428571429,34.69263761112798,False,False,0.0,0.008590197069226882,1.9046671905212642,0.9862,True,True,0.46294107995118344,-1.0,0.20478897818146002,0.3113456023557027,0.33927056827820185,False,,33.49,beige/cream|black,,0.5882352941176471,7.0,0.6142857142857143,0.5714285714285714,0.8571428571428571,0.7083333333333334,0.42857142857142855,62.83928571428571,61.50000000000001,True,False,False,False,Not listed,,,False,,includes a grouped “other (mixed)” value: not a nameable archetype,1 safe products (< 2),ACR 59% (≥ 50%): cheaper or same-look Staples twins,0.0,0.0,,Women travel/carry-on backpack (Type: travel/carry-on · Audience: women · Vibe: other (mixed) · Anti-theft: not stated)
"Bags, Backpacks & Luggage > Backpacks & Laptop Bags > Backpacks :: pack_type=travel/carry-on · audience=women · vibe=plain · anti_theft=no","Bags, Backpacks & Luggage > Backpacks & Laptop Bags > Backpacks","Bags, Backpacks & Luggage > Backpacks & Laptop Bags",amazon,4,"{""pack_type"": ""travel/carry-on"", ""audience"": ""women"", ""vibe"": ""plain"", ""anti_theft"": ""no""}",Women travel/carry-on backpack,Type: travel/carry-on · Audience: women · Vibe: plain · Anti-theft: not stated,1,72,True,0.8500207113024697,14.210101359632048,0.0,32.532981530343015,0.31244183995935104,72.0,2.0,0.027777777777777776,0.9861111111111112,0.028169014084507043,0.20833333333333334,0.0,0.0,0.013888888888888888,0.013888888888888888,0.013888888888888888,0.0,0.05555555555555555,0.1527777777777778,0.75,0.0,0.4857142857142857,0.3142857142857143,22.92348214364177,False,False,0.002638522427440633,0.03638201111672562,2.227440582784315,1.0,False,True,0.4343270049212843,-1.0,0.09848112406185186,,0.5517387616624259,False,186.59,35.99,beige/cream|black|brown/wood|green|grey|navy|red/pink,1.0,0.5138888888888888,35.0,0.7428571428571429,0.5428571428571428,0.4,0.5,0.7142857142857143,61.07142857142856,61.857142857142854,True,False,False,False,Not listed,53.703703703703695,0.027364110201042444,False,,Method 1: safe share 3% (< 10%) · Method 2: ACR 51% (≥ 50%): cheaper or same-look Staples twins,safe share 3% (< 10%),ACR 51% (≥ 50%): cheaper or same-look Staples twins,0.0,0.0,,Women travel/carry-on backpack (Type: travel/carry-on · Audience: women · Vibe: plain · Anti-theft: not stated)
"Bags, Backpacks & Luggage > Backpacks & Laptop Bags > Backpacks :: pack_type=travel/carry-on · audience=women · vibe=plain · anti_theft=yes","Bags, Backpacks & Luggage > Backpacks & Laptop Bags > Backpacks","Bags, Backpacks & Luggage > Backpacks & Laptop Bags",amazon,4,"{""pack_type"": ""travel/carry-on"", ""audience"": ""women"", ""vibe"": ""plain"", ""anti_theft"": ""yes""}",Women travel/carry-on backpack,Type: travel/carry-on · Audience: women · Vibe: plain · Anti-theft: yes,0,33,True,0.8969572703875582,7.483362478604488,0.0,22.53298153034301,0.213263401191217,33.0,1.0,0.030303030303030304,0.9393939393939394,0.03225806451612903,0.0,0.030303030303030304,0.0,0.0,0.0,0.06060606060606061,0.0,0.0,0.0,0.9090909090909091,0.0,0.6,0.3142857142857143,28.74193063317316,False,False,0.0,0.01667508842849924,2.5540117484228166,0.9995,True,True,0.8381584554260048,-1.0,0.06957108362000748,,0.5746395250212044,False,,20.99,beige/cream|black|brown/wood|green|navy|purple|red/pink,,0.0,33.0,0.8714285714285714,0.9428571428571428,0.22857142857142856,0.5,0.7714285714285715,71.85714285714285,74.07142857142857,True,True,True,True,Gap-led,74.07407407407408,0.029571646010002173,True,7.0,,1 safe products (< 2),,0.972,0.0,0.30027548209366395,Women travel/carry-on backpack (Type: travel/carry-on · Audience: women · Vibe: plain · Anti-theft: yes)
"Bags, Backpacks & Luggage > Backpacks & Laptop Bags > Backpacks :: pack_type=travel/carry-on · audience=women · vibe=professional · anti_theft=no","Bags, Backpacks & Luggage > Backpacks & Laptop Bags > Backpacks","Bags, Backpacks & Luggage > Backpacks & Laptop Bags",amazon,4,"{""pack_type"": ""travel/carry-on"", ""audience"": ""women"", ""vibe"": ""professional"", ""anti_theft"": ""no""}",Women travel/carry-on backpack,Type: travel/carry-on · Audience: women · Vibe: professional · Anti-theft: not stated,0,33,True,0.8225652725705105,12.947050354377659,1.0,32.94986807387863,0.4240496198479392,33.0,0.0,0.0,1.0,0.0,0.06060606060606061,0.0,0.0,0.0,0.0,0.0,0.0,0.06060606060606061,0.0,0.9393939393939394,0.0,0.4,0.9428571428571428,30.478002003661647,False,False,0.0,0.01667508842849924,2.5540117484228166,0.99935,True,True,0.4118505606719604,-1.0,0.09588439523119761,,0.3757421543681086,False,,37.49,beige/cream|black|brown/wood|green|purple,,0.42424242424242425,19.0,0.8714285714285714,0.4857142857142857,0.34285714285714286,0.5,0.4857142857142857,60.14285714285714,59.21428571428571,True,True,True,True,Gap-led,62.962962962962955,0.02817460317460317,True,9.0,,0 safe products (< 2),,0.027,0.217,0.26869806094182813,Women travel/carry-on backpack (Type: travel/carry-on · Audience: women · Vibe: professional · Anti-theft: not stated)
"Bags, Backpacks & Luggage > Backpacks & Laptop Bags > Backpacks :: pack_type=travel/carry-on · audience=women · vibe=professional · anti_theft=yes","Bags, Backpacks & Luggage > Backpacks & Laptop Bags > Backpacks","Bags, Backpacks & Luggage > Backpacks & Laptop Bags",amazon,4,"{""pack_type"": ""travel/carry-on"", ""audience"": ""women"", ""vibe"": ""professional"", ""anti_theft"": ""yes""}",Women travel/carry-on backpack,Type: travel/carry-on · Audience: women · Vibe: professional · Anti-theft: yes,0,20,True,0.8538089605877938,12.862966762032466,0.3333333333333333,22.53298153034301,0.31822082909081495,20.0,1.0,0.05,0.95,0.05263157894736842,0.0,0.05,0.0,0.0,0.0,0.05,0.0,0.0,0.0,0.9,0.0,0.5142857142857142,0.7571428571428571,35.580848393063974,False,False,0.0,0.01010611419909045,2.0628911957361584,0.99225,True,True,0.3875031438467392,-1.0,0.17947811051697365,,0.4346904156064461,False,,37.99,beige/cream|black|blue|grey|red/pink,,0.0,20.0,0.6857142857142857,0.42857142857142855,0.8,0.5,0.5714285714285714,60.642857142857146,62.142857142857146,True,True,True,True,Gap-led,79.62962962962963,0.030117753623188408,True,5.0,,1 safe products (< 2),,0.211,0.569,0.33000000000000007,Women travel/carry-on backpack (Type: travel/carry-on · Audience: women · Vibe: professional · Anti-theft: yes)
"Bags, Backpacks & Luggage > Backpacks & Laptop Bags > Backpacks :: long tail","Bags, Backpacks & Luggage > Backpacks & Laptop Bags > Backpacks","Bags, Backpacks & Luggage > Backpacks & Laptop Bags",amazon,0,{},Long tail,not in any 4-attribute combination with enough families,18,636,False,0.6086166974137761,60.28946506583948,0.0,62.95514511873351,0.9179551469564006,636.0,80.0,0.12578616352201258,0.7547169811320755,0.16666666666666666,0.23113207547169812,0.03773584905660377,0.018867924528301886,0.029874213836477988,0.03930817610062893,0.24528301886792453,0.0015723270440251573,0.14622641509433962,0.08490566037735849,0.39622641509433965,0.0,0.2857142857142857,0.3142857142857143,14.373820535247685,False,False,0.047493403693931395,0.3213744315310763,1.8875328149450326,1.0,False,True,0.29300868358508936,1.0,0.051148773544418366,0.0598764237217057,-0.02502120441051736,True,72.6,77.99,beige/cream|brown/wood|green|metallic|navy|red/pink|white,1.3333333333333333,0.3490566037735849,414.0,0.5714285714285714,0.3142857142857143,0.14285714285714285,0.0,0.0,28.428571428571423,30.714285714285715,True,False,False,False,Not listed,,,False,,long tail: not in any supported 4-attribute combination,"passed, outside the top 10 by VOS","passed, outside the top 10 by TG",0.0,0.0,,Long tail (not in any 4-attribute combination with enough families)
Furniture > Desks > Office Desks :: desk_type=computer · drawers=no · storage=no · vibe=luxe,Furniture > Desks > Office Desks,Furniture > Desks,wayfair,4,"{""desk_type"": ""computer"", ""drawers"": ""no"", ""storage"": ""no"", ""vibe"": ""luxe""}",Luxe computer desk,Type: computer · Drawers: not stated · Storage: not stated · Vibe: luxe,4,129,True,0.6999122599961858,54.67173849023265,0.55,81.96414947509766,0.6490019735360734,129.0,40.0,0.31007751937984496,0.9147286821705426,0.3389830508474576,0.5581395348837209,0.0,0.09302325581395349,0.18604651162790697,0.031007751937984496,0.08527131782945736,0.0,0.07751937984496124,0.4806201550387597,0.046511627906976744,0.0,0.52,0.85,11.011161169408053,True,False,0.005988023952095809,0.04572846508330379,1.9201864120787875,1.0,False,True,0.6335629846821886,-1.0,0.06179079677270985,0.20048509252289748,0.21653768988248784,True,433.99,282.99,beige/cream|black|blue|metallic|navy|red/pink,1.25,0.5348837209302325,60.0,0.66,0.28,0.16,0.66,0.46,47.900000000000006,42.5,True,False,False,True,Not listed,51.470588235294116,0.02581612258494337,False,,"Method 1: passed, outside the top 10 by VOS · Method 2: ACR 53% (≥ 50%): cheaper or same-look Staples twins","passed, outside the top 10 by VOS",ACR 53% (≥ 50%): cheaper or same-look Staples twins,0.0,0.0,,Luxe computer desk (Type: computer · Drawers: not stated · Storage: not stated · Vibe: luxe)
Furniture > Desks > Office Desks :: desk_type=computer · drawers=no · storage=no · vibe=other,Furniture > Desks > Office Desks,Furniture > Desks,wayfair,4,"{""desk_type"": ""computer"", ""drawers"": ""no"", ""storage"": ""no"", ""vibe"": ""other""}",Computer desk,Type: computer · Drawers: not stated · Storage: not stated · Vibe: other (mixed),6,37,False,0.6827122822922045,53.934987168520095,0.5333333333333334,81.69354248046875,0.8912646280269878,37.0,14.0,0.3783783783783784,0.9459459459459459,0.4,0.4864864864864865,0.0,0.10810810810810811,0.2702702702702703,0.0,0.05405405405405406,0.0,0.08108108108108109,0.40540540540540543,0.08108108108108109,0.0,0.44,0.81,10.293811890823195,False,False,0.008982035928143712,0.013115916341722794,0.31312168379024286,0.8028,False,False,0.8470540335843326,-1.0,0.10799954411670894,0.10287485362878611,0.21137861851533385,True,474.24,286.99,beige/cream|black|white,1.3333333333333333,0.5135135135135135,18.0,0.28,0.56,0.26,0.14,0.44,28.700000000000003,32.9,False,False,False,False,Not listed,,,False,,includes a grouped “other (mixed)” value: not a nameable archetype,"passed, outside the top 10 by VOS",share gap not credible (80% < 90%); ACR 51% (≥ 50%): cheaper or same-look Staples twins,0.0,0.0,,Computer desk (Type: computer · Drawers: not stated · Storage: not stated · Vibe: other (mixed))
Furniture > Desks > Office Desks :: desk_type=computer · drawers=no · storage=no · vibe=plain,Furniture > Desks > Office Desks,Furniture > Desks,wayfair,4,"{""desk_type"": ""computer"", ""drawers"": ""no"", ""storage"": ""no"", ""vibe"": ""plain""}",Computer desk,Type: computer · Drawers: not stated · Storage: not stated · Vibe: plain,34,112,True,0.7507255255034399,55.70359281437125,0.3333333333333333,81.96415710449219,0.39467312348668276,112.0,8.0,0.07142857142857142,0.9375,0.0761904761904762,0.8482142857142857,0.0,0.03571428571428571,0.03571428571428571,0.0,0.0625,0.0,0.0625,0.7857142857142857,0.017857142857142856,0.0,0.72,0.2,9.759388989065936,False,False,0.05089820359281437,0.03970223325062035,-0.2574231746773701,0.09645,False,False,0.5004928915239516,-1.0,0.07617575279846106,0.04607580961053509,0.19805101748351964,True,429.99,202.49,beige/cream|green|metallic|yellow/orange,1.1176470588235294,0.8392857142857143,18.0,0.14,0.14,0.18,0.04,0.4,14.550000000000002,17.55,False,False,False,False,Not listed,19.117647058823533,0.02268649064342476,False,,Method 1: safe share 8% (< 10%); 85% substitute/undercut (≥ 70%) · Method 2: share gap not credible (10% < 90%); ACR 84% (≥ 50%): cheaper or same-look Staples twins,safe share 8% (< 10%); 85% substitute/undercut (≥ 70%),share gap not credible (10% < 90%); ACR 84% (≥ 50%): cheaper or same-look Staples twins,0.0,0.0,,Computer desk (Type: computer · Drawers: not stated · Storage: not stated · Vibe: plain)
Furniture > Desks > Office Desks :: desk_type=computer · drawers=no · storage=no · vibe=professional,Furniture > Desks > Office Desks,Furniture > Desks,wayfair,4,"{""desk_type"": ""computer"", ""drawers"": ""no"", ""storage"": ""no"", ""vibe"": ""professional""}",Professional computer desk,Type: computer · Drawers: not stated · Storage: not stated · Vibe: professional,89,21,True,0.5853391385306279,51.24093732908889,0.4,81.96415710449219,0.3249915623945299,21.0,3.0,0.14285714285714285,0.8095238095238095,0.17647058823529413,0.6666666666666666,0.0,0.0,0.09523809523809523,0.047619047619047616,0.19047619047619047,0.0,0.14285714285714285,0.5238095238095238,0.0,0.0,0.14,0.32,5.351646020515645,True,False,0.13323353293413173,0.007444168734491315,-2.8656027624317235,0.0,False,False,1.2465257470957696,-1.0,0.1650502120305,0.1649585098163588,0.017483519633132688,True,779.99,214.99,metallic,1.7078651685393258,0.5714285714285714,9.0,0.0,0.94,0.64,0.44,0.08,36.2,37.9,False,False,False,True,Not listed,17.647058823529413,0.02249747219413549,False,,"Method 1: passed, outside the top 10 by VOS · Method 2: share gap not credible (0% < 90%); ACR 57% (≥ 50%): cheaper or same-look Staples twins","passed, outside the top 10 by VOS",share gap not credible (0% < 90%); ACR 57% (≥ 50%): cheaper or same-look Staples twins,0.0,0.0,,Professional computer desk (Type: computer · Drawers: not stated · Storage: not stated · Vibe: professional)
Furniture > Desks > Office Desks :: desk_type=computer · drawers=no · storage=no · vibe=sleek/minimal,Furniture > Desks > Office Desks,Furniture > Desks,wayfair,4,"{""desk_type"": ""computer"", ""drawers"": ""no"", ""storage"": ""no"", ""vibe"": ""sleek/minimal""}",Sleek/minimal computer desk,Type: computer · Drawers: not stated · Storage: not stated · Vibe: sleek/minimal,4,43,True,0.759157530872132,58.7852865697177,0.6,81.96415710449219,0.39157945972256025,43.0,4.0,0.09302325581395349,0.813953488372093,0.11428571428571428,0.7209302325581395,0.0,0.06976744186046512,0.0,0.023255813953488372,0.18604651162790697,0.0,0.046511627906976744,0.6744186046511628,0.0,0.0,0.74,0.94,13.425085344064941,False,False,0.005988023952095809,0.015242821694434599,0.8292664690338335,0.97665,False,False,0.4337965823896784,1.0,0.22595185981583132,0.04125870845653703,0.20206362854686158,True,169.29,205.99,beige/cream|black|blue|clear|grey|metallic|white,1.0,0.8372093023255814,7.0,0.4,0.1,0.9,0.02,0.42,36.1,42.9,True,False,False,False,Not listed,41.17647058823529,0.024827586206896554,False,,Method 1: 72% substitute/undercut (≥ 70%) · Method 2: ACR 84% (≥ 50%): cheaper or same-look Staples twins,72% substitute/undercut (≥ 70%),ACR 84% (≥ 50%): cheaper or same-look Staples twins,0.0,0.0,,Sleek/minimal computer desk (Type: computer · Drawers: not stated · Storage: not stated · Vibe: sleek/minimal)
Furniture > Desks > Office Desks :: desk_type=computer · drawers=no · storage=no · vibe=statement,Furniture > Desks > Office Desks,Furniture > Desks,wayfair,4,"{""desk_type"": ""computer"", ""drawers"": ""no"", ""storage"": ""no"", ""vibe"": ""statement""}",Statement computer desk,Type: computer · Drawers: not stated · Storage: not stated · Vibe: statement,0,23,True,0.7642887499329475,47.84539118484342,0.6,81.96414947509766,0.5663640064425919,23.0,4.0,0.17391304347826086,0.8260869565217391,0.21052631578947367,0.5217391304347826,0.0,0.043478260869565216,0.13043478260869565,0.0,0.17391304347826086,0.0,0.043478260869565216,0.4782608695652174,0.13043478260869565,0.0,0.76,0.94,12.9954827240146,True,True,0.0,0.00815313718539525,2.4107305294255275,0.9978,True,True,0.9648171326731149,-1.0,0.15941783428209375,0.19689512810518126,0.35382631126397246,False,,249.99,beige/cream|black|brown/wood|grey|metallic|navy|white,,0.6956521739130435,7.0,0.86,0.7,0.58,0.64,0.62,71.69999999999999,71.6,True,False,False,True,Vector-led,72.05882352941177,0.02854251012145749,True,8.0,,,ACR 70% (≥ 50%): cheaper or same-look Staples twins,0.965,0.0,0.25,Statement computer desk (Type: computer · Drawers: not stated · Storage: not stated · Vibe: statement)
Furniture > Desks > Office Desks :: desk_type=computer · drawers=no · storage=yes · vibe=luxe,Furniture > Desks > Office Desks,Furniture > Desks,wayfair,4,"{""desk_type"": ""computer"", ""drawers"": ""no"", ""storage"": ""yes"", ""vibe"": ""luxe""}",Luxe computer desk,Type: computer · Drawers: not stated · Storage: yes · Vibe: luxe,0,162,True,0.6880747383258755,55.012831479897336,0.5,73.42610931396484,0.5677678385894853,162.0,32.0,0.19753086419753085,0.7654320987654321,0.25806451612903225,0.5555555555555556,0.0,0.09876543209876543,0.04938271604938271,0.04938271604938271,0.2345679012345679,0.0,0.05555555555555555,0.5,0.006172839506172839,0.006172839506172839,0.48,0.61,14.17819362803215,True,True,0.0,0.05742644452321872,4.344408110045206,1.0,True,True,0.8252584670940823,-1.0,0.13697577138651618,0.118322763951407,0.07007738607050729,False,,269.99,beige/cream|black|blue|brown/wood|clear|grey|metallic|navy|red/pink|white|yellow/orange,,0.5185185185185185,78.0,1.0,0.52,0.4,0.2,0.16,56.800000000000004,59.20000000000001,True,False,False,True,Vector-led,67.64705882352942,0.027777777777777776,True,9.0,,,ACR 52% (≥ 50%): cheaper or same-look Staples twins,0.068,0.135,0.169921875,Luxe computer desk (Type: computer · Drawers: not stated · Storage: yes · Vibe: luxe)
Furniture > Desks > Office Desks :: desk_type=computer · drawers=no · storage=yes · vibe=other,Furniture > Desks > Office Desks,Furniture > Desks,wayfair,4,"{""desk_type"": ""computer"", ""drawers"": ""no"", ""storage"": ""yes"", ""vibe"": ""other""}",Computer desk,Type: computer · Drawers: not stated · Storage: yes · Vibe: other (mixed),7,60,False,0.6817354712052206,53.053892215568865,0.5,73.82355499267578,0.4877952682039063,60.0,13.0,0.21666666666666667,0.8666666666666667,0.25,0.6333333333333333,0.0,0.11666666666666667,0.06666666666666667,0.03333333333333333,0.13333333333333333,0.0,0.016666666666666666,0.6166666666666667,0.016666666666666666,0.0,0.42,0.61,13.105542846017256,False,False,0.010479041916167664,0.021269053527118043,0.6483232722100002,0.9727,False,False,0.6823274458324176,-1.0,0.0400504159018402,0.13573923160925852,0.13771854399541417,True,468.99,259.99,blue|yellow/orange,1.2857142857142858,0.6833333333333333,19.0,0.34,0.34,0.02,0.32,0.3,28.299999999999997,26.8,True,False,False,False,Not listed,,,False,,includes a grouped “other (mixed)” value: not a nameable archetype,"passed, outside the top 10 by VOS",ACR 68% (≥ 50%): cheaper or same-look Staples twins,0.0,0.0,,Computer desk (Type: computer · Drawers: not stated · Storage: yes · Vibe: other (mixed))
Furniture > Desks > Office Desks :: desk_type=computer · drawers=no · storage=yes · vibe=plain,Furniture > Desks > Office Desks,Furniture > Desks,wayfair,4,"{""desk_type"": ""computer"", ""drawers"": ""no"", ""storage"": ""yes"", ""vibe"": ""plain""}",Computer desk,Type: computer · Drawers: not stated · Storage: yes · Vibe: plain,22,124,True,0.6147538673407748,53.053892215568865,0.3333333333333333,73.4261245727539,0.3485329722841472,124.0,9.0,0.07258064516129033,0.782258064516129,0.09278350515463918,0.7016129032258065,0.0,0.04032258064516129,0.008064516129032258,0.024193548387096774,0.21774193548387097,0.0,0.04032258064516129,0.6612903225806451,0.008064516129032258,0.0,0.22,0.2,8.189050006660874,False,False,0.03293413173652695,0.04395604395604396,0.271373334409857,0.90225,False,False,0.6376309596773708,-1.0,0.19406837853610764,0.2810031155939357,0.0782459157351677,True,504.77,222.99,beige/cream|metallic|multi/pattern|red/pink,1.3181818181818181,0.7741935483870968,28.0,0.26,0.3,0.8,0.84,0.18,42.400000000000006,36.199999999999996,True,False,False,False,Not listed,30.88235294117647,0.02368937482478273,False,,Method 1: safe share 9% (< 10%); 70% substitute/undercut (≥ 70%) · Method 2: ACR 77% (≥ 50%): cheaper or same-look Staples twins,safe share 9% (< 10%); 70% substitute/undercut (≥ 70%),ACR 77% (≥ 50%): cheaper or same-look Staples twins,0.0,0.0,,Computer desk (Type: computer · Drawers: not stated · Storage: yes · Vibe: plain)
Furniture > Desks > Office Desks :: desk_type=computer · drawers=no · storage=yes · vibe=professional,Furniture > Desks > Office Desks,Furniture > Desks,wayfair,4,"{""desk_type"": ""computer"", ""drawers"": ""no"", ""storage"": ""yes"", ""vibe"": ""professional""}",Professional computer desk,Type: computer · Drawers: not stated · Storage: yes · Vibe: professional,61,24,True,0.5394377562246903,51.43712574850299,0.5,71.60260772705078,0.7928935337867182,24.0,6.0,0.25,0.6666666666666666,0.375,0.4166666666666667,0.0,0.08333333333333333,0.08333333333333333,0.08333333333333333,0.3333333333333333,0.0,0.041666666666666664,0.375,0.0,0.0,0.1,0.61,9.99052568572724,True,False,0.09131736526946108,0.008507621410847217,-2.3597811295463216,0.0,False,False,1.6458682258234845,-1.0,0.20196250885018283,0.16897556449490025,0.08139868157065064,True,2120.29,349.99,blue,1.5901639344262295,0.5,12.0,0.02,1.0,0.86,0.48,0.2,43.45,46.550000000000004,False,False,False,True,Not listed,41.17647058823529,0.024691358024691357,False,,"Method 1: passed, outside the top 10 by VOS · Method 2: share gap not credible (0% < 90%); ACR 50% (≥ 50%): cheaper or same-look Staples twins","passed, outside the top 10 by VOS",share gap not credible (0% < 90%); ACR 50% (≥ 50%): cheaper or same-look Staples twins,0.01,0.0,,Professional computer desk (Type: computer · Drawers: not stated · Storage: yes · Vibe: professional)
Furniture > Desks > Office Desks :: desk_type=computer · drawers=no · storage=yes · vibe=sleek/minimal,Furniture > Desks > Office Desks,Furniture > Desks,wayfair,4,"{""desk_type"": ""computer"", ""drawers"": ""no"", ""storage"": ""yes"", ""vibe"": ""sleek/minimal""}",Sleek/minimal computer desk,Type: computer · Drawers: not stated · Storage: yes · Vibe: sleek/minimal,2,68,True,0.6351398822890142,52.859365577977535,0.3333333333333333,73.4261245727539,0.4790664869509037,68.0,6.0,0.08823529411764706,0.8382352941176471,0.10526315789473684,0.7352941176470589,0.0,0.04411764705882353,0.014705882352941176,0.029411764705882353,0.16176470588235295,0.0,0.08823529411764706,0.6470588235294118,0.014705882352941176,0.0,0.24,0.2,8.412706905602189,False,False,0.0029940119760479044,0.024104927330733782,1.8711259411094938,1.0,False,True,1.1009432505136592,-1.0,0.1162842726570841,0.13234279128752835,0.14860991688162795,False,908.04,244.99,beige/cream|black|clear,2.0,0.6764705882352942,22.0,0.64,0.84,0.32,0.28,0.32,53.0,56.199999999999996,True,False,False,False,Not listed,47.05882352941176,0.02546333601933924,False,,Method 1: 74% substitute/undercut (≥ 70%) · Method 2: ACR 68% (≥ 50%): cheaper or same-look Staples twins,74% substitute/undercut (≥ 70%),ACR 68% (≥ 50%): cheaper or same-look Staples twins,0.0,0.0,,Sleek/minimal computer desk (Type: computer · Drawers: not stated · Storage: yes · Vibe: sleek/minimal)
Furniture > Desks > Office Desks :: desk_type=computer · drawers=no · storage=yes · vibe=statement,Furniture > Desks > Office Desks,Furniture > Desks,wayfair,4,"{""desk_type"": ""computer"", ""drawers"": ""no"", ""storage"": ""yes"", ""vibe"": ""statement""}",Statement computer desk,Type: computer · Drawers: not stated · Storage: yes · Vibe: statement,2,43,True,0.6652318944602059,55.012831479897336,0.55,71.60260772705078,0.7432345687354303,43.0,16.0,0.37209302325581395,0.813953488372093,0.45714285714285713,0.4186046511627907,0.0,0.18604651162790697,0.046511627906976744,0.13953488372093023,0.18604651162790697,0.0,0.09302325581395349,0.32558139534883723,0.023255813953488372,0.0,0.34,0.85,15.065909742503823,True,True,0.0029940119760479044,0.015242821694434599,1.4170531339359527,0.99805,False,True,0.9837849470227703,-1.0,0.2290423613290654,0.15573566804513816,0.2357408999713385,False,606.84,259.99,beige/cream|black|blue|red/pink|white|yellow/orange,1.0,0.627906976744186,16.0,0.56,0.72,0.92,0.4,0.5,61.3,66.0,True,False,False,True,Vector-led,75.0,0.02877846790890269,True,7.0,,,ACR 63% (≥ 50%): cheaper or same-look Staples twins,0.227,0.605,0.21875,Statement computer desk (Type: computer · Drawers: not stated · Storage: yes · Vibe: statement)
Furniture > Desks > Office Desks :: desk_type=computer · drawers=yes · storage=no · vibe=other,Furniture > Desks > Office Desks,Furniture > Desks,wayfair,4,"{""desk_type"": ""computer"", ""drawers"": ""yes"", ""storage"": ""no"", ""vibe"": ""other""}",Computer desk,Type: computer · Drawers: yes · Storage: not stated · Vibe: other (mixed),1,18,False,0.8685364775970499,52.694610778443106,0.5,71.72419738769531,1.3948341785577412,18.0,7.0,0.3888888888888889,0.7777777777777778,0.5,0.3333333333333333,0.0,0.1111111111111111,0.2777777777777778,0.0,0.2222222222222222,0.0,0.1111111111111111,0.2222222222222222,0.05555555555555555,0.0,0.98,0.61,21.251636089713276,False,False,0.0014970059880239522,0.006380716058135413,1.0728885516915838,0.9543,False,True,0.24447759241375894,1.0,0.03386690300156346,0.21172978289759528,0.37489251934651757,False,1055.99,1094.435,beige/cream|white,2.0,0.5555555555555556,8.0,0.46,0.0,0.0,0.72,0.64,36.5,28.900000000000002,True,False,False,False,Not listed,,,False,,includes a grouped “other (mixed)” value: not a nameable archetype,"passed, outside the top 10 by VOS",ACR 56% (≥ 50%): cheaper or same-look Staples twins,0.0,0.0,,Computer desk (Type: computer · Drawers: yes · Storage: not stated · Vibe: other (mixed))
Furniture > Desks > Office Desks :: desk_type=computer · drawers=yes · storage=no · vibe=plain,Furniture > Desks > Office Desks,Furniture > Desks,wayfair,4,"{""desk_type"": ""computer"", ""drawers"": ""yes"", ""storage"": ""no"", ""vibe"": ""plain""}",Computer desk,Type: computer · Drawers: yes · Storage: not stated · Vibe: plain,20,21,True,0.5055514579671379,52.75465929966764,0.0,71.72419738769531,0.4999889378083586,21.0,1.0,0.047619047619047616,0.8095238095238095,0.058823529411764705,0.7619047619047619,0.0,0.0,0.047619047619047616,0.0,0.19047619047619047,0.0,0.09523809523809523,0.6666666666666666,0.0,0.0,0.06,0.03,5.45055618983487,False,False,0.029940119760479042,0.007444168734491315,-1.3917890232952763,5e-05,False,False,1.1298997124977996,-1.0,0.1274561188725169,0.11690589906341986,0.3118372026368587,True,1002.865,293.99,beige/cream|blue,1.3,0.8571428571428571,3.0,0.06,0.86,0.36,0.18,0.58,35.050000000000004,41.349999999999994,False,False,False,False,Not listed,16.176470588235293,0.022352647352647352,False,,Method 1: 1 safe products (< 2); 76% substitute/undercut (≥ 70%) · Method 2: share gap not credible (0% < 90%); ACR 86% (≥ 50%): cheaper or same-look Staples twins,1 safe products (< 2); 76% substitute/undercut (≥ 70%),share gap not credible (0% < 90%); ACR 86% (≥ 50%): cheaper or same-look Staples twins,0.0,0.0,,Computer desk (Type: computer · Drawers: yes · Storage: not stated · Vibe: plain)
Furniture > Desks > Office Desks :: desk_type=computer · drawers=yes · storage=yes · vibe=luxe,Furniture > Desks > Office Desks,Furniture > Desks,wayfair,4,"{""desk_type"": ""computer"", ""drawers"": ""yes"", ""storage"": ""yes"", ""vibe"": ""luxe""}",Luxe computer desk,Type: computer · Drawers: yes · Storage: yes · Vibe: luxe,9,253,True,0.7064747648951863,54.67173849023265,0.4,72.15107727050781,0.7522069072324609,253.0,49.0,0.19367588932806323,0.7114624505928854,0.2722222222222222,0.47035573122529645,0.0,0.07509881422924901,0.07114624505928854,0.04743083003952569,0.2885375494071146,0.0,0.08300395256916997,0.38735177865612647,0.04743083003952569,0.0,0.56,0.32,13.813489408295887,True,True,0.01347305389221557,0.08968450903934774,1.8446549521402118,1.0,False,True,0.8405054431729874,-1.0,0.17161462612459472,0.15552272297115174,0.10346804241903124,True,919.99,379.99,beige/cream|black|blue|clear|metallic|red/pink,1.1111111111111112,0.7351778656126482,67.0,0.62,0.54,0.68,0.38,0.26,52.300000000000004,54.0,True,False,False,True,Vector-led,63.23529411764706,0.027212143650499815,True,10.0,,,ACR 74% (≥ 50%): cheaper or same-look Staples twins,0.0,0.18,0.10204081632653061,Luxe computer desk (Type: computer · Drawers: yes · Storage: yes · Vibe: luxe)
Furniture > Desks > Office Desks :: desk_type=computer · drawers=yes · storage=yes · vibe=other,Furniture > Desks > Office Desks,Furniture > Desks,wayfair,4,"{""desk_type"": ""computer"", ""drawers"": ""yes"", ""storage"": ""yes"", ""vibe"": ""other""}",Computer desk,Type: computer · Drawers: yes · Storage: yes · Vibe: other (mixed),31,104,False,0.5085462294183949,52.73096663815227,0.5,73.96414184570312,0.8367313618645279,104.0,33.0,0.3173076923076923,0.7884615384615384,0.4024390243902439,0.41346153846153844,0.0,0.07692307692307693,0.18269230769230768,0.057692307692307696,0.21153846153846154,0.0,0.08653846153846154,0.3269230769230769,0.057692307692307696,0.0,0.08,0.61,9.026447165274641,False,False,0.04640718562874251,0.03686635944700461,-0.24021754671125248,0.1266,False,False,0.5340005310368877,-1.0,0.1082634347383125,0.18680068021207147,0.15061622241329892,True,807.36,409.99,blue|clear|green|metallic|red/pink,1.5806451612903225,0.625,39.0,0.18,0.22,0.28,0.56,0.34,25.25,21.05,False,False,False,False,Not listed,,,False,,includes a grouped “other (mixed)” value: not a nameable archetype,"passed, outside the top 10 by VOS",share gap not credible (13% < 90%); ACR 62% (≥ 50%): cheaper or same-look Staples twins,0.0,0.0,,Computer desk (Type: computer · Drawers: yes · Storage: yes · Vibe: other (mixed))
Furniture > Desks > Office Desks :: desk_type=computer · drawers=yes · storage=yes · vibe=plain,Furniture > Desks > Office Desks,Furniture > Desks,wayfair,4,"{""desk_type"": ""computer"", ""drawers"": ""yes"", ""storage"": ""yes"", ""vibe"": ""plain""}",Computer desk,Type: computer · Drawers: yes · Storage: yes · Vibe: plain,58,149,True,0.6004901029325526,50.705696335665905,0.3333333333333333,74.10079956054688,0.5147103975148548,149.0,7.0,0.04697986577181208,0.825503355704698,0.056910569105691054,0.7315436241610739,0.0,0.026845637583892617,0.006711409395973154,0.013422818791946308,0.174496644295302,0.0,0.14093959731543623,0.5906040268456376,0.04697986577181208,0.0,0.2,0.2,7.565599039981804,False,False,0.08682634730538923,0.05281814959234314,-0.5011474336916005,0.0006,False,False,0.7434608830958612,-1.0,0.17534907510470704,0.3293163862632359,0.12525078819145885,True,549.95,329.99,clear|metallic|navy,1.5517241379310345,0.9261744966442953,11.0,0.12,0.46,0.74,0.9,0.28,40.1,34.0,False,False,False,False,Not listed,27.941176470588236,0.023411829134720702,False,,Method 1: safe share 6% (< 10%); 73% substitute/undercut (≥ 70%) · Method 2: share gap not credible (0% < 90%); ACR 93% (≥ 50%): cheaper or same-look Staples twins,safe share 6% (< 10%); 73% substitute/undercut (≥ 70%),share gap not credible (0% < 90%); ACR 93% (≥ 50%): cheaper or same-look Staples twins,0.0,0.0,,Computer desk (Type: computer · Drawers: yes · Storage: yes · Vibe: plain)
Furniture > Desks > Office Desks :: desk_type=computer · drawers=yes · storage=yes · vibe=professional,Furniture > Desks > Office Desks,Furniture > Desks,wayfair,4,"{""desk_type"": ""computer"", ""drawers"": ""yes"", ""storage"": ""yes"", ""vibe"": ""professional""}",Professional computer desk,Type: computer · Drawers: yes · Storage: yes · Vibe: professional,47,40,True,0.6839600538098434,55.012831479897336,0.3,71.96417999267578,0.677151681336657,40.0,3.0,0.075,0.675,0.1111111111111111,0.575,0.0,0.075,0.0,0.0,0.325,0.0,0.175,0.4,0.025,0.0,0.46,0.13,11.341568416145135,True,True,0.07035928143712575,0.014179369018078695,-1.5988448092126328,0.0,False,False,0.9497586635891162,-1.0,0.2028641462107239,0.10930641090165846,0.04098595586127829,True,925.49,339.995,beige/cream,1.5319148936170213,0.875,5.0,0.04,0.66,0.88,0.16,0.14,31.600000000000005,37.60000000000001,False,False,False,True,Vector-led,31.61764705882353,0.023870236577418897,False,,passed a method gate but outside the node's top 10,,share gap not credible (0% < 90%); ACR 88% (≥ 50%): cheaper or same-look Staples twins,0.0,0.0,,Professional computer desk (Type: computer · Drawers: yes · Storage: yes · Vibe: professional)
Furniture > Desks > Office Desks :: desk_type=computer · drawers=yes · storage=yes · vibe=sleek/minimal,Furniture > Desks > Office Desks,Furniture > Desks,wayfair,4,"{""desk_type"": ""computer"", ""drawers"": ""yes"", ""storage"": ""yes"", ""vibe"": ""sleek/minimal""}",Sleek/minimal computer desk,Type: computer · Drawers: yes · Storage: yes · Vibe: sleek/minimal,11,55,True,0.6680778578604581,50.61587597638446,0.3,79.7353515625,0.463453328461038,55.0,4.0,0.07272727272727272,0.6909090909090909,0.10526315789473684,0.5818181818181818,0.0,0.01818181818181818,0.05454545454545454,0.0,0.3090909090909091,0.0,0.0,0.5818181818181818,0.03636363636363636,0.0,0.36,0.13,7.018612917146348,True,False,0.016467065868263474,0.019496632399858205,0.13461891309865365,0.68445,False,False,0.8551385083536196,-1.0,0.09797435890226427,0.1769815585097944,0.03496703926626543,True,615.99,269.99,beige/cream|clear|metallic,1.3636363636363635,0.9090909090909091,5.0,0.24,0.58,0.24,0.52,0.1,28.7,25.5,False,False,False,True,Not listed,13.23529411764706,0.02210552027357108,False,,"Method 1: passed, outside the top 10 by VOS · Method 2: share gap not credible (68% < 90%); ACR 91% (≥ 50%): cheaper or same-look Staples twins","passed, outside the top 10 by VOS",share gap not credible (68% < 90%); ACR 91% (≥ 50%): cheaper or same-look Staples twins,0.0,0.0,,Sleek/minimal computer desk (Type: computer · Drawers: yes · Storage: yes · Vibe: sleek/minimal)
Furniture > Desks > Office Desks :: desk_type=computer · drawers=yes · storage=yes · vibe=statement,Furniture > Desks > Office Desks,Furniture > Desks,wayfair,4,"{""desk_type"": ""computer"", ""drawers"": ""yes"", ""storage"": ""yes"", ""vibe"": ""statement""}",Statement computer desk,Type: computer · Drawers: yes · Storage: yes · Vibe: statement,1,58,True,0.7148611979995411,55.012831479897336,0.45,73.96413803100586,0.7329528169996117,58.0,11.0,0.1896551724137931,0.7931034482758621,0.2391304347826087,0.5862068965517241,0.0,0.034482758620689655,0.08620689655172414,0.06896551724137931,0.20689655172413793,0.0,0.1206896551724138,0.46551724137931033,0.017241379310344827,0.0,0.62,0.42,14.29469045689618,True,True,0.0014970059880239522,0.02056008507621411,2.2241445738451153,1.0,False,True,0.5140180989176037,-1.0,0.15678448244104864,0.1356992903843873,0.16122098022355974,False,1046.99,409.99,beige/cream|black|blue|grey|metallic|white,1.0,0.8103448275862069,11.0,0.76,0.16,0.5,0.3,0.36,47.19999999999999,47.79999999999999,True,False,False,True,Vector-led,61.76470588235294,0.027071520029266508,False,,passed a method gate but outside the node's top 10,,ACR 81% (≥ 50%): cheaper or same-look Staples twins,0.0,0.345,,Statement computer desk (Type: computer · Drawers: yes · Storage: yes · Vibe: statement)
Furniture > Desks > Office Desks :: desk_type=executive · drawers=no · storage=no · vibe=luxe,Furniture > Desks > Office Desks,Furniture > Desks,wayfair,4,"{""desk_type"": ""executive"", ""drawers"": ""no"", ""storage"": ""no"", ""vibe"": ""luxe""}",Luxe executive desk,Type: executive · Drawers: not stated · Storage: not stated · Vibe: luxe,0,20,True,0.7447458695518316,30.671514114627886,0.44375,60.36701965332031,0.3242874868401263,20.0,0.0,0.0,0.8,0.0,0.1,0.0,0.0,0.0,0.0,0.2,0.0,0.0,0.1,0.7,0.0,0.7,0.38,19.89633249046254,False,False,0.0,0.007089684509039348,2.274154994419777,0.9967,True,True,0.5933576310507501,-1.0,0.15290178138366745,0.24440001304369174,0.416451705359702,False,,319.99,beige/cream|black|brown/wood|metallic|white,,0.75,5.0,0.82,0.24,0.46,0.8,0.68,62.6,57.49999999999999,True,False,False,False,Not listed,82.35294117647058,0.029877369007803793,False,,Method 1: 0 safe products (< 2) · Method 2: ACR 75% (≥ 50%): cheaper or same-look Staples twins,0 safe products (< 2),ACR 75% (≥ 50%): cheaper or same-look Staples twins,0.0,0.0,,Luxe executive desk (Type: executive · Drawers: not stated · Storage: not stated · Vibe: luxe)
Furniture > Desks > Office Desks :: desk_type=executive · drawers=no · storage=no · vibe=other,Furniture > Desks > Office Desks,Furniture > Desks,wayfair,4,"{""desk_type"": ""executive"", ""drawers"": ""no"", ""storage"": ""no"", ""vibe"": ""other""}",Executive desk,Type: executive · Drawers: not stated · Storage: not stated · Vibe: other (mixed),2,19,False,0.9097564039530495,26.141651123981546,0.5,60.36701965332031,0.30078771243796054,19.0,0.0,0.0,0.8947368421052632,0.0,0.0,0.0,0.0,0.0,0.0,0.10526315789473684,0.0,0.0,0.0,0.8947368421052632,0.0,1.0,0.61,26.987085294554067,False,False,0.0029940119760479044,0.00673520028358738,0.6147066614110152,0.8728,False,False,0.5221505139978633,-1.0,0.12123037189175236,0.3768364524269791,0.436658068214388,False,674.49,279.99,beige/cream|black,1.0,0.6842105263157895,6.0,0.32,0.2,0.34,0.96,0.7,39.6,31.399999999999995,False,False,False,False,Not listed,,,False,,includes a grouped “other (mixed)” value: not a nameable archetype,0 safe products (< 2),share gap not credible (87% < 90%); ACR 68% (≥ 50%): cheaper or same-look Staples twins,0.0,0.0,,Executive desk (Type: executive · Drawers: not stated · Storage: not stated · Vibe: other (mixed))
Furniture > Desks > Office Desks :: desk_type=executive · drawers=no · storage=no · vibe=professional,Furniture > Desks > Office Desks,Furniture > Desks,wayfair,4,"{""desk_type"": ""executive"", ""drawers"": ""no"", ""storage"": ""no"", ""vibe"": ""professional""}",Professional executive desk,Type: executive · Drawers: not stated · Storage: not stated · Vibe: professional,1,33,True,0.6723345242478733,30.671514114627886,0.375,60.36701965332031,0.35247196438595807,33.0,0.0,0.0,0.6666666666666666,0.0,0.06060606060606061,0.0,0.0,0.0,0.0,0.3333333333333333,0.0,0.0,0.06060606060606061,0.6060606060606061,0.0,0.4,0.27,13.45597318412709,False,False,0.0014970059880239522,0.011697979439914925,1.6666632584383256,0.99755,False,True,0.6904975079773891,-1.0,0.1398236936363138,0.13852306257463262,0.19762109486959012,False,659.49,309.99,grey|red/pink|white,2.0,0.7272727272727273,9.0,0.58,0.38,0.42,0.34,0.38,45.0,45.800000000000004,True,False,False,False,Not listed,54.41176470588236,0.026171741361614778,False,,Method 1: 0 safe products (< 2) · Method 2: ACR 73% (≥ 50%): cheaper or same-look Staples twins,0 safe products (< 2),ACR 73% (≥ 50%): cheaper or same-look Staples twins,0.0,0.0,,Professional executive desk (Type: executive · Drawers: not stated · Storage: not stated · Vibe: professional)
Furniture > Desks > Office Desks :: desk_type=executive · drawers=no · storage=yes · vibe=professional,Furniture > Desks > Office Desks,Furniture > Desks,wayfair,4,"{""desk_type"": ""executive"", ""drawers"": ""no"", ""storage"": ""yes"", ""vibe"": ""professional""}",Professional executive desk,Type: executive · Drawers: not stated · Storage: yes · Vibe: professional,0,19,True,0.5880809911636485,31.47989734816082,0.3333333333333333,68.48863220214844,0.5874619773104087,19.0,0.0,0.0,0.6842105263157895,0.0,0.15789473684210525,0.0,0.0,0.0,0.0,0.3157894736842105,0.0,0.05263157894736842,0.10526315789473684,0.5263157894736842,0.0,0.16,0.2,6.820310742067416,False,False,0.0,0.00673520028358738,2.2241445738451153,0.9957,True,True,0.3549644545641795,-1.0,0.043597699648081537,0.10242192656767066,0.23230151905990248,False,,489.99,black|brown/wood|grey|white,,0.2631578947368421,14.0,0.76,0.06,0.06,0.12,0.48,37.7,38.9,True,True,True,True,Gap-led,23.52941176470588,0.023015873015873017,False,,passed a method gate but outside the node's top 10,0 safe products (< 2),,0.0,0.0,,Professional executive desk (Type: executive · Drawers: not stated · Storage: yes · Vibe: professional)
Furniture > Desks > Office Desks :: desk_type=executive · drawers=yes · storage=yes · vibe=luxe,Furniture > Desks > Office Desks,Furniture > Desks,wayfair,4,"{""desk_type"": ""executive"", ""drawers"": ""yes"", ""storage"": ""yes"", ""vibe"": ""luxe""}",Luxe executive desk,Type: executive · Drawers: yes · Storage: yes · Vibe: luxe,2,40,True,0.4882985246125764,30.11274874139309,0.4375,80.10374450683594,0.6012699496773561,40.0,6.0,0.15,0.95,0.15789473684210525,0.225,0.0,0.0,0.15,0.0,0.05,0.0,0.075,0.15,0.575,0.0,0.04,0.36,3.9461884209423523,True,False,0.0029940119760479044,0.014179369018078695,1.3455941699538077,0.99585,False,True,0.29718485944420703,-1.0,0.04016733959874282,0.1908600510173748,0.2992261392949269,False,812.99,624.995,beige/cream|black|grey|metallic|white,1.0,0.6,16.0,0.54,0.04,0.04,0.6,0.54,37.400000000000006,31.500000000000007,True,False,False,True,Not listed,14.705882352941178,0.022291021671826623,False,,"Method 1: passed, outside the top 10 by VOS · Method 2: ACR 60% (≥ 50%): cheaper or same-look Staples twins","passed, outside the top 10 by VOS",ACR 60% (≥ 50%): cheaper or same-look Staples twins,0.0,0.0,,Luxe executive desk (Type: executive · Drawers: yes · Storage: yes · Vibe: luxe)
Furniture > Desks > Office Desks :: desk_type=executive · drawers=yes · storage=yes · vibe=other,Furniture > Desks > Office Desks,Furniture > Desks,wayfair,4,"{""desk_type"": ""executive"", ""drawers"": ""yes"", ""storage"": ""yes"", ""vibe"": ""other""}",Executive desk,Type: executive · Drawers: yes · Storage: yes · Vibe: other (mixed),3,30,False,0.7082189769798374,27.536355859709154,0.375,78.3509521484375,0.41122599511742974,30.0,3.0,0.1,0.9666666666666667,0.10344827586206896,0.2,0.0,0.0,0.1,0.0,0.03333333333333333,0.0,0.0,0.2,0.6666666666666666,0.0,0.58,0.27,8.90011987623177,False,False,0.004491017964071856,0.010634526763559022,0.725546642833467,0.94215,False,False,0.7603961273679927,-1.0,0.18266861643245091,0.11996082124742324,0.3091143594153053,True,790.99,361.99,beige/cream|white,1.0,0.6,12.0,0.36,0.48,0.78,0.22,0.56,45.6,51.4,True,False,False,False,Not listed,,,False,,includes a grouped “other (mixed)” value: not a nameable archetype,"passed, outside the top 10 by VOS",ACR 60% (≥ 50%): cheaper or same-look Staples twins,0.0,0.0,,Executive desk (Type: executive · Drawers: yes · Storage: yes · Vibe: other (mixed))
Furniture > Desks > Office Desks :: desk_type=executive · drawers=yes · storage=yes · vibe=professional,Furniture > Desks > Office Desks,Furniture > Desks,wayfair,4,"{""desk_type"": ""executive"", ""drawers"": ""yes"", ""storage"": ""yes"", ""vibe"": ""professional""}",Professional executive desk,Type: executive · Drawers: yes · Storage: yes · Vibe: professional,20,67,True,0.6607888980613243,25.91527717398926,0.25,78.3509521484375,0.3589994647449706,67.0,2.0,0.029850746268656716,0.9552238805970149,0.03125,0.13432835820895522,0.0,0.014925373134328358,0.014925373134328358,0.0,0.04477611940298507,0.0,0.0,0.13432835820895522,0.7910447761194029,0.0,0.3,0.09,5.09284826349969,False,False,0.029940119760479042,0.023750443105281814,-0.24771436055040919,0.18395,False,False,1.0299614004413349,-1.0,0.09188994722688476,0.1575539330080204,0.23889366580682148,True,1102.3400000000001,319.99,beige/cream|blue|metallic,1.2,0.746268656716418,17.0,0.16,0.74,0.2,0.42,0.52,34.7,35.699999999999996,False,False,False,False,Not listed,11.76470588235294,0.021988643228222787,False,,Method 1: safe share 3% (< 10%) · Method 2: share gap not credible (18% < 90%); ACR 75% (≥ 50%): cheaper or same-look Staples twins,safe share 3% (< 10%),share gap not credible (18% < 90%); ACR 75% (≥ 50%): cheaper or same-look Staples twins,0.0,0.0,,Professional executive desk (Type: executive · Drawers: yes · Storage: yes · Vibe: professional)
Furniture > Desks > Office Desks :: desk_type=other · drawers=no · storage=no · vibe=plain,Furniture > Desks > Office Desks,Furniture > Desks,wayfair,4,"{""desk_type"": ""other"", ""drawers"": ""no"", ""storage"": ""no"", ""vibe"": ""plain""}",Desk,Type: other (mixed) · Drawers: not stated · Storage: not stated · Vibe: plain,14,17,False,0.7269648324937491,19.23279903892449,0.0,70.17337036132812,0.7777654314128563,17.0,0.0,0.0,1.0,0.0,0.0,0.0,0.0,0.0,0.0,0.0,0.0,0.0,0.0,1.0,0.0,0.66,0.03,10.803157446522603,False,False,0.020958083832335328,0.006026231832683446,-1.2513648407815912,0.0005,False,False,0.7283474016882624,-1.0,0.1320853070068914,0.0472416529953123,-0.32688449412439086,True,494.99,209.99,beige/cream,1.4285714285714286,0.5882352941176471,7.0,0.08,0.44,0.38,0.06,0.0,16.8,20.0,False,False,False,False,Not listed,,,False,,includes a grouped “other (mixed)” value: not a nameable archetype,0 safe products (< 2),share gap not credible (0% < 90%); ACR 59% (≥ 50%): cheaper or same-look Staples twins,0.0,0.0,,Desk (Type: other (mixed) · Drawers: not stated · Storage: not stated · Vibe: plain)
Furniture > Desks > Office Desks :: desk_type=other · drawers=no · storage=yes · vibe=plain,Furniture > Desks > Office Desks,Furniture > Desks,wayfair,4,"{""desk_type"": ""other"", ""drawers"": ""no"", ""storage"": ""yes"", ""vibe"": ""plain""}",Desk,Type: other (mixed) · Drawers: not stated · Storage: yes · Vibe: plain,3,33,False,0.7122564577868281,14.285714285714285,0.0,61.82356643676758,0.4944500332486487,33.0,0.0,0.0,0.9393939393939394,0.0,0.0,0.0,0.0,0.0,0.0,0.06060606060606061,0.0,0.0,0.0,0.9393939393939394,0.0,0.6,0.03,12.230093180792675,False,False,0.004491017964071856,0.011697979439914925,0.819365398051122,0.95935,False,False,0.6872521057313636,1.0,0.05142256008380422,0.011819410332964226,0.529951275437088,True,168.89,193.99,,1.3333333333333333,0.15151515151515152,28.0,0.38,0.36,0.1,0.0,0.76,33.4,39.5,True,False,False,False,Not listed,,,False,,includes a grouped “other (mixed)” value: not a nameable archetype,0 safe products (< 2),"passed, outside the top 10 by TG",0.0,0.0,,Desk (Type: other (mixed) · Drawers: not stated · Storage: yes · Vibe: plain)
Furniture > Desks > Office Desks :: desk_type=other · drawers=no · storage=yes · vibe=sleek/minimal,Furniture > Desks > Office Desks,Furniture > Desks,wayfair,4,"{""desk_type"": ""other"", ""drawers"": ""no"", ""storage"": ""yes"", ""vibe"": ""sleek/minimal""}",Sleek/minimal desk,Type: other (mixed) · Drawers: not stated · Storage: yes · Vibe: sleek/minimal,1,20,False,0.7410943456875418,19.40973439537786,0.25,59.549842834472656,0.4273781997520539,20.0,0.0,0.0,0.95,0.0,0.0,0.0,0.0,0.0,0.0,0.05,0.0,0.0,0.0,0.95,0.0,0.68,0.09,15.643257049378265,False,False,0.0014970059880239522,0.007089684509039348,1.1755427057516672,0.96795,False,True,1.3841726223033854,-1.0,0.16148829187280345,0.23314338380360516,0.4036973344797936,False,149.49,169.99,brown/wood|grey|white,1.0,0.15,17.0,0.52,0.98,0.62,0.76,0.66,68.39999999999999,68.3,True,False,False,False,Not listed,,,False,,includes a grouped “other (mixed)” value: not a nameable archetype,0 safe products (< 2),"passed, outside the top 10 by TG",0.0,0.0,,Sleek/minimal desk (Type: other (mixed) · Drawers: not stated · Storage: yes · Vibe: sleek/minimal)
Furniture > Desks > Office Desks :: desk_type=other · drawers=yes · storage=yes · vibe=luxe,Furniture > Desks > Office Desks,Furniture > Desks,wayfair,4,"{""desk_type"": ""other"", ""drawers"": ""yes"", ""storage"": ""yes"", ""vibe"": ""luxe""}",Luxe desk,Type: other (mixed) · Drawers: yes · Storage: yes · Vibe: luxe,0,20,False,0.837442821823252,14.37553464499572,0.45,53.99290466308594,0.6136904018044578,20.0,0.0,0.0,1.0,0.0,0.0,0.0,0.0,0.0,0.0,0.0,0.0,0.0,0.0,1.0,0.0,0.94,0.42,26.275876116684913,False,False,0.0,0.007089684509039348,2.274154994419777,0.9966,True,True,1.0679159998253602,-1.0,0.25922711480467475,0.3213375543582268,0.5025795356835769,False,,234.99,black|blue|brown/wood|clear|white,,0.0,20.0,0.82,0.82,1.0,0.88,0.74,84.39999999999999,84.0,True,False,False,False,Not listed,,,False,,includes a grouped “other (mixed)” value: not a nameable archetype,0 safe products (< 2),"passed, outside the top 10 by TG",0.0,0.0,,Luxe desk (Type: other (mixed) · Drawers: yes · Storage: yes · Vibe: luxe)
Furniture > Desks > Office Desks :: desk_type=other · drawers=yes · storage=yes · vibe=plain,Furniture > Desks > Office Desks,Furniture > Desks,wayfair,4,"{""desk_type"": ""other"", ""drawers"": ""yes"", ""storage"": ""yes"", ""vibe"": ""plain""}",Desk,Type: other (mixed) · Drawers: yes · Storage: yes · Vibe: plain,1,43,False,0.6536571764850877,13.745600134625363,0.0,52.978370666503906,0.6785599485695918,43.0,1.0,0.023255813953488372,0.9767441860465116,0.023809523809523808,0.0,0.0,0.023255813953488372,0.0,0.0,0.023255813953488372,0.0,0.0,0.0,0.9534883720930233,0.0,0.26,0.03,7.793214395510688,False,False,0.0014970059880239522,0.015242821694434599,1.9278787577019432,0.9997,False,True,0.8779779180955275,-1.0,0.17398937356054128,0.4095843417110173,0.4512754370879908,False,199.99,329.99,black|brown/wood|clear|white|yellow/orange,1.0,0.13953488372093023,37.0,0.69,0.6,0.7,0.98,0.72,72.14999999999999,67.55,True,False,False,False,Not listed,,,False,,includes a grouped “other (mixed)” value: not a nameable archetype,1 safe products (< 2),"passed, outside the top 10 by TG",0.0,0.0,,Desk (Type: other (mixed) · Drawers: yes · Storage: yes · Vibe: plain)
Furniture > Desks > Office Desks :: desk_type=workstation · drawers=no · storage=yes · vibe=luxe,Furniture > Desks > Office Desks,Furniture > Desks,wayfair,4,"{""desk_type"": ""workstation"", ""drawers"": ""no"", ""storage"": ""yes"", ""vibe"": ""luxe""}",Luxe workstation desk,Type: workstation · Drawers: not stated · Storage: yes · Vibe: luxe,1,19,True,0.43054152979708266,45.150780406400315,0.4,77.5174789428711,0.5172358302969,19.0,1.0,0.05263157894736842,0.631578947368421,0.08333333333333333,0.47368421052631576,0.0,0.0,0.05263157894736842,0.0,0.3684210526315789,0.0,0.0,0.47368421052631576,0.10526315789473684,0.0,0.02,0.32,5.046254487782567,False,False,0.0014970059880239522,0.00673520028358738,1.1255322851770058,0.9617,False,True,1.0366908750404733,-1.0,0.09678753548597549,0.17113543458068928,0.08641444539982801,False,354.69,303.99,black|grey|white,1.0,0.5263157894736842,9.0,0.49,0.78,0.22,0.5,0.22,46.85,45.449999999999996,True,False,False,False,Not listed,26.47058823529412,0.023458810692853244,False,,Method 1: 1 safe products (< 2) · Method 2: ACR 53% (≥ 50%): cheaper or same-look Staples twins,1 safe products (< 2),ACR 53% (≥ 50%): cheaper or same-look Staples twins,0.0,0.0,,Luxe workstation desk (Type: workstation · Drawers: not stated · Storage: yes · Vibe: luxe)
Furniture > Desks > Office Desks :: desk_type=workstation · drawers=yes · storage=yes · vibe=luxe,Furniture > Desks > Office Desks,Furniture > Desks,wayfair,4,"{""desk_type"": ""workstation"", ""drawers"": ""yes"", ""storage"": ""yes"", ""vibe"": ""luxe""}",Luxe workstation desk,Type: workstation · Drawers: yes · Storage: yes · Vibe: luxe,1,19,True,0.5494384488379709,38.22066639554615,0.5333333333333334,71.25822448730469,0.5688141984137304,19.0,1.0,0.05263157894736842,0.7894736842105263,0.06666666666666667,0.42105263157894735,0.0,0.0,0.05263157894736842,0.0,0.21052631578947367,0.0,0.0,0.42105263157894735,0.3157894736842105,0.0,0.12,0.81,10.667854859465562,False,False,0.0014970059880239522,0.00673520028358738,1.1255322851770058,0.96165,False,True,0.6979835540511483,-1.0,0.255278135990542,0.12376201630960601,-0.025365434221840122,False,578.39,339.99,beige/cream|black|white,2.0,0.5789473684210527,8.0,0.49,0.4,0.98,0.24,0.04,44.05,47.55,True,False,False,False,Not listed,44.11764705882353,0.025,False,,Method 1: 1 safe products (< 2) · Method 2: ACR 58% (≥ 50%): cheaper or same-look Staples twins,1 safe products (< 2),ACR 58% (≥ 50%): cheaper or same-look Staples twins,0.0,0.0,,Luxe workstation desk (Type: workstation · Drawers: yes · Storage: yes · Vibe: luxe)
Furniture > Desks > Office Desks :: desk_type=workstation · drawers=yes · storage=yes · vibe=plain,Furniture > Desks > Office Desks,Furniture > Desks,wayfair,4,"{""desk_type"": ""workstation"", ""drawers"": ""yes"", ""storage"": ""yes"", ""vibe"": ""plain""}",Workstation desk,Type: workstation · Drawers: yes · Storage: yes · Vibe: plain,1,16,True,0.37014970428589766,33.66124893071,0.5,67.23507308959961,0.6214738933112927,16.0,0.0,0.0,0.8125,0.0,0.3125,0.0,0.0,0.0,0.0,0.1875,0.0,0.0625,0.25,0.5,0.0,0.0,0.61,8.305376436618578,False,False,0.0014970059880239522,0.005671747607231478,0.9584782005138397,0.933,False,False,0.8976000567267898,-1.0,0.061170928528187084,0.08319421245162739,-0.006162224132989391,False,266.29,326.99,black|brown/wood|white,1.0,0.375,10.0,0.42,0.62,0.14,0.1,0.06,31.600000000000005,34.2,True,True,True,True,Gap-led,19.85294117647059,0.022677630733650263,False,,passed a method gate but outside the node's top 10,0 safe products (< 2),,0.0,0.0,,Workstation desk (Type: workstation · Drawers: yes · Storage: yes · Vibe: plain)
Furniture > Desks > Office Desks :: desk_type=writing/table · drawers=no · storage=no · vibe=luxe,Furniture > Desks > Office Desks,Furniture > Desks,wayfair,4,"{""desk_type"": ""writing/table"", ""drawers"": ""no"", ""storage"": ""no"", ""vibe"": ""luxe""}",Luxe writing/table desk,Type: writing/table · Drawers: not stated · Storage: not stated · Vibe: luxe,0,34,True,0.7877377808246476,30.72497861420017,0.6,68.23631286621094,0.5848190477890334,34.0,2.0,0.058823529411764705,0.7941176470588235,0.07407407407407407,0.17647058823529413,0.0,0.0,0.029411764705882353,0.029411764705882353,0.20588235294117646,0.0,0.0,0.17647058823529413,0.5588235294117647,0.0,0.82,0.94,22.113082852490034,False,False,0.0,0.012052463665366891,2.7946894323127283,1.0,True,True,1.1788472519353368,-1.0,0.23158085884199364,0.3107319589298733,0.6064775007165376,False,,177.49,beige/cream|black|blue|brown/wood|clear|grey|metallic|navy|white,,0.5882352941176471,14.0,0.92,0.92,0.94,0.86,0.88,90.8,91.60000000000001,True,False,False,False,Not listed,97.05882352941177,0.032266458495966696,False,,Method 1: safe share 7% (< 10%) · Method 2: ACR 59% (≥ 50%): cheaper or same-look Staples twins,safe share 7% (< 10%),ACR 59% (≥ 50%): cheaper or same-look Staples twins,0.0,0.0,,Luxe writing/table desk (Type: writing/table · Drawers: not stated · Storage: not stated · Vibe: luxe)
Furniture > Desks > Office Desks :: desk_type=writing/table · drawers=no · storage=no · vibe=other,Furniture > Desks > Office Desks,Furniture > Desks,wayfair,4,"{""desk_type"": ""writing/table"", ""drawers"": ""no"", ""storage"": ""no"", ""vibe"": ""other""}",Writing/table desk,Type: writing/table · Drawers: not stated · Storage: not stated · Vibe: other (mixed),0,40,False,0.8145040686534866,27.814371257485032,0.5166666666666667,58.89950942993164,0.5992943651868006,40.0,2.0,0.05,0.85,0.058823529411764705,0.025,0.0,0.0,0.05,0.0,0.15,0.0,0.0,0.025,0.775,0.0,0.88,0.78,27.719942837652333,False,False,0.0,0.014179369018078695,2.9550320823879077,0.9999,True,True,1.045141408717676,-1.0,0.1583612601060245,0.23558055060171185,0.6418744625967325,False,,190.49,beige/cream|black|blue|brown/wood|clear|green|grey|multi/pattern|navy|white,,0.55,18.0,0.96,0.8,0.56,0.78,0.96,84.1,84.00000000000001,True,False,False,False,Not listed,,,False,,includes a grouped “other (mixed)” value: not a nameable archetype,safe share 6% (< 10%),ACR 55% (≥ 50%): cheaper or same-look Staples twins,0.0,0.0,,Writing/table desk (Type: writing/table · Drawers: not stated · Storage: not stated · Vibe: other (mixed))
Furniture > Desks > Office Desks :: desk_type=writing/table · drawers=no · storage=no · vibe=plain,Furniture > Desks > Office Desks,Furniture > Desks,wayfair,4,"{""desk_type"": ""writing/table"", ""drawers"": ""no"", ""storage"": ""no"", ""vibe"": ""plain""}",Writing/table desk,Type: writing/table · Drawers: not stated · Storage: not stated · Vibe: plain,12,48,True,0.8423215131183235,27.814371257485032,0.5,59.54498863220215,0.46096246249908535,48.0,0.0,0.0,0.8958333333333334,0.0,0.020833333333333332,0.0,0.0,0.0,0.0,0.10416666666666667,0.0,0.0,0.020833333333333332,0.875,0.0,0.96,0.61,27.021646260706966,False,False,0.017964071856287425,0.017015242821694435,-0.08358191864934879,0.4128,False,False,0.44144439133255053,-1.0,0.15574359112923647,0.07874244448272161,0.09028374892519353,True,354.34000000000003,193.99,metallic,1.25,0.75,12.0,0.2,0.12,0.48,0.08,0.24,17.900000000000002,20.900000000000002,False,False,False,False,Not listed,52.94117647058824,0.027146130794993832,False,,Method 1: 0 safe products (< 2) · Method 2: share gap not credible (41% < 90%); ACR 75% (≥ 50%): cheaper or same-look Staples twins,0 safe products (< 2),share gap not credible (41% < 90%); ACR 75% (≥ 50%): cheaper or same-look Staples twins,0.0,0.0,,Writing/table desk (Type: writing/table · Drawers: not stated · Storage: not stated · Vibe: plain)
Furniture > Desks > Office Desks :: desk_type=writing/table · drawers=no · storage=no · vibe=sleek/minimal,Furniture > Desks > Office Desks,Furniture > Desks,wayfair,4,"{""desk_type"": ""writing/table"", ""drawers"": ""no"", ""storage"": ""no"", ""vibe"": ""sleek/minimal""}",Sleek/minimal writing/table desk,Type: writing/table · Drawers: not stated · Storage: not stated · Vibe: sleek/minimal,0,19,True,0.8169380923025412,27.814371257485032,0.6,67.26373291015625,0.5365740627820191,19.0,1.0,0.05263157894736842,0.8421052631578947,0.0625,0.10526315789473684,0.0,0.0,0.05263157894736842,0.0,0.15789473684210525,0.0,0.0,0.10526315789473684,0.6842105263157895,0.0,0.92,0.94,23.977453400571903,False,False,0.0,0.00673520028358738,2.2241445738451153,0.9959,True,True,1.2712415451942543,-1.0,0.23810825400992358,0.34497257520956914,0.552737173975351,False,,184.99,black|blue|brown/wood|grey|metallic|white,,0.7894736842105263,4.0,0.76,0.96,0.96,0.92,0.78,85.7,85.39999999999999,True,False,False,False,Not listed,97.05882352941177,0.03225806451612903,False,,Method 1: 1 safe products (< 2) · Method 2: ACR 79% (≥ 50%): cheaper or same-look Staples twins,1 safe products (< 2),ACR 79% (≥ 50%): cheaper or same-look Staples twins,0.0,0.0,,Sleek/minimal writing/table desk (Type: writing/table · Drawers: not stated · Storage: not stated · Vibe: sleek/minimal)
Furniture > Desks > Office Desks :: desk_type=writing/table · drawers=no · storage=yes · vibe=luxe,Furniture > Desks > Office Desks,Furniture > Desks,wayfair,4,"{""desk_type"": ""writing/table"", ""drawers"": ""no"", ""storage"": ""yes"", ""vibe"": ""luxe""}",Luxe writing/table desk,Type: writing/table · Drawers: not stated · Storage: yes · Vibe: luxe,0,35,True,0.66118533429805,39.76047904191616,0.6,67.8961181640625,0.8757912337274574,35.0,5.0,0.14285714285714285,0.5714285714285714,0.25,0.11428571428571428,0.0,0.11428571428571428,0.0,0.02857142857142857,0.42857142857142855,0.0,0.02857142857142857,0.08571428571428572,0.3142857142857143,0.0,0.32,0.94,15.99676837852615,True,True,0.0,0.01240694789081886,2.8232628047567845,1.0,True,True,1.0304424519414173,-1.0,0.18142501592298188,0.2500106699772533,0.561335626253941,False,,242.99,beige/cream|black|blue|brown/wood|clear|grey|metallic|navy|red/pink|white,,0.22857142857142856,27.0,0.94,0.76,0.76,0.82,0.8,83.8,83.1,True,True,True,True,Strong,88.23529411764706,0.030798389007344232,True,2.0,,,,1.0,0.782,0.20000000000000004,Luxe writing/table desk (Type: writing/table · Drawers: not stated · Storage: yes · Vibe: luxe)
Furniture > Desks > Office Desks :: desk_type=writing/table · drawers=no · storage=yes · vibe=other,Furniture > Desks > Office Desks,Furniture > Desks,wayfair,4,"{""desk_type"": ""writing/table"", ""drawers"": ""no"", ""storage"": ""yes"", ""vibe"": ""other""}",Writing/table desk,Type: writing/table · Drawers: not stated · Storage: yes · Vibe: other (mixed),0,28,False,0.7838037910497345,33.81734774011696,0.45,69.78235626220703,0.581639202345327,28.0,2.0,0.07142857142857142,0.6071428571428571,0.11764705882352941,0.07142857142857142,0.0,0.07142857142857142,0.0,0.0,0.39285714285714285,0.0,0.03571428571428571,0.03571428571428571,0.4642857142857143,0.0,0.78,0.42,16.844887242937332,False,False,0.0,0.009925558312655087,2.6036341955500193,0.99945,True,True,1.1341884591785778,-1.0,0.15717100005463444,0.16703198529538715,0.6348523932358842,False,,234.99,beige/cream|black|blue|brown/wood|clear|grey|white|yellow/orange,,0.32142857142857145,19.0,0.9,0.88,0.52,0.46,0.94,77.89999999999999,82.69999999999999,True,False,False,False,Not listed,,,False,,includes a grouped “other (mixed)” value: not a nameable archetype,"passed, outside the top 10 by VOS","passed, outside the top 10 by TG",0.0,0.0,,Writing/table desk (Type: writing/table · Drawers: not stated · Storage: yes · Vibe: other (mixed))
Furniture > Desks > Office Desks :: desk_type=writing/table · drawers=no · storage=yes · vibe=plain,Furniture > Desks > Office Desks,Furniture > Desks,wayfair,4,"{""desk_type"": ""writing/table"", ""drawers"": ""no"", ""storage"": ""yes"", ""vibe"": ""plain""}",Writing/table desk,Type: writing/table · Drawers: not stated · Storage: yes · Vibe: plain,1,43,True,0.6918844747990801,28.622754491017965,0.5,68.660888671875,0.6687766232732195,43.0,2.0,0.046511627906976744,0.7674418604651163,0.06060606060606061,0.09302325581395349,0.0,0.046511627906976744,0.0,0.0,0.23255813953488372,0.0,0.023255813953488372,0.06976744186046512,0.627906976744186,0.0,0.5,0.61,14.521549594901995,False,False,0.0014970059880239522,0.015242821694434599,1.9278787577019432,0.9995,False,True,1.1386830156612893,-1.0,0.11091451196441958,0.17957079487385114,0.6074806534823731,False,792.29,181.99,beige/cream|black|brown/wood|grey|navy|red/pink,1.0,0.3953488372093023,26.0,0.69,0.9,0.3,0.54,0.9,68.25,70.65,True,True,True,True,Gap-led,79.41176470588236,0.029437229437229435,True,6.0,,safe share 6% (< 10%),,0.656,0.194,0.12130177514792898,Writing/table desk (Type: writing/table · Drawers: not stated · Storage: yes · Vibe: plain)
Furniture > Desks > Office Desks :: desk_type=writing/table · drawers=no · storage=yes · vibe=statement,Furniture > Desks > Office Desks,Furniture > Desks,wayfair,4,"{""desk_type"": ""writing/table"", ""drawers"": ""no"", ""storage"": ""yes"", ""vibe"": ""statement""}",Statement writing/table desk,Type: writing/table · Drawers: not stated · Storage: yes · Vibe: statement,0,20,True,0.7179201076196867,43.50299401197605,0.6,67.8961181640625,0.9053150470984432,20.0,4.0,0.2,0.6,0.3333333333333333,0.1,0.0,0.1,0.0,0.1,0.4,0.0,0.05,0.05,0.3,0.0,0.64,0.94,20.980175138005237,True,True,0.0,0.007089684509039348,2.274154994419777,0.9962,True,True,0.9060124136865066,-1.0,0.17426873619097444,0.34915692190482367,0.6143594153052451,False,,213.99,beige/cream|black|blue|brown/wood|clear|grey|metallic|red/pink|white,,0.45,11.0,0.82,0.64,0.72,0.94,0.92,80.2,77.5,True,True,True,True,Strong,91.17647058823529,0.03125,True,1.0,,,,1.0,1.0,0.375,Statement writing/table desk (Type: writing/table · Drawers: not stated · Storage: yes · Vibe: statement)
Furniture > Desks > Office Desks :: desk_type=writing/table · drawers=yes · storage=no · vibe=other,Furniture > Desks > Office Desks,Furniture > Desks,wayfair,4,"{""desk_type"": ""writing/table"", ""drawers"": ""yes"", ""storage"": ""no"", ""vibe"": ""other""}",Writing/table desk,Type: writing/table · Drawers: yes · Storage: not stated · Vibe: other (mixed),0,24,False,0.7961357745357822,27.54491017964072,0.5,69.95341491699219,1.0231834922802996,24.0,2.0,0.08333333333333333,0.75,0.1111111111111111,0.041666666666666664,0.0,0.041666666666666664,0.041666666666666664,0.0,0.25,0.0,0.041666666666666664,0.0,0.625,0.0,0.84,0.61,18.422604848484795,False,False,0.0,0.008507621410847217,2.4524032258260955,0.99895,True,True,0.7754833864224622,-1.0,0.19719291972619207,0.4318300203894725,0.6607910576096302,False,,299.99,beige/cream|black|brown/wood|green|white,,0.0,24.0,0.88,0.5,0.84,1.0,0.98,83.10000000000001,79.69999999999999,True,False,False,False,Not listed,,,False,,includes a grouped “other (mixed)” value: not a nameable archetype,"passed, outside the top 10 by VOS","passed, outside the top 10 by TG",0.0,0.0,,Writing/table desk (Type: writing/table · Drawers: yes · Storage: not stated · Vibe: other (mixed))
Furniture > Desks > Office Desks :: desk_type=writing/table · drawers=yes · storage=no · vibe=plain,Furniture > Desks > Office Desks,Furniture > Desks,wayfair,4,"{""desk_type"": ""writing/table"", ""drawers"": ""yes"", ""storage"": ""no"", ""vibe"": ""plain""}",Writing/table desk,Type: writing/table · Drawers: yes · Storage: not stated · Vibe: plain,0,16,True,0.8100748521429488,26.556886227544908,0.5,68.72553253173828,0.9552588938063798,16.0,0.0,0.0,0.875,0.0,0.0,0.0,0.0,0.0,0.0,0.125,0.0,0.0,0.0,0.875,0.0,0.86,0.61,19.364232622272244,False,False,0.0,0.005671747607231478,2.0570904891819493,0.99025,True,True,0.5192221545199296,-1.0,0.16653785779527264,0.20959596607534994,0.6642304385210661,False,,409.99,beige/cream|black|brown/wood|metallic|white,,0.0,16.0,0.72,0.18,0.66,0.7,1.0,64.2,62.9,True,True,True,True,Gap-led,82.35294117647058,0.029857397504456328,True,5.0,,0 safe products (< 2),,0.359,0.999,0.0859375,Writing/table desk (Type: writing/table · Drawers: yes · Storage: not stated · Vibe: plain)
Furniture > Desks > Office Desks :: desk_type=writing/table · drawers=yes · storage=yes · vibe=luxe,Furniture > Desks > Office Desks,Furniture > Desks,wayfair,4,"{""desk_type"": ""writing/table"", ""drawers"": ""yes"", ""storage"": ""yes"", ""vibe"": ""luxe""}",Luxe writing/table desk,Type: writing/table · Drawers: yes · Storage: yes · Vibe: luxe,0,55,True,0.7013258060020233,35.0,0.5,74.71776580810547,0.979443275532661,55.0,9.0,0.16363636363636364,0.7636363636363637,0.21428571428571427,0.12727272727272726,0.0,0.09090909090909091,0.01818181818181818,0.05454545454545454,0.23636363636363636,0.0,0.05454545454545454,0.07272727272727272,0.4727272727272727,0.0,0.54,0.61,12.653758213043211,True,True,0.0,0.019496632399858205,3.2701131290278034,1.0,True,True,0.6227800121969751,-1.0,0.14725984567324635,0.18828672207113073,0.5945829750644883,False,,389.99,beige/cream|black|blue|brown/wood|grey|metallic|white,,0.34545454545454546,36.0,0.98,0.26,0.44,0.58,0.84,67.39999999999999,66.4,True,True,True,True,Strong,67.64705882352942,0.027912386121341344,True,4.0,,,,0.688,0.0,0.20987654320987653,Luxe writing/table desk (Type: writing/table · Drawers: yes · Storage: yes · Vibe: luxe)
Furniture > Desks > Office Desks :: desk_type=writing/table · drawers=yes · storage=yes · vibe=other,Furniture > Desks > Office Desks,Furniture > Desks,wayfair,4,"{""desk_type"": ""writing/table"", ""drawers"": ""yes"", ""storage"": ""yes"", ""vibe"": ""other""}",Writing/table desk,Type: writing/table · Drawers: yes · Storage: yes · Vibe: other (mixed),3,42,False,0.7857660947594144,29.234388366124893,0.5,75.84866333007812,1.0039987656543317,42.0,6.0,0.14285714285714285,0.9285714285714286,0.15384615384615385,0.16666666666666666,0.0,0.047619047619047616,0.047619047619047616,0.047619047619047616,0.07142857142857142,0.0,0.07142857142857142,0.09523809523809523,0.6190476190476191,0.0,0.8,0.61,14.49570871064355,False,False,0.004491017964071856,0.01488833746898263,1.0573240351504722,0.99055,False,False,0.4287087065844962,-1.0,0.049150960991523565,0.20060623900996644,-0.03611349957007737,True,409.99,387.495,beige/cream|black|blue|grey|metallic|red/pink,1.0,0.4523809523809524,23.0,0.44,0.08,0.08,0.68,0.02,28.700000000000003,19.400000000000002,True,False,False,False,Not listed,,,False,,includes a grouped “other (mixed)” value: not a nameable archetype,"passed, outside the top 10 by VOS","passed, outside the top 10 by TG",0.0,0.0,,Writing/table desk (Type: writing/table · Drawers: yes · Storage: yes · Vibe: other (mixed))
Furniture > Desks > Office Desks :: desk_type=writing/table · drawers=yes · storage=yes · vibe=plain,Furniture > Desks > Office Desks,Furniture > Desks,wayfair,4,"{""desk_type"": ""writing/table"", ""drawers"": ""yes"", ""storage"": ""yes"", ""vibe"": ""plain""}",Writing/table desk,Type: writing/table · Drawers: yes · Storage: yes · Vibe: plain,8,40,True,0.6571886913750836,28.43264524814539,0.5,75.84866333007812,0.7923147605360343,40.0,6.0,0.15,0.95,0.15789473684210525,0.15,0.0,0.125,0.0,0.025,0.05,0.0,0.05,0.1,0.65,0.0,0.28,0.61,8.786206425986483,True,False,0.011976047904191617,0.014179369018078695,0.12181873833169174,0.6628,False,False,0.2752665806399205,1.0,0.0527713695197653,0.1517816888695951,0.03983949555746635,True,212.44,268.99,beige/cream|blue|metallic|red/pink,1.25,0.525,19.0,0.22,0.02,0.12,0.36,0.12,13.249999999999998,9.15,False,False,False,True,Not listed,16.176470588235293,0.022431077694235586,False,,"Method 1: passed, outside the top 10 by VOS · Method 2: share gap not credible (66% < 90%); ACR 52% (≥ 50%): cheaper or same-look Staples twins","passed, outside the top 10 by VOS",share gap not credible (66% < 90%); ACR 52% (≥ 50%): cheaper or same-look Staples twins,0.0,0.0,,Writing/table desk (Type: writing/table · Drawers: yes · Storage: yes · Vibe: plain)
Furniture > Desks > Office Desks :: desk_type=writing/table · drawers=yes · storage=yes · vibe=sleek/minimal,Furniture > Desks > Office Desks,Furniture > Desks,wayfair,4,"{""desk_type"": ""writing/table"", ""drawers"": ""yes"", ""storage"": ""yes"", ""vibe"": ""sleek/minimal""}",Sleek/minimal writing/table desk,Type: writing/table · Drawers: yes · Storage: yes · Vibe: sleek/minimal,2,17,True,0.6681413030819844,29.234388366124893,0.5,75.84866333007812,0.7907809136859416,17.0,1.0,0.058823529411764705,0.8235294117647058,0.07142857142857142,0.17647058823529413,0.0,0.058823529411764705,0.0,0.0,0.17647058823529413,0.0,0.058823529411764705,0.11764705882352941,0.5882352941176471,0.0,0.38,0.61,9.931106080028314,False,False,0.0029940119760479044,0.006026231832683446,0.5064930767707825,0.83355,False,False,0.9531898365420378,-1.0,0.15957840392711928,0.19404747675549927,0.5739466895958727,False,425.39,259.99,beige/cream|metallic|red/pink,1.5,0.47058823529411764,9.0,0.3,0.68,0.6,0.62,0.82,49.449999999999996,50.650000000000006,False,False,False,False,Not listed,48.529411764705884,0.025528455284552845,False,,Method 1: 1 safe products (< 2) · Method 2: share gap not credible (83% < 90%),1 safe products (< 2),share gap not credible (83% < 90%),0.0,0.0,,Sleek/minimal writing/table desk (Type: writing/table · Drawers: yes · Storage: yes · Vibe: sleek/minimal)
Furniture > Desks > Office Desks :: desk_type=writing/table · drawers=yes · storage=yes · vibe=statement,Furniture > Desks > Office Desks,Furniture > Desks,wayfair,4,"{""desk_type"": ""writing/table"", ""drawers"": ""yes"", ""storage"": ""yes"", ""vibe"": ""statement""}",Statement writing/table desk,Type: writing/table · Drawers: yes · Storage: yes · Vibe: statement,1,37,True,0.8156834882741776,41.809238665526095,0.6,80.19059753417969,1.1829312910070977,37.0,5.0,0.13513513513513514,0.7837837837837838,0.1724137931034483,0.21621621621621623,0.0,0.13513513513513514,0.0,0.0,0.21621621621621623,0.0,0.10810810810810811,0.10810810810810811,0.43243243243243246,0.0,0.9,0.94,15.16266568466983,True,True,0.0014970059880239522,0.013115916341722794,1.7794587525836698,0.999,False,True,0.7227279904488892,-1.0,0.19685231513120505,0.1266061533729802,0.6037546574949842,False,126.03999999999999,409.99,beige/cream|black|blue|green,2.0,0.4594594594594595,20.0,0.6,0.42,0.82,0.26,0.86,58.5,65.10000000000001,True,True,True,True,Strong,75.0,0.028790389395194696,True,3.0,,,,0.027,0.76,0.20000000000000004,Statement writing/table desk (Type: writing/table · Drawers: yes · Storage: yes · Vibe: statement)
Furniture > Desks > Office Desks :: long tail,Furniture > Desks > Office Desks,Furniture > Desks,wayfair,0,{},Long tail,not in any 4-attribute combination with enough families,182,364,False,0.5998488393029657,32.17921300256629,0.5,68.59477996826172,0.7245514281289409,364.0,32.0,0.08791208791208792,0.8021978021978022,0.1095890410958904,0.19230769230769232,0.0,0.024725274725274724,0.04120879120879121,0.02197802197802198,0.1978021978021978,0.0,0.03296703296703297,0.15934065934065933,0.521978021978022,0.0,0.18,0.61,10.364904671792193,False,False,0.27245508982035926,0.12903225806451613,-0.747640693858364,0.0,False,False,0.6547544633009371,-1.0,0.1580089383602709,0.21283050314763785,0.3167096589280597,True,650.49,299.99,blue|clear|green|metallic|yellow/orange,1.2417582417582418,0.3873626373626374,223.0,0.1,0.32,0.54,0.74,0.6,36.35,32.550000000000004,False,False,False,False,Not listed,,,False,,long tail: not in any supported 4-attribute combination,"passed, outside the top 10 by VOS",share gap not credible (0% < 90%),0.0,0.0,,Long tail (not in any 4-attribute combination with enough families)
"Coffee, Water & Snacks > Water & Beverages > Water Bottles, Tumblers & Travel Mugs :: material_class=other · vessel_type=other · insulation=no · vibe=plain","Coffee, Water & Snacks > Water & Beverages > Water Bottles, Tumblers & Travel Mugs","Coffee, Water & Snacks > Water & Beverages",amazon,4,"{""material_class"": ""other"", ""vessel_type"": ""other"", ""insulation"": ""no"", ""vibe"": ""plain""}",Bottle / tumbler,Material: other (mixed) · Type: other (mixed) · Insulated: not stated · Vibe: plain,0,11,False,0.9479336646437033,5.620608899297424,0.0,60.821903228759766,1.334448160535117,11.0,0.0,0.0,1.0,0.0,0.0,0.0,0.0,0.0,0.0,0.0,0.0,0.0,0.0,1.0,0.0,1.0,0.375,21.963704397471783,False,False,0.0,0.05670103092783505,3.7060390743967626,1.0,True,True,0.3206969376094027,-1.0,0.20558325339952888,0.7801919375913129,0.4219330855018587,False,,19.95,clear|white|yellow/orange,,0.0,11.0,1.0,0.6666666666666666,0.7272727272727273,1.0,1.0,89.24242424242425,86.2121212121212,True,False,False,False,Not listed,,,False,,includes a grouped “other (mixed)” value: not a nameable archetype,0 safe products (< 2),"passed, outside the top 10 by TG",0.0,0.0,,Bottle / tumbler (Material: other (mixed) · Type: other (mixed) · Insulated: not stated · Vibe: plain)
"Coffee, Water & Snacks > Water & Beverages > Water Bottles, Tumblers & Travel Mugs :: material_class=plastic/tritan · vessel_type=water bottle · insulation=no · vibe=other","Coffee, Water & Snacks > Water & Beverages > Water Bottles, Tumblers & Travel Mugs","Coffee, Water & Snacks > Water & Beverages",amazon,4,"{""material_class"": ""plastic/tritan"", ""vessel_type"": ""water bottle"", ""insulation"": ""no"", ""vibe"": ""other""}",Plastic/tritan water bottle,Material: plastic/tritan · Type: water bottle · Insulated: not stated · Vibe: other (mixed),30,5,False,0.04454907524402767,58.342546702249344,0.5,78.94176483154297,0.624765478424015,5.0,3.0,0.6,1.0,0.6,0.4,0.0,0.6,0.0,0.0,0.0,0.0,0.0,0.4,0.0,0.0,0.25,0.9166666666666666,10.880670222237447,False,False,0.0872093023255814,0.02577319587628866,-1.1424337329073277,0.00135,False,False,0.474685995557825,-1.0,0.47473824011707383,0.0,-0.04275092936802971,True,17.99,9.99,clear|white,1.1333333333333333,0.6,2.0,0.25,0.8333333333333334,1.0,0.375,0.5,49.16666666666668,55.208333333333336,False,False,False,False,Not listed,,,False,,includes a grouped “other (mixed)” value: not a nameable archetype,"passed, outside the top 10 by VOS",share gap not credible (0% < 90%); ACR 60% (≥ 50%): cheaper or same-look Staples twins,0.0,0.0,,Plastic/tritan water bottle (Material: plastic/tritan · Type: water bottle · Insulated: not stated · Vibe: other (mixed))
"Coffee, Water & Snacks > Water & Beverages > Water Bottles, Tumblers & Travel Mugs :: material_class=plastic/tritan · vessel_type=water bottle · insulation=no · vibe=plain","Coffee, Water & Snacks > Water & Beverages > Water Bottles, Tumblers & Travel Mugs","Coffee, Water & Snacks > Water & Beverages",amazon,4,"{""material_class"": ""plastic/tritan"", ""vessel_type"": ""water bottle"", ""insulation"": ""no"", ""vibe"": ""plain""}",Plastic/tritan water bottle,Material: plastic/tritan · Type: water bottle · Insulated: not stated · Vibe: plain,58,19,True,0.07619086035004685,67.57220921155347,0.0,78.94176483154297,0.9690332291693701,19.0,1.0,0.05263157894736842,0.9473684210526315,0.05555555555555555,0.7894736842105263,0.0,0.05263157894736842,0.0,0.0,0.05263157894736842,0.0,0.5789473684210527,0.21052631578947367,0.10526315789473684,0.0,0.3333333333333333,0.375,9.401799239598615,False,False,0.1686046511627907,0.0979381443298969,-0.5280674302004967,0.01045,False,False,0.23069321234886384,-1.0,0.11173516104235989,0.0,-0.06319702602230481,True,16.19,15.17,brown/wood,1.3275862068965518,0.47368421052631576,10.0,0.4166666666666667,0.25,0.45454545454545453,0.375,0.20833333333333334,27.85984848484848,26.799242424242426,False,False,False,False,Not listed,0.0,0.03076923076923077,False,,Method 1: 1 safe products (< 2); 79% substitute/undercut (≥ 70%) · Method 2: share gap not credible (1% < 90%),1 safe products (< 2); 79% substitute/undercut (≥ 70%),share gap not credible (1% < 90%),0.0,0.0,,Plastic/tritan water bottle (Material: plastic/tritan · Type: water bottle · Insulated: not stated · Vibe: plain)
"Coffee, Water & Snacks > Water & Beverages > Water Bottles, Tumblers & Travel Mugs :: material_class=plastic/tritan · vessel_type=water bottle · insulation=yes · vibe=plain","Coffee, Water & Snacks > Water & Beverages > Water Bottles, Tumblers & Travel Mugs","Coffee, Water & Snacks > Water & Beverages",amazon,4,"{""material_class"": ""plastic/tritan"", ""vessel_type"": ""water bottle"", ""insulation"": ""yes"", ""vibe"": ""plain""}",Plastic/tritan water bottle,Material: plastic/tritan · Type: water bottle · Insulated: yes · Vibe: plain,6,6,True,0.3730481037837139,26.941887696748545,0.5,70.03553771972656,0.7575022734161867,6.0,0.0,0.0,0.8333333333333334,0.0,0.3333333333333333,0.0,0.0,0.0,0.0,0.16666666666666666,0.0,0.0,0.3333333333333333,0.5,0.0,0.75,0.9166666666666666,19.401759491767372,False,False,0.01744186046511628,0.030927835051546393,0.5705448584676129,0.8462,False,False,0.2783611813892625,1.0,0.07731914264592352,0.0,-0.07899628252788102,True,21.74,24.99,navy,1.5,0.5,3.0,0.6666666666666666,0.5,0.36363636363636365,0.375,0.08333333333333333,33.996212121212125,33.10606060606061,False,False,False,False,Not listed,62.5,0.032018442622950824,False,,Method 1: 0 safe products (< 2) · Method 2: share gap not credible (85% < 90%); ACR 50% (≥ 50%): cheaper or same-look Staples twins,0 safe products (< 2),share gap not credible (85% < 90%); ACR 50% (≥ 50%): cheaper or same-look Staples twins,0.0,0.0,,Plastic/tritan water bottle (Material: plastic/tritan · Type: water bottle · Insulated: yes · Vibe: plain)
"Coffee, Water & Snacks > Water & Beverages > Water Bottles, Tumblers & Travel Mugs :: material_class=stainless steel · vessel_type=travel mug · insulation=yes · vibe=plain","Coffee, Water & Snacks > Water & Beverages > Water Bottles, Tumblers & Travel Mugs","Coffee, Water & Snacks > Water & Beverages",amazon,4,"{""material_class"": ""stainless steel"", ""vessel_type"": ""travel mug"", ""insulation"": ""yes"", ""vibe"": ""plain""}",Stainless steel travel mug bottle / tumbler,Material: stainless steel · Type: travel mug · Insulated: yes · Vibe: plain,25,1,False,0.0,40.20696040520668,0.0,67.67699432373047,1.039298473530367,1.0,0.0,0.0,0.0,0.0,0.0,0.0,0.0,0.0,0.0,1.0,0.0,0.0,0.0,0.0,0.0,0.08333333333333333,0.375,8.141223923219497,False,False,0.07267441860465117,0.005154639175257732,-2.2626684855886032,0.0001,False,False,0.1660807207437715,1.0,0.013827767343403203,0.0,0.08178438661710036,True,30.79,32.0,,1.28,0.0,1.0,0.0,0.08333333333333333,0.0,0.375,0.8333333333333334,19.791666666666664,18.750000000000004,False,False,False,False,Not listed,,,False,,only 1 competitor families (< 5),0 safe products (< 2),share gap not credible (0% < 90%); 1 non-cannibalising products (< 2),0.0,0.0,,Stainless steel travel mug bottle / tumbler (Material: stainless steel · Type: travel mug · Insulated: yes · Vibe: plain)
"Coffee, Water & Snacks > Water & Beverages > Water Bottles, Tumblers & Travel Mugs :: material_class=stainless steel · vessel_type=tumbler · insulation=yes · vibe=plain","Coffee, Water & Snacks > Water & Beverages > Water Bottles, Tumblers & Travel Mugs","Coffee, Water & Snacks > Water & Beverages",amazon,4,"{""material_class"": ""stainless steel"", ""vessel_type"": ""tumbler"", ""insulation"": ""yes"", ""vibe"": ""plain""}",Stainless steel tumbler,Material: stainless steel · Type: tumbler · Insulated: yes · Vibe: plain,53,4,False,0.0,57.15116279069767,0.0,74.63759231567383,0.9338866397268009,4.0,0.0,0.0,0.75,0.0,0.75,0.0,0.0,0.0,0.0,0.25,0.0,0.25,0.5,0.0,0.0,0.08333333333333333,0.375,7.677289279560711,False,False,0.15406976744186046,0.020618556701030927,-1.905059398658074,0.0,False,False,0.12241456971679218,1.0,0.0498792600348298,0.0,-0.016728624535315983,True,30.79,31.994999999999997,,1.1886792452830188,0.5,2.0,0.08333333333333333,0.0,0.18181818181818182,0.375,0.5833333333333334,18.560606060606062,16.761363636363637,False,False,False,False,Not listed,,,False,,only 4 competitor families (< 5),0 safe products (< 2); 75% substitute/undercut (≥ 70%),share gap not credible (0% < 90%); ACR 50% (≥ 50%): cheaper or same-look Staples twins,0.0,0.0,,Stainless steel tumbler (Material: stainless steel · Type: tumbler · Insulated: yes · Vibe: plain)
"Coffee, Water & Snacks > Water & Beverages > Water Bottles, Tumblers & Travel Mugs :: material_class=stainless steel · vessel_type=water bottle · insulation=no · vibe=plain","Coffee, Water & Snacks > Water & Beverages > Water Bottles, Tumblers & Travel Mugs","Coffee, Water & Snacks > Water & Beverages",amazon,4,"{""material_class"": ""stainless steel"", ""vessel_type"": ""water bottle"", ""insulation"": ""no"", ""vibe"": ""plain""}",Stainless steel water bottle,Material: stainless steel · Type: water bottle · Insulated: not stated · Vibe: plain,5,25,True,0.22362189201863805,74.24418604651164,0.0,78.94176483154297,2.1882426516572857,25.0,10.0,0.4,0.88,0.45454545454545453,0.44,0.0,0.16,0.24,0.0,0.12,0.0,0.44,0.0,0.04,0.0,0.5833333333333334,0.375,12.19235086773717,True,True,0.014534883720930232,0.12886597938144329,2.1044752183935684,1.0,False,True,0.20152418546410614,1.0,0.07042617704684472,0.0,0.05947955390334575,True,30.79,34.99,clear|green,1.8,0.04,24.0,0.9166666666666666,0.16666666666666666,0.2727272727272727,0.375,0.75,56.38257575757575,56.70454545454546,True,True,True,True,Strong,75.0,0.03225806451612903,True,1.0,,,,1.0,1.0,1.0,Stainless steel water bottle (Material: stainless steel · Type: water bottle · Insulated: not stated · Vibe: plain)
"Coffee, Water & Snacks > Water & Beverages > Water Bottles, Tumblers & Travel Mugs :: material_class=stainless steel · vessel_type=water bottle · insulation=yes · vibe=other","Coffee, Water & Snacks > Water & Beverages > Water Bottles, Tumblers & Travel Mugs","Coffee, Water & Snacks > Water & Beverages",amazon,4,"{""material_class"": ""stainless steel"", ""vessel_type"": ""water bottle"", ""insulation"": ""yes"", ""vibe"": ""other""}",Stainless steel water bottle,Material: stainless steel · Type: water bottle · Insulated: yes · Vibe: other (mixed),39,5,False,0.08059425903214343,64.09836065573771,0.5,78.94184875488281,3.50291942390035,5.0,2.0,0.4,0.8,0.5,0.4,0.0,0.0,0.4,0.0,0.2,0.0,0.2,0.2,0.0,0.0,0.4166666666666667,0.9166666666666666,12.823608605223273,False,False,0.11337209302325581,0.02577319587628866,-1.4010077212010381,5e-05,False,False,0.7779391275723763,1.0,0.024985856481984918,0.0,-0.06319702602230481,True,25.99,89.99,,1.205128205128205,0.4,3.0,0.16666666666666666,1.0,0.09090909090909091,0.375,0.20833333333333334,33.03030303030303,33.901515151515156,False,False,False,False,Not listed,,,False,,includes a grouped “other (mixed)” value: not a nameable archetype,"passed, outside the top 10 by VOS",share gap not credible (0% < 90%),0.0,0.0,,Stainless steel water bottle (Material: stainless steel · Type: water bottle · Insulated: yes · Vibe: other (mixed))
"Coffee, Water & Snacks > Water & Beverages > Water Bottles, Tumblers & Travel Mugs :: material_class=stainless steel · vessel_type=water bottle · insulation=yes · vibe=plain · capacity_band=16-24 oz","Coffee, Water & Snacks > Water & Beverages > Water Bottles, Tumblers & Travel Mugs","Coffee, Water & Snacks > Water & Beverages",amazon,5,"{""material_class"": ""stainless steel"", ""vessel_type"": ""water bottle"", ""insulation"": ""yes"", ""vibe"": ""plain"", ""capacity_band"": ""16-24 oz""}",Stainless steel 16-24 oz water bottle,Material: stainless steel · Type: water bottle · Insulated: yes · Vibe: plain · Capacity: 16-24 oz,33,38,True,0.2212199429542697,52.98533576602581,0.0,78.94176483154297,0.9333111037012337,38.0,3.0,0.07894736842105263,0.9210526315789473,0.08571428571428572,0.7105263157894737,0.0,0.02631578947368421,0.05263157894736842,0.0,0.07894736842105263,0.0,0.42105263157894735,0.2894736842105263,0.13157894736842105,0.0,0.5,0.375,10.059645443067565,False,False,0.09593023255813954,0.1958762886597938,0.7096576609303307,0.99955,False,False,0.3692794638120176,-1.0,0.1343301000670104,0.09436093777043358,-0.05018587360594795,True,27.99,24.99,navy|white,1.4242424242424243,0.6578947368421053,13.0,0.75,0.75,0.5454545454545454,0.8333333333333334,0.4166666666666667,68.18181818181817,64.24242424242425,True,False,False,False,Conditional,62.5,0.032018442622950824,True,2.0,,safe share 9% (< 10%); 71% substitute/undercut (≥ 70%),ACR 66% (≥ 50%): cheaper or same-look Staples twins,0.0,0.0,0.3163265306122449,Stainless steel 16-24 oz water bottle (Material: stainless steel · Type: water bottle · Insulated: yes · Vibe: plain · Capacity: 16-24 oz)
"Coffee, Water & Snacks > Water & Beverages > Water Bottles, Tumblers & Travel Mugs :: material_class=stainless steel · vessel_type=water bottle · insulation=yes · vibe=plain · capacity_band=25-40 oz","Coffee, Water & Snacks > Water & Beverages > Water Bottles, Tumblers & Travel Mugs","Coffee, Water & Snacks > Water & Beverages",amazon,5,"{""material_class"": ""stainless steel"", ""vessel_type"": ""water bottle"", ""insulation"": ""yes"", ""vibe"": ""plain"", ""capacity_band"": ""25-40 oz""}",Stainless steel 25-40 oz water bottle,Material: stainless steel · Type: water bottle · Insulated: yes · Vibe: plain · Capacity: 25-40 oz,29,27,True,0.369406930160952,39.01162790697674,0.0,78.94181823730469,0.8849218058424313,27.0,1.0,0.037037037037037035,1.0,0.037037037037037035,0.6666666666666666,0.0,0.0,0.037037037037037035,0.0,0.0,0.0,0.37037037037037035,0.2962962962962963,0.25925925925925924,0.037037037037037035,0.6666666666666666,0.375,10.756200923032539,False,False,0.08430232558139535,0.13917525773195877,0.5003405997943644,0.9759,False,False,0.24568818098515127,-1.0,0.16411907656863772,0.0,0.024163568773234223,True,36.95,31.99,metallic|navy|yellow/orange,1.1724137931034482,0.5185185185185185,13.0,0.5,0.4166666666666667,0.6363636363636364,0.375,0.6666666666666666,51.003787878787875,53.97727272727273,True,False,False,False,Conditional,50.0,0.031746031746031744,True,3.0,,1 safe products (< 2),ACR 52% (≥ 50%): cheaper or same-look Staples twins,0.0,0.0,0.408284023668639,Stainless steel 25-40 oz water bottle (Material: stainless steel · Type: water bottle · Insulated: yes · Vibe: plain · Capacity: 25-40 oz)
"Coffee, Water & Snacks > Water & Beverages > Water Bottles, Tumblers & Travel Mugs :: material_class=stainless steel · vessel_type=water bottle · insulation=yes · vibe=plain · capacity_band=under 16 oz","Coffee, Water & Snacks > Water & Beverages > Water Bottles, Tumblers & Travel Mugs","Coffee, Water & Snacks > Water & Beverages",amazon,5,"{""material_class"": ""stainless steel"", ""vessel_type"": ""water bottle"", ""insulation"": ""yes"", ""vibe"": ""plain"", ""capacity_band"": ""under 16 oz""}",Stainless steel under 16 oz water bottle,Material: stainless steel · Type: water bottle · Insulated: yes · Vibe: plain · Capacity: under 16 oz,16,3,False,0.0,94.05665087231996,0.0,78.94181823730469,0.7440670079106562,3.0,0.0,0.0,1.0,0.0,1.0,0.0,0.0,0.0,0.0,0.0,0.0,0.3333333333333333,0.6666666666666666,0.0,0.0,0.08333333333333333,0.375,8.705872506532826,False,False,0.046511627906976744,0.015463917525773196,-0.9800525539435541,0.0259,False,False,0.29669639353885807,-1.0,0.3730935078754873,0.0,-0.062267657992565006,True,24.59,15.99,green|grey|navy|purple|red/pink,1.0,1.0,0.0,0.3333333333333333,0.5833333333333334,0.9090909090909091,0.375,0.3333333333333333,41.76136363636364,45.265151515151516,False,False,False,False,Not listed,,,False,,only 3 competitor families (< 5),0 safe products (< 2); 100% substitute/undercut (≥ 70%),share gap not credible (3% < 90%); ACR 100% (≥ 50%): cheaper or same-look Staples twins; 0 non-cannibalising products (< 2),0.0,0.0,,Stainless steel under 16 oz water bottle (Material: stainless steel · Type: water bottle · Insulated: yes · Vibe: plain · Capacity: under 16 oz)
"Coffee, Water & Snacks > Water & Beverages > Water Bottles, Tumblers & Travel Mugs :: material_class=stainless steel · vessel_type=water bottle · insulation=yes · vibe=plain · capacity_band=other","Coffee, Water & Snacks > Water & Beverages > Water Bottles, Tumblers & Travel Mugs","Coffee, Water & Snacks > Water & Beverages",amazon,5,"{""material_class"": ""stainless steel"", ""vessel_type"": ""water bottle"", ""insulation"": ""yes"", ""vibe"": ""plain"", ""capacity_band"": ""other""}",Stainless steel water bottle,Material: stainless steel · Type: water bottle · Insulated: yes · Vibe: plain · Capacity: other (mixed),5,6,False,0.48138424252587325,20.801835412014597,0.0,59.412858963012695,1.280373831775701,6.0,0.0,0.0,0.6666666666666666,0.0,0.0,0.0,0.0,0.0,0.0,0.3333333333333333,0.0,0.0,0.0,0.6666666666666666,0.0,0.9166666666666666,0.375,23.080101233061722,False,False,0.014534883720930232,0.030927835051546393,0.7375989431307791,0.90465,False,False,0.5689748523362558,-1.0,,0.0,0.1096654275092937,True,54.99,26.99,red/pink,1.2,0.3333333333333333,4.0,0.8333333333333334,0.9166666666666666,0.5,0.375,0.9166666666666666,74.375,80.41666666666667,True,False,False,False,Not listed,,,False,,includes a grouped “other (mixed)” value: not a nameable archetype,0 safe products (< 2),"passed, outside the top 10 by TG",0.0,0.0,,Stainless steel water bottle (Material: stainless steel · Type: water bottle · Insulated: yes · Vibe: plain · Capacity: other (mixed))
"Coffee, Water & Snacks > Water & Beverages > Water Bottles, Tumblers & Travel Mugs :: long tail","Coffee, Water & Snacks > Water & Beverages > Water Bottles, Tumblers & Travel Mugs","Coffee, Water & Snacks > Water & Beverages",amazon,0,{},Long tail,not in any 4-attribute combination with enough families,45,44,False,0.44637349365039136,25.292195414193124,0.0,75.13453674316406,1.118304885226604,44.0,0.0,0.0,0.9090909090909091,0.0,0.4318181818181818,0.0,0.0,0.0,0.0,0.09090909090909091,0.0,0.25,0.18181818181818182,0.4772727272727273,0.0,0.8333333333333334,0.375,13.542392368910848,False,False,0.1308139534883721,0.2268041237113402,0.5483217216829027,0.99715,False,False,0.23216243011421656,-1.0,0.2748407936919202,0.4942136866941431,-0.08643122676579928,True,30.49,21.84,clear|navy,1.1555555555555554,0.36363636363636365,28.0,0.5833333333333334,0.3333333333333333,0.8181818181818182,0.9166666666666666,0.0,53.1060606060606,45.11363636363637,True,False,False,False,Not listed,,,False,,long tail: not in any supported 4-attribute combination,0 safe products (< 2),"passed, outside the top 10 by TG",0.0,0.0,,Long tail (not in any 4-attribute combination with enough families)
Furniture > Chairs & Seating > Accent & Waiting Room Chairs :: colour_tone=bold · form_factor=armchair · swivel=no · vibe=luxe,Furniture > Chairs & Seating > Accent & Waiting Room Chairs,Furniture > Chairs & Seating,wayfair,4,"{""colour_tone"": ""bold"", ""form_factor"": ""armchair"", ""swivel"": ""no"", ""vibe"": ""luxe""}",Luxe armchair,Colour tone: bold · Form: armchair · Swivel: not stated · Vibe: luxe,0,46,True,1.0,35.0,0.75,83.24092864990234,0.777472068570838,46.0,18.0,0.391304347826087,0.9782608695652174,0.4,0.5,0.0,0.2391304347826087,0.15217391304347827,0.0,0.021739130434782608,0.0,0.0,0.5,0.08695652173913043,0.0,0.7142857142857143,0.6938775510204082,10.053732700737154,True,True,0.0,0.015451797111185758,1.2957662147070577,0.94035,True,True,0.29824693430208277,-1.0,0.5414209783322255,0.18039787114017936,0.5383123181377304,False,,265.99,blue|green|red/pink|yellow/orange,,0.6956521739130435,14.0,0.9591836734693877,0.5714285714285714,0.4897959183673469,0.30612244897959184,0.5102040816326531,64.59183673469387,67.85714285714285,True,False,False,True,Vector-led,74.39024390243902,0.02813852813852814,True,9.0,,,ACR 70% (≥ 50%): cheaper or same-look Staples twins,0.787,0.0,0.09876543209876543,Luxe armchair (Colour tone: bold · Form: armchair · Swivel: not stated · Vibe: luxe)
Furniture > Chairs & Seating > Accent & Waiting Room Chairs :: colour_tone=bold · form_factor=armchair · swivel=no · vibe=natural/woven,Furniture > Chairs & Seating > Accent & Waiting Room Chairs,Furniture > Chairs & Seating,wayfair,4,"{""colour_tone"": ""bold"", ""form_factor"": ""armchair"", ""swivel"": ""no"", ""vibe"": ""natural/woven""}",Natural/woven armchair,Colour tone: bold · Form: armchair · Swivel: not stated · Vibe: natural/woven,0,17,True,1.0,33.96551724137931,0.6666666666666666,83.24092864990234,1.1284096657457487,17.0,9.0,0.5294117647058824,0.9411764705882353,0.5625,0.4117647058823529,0.0,0.23529411764705882,0.29411764705882354,0.0,0.058823529411764705,0.0,0.0,0.4117647058823529,0.0,0.0,0.7142857142857143,0.40816326530612246,8.80464526464367,True,False,0.0,0.005710446758481693,0.3185147830432154,0.74605,True,True,0.21866474471813271,-1.0,0.4440719944701257,0.1606047296118236,0.4907856450048496,False,,349.99,blue|green|red/pink|yellow/orange,,0.8235294117647058,3.0,0.5102040816326531,0.3469387755102041,0.32653061224489793,0.16326530612244897,0.46938775510204084,30.25510204081633,33.52040816326531,True,False,False,True,Not listed,32.926829268292686,0.022762345679012343,False,,"Method 1: passed, outside the top 10 by VOS · Method 2: ACR 82% (≥ 50%): cheaper or same-look Staples twins","passed, outside the top 10 by VOS",ACR 82% (≥ 50%): cheaper or same-look Staples twins,0.0,0.0,,Natural/woven armchair (Colour tone: bold · Form: armchair · Swivel: not stated · Vibe: natural/woven)
Furniture > Chairs & Seating > Accent & Waiting Room Chairs :: colour_tone=bold · form_factor=armchair · swivel=no · vibe=plain,Furniture > Chairs & Seating > Accent & Waiting Room Chairs,Furniture > Chairs & Seating,wayfair,4,"{""colour_tone"": ""bold"", ""form_factor"": ""armchair"", ""swivel"": ""no"", ""vibe"": ""plain""}",Armchair,Colour tone: bold · Form: armchair · Swivel: not stated · Vibe: plain,1,34,True,0.9705882352941176,38.62068965517241,0.6666666666666666,85.2699203491211,0.39449844431983433,34.0,1.0,0.029411764705882353,0.9411764705882353,0.03125,0.9117647058823529,0.0,0.029411764705882353,0.0,0.0,0.058823529411764705,0.0,0.14705882352941177,0.7647058823529411,0.0,0.0,0.3673469387755102,0.40816326530612246,5.644699206959604,False,False,0.008620689655172414,0.011420893516963387,-0.10133906251704841,0.551,False,False,0.4135992567431231,-1.0,0.5159990937257302,0.2210582393181693,0.33462657613967023,False,2509.19,273.99,brown/wood|green|purple|red/pink|yellow/orange,1.0,0.8235294117647058,6.0,0.2857142857142857,0.7346938775510204,0.4489795918367347,0.5714285714285714,0.30612244897959184,39.59183673469388,38.46938775510204,False,False,False,False,Not listed,31.70731707317073,0.02254305977710233,False,,Method 1: 1 safe products (< 2); 91% substitute/undercut (≥ 70%) · Method 2: share gap not credible (55% < 90%); ACR 82% (≥ 50%): cheaper or same-look Staples twins,1 safe products (< 2); 91% substitute/undercut (≥ 70%),share gap not credible (55% < 90%); ACR 82% (≥ 50%): cheaper or same-look Staples twins,0.0,0.0,,Armchair (Colour tone: bold · Form: armchair · Swivel: not stated · Vibe: plain)
Furniture > Chairs & Seating > Accent & Waiting Room Chairs :: colour_tone=bold · form_factor=armchair · swivel=no · vibe=statement,Furniture > Chairs & Seating > Accent & Waiting Room Chairs,Furniture > Chairs & Seating,wayfair,4,"{""colour_tone"": ""bold"", ""form_factor"": ""armchair"", ""swivel"": ""no"", ""vibe"": ""statement""}",Statement armchair,Colour tone: bold · Form: armchair · Swivel: not stated · Vibe: statement,0,28,True,1.0,30.614148429298233,0.75,83.24092864990234,1.0091826152318262,28.0,15.0,0.5357142857142857,0.9642857142857143,0.5555555555555556,0.42857142857142855,0.0,0.39285714285714285,0.14285714285714285,0.0,0.03571428571428571,0.0,0.0,0.42857142857142855,0.0,0.0,0.7142857142857143,0.6938775510204082,9.833224302524169,True,False,0.0,0.009405441719852201,0.806217989388352,0.8619,True,True,0.15726947368302194,1.0,0.4977126661428728,0.2142787429533029,0.6314258001939865,False,,464.99,blue|green|red/pink|yellow/orange,,0.6071428571428571,11.0,0.8571428571428571,0.14285714285714285,0.42857142857142855,0.5306122448979592,0.6530612244897959,42.04081632653061,40.204081632653065,True,False,False,True,Not listed,53.65853658536586,0.025,False,,"Method 1: passed, outside the top 10 by VOS · Method 2: ACR 61% (≥ 50%): cheaper or same-look Staples twins","passed, outside the top 10 by VOS",ACR 61% (≥ 50%): cheaper or same-look Staples twins,0.0,0.0,,Statement armchair (Colour tone: bold · Form: armchair · Swivel: not stated · Vibe: statement)
Furniture > Chairs & Seating > Accent & Waiting Room Chairs :: colour_tone=bold · form_factor=barrel · swivel=yes · vibe=curved/organic,Furniture > Chairs & Seating > Accent & Waiting Room Chairs,Furniture > Chairs & Seating,wayfair,4,"{""colour_tone"": ""bold"", ""form_factor"": ""barrel"", ""swivel"": ""yes"", ""vibe"": ""curved/organic""}",Curved/organic barrel chair,Colour tone: bold · Form: barrel · Swivel: yes · Vibe: curved/organic,0,22,True,1.0,20.51724137931035,0.6666666666666666,49.12059783935547,0.5610552007419105,22.0,0.0,0.0,0.3181818181818182,0.0,0.0,0.0,0.0,0.0,0.0,0.6818181818181818,0.0,0.0,0.0,0.3181818181818182,0.0,0.7142857142857143,0.40816326530612246,24.677584208408597,False,False,0.0,0.007389989922741014,0.5698292113241216,0.8067,True,True,0.33642232580476417,-1.0,0.47292293090035786,0.1776565922675383,0.5410604591011963,False,,369.99,blue|green|red/pink|yellow/orange,,0.0,22.0,0.7448979591836735,0.6122448979591837,0.3979591836734694,0.2653061224489796,0.5306122448979592,43.18877551020408,46.913265306122454,True,True,True,True,Gap-led,75.60975609756098,0.028531243721117136,True,8.0,,0 safe products (< 2),,0.0,1.0,0.22314049586776857,Curved/organic barrel chair (Colour tone: bold · Form: barrel · Swivel: yes · Vibe: curved/organic)
Furniture > Chairs & Seating > Accent & Waiting Room Chairs :: colour_tone=bold · form_factor=barrel · swivel=yes · vibe=luxe,Furniture > Chairs & Seating > Accent & Waiting Room Chairs,Furniture > Chairs & Seating,wayfair,4,"{""colour_tone"": ""bold"", ""form_factor"": ""barrel"", ""swivel"": ""yes"", ""vibe"": ""luxe""}",Luxe barrel chair,Colour tone: bold · Form: barrel · Swivel: yes · Vibe: luxe,0,19,True,1.0,20.51724137931035,0.6,47.32421112060547,0.7162456266012838,19.0,0.0,0.0,0.47368421052631576,0.0,0.0,0.0,0.0,0.0,0.0,0.5263157894736842,0.0,0.0,0.0,0.47368421052631576,0.0,0.7142857142857143,0.2755102040816326,23.801968530309946,False,False,0.0,0.006382264024185421,0.4267283676834481,0.7749,True,True,0.2061720084985865,-1.0,0.4567955870335144,0.1479264585872866,0.6479146459747818,False,,369.0,blue|green|red/pink|yellow/orange,,0.0,19.0,0.6020408163265306,0.2857142857142857,0.3673469387755102,0.12244897959183673,0.6938775510204082,34.005102040816325,38.9030612244898,True,True,True,True,Gap-led,59.75609756097562,0.02661401098901099,False,,passed a method gate but outside the node's top 10,0 safe products (< 2),,0.0,0.998,,Luxe barrel chair (Colour tone: bold · Form: barrel · Swivel: yes · Vibe: luxe)
Furniture > Chairs & Seating > Accent & Waiting Room Chairs :: colour_tone=bold · form_factor=guest/side · swivel=no · vibe=floral/botanical,Furniture > Chairs & Seating > Accent & Waiting Room Chairs,Furniture > Chairs & Seating,wayfair,4,"{""colour_tone"": ""bold"", ""form_factor"": ""guest/side"", ""swivel"": ""no"", ""vibe"": ""floral/botanical""}",Floral/botanical guest/side chair,Colour tone: bold · Form: guest/side · Swivel: not stated · Vibe: floral/botanical,0,37,True,0.972972972972973,67.58620689655173,0.6,85.27001190185547,0.6499912497812446,37.0,0.0,0.0,1.0,0.0,1.0,0.0,0.0,0.0,0.0,0.0,0.0,0.0,1.0,0.0,0.0,0.3877551020408163,0.2755102040816326,6.571430193439996,False,False,0.0,0.012428619415518979,1.0806548350901122,0.91115,True,True,0.6816895794341254,-1.0,0.5234846450245491,0.5240974100671189,0.2738441642418364,False,,259.99,blue|green|multi/pattern|purple|red/pink|yellow/orange,,1.0,0.0,0.9183673469387755,0.9183673469387755,0.46938775510204084,0.9591836734693877,0.2653061224489796,75.91836734693877,69.79591836734693,True,False,False,False,Not listed,68.29268292682926,0.0277569392348087,False,,Method 1: 0 safe products (< 2); 100% substitute/undercut (≥ 70%) · Method 2: ACR 100% (≥ 50%): cheaper or same-look Staples twins; 0 non-cannibalising products (< 2),0 safe products (< 2); 100% substitute/undercut (≥ 70%),ACR 100% (≥ 50%): cheaper or same-look Staples twins; 0 non-cannibalising products (< 2),0.0,0.0,,Floral/botanical guest/side chair (Colour tone: bold · Form: guest/side · Swivel: not stated · Vibe: floral/botanical)
Furniture > Chairs & Seating > Accent & Waiting Room Chairs :: colour_tone=bold · form_factor=guest/side · swivel=no · vibe=other,Furniture > Chairs & Seating > Accent & Waiting Room Chairs,Furniture > Chairs & Seating,wayfair,4,"{""colour_tone"": ""bold"", ""form_factor"": ""guest/side"", ""swivel"": ""no"", ""vibe"": ""other""}",Guest/side chair,Colour tone: bold · Form: guest/side · Swivel: not stated · Vibe: other (mixed),1,22,False,0.8181818181818182,67.58620689655173,0.6,85.13861083984375,0.5913476533911799,22.0,1.0,0.045454545454545456,1.0,0.045454545454545456,0.9545454545454546,0.0,0.045454545454545456,0.0,0.0,0.0,0.0,0.0,0.9545454545454546,0.0,0.0,0.12244897959183673,0.2755102040816326,4.855783729848518,False,False,0.008620689655172414,0.007389989922741014,-0.528783077343988,0.3687,False,False,0.6131140211765431,-1.0,0.47292293090035786,0.27462190896641403,0.13094083414161006,False,259.99,265.99,green|multi/pattern|red/pink|yellow/orange,2.0,1.0,0.0,0.22448979591836735,0.8571428571428571,0.3979591836734694,0.7755102040816326,0.12244897959183673,40.51020408163266,35.76530612244898,False,False,False,False,Not listed,,,False,,includes a grouped “other (mixed)” value: not a nameable archetype,1 safe products (< 2); 95% substitute/undercut (≥ 70%),share gap not credible (37% < 90%); ACR 100% (≥ 50%): cheaper or same-look Staples twins; 0 non-cannibalising products (< 2),0.0,0.0,,Guest/side chair (Colour tone: bold · Form: guest/side · Swivel: not stated · Vibe: other (mixed))
Furniture > Chairs & Seating > Accent & Waiting Room Chairs :: colour_tone=bold · form_factor=guest/side · swivel=no · vibe=plain,Furniture > Chairs & Seating > Accent & Waiting Room Chairs,Furniture > Chairs & Seating,wayfair,4,"{""colour_tone"": ""bold"", ""form_factor"": ""guest/side"", ""swivel"": ""no"", ""vibe"": ""plain""}",Guest/side chair,Colour tone: bold · Form: guest/side · Swivel: not stated · Vibe: plain,4,54,True,0.9814814814814815,67.58620689655173,0.5,85.27001190185547,0.6499912497812446,54.0,0.0,0.0,1.0,0.0,1.0,0.0,0.0,0.0,0.0,0.0,0.0,0.0,1.0,0.0,0.0,0.40816326530612246,0.15306122448979592,6.2557875913369,False,False,0.034482758620689655,0.01813906617400067,-0.7427099735532738,0.11025,False,False,1.1454364616794959,-1.0,0.0,0.24220862083635564,0.08260588425476884,True,535.99,259.99,beige/cream|green|multi/pattern|purple|red/pink|yellow/orange,1.5,1.0,0.0,0.1836734693877551,0.9795918367346939,0.04081632653061224,0.6326530612244898,0.061224489795918366,33.826530612244895,29.744897959183668,False,False,False,False,Not listed,25.609756097560975,0.021858576206402296,False,,Method 1: 0 safe products (< 2); 100% substitute/undercut (≥ 70%) · Method 2: share gap not credible (11% < 90%); ACR 100% (≥ 50%): cheaper or same-look Staples twins; 0 non-cannibalising products (< 2),0 safe products (< 2); 100% substitute/undercut (≥ 70%),share gap not credible (11% < 90%); ACR 100% (≥ 50%): cheaper or same-look Staples twins; 0 non-cannibalising products (< 2),0.0,0.0,,Guest/side chair (Colour tone: bold · Form: guest/side · Swivel: not stated · Vibe: plain)
Furniture > Chairs & Seating > Accent & Waiting Room Chairs :: colour_tone=bold · form_factor=multi-seat · swivel=no · vibe=luxe,Furniture > Chairs & Seating > Accent & Waiting Room Chairs,Furniture > Chairs & Seating,wayfair,4,"{""colour_tone"": ""bold"", ""form_factor"": ""multi-seat"", ""swivel"": ""no"", ""vibe"": ""luxe""}",Luxe multi-seat chair,Colour tone: bold · Form: multi-seat · Swivel: not stated · Vibe: luxe,0,16,True,0.875,30.729326496002585,0.6666666666666666,83.37710571289062,0.25477232339059486,16.0,1.0,0.0625,1.0,0.0625,0.75,0.0,0.0625,0.0,0.0,0.0,0.0,0.0,0.75,0.1875,0.0,0.16326530612244897,0.40816326530612246,4.449918606329333,False,False,0.0,0.0053745381256298285,0.2596742830202819,0.73975,True,True,0.2936614315896975,-1.0,0.4369734523757528,0.26019521970658954,0.19430973165211768,False,,332.99,blue|green|grey|red/pink|white|yellow/orange,,0.9375,1.0,0.42857142857142855,0.5510204081632653,0.29591836734693877,0.6938775510204082,0.16326530612244897,35.816326530612244,30.459183673469386,True,False,False,False,Not listed,23.170731707317074,0.02167291471415183,False,,Method 1: 1 safe products (< 2); 75% substitute/undercut (≥ 70%) · Method 2: ACR 94% (≥ 50%): cheaper or same-look Staples twins; 1 non-cannibalising products (< 2),1 safe products (< 2); 75% substitute/undercut (≥ 70%),ACR 94% (≥ 50%): cheaper or same-look Staples twins; 1 non-cannibalising products (< 2),0.0,0.0,,Luxe multi-seat chair (Colour tone: bold · Form: multi-seat · Swivel: not stated · Vibe: luxe)
Furniture > Chairs & Seating > Accent & Waiting Room Chairs :: colour_tone=bold · form_factor=multi-seat · swivel=no · vibe=plain,Furniture > Chairs & Seating > Accent & Waiting Room Chairs,Furniture > Chairs & Seating,wayfair,4,"{""colour_tone"": ""bold"", ""form_factor"": ""multi-seat"", ""swivel"": ""no"", ""vibe"": ""plain""}",Multi-seat chair,Colour tone: bold · Form: multi-seat · Swivel: not stated · Vibe: plain,2,16,True,0.9375,35.51724137931035,0.6666666666666666,85.26994323730469,0.3072548296629013,16.0,0.0,0.0,1.0,0.0,0.9375,0.0,0.0,0.0,0.0,0.0,0.0,0.0,0.9375,0.0625,0.0,0.29591836734693877,0.40816326530612246,5.034082417981377,False,False,0.017241379310344827,0.0053745381256298285,-1.3497636294138182,0.06815,False,False,0.34717210170481916,-1.0,0.4369734523757528,0.25367817897993283,0.05156805690268347,False,1824.9899999999998,314.99,brown/wood|green|yellow/orange,1.0,1.0,0.0,0.08163265306122448,0.6326530612244898,0.29591836734693877,0.6530612244897959,0.04081632653061224,28.92857142857143,23.97959183673469,False,False,False,False,Not listed,12.195121951219512,0.020620748299319726,False,,Method 1: 0 safe products (< 2); 94% substitute/undercut (≥ 70%) · Method 2: share gap not credible (7% < 90%); ACR 100% (≥ 50%): cheaper or same-look Staples twins; 0 non-cannibalising products (< 2),0 safe products (< 2); 94% substitute/undercut (≥ 70%),share gap not credible (7% < 90%); ACR 100% (≥ 50%): cheaper or same-look Staples twins; 0 non-cannibalising products (< 2),0.0,0.0,,Multi-seat chair (Colour tone: bold · Form: multi-seat · Swivel: not stated · Vibe: plain)
Furniture > Chairs & Seating > Accent & Waiting Room Chairs :: colour_tone=dark-neutral · form_factor=armchair · swivel=no · vibe=luxe,Furniture > Chairs & Seating > Accent & Waiting Room Chairs,Furniture > Chairs & Seating,wayfair,4,"{""colour_tone"": ""dark-neutral"", ""form_factor"": ""armchair"", ""swivel"": ""no"", ""vibe"": ""luxe""}",Luxe armchair,Colour tone: dark-neutral · Form: armchair · Swivel: not stated · Vibe: luxe,1,18,True,0.8333333333333334,38.87931034482759,0.5,83.24092864990234,1.099777641211246,18.0,7.0,0.3888888888888889,0.8888888888888888,0.4375,0.4444444444444444,0.0,0.16666666666666666,0.2222222222222222,0.0,0.1111111111111111,0.0,0.1111111111111111,0.3333333333333333,0.05555555555555555,0.0,0.14285714285714285,0.15306122448979592,3.6734032763803954,True,False,0.008620689655172414,0.006046355391333557,-0.7245276544700835,0.30215,False,False,0.14625494561338315,-1.0,0.16224845995711584,0.1610992090237962,0.48173294536049144,False,251.19,377.995,green|navy|red/pink|white,1.0,0.6111111111111112,7.0,0.20408163265306123,0.061224489795918366,0.16326530612244897,0.1836734693877551,0.42857142857142855,16.428571428571427,16.93877551020408,False,False,False,True,Not listed,6.097560975609756,0.02010507173166296,False,,"Method 1: passed, outside the top 10 by VOS · Method 2: share gap not credible (30% < 90%); ACR 61% (≥ 50%): cheaper or same-look Staples twins","passed, outside the top 10 by VOS",share gap not credible (30% < 90%); ACR 61% (≥ 50%): cheaper or same-look Staples twins,0.0,0.0,,Luxe armchair (Colour tone: dark-neutral · Form: armchair · Swivel: not stated · Vibe: luxe)
Furniture > Chairs & Seating > Accent & Waiting Room Chairs :: colour_tone=dark-neutral · form_factor=armchair · swivel=no · vibe=plain,Furniture > Chairs & Seating > Accent & Waiting Room Chairs,Furniture > Chairs & Seating,wayfair,4,"{""colour_tone"": ""dark-neutral"", ""form_factor"": ""armchair"", ""swivel"": ""no"", ""vibe"": ""plain""}",Armchair,Colour tone: dark-neutral · Form: armchair · Swivel: not stated · Vibe: plain,2,17,True,0.7647058823529411,41.77259145602843,0.4,83.24092864990234,0.7003774465932526,17.0,2.0,0.11764705882352941,0.8235294117647058,0.14285714285714285,0.7058823529411765,0.0,0.0,0.11764705882352941,0.0,0.17647058823529413,0.0,0.11764705882352941,0.5882352941176471,0.0,0.0,0.07142857142857142,0.08163265306122448,2.9809158226110264,False,False,0.017241379310344827,0.005710446758481693,-1.2909231293908847,0.07255,False,False,0.41395553460319906,-1.0,0.15761846223550846,0.2072267244986993,0.22696411251212417,False,448.94,273.99,grey|navy,1.0,0.9411764705882353,1.0,0.10204081632653061,0.7551020408163265,0.14285714285714285,0.5102040816326531,0.1836734693877551,29.438775510204085,27.193877551020407,False,False,False,False,Not listed,6.097560975609756,0.020113199919142913,False,,Method 1: 71% substitute/undercut (≥ 70%) · Method 2: share gap not credible (7% < 90%); ACR 94% (≥ 50%): cheaper or same-look Staples twins; 1 non-cannibalising products (< 2),71% substitute/undercut (≥ 70%),share gap not credible (7% < 90%); ACR 94% (≥ 50%): cheaper or same-look Staples twins; 1 non-cannibalising products (< 2),0.0,0.0,,Armchair (Colour tone: dark-neutral · Form: armchair · Swivel: not stated · Vibe: plain)
Furniture > Chairs & Seating > Accent & Waiting Room Chairs :: colour_tone=dark-neutral · form_factor=armchair · swivel=no · vibe=statement,Furniture > Chairs & Seating > Accent & Waiting Room Chairs,Furniture > Chairs & Seating,wayfair,4,"{""colour_tone"": ""dark-neutral"", ""form_factor"": ""armchair"", ""swivel"": ""no"", ""vibe"": ""statement""}",Statement armchair,Colour tone: dark-neutral · Form: armchair · Swivel: not stated · Vibe: statement,0,15,True,0.8,36.03448275862069,0.5,83.24092864990234,0.6216691547884415,15.0,4.0,0.26666666666666666,0.8,0.3333333333333333,0.4666666666666667,0.0,0.2,0.06666666666666667,0.0,0.2,0.0,0.06666666666666667,0.4,0.06666666666666667,0.0,0.10204081632653061,0.15306122448979592,3.222553593033556,True,False,0.0,0.0050386294927779645,0.19715392603894802,0.7195,True,True,0.28794203912591165,-1.0,0.147425230882132,0.28651862906044145,0.658260588425477,False,,279.99,black|grey|navy,,0.8666666666666667,2.0,0.3469387755102041,0.5102040816326531,0.12244897959183673,0.8163265306122449,0.7142857142857143,41.07142857142858,35.56122448979592,True,False,False,True,Not listed,26.82926829268293,0.02224666911135558,False,,"Method 1: passed, outside the top 10 by VOS · Method 2: ACR 87% (≥ 50%): cheaper or same-look Staples twins","passed, outside the top 10 by VOS",ACR 87% (≥ 50%): cheaper or same-look Staples twins,0.001,0.0,,Statement armchair (Colour tone: dark-neutral · Form: armchair · Swivel: not stated · Vibe: statement)
Furniture > Chairs & Seating > Accent & Waiting Room Chairs :: colour_tone=dark-neutral · form_factor=guest/side · swivel=no · vibe=other,Furniture > Chairs & Seating > Accent & Waiting Room Chairs,Furniture > Chairs & Seating,wayfair,4,"{""colour_tone"": ""dark-neutral"", ""form_factor"": ""guest/side"", ""swivel"": ""no"", ""vibe"": ""other""}",Guest/side chair,Colour tone: dark-neutral · Form: guest/side · Swivel: not stated · Vibe: other (mixed),18,4,False,0.0,57.782847452152154,0.375,71.50022888183594,0.7955822872789853,4.0,2.0,0.5,1.0,0.5,0.5,0.0,0.5,0.0,0.0,0.0,0.0,0.0,0.5,0.0,0.0,0.01020408163265306,0.04081632653061224,5.3620740677788055,False,False,0.15517241379310345,0.0013436345314074571,-4.650526613754203,0.0,False,False,0.6098079245915043,-1.0,0.0,0.20314337973467003,0.1252828968638862,True,308.53999999999996,239.99,multi/pattern,1.1111111111111112,1.0,0.0,0.0,0.8367346938775511,0.04081632653061224,0.4489795918367347,0.10204081632653061,25.612244897959187,23.77551020408163,False,False,False,False,Not listed,,,False,,includes a grouped “other (mixed)” value: not a nameable archetype,"passed, outside the top 10 by VOS",share gap not credible (0% < 90%); ACR 100% (≥ 50%): cheaper or same-look Staples twins; 0 non-cannibalising products (< 2),0.0,0.0,,Guest/side chair (Colour tone: dark-neutral · Form: guest/side · Swivel: not stated · Vibe: other (mixed))
Furniture > Chairs & Seating > Accent & Waiting Room Chairs :: colour_tone=dark-neutral · form_factor=guest/side · swivel=no · vibe=plain,Furniture > Chairs & Seating > Accent & Waiting Room Chairs,Furniture > Chairs & Seating,wayfair,4,"{""colour_tone"": ""dark-neutral"", ""form_factor"": ""guest/side"", ""swivel"": ""no"", ""vibe"": ""plain""}",Guest/side chair,Colour tone: dark-neutral · Form: guest/side · Swivel: not stated · Vibe: plain,13,7,True,0.0,67.58620689655173,0.4,85.27001190185547,0.6499912497812446,7.0,0.0,0.0,1.0,0.0,1.0,0.0,0.0,0.0,0.0,0.0,0.0,0.14285714285714285,0.8571428571428571,0.0,0.0,0.01020408163265306,0.08163265306122448,3.3548817720084356,False,False,0.11206896551724138,0.0023513604299630502,-3.8246199433483175,0.0,False,False,0.35688565094179464,-1.0,0.0,0.14228094597495136,0.04849660523763337,True,270.09,259.99,,1.0,0.8571428571428571,1.0,0.02040816326530612,0.673469387755102,0.04081632653061224,0.10204081632653061,0.02040816326530612,16.27551020408163,18.418367346938773,False,False,False,False,Not listed,3.6585365853658534,0.019904931669637554,False,,Method 1: 0 safe products (< 2); 100% substitute/undercut (≥ 70%) · Method 2: share gap not credible (0% < 90%); ACR 86% (≥ 50%): cheaper or same-look Staples twins; 1 non-cannibalising products (< 2),0 safe products (< 2); 100% substitute/undercut (≥ 70%),share gap not credible (0% < 90%); ACR 86% (≥ 50%): cheaper or same-look Staples twins; 1 non-cannibalising products (< 2),0.0,0.0,,Guest/side chair (Colour tone: dark-neutral · Form: guest/side · Swivel: not stated · Vibe: plain)
Furniture > Chairs & Seating > Accent & Waiting Room Chairs :: colour_tone=light-neutral · form_factor=armchair · swivel=no · vibe=curved/organic,Furniture > Chairs & Seating > Accent & Waiting Room Chairs,Furniture > Chairs & Seating,wayfair,4,"{""colour_tone"": ""light-neutral"", ""form_factor"": ""armchair"", ""swivel"": ""no"", ""vibe"": ""curved/organic""}",Curved/organic armchair,Colour tone: light-neutral · Form: armchair · Swivel: not stated · Vibe: curved/organic,1,17,True,0.9411764705882353,39.13793103448276,0.6666666666666667,83.74380493164062,0.6946523021424915,17.0,4.0,0.23529411764705882,0.8823529411764706,0.26666666666666666,0.5882352941176471,0.0,0.11764705882352941,0.11764705882352941,0.0,0.11764705882352941,0.0,0.0,0.5882352941176471,0.058823529411764705,0.0,0.32653061224489793,0.5204081632653061,6.4123310765072485,True,False,0.008620689655172414,0.005710446758481693,-0.7800975056248941,0.28455,False,False,0.2225481018208074,-1.0,0.5887005131724385,0.20670369921675558,0.8069835111542193,False,122.99,364.99,beige/cream,1.0,0.8235294117647058,3.0,0.16326530612244897,0.3673469387755102,0.6632653061224489,0.4897959183673469,0.8163265306122449,39.74489795918367,41.632653061224495,False,False,False,True,Not listed,40.243902439024396,0.023431077007399288,False,,"Method 1: passed, outside the top 10 by VOS · Method 2: share gap not credible (28% < 90%); ACR 82% (≥ 50%): cheaper or same-look Staples twins","passed, outside the top 10 by VOS",share gap not credible (28% < 90%); ACR 82% (≥ 50%): cheaper or same-look Staples twins,0.0,0.0,,Curved/organic armchair (Colour tone: light-neutral · Form: armchair · Swivel: not stated · Vibe: curved/organic)
Furniture > Chairs & Seating > Accent & Waiting Room Chairs :: colour_tone=light-neutral · form_factor=armchair · swivel=no · vibe=luxe,Furniture > Chairs & Seating > Accent & Waiting Room Chairs,Furniture > Chairs & Seating,wayfair,4,"{""colour_tone"": ""light-neutral"", ""form_factor"": ""armchair"", ""swivel"": ""no"", ""vibe"": ""luxe""}",Luxe armchair,Colour tone: light-neutral · Form: armchair · Swivel: not stated · Vibe: luxe,0,51,True,0.9215686274509803,35.51724137931035,0.75,83.24092864990234,0.7536414585017608,51.0,14.0,0.27450980392156865,0.8235294117647058,0.3333333333333333,0.5098039215686274,0.0,0.19607843137254902,0.0784313725490196,0.0,0.17647058823529413,0.0,0.0,0.5098039215686274,0.0392156862745098,0.0,0.24489795918367346,0.6938775510204082,6.53981186090264,True,False,0.0,0.01713134027544508,1.3978957097834375,0.95145,True,True,0.1516290543570163,-1.0,0.7087251037170252,0.18888243621772977,0.8102166181700615,False,,329.99,beige/cream|brown/wood|grey|navy|white|yellow/orange,,0.7058823529411765,15.0,0.9795918367346939,0.10204081632653061,0.9387755102040817,0.40816326530612246,0.8367346938775511,69.08163265306122,72.34693877551021,True,False,False,True,Not listed,62.19512195121951,0.02674825174825175,False,,"Method 1: passed, outside the top 10 by VOS · Method 2: ACR 71% (≥ 50%): cheaper or same-look Staples twins","passed, outside the top 10 by VOS",ACR 71% (≥ 50%): cheaper or same-look Staples twins,0.906,0.0,,Luxe armchair (Colour tone: light-neutral · Form: armchair · Swivel: not stated · Vibe: luxe)
Furniture > Chairs & Seating > Accent & Waiting Room Chairs :: colour_tone=light-neutral · form_factor=armchair · swivel=no · vibe=natural/woven,Furniture > Chairs & Seating > Accent & Waiting Room Chairs,Furniture > Chairs & Seating,wayfair,4,"{""colour_tone"": ""light-neutral"", ""form_factor"": ""armchair"", ""swivel"": ""no"", ""vibe"": ""natural/woven""}",Natural/woven armchair,Colour tone: light-neutral · Form: armchair · Swivel: not stated · Vibe: natural/woven,0,28,True,0.8928571428571429,38.62068965517241,0.75,82.33816528320312,0.87308542524532,28.0,12.0,0.42857142857142855,0.8928571428571429,0.48,0.42857142857142855,0.0,0.25,0.17857142857142858,0.0,0.10714285714285714,0.0,0.0,0.42857142857142855,0.03571428571428571,0.0,0.1836734693877551,0.6938775510204082,6.569929073153879,True,False,0.0,0.009405441719852201,0.806217989388352,0.85635,True,True,0.24372262787683344,-1.0,0.6506031267757754,0.30281273262541014,0.7141933397995475,False,,322.49,beige/cream|blue|white,,0.7857142857142857,6.0,0.8571428571428571,0.3877551020408163,0.8775510204081632,0.8367346938775511,0.7551020408163265,59.795918367346935,57.3469387755102,True,False,False,True,Not listed,59.756097560975604,0.026200135226504394,False,,"Method 1: passed, outside the top 10 by VOS · Method 2: ACR 79% (≥ 50%): cheaper or same-look Staples twins","passed, outside the top 10 by VOS",ACR 79% (≥ 50%): cheaper or same-look Staples twins,0.708,0.0,,Natural/woven armchair (Colour tone: light-neutral · Form: armchair · Swivel: not stated · Vibe: natural/woven)
Furniture > Chairs & Seating > Accent & Waiting Room Chairs :: colour_tone=light-neutral · form_factor=armchair · swivel=no · vibe=other,Furniture > Chairs & Seating > Accent & Waiting Room Chairs,Furniture > Chairs & Seating,wayfair,4,"{""colour_tone"": ""light-neutral"", ""form_factor"": ""armchair"", ""swivel"": ""no"", ""vibe"": ""other""}",Armchair,Colour tone: light-neutral · Form: armchair · Swivel: not stated · Vibe: other (mixed),0,16,False,0.9375,30.614148429298233,0.75,83.24092864990234,1.2948799231525818,16.0,8.0,0.5,0.9375,0.5333333333333333,0.375,0.0,0.25,0.1875,0.0625,0.0625,0.0,0.0,0.375,0.0625,0.0,0.29591836734693877,0.6938775510204082,6.678072604470068,False,False,0.0,0.0053745381256298285,0.2596742830202819,0.73825,True,True,0.15723548495723208,1.0,0.580394948968673,0.260945028322155,0.9031684448755254,False,,404.99,beige/cream|navy|white,,0.75,4.0,0.42857142857142855,0.12244897959183673,0.6224489795918368,0.7142857142857143,1.0,44.99999999999999,43.01020408163265,True,False,False,False,Not listed,,,False,,includes a grouped “other (mixed)” value: not a nameable archetype,"passed, outside the top 10 by VOS",ACR 75% (≥ 50%): cheaper or same-look Staples twins,0.0,0.0,,Armchair (Colour tone: light-neutral · Form: armchair · Swivel: not stated · Vibe: other (mixed))
Furniture > Chairs & Seating > Accent & Waiting Room Chairs :: colour_tone=light-neutral · form_factor=armchair · swivel=no · vibe=plain,Furniture > Chairs & Seating > Accent & Waiting Room Chairs,Furniture > Chairs & Seating,wayfair,4,"{""colour_tone"": ""light-neutral"", ""form_factor"": ""armchair"", ""swivel"": ""no"", ""vibe"": ""plain""}",Armchair,Colour tone: light-neutral · Form: armchair · Swivel: not stated · Vibe: plain,1,25,True,0.96,39.13793103448276,0.6666666666666666,83.74380493164062,0.5754943202839173,25.0,5.0,0.2,0.8,0.25,0.56,0.0,0.16,0.0,0.04,0.2,0.0,0.0,0.56,0.04,0.0,0.3469387755102041,0.40816326530612246,6.105453924706586,True,False,0.008620689655172414,0.008397715821296607,-0.40361993438998206,0.4177,False,False,0.2719312094746017,-1.0,0.6376050648134646,0.2545712091682759,0.6314258001939864,False,222.49,355.99,beige/cream|blue|brown/wood|green,1.0,0.72,7.0,0.24489795918367346,0.4489795918367347,0.8367346938775511,0.673469387755102,0.6326530612244898,45.40816326530612,44.89795918367347,False,False,False,True,Not listed,40.24390243902439,0.02357320099255583,False,,"Method 1: passed, outside the top 10 by VOS · Method 2: share gap not credible (42% < 90%); ACR 72% (≥ 50%): cheaper or same-look Staples twins","passed, outside the top 10 by VOS",share gap not credible (42% < 90%); ACR 72% (≥ 50%): cheaper or same-look Staples twins,0.003,0.0,,Armchair (Colour tone: light-neutral · Form: armchair · Swivel: not stated · Vibe: plain)
Furniture > Chairs & Seating > Accent & Waiting Room Chairs :: colour_tone=light-neutral · form_factor=armchair · swivel=no · vibe=statement,Furniture > Chairs & Seating > Accent & Waiting Room Chairs,Furniture > Chairs & Seating,wayfair,4,"{""colour_tone"": ""light-neutral"", ""form_factor"": ""armchair"", ""swivel"": ""no"", ""vibe"": ""statement""}",Statement armchair,Colour tone: light-neutral · Form: armchair · Swivel: not stated · Vibe: statement,0,26,True,0.9230769230769231,30.614148429298233,0.7208333333333334,82.33816528320312,0.7586434223658922,26.0,6.0,0.23076923076923078,0.7692307692307693,0.3,0.46153846153846156,0.0,0.07692307692307693,0.15384615384615385,0.0,0.23076923076923078,0.0,0.07692307692307693,0.38461538461538464,0.07692307692307693,0.0,0.2653061224489796,0.5714285714285714,6.25383213173962,True,False,0.0,0.008733624454148471,0.7334586351059234,0.84525,True,True,0.21338600959884071,-1.0,0.6421760087595337,0.21751409771286367,0.8359198189460071,False,,377.49,beige/cream|blue|brown/wood|grey|white,,0.6923076923076923,8.0,0.8163265306122449,0.32653061224489793,0.8571428571428571,0.5510204081632653,0.8775510204081632,55.10204081632652,57.14285714285714,True,False,False,True,Not listed,47.5609756097561,0.024568195354377605,False,,"Method 1: passed, outside the top 10 by VOS · Method 2: ACR 69% (≥ 50%): cheaper or same-look Staples twins","passed, outside the top 10 by VOS",ACR 69% (≥ 50%): cheaper or same-look Staples twins,0.158,0.0,,Statement armchair (Colour tone: light-neutral · Form: armchair · Swivel: not stated · Vibe: statement)
Furniture > Chairs & Seating > Accent & Waiting Room Chairs :: colour_tone=light-neutral · form_factor=armchair · swivel=no · vibe=textured,Furniture > Chairs & Seating > Accent & Waiting Room Chairs,Furniture > Chairs & Seating,wayfair,4,"{""colour_tone"": ""light-neutral"", ""form_factor"": ""armchair"", ""swivel"": ""no"", ""vibe"": ""textured""}",Textured armchair,Colour tone: light-neutral · Form: armchair · Swivel: not stated · Vibe: textured,0,21,True,0.9047619047619048,30.614148429298233,0.6666666666666667,83.24092864990234,0.753627755929788,21.0,5.0,0.23809523809523808,0.7619047619047619,0.3125,0.42857142857142855,0.0,0.19047619047619047,0.047619047619047616,0.0,0.23809523809523808,0.0,0.047619047619047616,0.38095238095238093,0.09523809523809523,0.0,0.20408163265306123,0.5204081632653061,5.258681867676083,True,False,0.0,0.00705408128988915,0.5243668372473641,0.7989,True,True,0.19850019972250313,-1.0,0.6163687182327495,0.18147183744840714,0.8376980278047204,False,,329.99,beige/cream|white,,0.7142857142857143,6.0,0.6938775510204082,0.24489795918367346,0.7959183673469388,0.32653061224489793,0.8979591836734694,47.3469387755102,52.142857142857146,True,False,False,True,Not listed,39.02439024390244,0.023513328776486674,False,,"Method 1: passed, outside the top 10 by VOS · Method 2: ACR 71% (≥ 50%): cheaper or same-look Staples twins","passed, outside the top 10 by VOS",ACR 71% (≥ 50%): cheaper or same-look Staples twins,0.0,0.0,,Textured armchair (Colour tone: light-neutral · Form: armchair · Swivel: not stated · Vibe: textured)
Furniture > Chairs & Seating > Accent & Waiting Room Chairs :: colour_tone=light-neutral · form_factor=barrel · swivel=yes · vibe=curved/organic,Furniture > Chairs & Seating > Accent & Waiting Room Chairs,Furniture > Chairs & Seating,wayfair,4,"{""colour_tone"": ""light-neutral"", ""form_factor"": ""barrel"", ""swivel"": ""yes"", ""vibe"": ""curved/organic""}",Curved/organic barrel chair,Colour tone: light-neutral · Form: barrel · Swivel: yes · Vibe: curved/organic,0,38,True,1.0,20.258620689655174,0.6,43.474334716796875,0.6425332901890934,38.0,0.0,0.0,0.5,0.0,0.0,0.0,0.0,0.0,0.0,0.5,0.0,0.0,0.0,0.5,0.0,0.7142857142857143,0.2755102040816326,25.497709272144384,False,False,0.0,0.012764528048370843,1.1069721434074855,0.9164,True,True,0.20426493121617598,1.0,0.682420608330568,0.18872391997979054,0.8700290979631427,False,,469.99,beige/cream|white,,0.0,38.0,0.9387755102040817,0.2653061224489796,0.9183673469387755,0.3877551020408163,0.9183673469387755,71.53061224489797,76.22448979591837,True,True,True,True,Gap-led,96.34146341463415,0.03200204813108039,True,6.0,,0 safe products (< 2),,0.993,1.0,0.15512465373961215,Curved/organic barrel chair (Colour tone: light-neutral · Form: barrel · Swivel: yes · Vibe: curved/organic)
Furniture > Chairs & Seating > Accent & Waiting Room Chairs :: colour_tone=light-neutral · form_factor=barrel · swivel=yes · vibe=luxe,Furniture > Chairs & Seating > Accent & Waiting Room Chairs,Furniture > Chairs & Seating,wayfair,4,"{""colour_tone"": ""light-neutral"", ""form_factor"": ""barrel"", ""swivel"": ""yes"", ""vibe"": ""luxe""}",Luxe barrel chair,Colour tone: light-neutral · Form: barrel · Swivel: yes · Vibe: luxe,0,21,True,1.0,20.51724137931035,0.6875,42.979698181152344,0.7162456266012838,21.0,0.0,0.0,0.38095238095238093,0.0,0.0,0.0,0.0,0.0,0.0,0.6190476190476191,0.0,0.0,0.0,0.38095238095238093,0.0,0.7142857142857143,0.5510204081632653,29.692489539326953,False,False,0.0,0.00705408128988915,0.5243668372473641,0.8004,True,True,0.20851482623126735,1.0,0.6163687182327495,0.17135109121527653,0.8742321370837375,False,,409.99,beige/cream|brown/wood|grey|white,,0.0,21.0,0.6938775510204082,0.30612244897959184,0.7959183673469388,0.22448979591836735,0.9387755102040817,47.65306122448979,54.489795918367356,True,True,True,True,Gap-led,81.70731707317074,0.029551337359792925,True,7.0,,0 safe products (< 2),,0.0,1.0,0.12471655328798184,Luxe barrel chair (Colour tone: light-neutral · Form: barrel · Swivel: yes · Vibe: luxe)
Furniture > Chairs & Seating > Accent & Waiting Room Chairs :: colour_tone=light-neutral · form_factor=guest/side · swivel=no · vibe=floral/botanical,Furniture > Chairs & Seating > Accent & Waiting Room Chairs,Furniture > Chairs & Seating,wayfair,4,"{""colour_tone"": ""light-neutral"", ""form_factor"": ""guest/side"", ""swivel"": ""no"", ""vibe"": ""floral/botanical""}",Floral/botanical guest/side chair,Colour tone: light-neutral · Form: guest/side · Swivel: not stated · Vibe: floral/botanical,0,16,True,1.0,67.58620689655173,0.8,85.27001190185547,0.6499912497812446,16.0,0.0,0.0,1.0,0.0,1.0,0.0,0.0,0.0,0.0,0.0,0.0,0.0,1.0,0.0,0.0,0.7142857142857143,0.8979591836734694,11.028003123133724,False,False,0.0,0.0053745381256298285,0.2596742830202819,0.73785,True,True,0.6818603938781693,-1.0,0.580394948968673,0.5922241312201162,0.534755900420304,False,,259.99,beige/cream|white,,0.9375,1.0,0.42857142857142855,0.9387755102040817,0.6224489795918368,0.9795918367346939,0.4897959183673469,57.6530612244898,53.214285714285715,True,False,False,False,Not listed,76.21951219512195,0.02827172827172827,False,,Method 1: 0 safe products (< 2); 100% substitute/undercut (≥ 70%) · Method 2: ACR 94% (≥ 50%): cheaper or same-look Staples twins; 1 non-cannibalising products (< 2),0 safe products (< 2); 100% substitute/undercut (≥ 70%),ACR 94% (≥ 50%): cheaper or same-look Staples twins; 1 non-cannibalising products (< 2),0.0,0.0,,Floral/botanical guest/side chair (Colour tone: light-neutral · Form: guest/side · Swivel: not stated · Vibe: floral/botanical)
Furniture > Chairs & Seating > Accent & Waiting Room Chairs :: colour_tone=light-neutral · form_factor=guest/side · swivel=no · vibe=plain,Furniture > Chairs & Seating > Accent & Waiting Room Chairs,Furniture > Chairs & Seating,wayfair,4,"{""colour_tone"": ""light-neutral"", ""form_factor"": ""guest/side"", ""swivel"": ""no"", ""vibe"": ""plain""}",Guest/side chair,Colour tone: light-neutral · Form: guest/side · Swivel: not stated · Vibe: plain,1,31,True,1.0,67.58620689655173,0.75,85.27001190185547,0.6499912497812446,31.0,4.0,0.12903225806451613,1.0,0.12903225806451613,0.8709677419354839,0.0,0.12903225806451613,0.0,0.0,0.0,0.0,0.0,0.8709677419354839,0.0,0.0,0.7142857142857143,0.6938775510204082,10.276473118126349,False,False,0.008620689655172414,0.010413167618407793,-0.19231084072277516,0.5151,False,False,0.5491569305908567,-1.0,0.661727853144526,0.39289916984498446,0.2541222114451988,False,127.99,259.99,beige/cream|brown/wood|grey|multi/pattern|white,1.0,1.0,0.0,0.2653061224489796,0.8163265306122449,0.8979591836734694,0.8571428571428571,0.24489795918367346,50.96938775510205,47.90816326530612,False,False,False,False,Not listed,65.2439024390244,0.026578366445916116,False,,Method 1: 87% substitute/undercut (≥ 70%) · Method 2: share gap not credible (52% < 90%); ACR 100% (≥ 50%): cheaper or same-look Staples twins; 0 non-cannibalising products (< 2),87% substitute/undercut (≥ 70%),share gap not credible (52% < 90%); ACR 100% (≥ 50%): cheaper or same-look Staples twins; 0 non-cannibalising products (< 2),0.0,0.0,,Guest/side chair (Colour tone: light-neutral · Form: guest/side · Swivel: not stated · Vibe: plain)
Furniture > Chairs & Seating > Accent & Waiting Room Chairs :: colour_tone=light-neutral · form_factor=lounge/club · swivel=no · vibe=luxe,Furniture > Chairs & Seating > Accent & Waiting Room Chairs,Furniture > Chairs & Seating,wayfair,4,"{""colour_tone"": ""light-neutral"", ""form_factor"": ""lounge/club"", ""swivel"": ""no"", ""vibe"": ""luxe""}",Luxe lounge/club chair,Colour tone: light-neutral · Form: lounge/club · Swivel: not stated · Vibe: luxe,0,19,True,1.0,15.61414842929823,0.5599999999999999,83.53584289550781,0.839282844336506,19.0,6.0,0.3157894736842105,1.0,0.3157894736842105,0.15789473684210525,0.0,0.05263157894736842,0.2631578947368421,0.0,0.0,0.0,0.0,0.15789473684210525,0.5263157894736842,0.0,0.7142857142857143,0.21428571428571427,6.945280292563045,True,False,0.0,0.006382264024185421,0.4267283676834481,0.7753,True,True,0.38312681470765614,1.0,0.6035193161423216,0.26809048142616,0.8897510507597802,False,,519.0,beige/cream|brown/wood|white,,0.6842105263157895,6.0,0.6020408163265306,0.6938775510204082,0.7142857142857143,0.7551020408163265,0.9795918367346939,61.147959183673464,61.76020408163265,True,False,False,True,Not listed,64.63414634146342,0.026830135039090264,False,,"Method 1: passed, outside the top 10 by VOS · Method 2: ACR 68% (≥ 50%): cheaper or same-look Staples twins","passed, outside the top 10 by VOS",ACR 68% (≥ 50%): cheaper or same-look Staples twins,0.916,0.0,,Luxe lounge/club chair (Colour tone: light-neutral · Form: lounge/club · Swivel: not stated · Vibe: luxe)
Furniture > Chairs & Seating > Accent & Waiting Room Chairs :: colour_tone=light-neutral · form_factor=multi-seat · swivel=no · vibe=luxe,Furniture > Chairs & Seating > Accent & Waiting Room Chairs,Furniture > Chairs & Seating,wayfair,4,"{""colour_tone"": ""light-neutral"", ""form_factor"": ""multi-seat"", ""swivel"": ""no"", ""vibe"": ""luxe""}",Luxe multi-seat chair,Colour tone: light-neutral · Form: multi-seat · Swivel: not stated · Vibe: luxe,0,15,True,1.0,21.303803601712023,0.6666666666666666,85.26994323730469,0.3173108079419882,15.0,0.0,0.0,1.0,0.0,0.7333333333333333,0.0,0.0,0.0,0.0,0.0,0.0,0.0,0.7333333333333333,0.26666666666666666,0.0,0.7142857142857143,0.40816326530612246,7.179146827840077,False,False,0.0,0.0050386294927779645,0.19715392603894802,0.7194,True,True,0.3922345773646894,-1.0,0.5713844798404852,0.17647325417252666,0.4891690914969285,False,,309.99,beige/cream|clear|white,,0.9333333333333333,1.0,0.3469387755102041,0.7142857142857143,0.5612244897959183,0.24489795918367346,0.4489795918367347,39.183673469387756,44.13265306122449,True,False,False,False,Not listed,43.90243902439025,0.02381289865343728,False,,Method 1: 0 safe products (< 2); 73% substitute/undercut (≥ 70%) · Method 2: ACR 93% (≥ 50%): cheaper or same-look Staples twins; 1 non-cannibalising products (< 2),0 safe products (< 2); 73% substitute/undercut (≥ 70%),ACR 93% (≥ 50%): cheaper or same-look Staples twins; 1 non-cannibalising products (< 2),0.0,0.0,,Luxe multi-seat chair (Colour tone: light-neutral · Form: multi-seat · Swivel: not stated · Vibe: luxe)
Furniture > Chairs & Seating > Accent & Waiting Room Chairs :: colour_tone=light-neutral · form_factor=multi-seat · swivel=no · vibe=plain,Furniture > Chairs & Seating > Accent & Waiting Room Chairs,Furniture > Chairs & Seating,wayfair,4,"{""colour_tone"": ""light-neutral"", ""form_factor"": ""multi-seat"", ""swivel"": ""no"", ""vibe"": ""plain""}",Multi-seat chair,Colour tone: light-neutral · Form: multi-seat · Swivel: not stated · Vibe: plain,0,21,True,1.0,35.51724137931035,0.6666666666666666,85.26994323730469,0.2960815204639158,21.0,0.0,0.0,1.0,0.0,0.9047619047619048,0.0,0.0,0.0,0.0,0.0,0.0,0.0,0.9047619047619048,0.09523809523809523,0.0,0.7142857142857143,0.40816326530612246,7.80724106361126,False,False,0.0,0.00705408128988915,0.5243668372473641,0.79735,True,True,0.46823407514023097,-1.0,0.6163687182327495,0.4684080413747206,0.2505657937277724,False,,264.99,beige/cream|black|grey|white,,0.9047619047619048,2.0,0.6938775510204082,0.7755102040816326,0.7959183673469388,0.9387755102040817,0.22448979591836735,57.04081632653061,51.93877551020408,True,False,False,False,Not listed,62.19512195121951,0.026279628993473032,False,,Method 1: 0 safe products (< 2); 90% substitute/undercut (≥ 70%) · Method 2: ACR 90% (≥ 50%): cheaper or same-look Staples twins,0 safe products (< 2); 90% substitute/undercut (≥ 70%),ACR 90% (≥ 50%): cheaper or same-look Staples twins,0.0,0.0,,Multi-seat chair (Colour tone: light-neutral · Form: multi-seat · Swivel: not stated · Vibe: plain)
Furniture > Chairs & Seating > Accent & Waiting Room Chairs :: colour_tone=light-neutral · form_factor=other · swivel=no · vibe=luxe,Furniture > Chairs & Seating > Accent & Waiting Room Chairs,Furniture > Chairs & Seating,wayfair,4,"{""colour_tone"": ""light-neutral"", ""form_factor"": ""other"", ""swivel"": ""no"", ""vibe"": ""luxe""}",Luxe chair,Colour tone: light-neutral · Form: other (mixed) · Swivel: not stated · Vibe: luxe,1,15,False,1.0,20.51724137931035,0.5599999999999999,60.23394012451172,0.6815266339276046,15.0,0.0,0.0,0.5333333333333333,0.0,0.13333333333333333,0.0,0.0,0.0,0.0,0.4666666666666667,0.0,0.0,0.13333333333333333,0.4,0.0,0.7142857142857143,0.21428571428571427,17.35994200081661,False,False,0.008620689655172414,0.0050386294927779645,-0.9014583626291616,0.24755,False,False,0.17001479971265804,-1.0,0.5713844798404852,0.15598075623291327,0.6983511154219205,False,474.59000000000003,359.99,white,2.0,0.13333333333333333,13.0,0.1326530612244898,0.20408163265306123,0.5612244897959183,0.14285714285714285,0.7346938775510204,27.98469387755102,33.34183673469388,False,False,False,False,Not listed,,,False,,includes a grouped “other (mixed)” value: not a nameable archetype,0 safe products (< 2),share gap not credible (25% < 90%),0.0,0.0,,Luxe chair (Colour tone: light-neutral · Form: other (mixed) · Swivel: not stated · Vibe: luxe)
Furniture > Chairs & Seating > Accent & Waiting Room Chairs :: colour_tone=light-neutral · form_factor=other · swivel=no · vibe=plain,Furniture > Chairs & Seating > Accent & Waiting Room Chairs,Furniture > Chairs & Seating,wayfair,4,"{""colour_tone"": ""light-neutral"", ""form_factor"": ""other"", ""swivel"": ""no"", ""vibe"": ""plain""}",Chair,Colour tone: light-neutral · Form: other (mixed) · Swivel: not stated · Vibe: plain,0,17,False,0.7647058823529411,25.689655172413794,0.75,68.13706970214844,0.5533829346778988,17.0,1.0,0.058823529411764705,0.5294117647058824,0.1111111111111111,0.23529411764705882,0.0,0.0,0.058823529411764705,0.0,0.47058823529411764,0.0,0.058823529411764705,0.17647058823529413,0.23529411764705882,0.0,0.07142857142857142,0.6938775510204082,9.007051703971847,False,False,0.0,0.005710446758481693,0.3185147830432154,0.747,True,True,0.16754939011846864,-1.0,0.5887005131724385,0.11713940028076732,0.4804397025541545,False,,365.99,beige/cream|white,,0.17647058823529413,14.0,0.5102040816326531,0.1836734693877551,0.6632653061224489,0.04081632653061224,0.40816326530612246,29.28571428571428,34.94897959183674,True,False,False,False,Not listed,,,False,,includes a grouped “other (mixed)” value: not a nameable archetype,1 safe products (< 2),"passed, outside the top 10 by TG",0.0,0.0,,Chair (Colour tone: light-neutral · Form: other (mixed) · Swivel: not stated · Vibe: plain)
Furniture > Chairs & Seating > Accent & Waiting Room Chairs :: colour_tone=mid-neutral · form_factor=armchair · swivel=no · vibe=luxe,Furniture > Chairs & Seating > Accent & Waiting Room Chairs,Furniture > Chairs & Seating,wayfair,4,"{""colour_tone"": ""mid-neutral"", ""form_factor"": ""armchair"", ""swivel"": ""no"", ""vibe"": ""luxe""}",Luxe armchair,Colour tone: mid-neutral · Form: armchair · Swivel: not stated · Vibe: luxe,0,20,True,1.0,33.32431559395946,0.75,78.7684555053711,1.008847930778121,20.0,4.0,0.2,0.85,0.23529411764705882,0.55,0.0,0.05,0.15,0.0,0.15,0.0,0.1,0.45,0.1,0.0,0.7142857142857143,0.6938775510204082,12.630028108567824,True,True,0.0,0.006718172657037286,0.4767387882581095,0.7864,True,True,0.1339807561953037,-1.0,0.4124547253954477,0.20492834497942308,0.6338506304558682,False,,364.995,grey,,0.5,10.0,0.6530612244897959,0.02040816326530612,0.2653061224489796,0.46938775510204084,0.673469387755102,32.95918367346938,30.714285714285715,True,False,False,True,Vector-led,51.21951219512195,0.025245441795231416,False,,passed a method gate but outside the node's top 10,,ACR 50% (≥ 50%): cheaper or same-look Staples twins,0.0,0.0,,Luxe armchair (Colour tone: mid-neutral · Form: armchair · Swivel: not stated · Vibe: luxe)
Furniture > Chairs & Seating > Accent & Waiting Room Chairs :: colour_tone=mid-neutral · form_factor=armchair · swivel=no · vibe=natural/woven,Furniture > Chairs & Seating > Accent & Waiting Room Chairs,Furniture > Chairs & Seating,wayfair,4,"{""colour_tone"": ""mid-neutral"", ""form_factor"": ""armchair"", ""swivel"": ""no"", ""vibe"": ""natural/woven""}",Natural/woven armchair,Colour tone: mid-neutral · Form: armchair · Swivel: not stated · Vibe: natural/woven,0,16,True,1.0,30.614148429298233,0.75,83.04098510742188,1.0059475691741409,16.0,4.0,0.25,0.875,0.2857142857142857,0.5625,0.0,0.125,0.125,0.0,0.125,0.0,0.1875,0.375,0.0625,0.0,0.7142857142857143,0.6938775510204082,9.95053925751064,True,True,0.0,0.0053745381256298285,0.2596742830202819,0.7311,True,True,0.3289217096175503,1.0,0.38822158850081834,0.12370915295529679,0.6096023278370515,False,,454.995,brown/wood|grey,,0.375,10.0,0.42857142857142855,0.5918367346938775,0.20408163265306123,0.061224489795918366,0.5918367346938775,32.19387755102041,38.21428571428571,True,True,True,True,Strong,36.585365853658544,0.02318454363757495,True,5.0,,,,0.0,0.0,0.375,Natural/woven armchair (Colour tone: mid-neutral · Form: armchair · Swivel: not stated · Vibe: natural/woven)
Furniture > Chairs & Seating > Accent & Waiting Room Chairs :: colour_tone=mid-neutral · form_factor=armchair · swivel=no · vibe=plain,Furniture > Chairs & Seating > Accent & Waiting Room Chairs,Furniture > Chairs & Seating,wayfair,4,"{""colour_tone"": ""mid-neutral"", ""form_factor"": ""armchair"", ""swivel"": ""no"", ""vibe"": ""plain""}",Armchair,Colour tone: mid-neutral · Form: armchair · Swivel: not stated · Vibe: plain,0,28,True,1.0,38.62068965517241,0.75,70.4707145690918,0.7778748153762469,28.0,6.0,0.21428571428571427,0.5,0.42857142857142855,0.2857142857142857,0.0,0.14285714285714285,0.07142857142857142,0.0,0.5,0.0,0.03571428571428571,0.25,0.0,0.0,0.7142857142857143,0.6938775510204082,18.035307201006983,True,True,0.0,0.009405441719852201,0.806217989388352,0.8605,True,True,0.19670348126984702,-1.0,0.44602572112614136,0.19180257480359042,0.4248302618816683,False,,341.99,beige/cream|black|brown/wood|green|grey|red/pink|white|yellow/orange,,0.5714285714285714,12.0,0.8571428571428571,0.22448979591836735,0.3469387755102041,0.42857142857142855,0.3469387755102041,36.3265306122449,34.48979591836734,True,False,False,True,Vector-led,63.41463414634146,0.026878868258178604,True,10.0,,,ACR 57% (≥ 50%): cheaper or same-look Staples twins,0.0,0.923,0.2777777777777778,Armchair (Colour tone: mid-neutral · Form: armchair · Swivel: not stated · Vibe: plain)
Furniture > Chairs & Seating > Accent & Waiting Room Chairs :: colour_tone=mid-neutral · form_factor=armchair · swivel=no · vibe=statement,Furniture > Chairs & Seating > Accent & Waiting Room Chairs,Furniture > Chairs & Seating,wayfair,4,"{""colour_tone"": ""mid-neutral"", ""form_factor"": ""armchair"", ""swivel"": ""no"", ""vibe"": ""statement""}",Statement armchair,Colour tone: mid-neutral · Form: armchair · Swivel: not stated · Vibe: statement,0,19,True,1.0,30.614148429298233,0.8,75.24092102050781,0.7125200400115103,19.0,3.0,0.15789473684210525,0.7368421052631579,0.21428571428571427,0.5789473684210527,0.0,0.15789473684210525,0.0,0.0,0.2631578947368421,0.0,0.05263157894736842,0.5263157894736842,0.0,0.0,0.7142857142857143,0.8979591836734694,15.790370330050964,True,True,0.0,0.006382264024185421,0.4267283676834481,0.77875,True,True,0.15050183258710778,1.0,0.40701052180625397,0.17950657743076515,0.8849013902360169,False,,449.99,grey,,0.42105263157894735,11.0,0.6020408163265306,0.08163265306122448,0.24489795918367346,0.2857142857142857,0.9591836734693877,34.515306122448976,36.65816326530612,True,True,True,True,Strong,57.3170731707317,0.02594183740912095,True,3.0,,,,0.0,0.0,0.3333333333333333,Statement armchair (Colour tone: mid-neutral · Form: armchair · Swivel: not stated · Vibe: statement)
Furniture > Chairs & Seating > Accent & Waiting Room Chairs :: colour_tone=mid-neutral · form_factor=guest/side · swivel=no · vibe=plain,Furniture > Chairs & Seating > Accent & Waiting Room Chairs,Furniture > Chairs & Seating,wayfair,4,"{""colour_tone"": ""mid-neutral"", ""form_factor"": ""guest/side"", ""swivel"": ""no"", ""vibe"": ""plain""}",Guest/side chair,Colour tone: mid-neutral · Form: guest/side · Swivel: not stated · Vibe: plain,6,16,True,0.3125,67.58620689655173,0.0,85.27001190185547,0.5160565349847674,16.0,0.0,0.0,1.0,0.0,1.0,0.0,0.0,0.0,0.0,0.0,0.0,0.0,1.0,0.0,0.0,0.04081632653061224,0.0,3.2571828713574766,False,False,0.05172413793103448,0.0053745381256298285,-2.3052750744412545,0.0,False,False,0.28797710961378187,1.0,0.0,0.18476311129093032,0.0389589395408988,True,256.39,262.99,,1.5,1.0,0.0,0.04081632653061224,0.5306122448979592,0.04081632653061224,0.3469387755102041,0.0,17.142857142857142,14.795918367346939,False,False,False,False,Not listed,4.878048780487805,0.02,False,,Method 1: 0 safe products (< 2); 100% substitute/undercut (≥ 70%) · Method 2: share gap not credible (0% < 90%); ACR 100% (≥ 50%): cheaper or same-look Staples twins; 0 non-cannibalising products (< 2),0 safe products (< 2); 100% substitute/undercut (≥ 70%),share gap not credible (0% < 90%); ACR 100% (≥ 50%): cheaper or same-look Staples twins; 0 non-cannibalising products (< 2),0.0,0.0,,Guest/side chair (Colour tone: mid-neutral · Form: guest/side · Swivel: not stated · Vibe: plain)
Furniture > Chairs & Seating > Accent & Waiting Room Chairs :: colour_tone=mid-neutral · form_factor=multi-seat · swivel=no · vibe=cozy/plush,Furniture > Chairs & Seating > Accent & Waiting Room Chairs,Furniture > Chairs & Seating,wayfair,4,"{""colour_tone"": ""mid-neutral"", ""form_factor"": ""multi-seat"", ""swivel"": ""no"", ""vibe"": ""cozy/plush""}",Cozy/plush multi-seat chair,Colour tone: mid-neutral · Form: multi-seat · Swivel: not stated · Vibe: cozy/plush,0,18,True,1.0,35.51724137931035,0.4,85.26994323730469,0.35530005921853874,18.0,0.0,0.0,1.0,0.0,0.9444444444444444,0.0,0.0,0.0,0.0,0.0,0.0,0.05555555555555555,0.8888888888888888,0.05555555555555555,0.0,0.7142857142857143,0.08163265306122448,6.604787450330011,False,False,0.0,0.006046355391333557,0.3740846341980262,0.76385,True,True,0.2832999940584532,-1.0,0.4011873083310126,0.4651047484330588,0.23407694794697703,False,,317.99,grey,,0.8888888888888888,2.0,0.5510204081632653,0.4897959183673469,0.22448979591836735,0.9183673469387755,0.20408163265306123,39.64285714285714,30.459183673469386,True,False,False,False,Not listed,43.90243902439025,0.02381289865343728,False,,Method 1: 0 safe products (< 2); 94% substitute/undercut (≥ 70%) · Method 2: ACR 89% (≥ 50%): cheaper or same-look Staples twins,0 safe products (< 2); 94% substitute/undercut (≥ 70%),ACR 89% (≥ 50%): cheaper or same-look Staples twins,0.0,0.0,,Cozy/plush multi-seat chair (Colour tone: mid-neutral · Form: multi-seat · Swivel: not stated · Vibe: cozy/plush)
Furniture > Chairs & Seating > Accent & Waiting Room Chairs :: colour_tone=mid-neutral · form_factor=multi-seat · swivel=no · vibe=plain,Furniture > Chairs & Seating > Accent & Waiting Room Chairs,Furniture > Chairs & Seating,wayfair,4,"{""colour_tone"": ""mid-neutral"", ""form_factor"": ""multi-seat"", ""swivel"": ""no"", ""vibe"": ""plain""}",Multi-seat chair,Colour tone: mid-neutral · Form: multi-seat · Swivel: not stated · Vibe: plain,4,18,True,1.0,33.25728821771784,0.25,85.26994323730469,0.2793215566654376,18.0,0.0,0.0,1.0,0.0,0.7777777777777778,0.0,0.0,0.0,0.0,0.0,0.0,0.0,0.7777777777777778,0.2222222222222222,0.0,0.7142857142857143,0.02040816326530612,6.279459682785904,False,False,0.034482758620689655,0.006046355391333557,-1.8231399431381932,0.0033,False,False,1.6440377709093943,-1.0,0.0,0.4395537971545538,0.11186550274814097,True,1232.49,249.99,,2.0,0.9444444444444444,1.0,0.061224489795918366,1.0,0.04081632653061224,0.8979591836734694,0.08163265306122448,36.37755102040816,28.520408163265305,False,False,False,False,Not listed,34.14634146341463,0.0227390180878553,False,,Method 1: 0 safe products (< 2); 78% substitute/undercut (≥ 70%) · Method 2: share gap not credible (0% < 90%); ACR 94% (≥ 50%): cheaper or same-look Staples twins; 1 non-cannibalising products (< 2),0 safe products (< 2); 78% substitute/undercut (≥ 70%),share gap not credible (0% < 90%); ACR 94% (≥ 50%): cheaper or same-look Staples twins; 1 non-cannibalising products (< 2),0.0,0.0,,Multi-seat chair (Colour tone: mid-neutral · Form: multi-seat · Swivel: not stated · Vibe: plain)
Furniture > Chairs & Seating > Accent & Waiting Room Chairs :: colour_tone=mid-neutral · form_factor=other · swivel=no · vibe=plain,Furniture > Chairs & Seating > Accent & Waiting Room Chairs,Furniture > Chairs & Seating,wayfair,4,"{""colour_tone"": ""mid-neutral"", ""form_factor"": ""other"", ""swivel"": ""no"", ""vibe"": ""plain""}",Chair,Colour tone: mid-neutral · Form: other (mixed) · Swivel: not stated · Vibe: plain,0,15,False,1.0,25.689655172413794,0.5,60.71933364868164,0.5316877645759627,15.0,2.0,0.13333333333333333,0.4666666666666667,0.2857142857142857,0.0,0.0,0.0,0.0,0.13333333333333333,0.5333333333333333,0.0,0.0,0.0,0.3333333333333333,0.0,0.7142857142857143,0.15306122448979592,17.156335513217613,False,False,0.0,0.0050386294927779645,0.19715392603894802,0.7201,True,True,0.2803906789252352,-1.0,0.3809682990524729,0.235172167715336,0.3123181377303589,False,,290.0,grey,,0.4,9.0,0.3469387755102041,0.46938775510204084,0.1836734693877551,0.6122448979591837,0.2857142857142857,31.683673469387756,27.193877551020407,True,False,False,False,Not listed,,,False,,includes a grouped “other (mixed)” value: not a nameable archetype,"passed, outside the top 10 by VOS","passed, outside the top 10 by TG",0.0,0.0,,Chair (Colour tone: mid-neutral · Form: other (mixed) · Swivel: not stated · Vibe: plain)
Furniture > Chairs & Seating > Accent & Waiting Room Chairs :: colour_tone=pattern · form_factor=armchair · swivel=no · vibe=floral/botanical,Furniture > Chairs & Seating > Accent & Waiting Room Chairs,Furniture > Chairs & Seating,wayfair,4,"{""colour_tone"": ""pattern"", ""form_factor"": ""armchair"", ""swivel"": ""no"", ""vibe"": ""floral/botanical""}",Floral/botanical armchair,Colour tone: pattern · Form: armchair · Swivel: not stated · Vibe: floral/botanical,0,30,True,1.0,45.3448275862069,1.0,85.2699203491211,0.3836583126652873,30.0,4.0,0.13333333333333333,1.0,0.13333333333333333,0.8333333333333334,0.0,0.13333333333333333,0.0,0.0,0.0,0.0,0.0,0.8333333333333334,0.03333333333333333,0.0,0.7142857142857143,1.0,10.420987138231398,False,False,0.0,0.010077258985555929,0.874040585727113,0.873,True,True,0.5487480941553383,-1.0,0.744606054074767,0.42359831511872215,0.7507274490785646,False,,279.99,beige/cream|black|blue|brown/wood|green|multi/pattern,,0.9,3.0,0.8979591836734694,0.7959183673469388,0.9795918367346939,0.8775510204081632,0.7755102040816326,71.12244897959184,70.71428571428572,True,False,False,False,Not listed,80.48780487804879,0.029138513513513514,False,,Method 1: 83% substitute/undercut (≥ 70%) · Method 2: ACR 90% (≥ 50%): cheaper or same-look Staples twins,83% substitute/undercut (≥ 70%),ACR 90% (≥ 50%): cheaper or same-look Staples twins,0.0,0.0,,Floral/botanical armchair (Colour tone: pattern · Form: armchair · Swivel: not stated · Vibe: floral/botanical)
Furniture > Chairs & Seating > Accent & Waiting Room Chairs :: colour_tone=pattern · form_factor=guest/side · swivel=no · vibe=floral/botanical,Furniture > Chairs & Seating > Accent & Waiting Room Chairs,Furniture > Chairs & Seating,wayfair,4,"{""colour_tone"": ""pattern"", ""form_factor"": ""guest/side"", ""swivel"": ""no"", ""vibe"": ""floral/botanical""}",Floral/botanical guest/side chair,Colour tone: pattern · Form: guest/side · Swivel: not stated · Vibe: floral/botanical,0,73,True,1.0,67.58620689655173,0.8,85.27001190185547,0.6499912497812446,73.0,0.0,0.0,1.0,0.0,1.0,0.0,0.0,0.0,0.0,0.0,0.0,0.0,1.0,0.0,0.0,0.7142857142857143,0.8979591836734694,11.028003123133724,False,False,0.0,0.024521330198186093,1.753599308332538,0.984,True,True,0.6766086647330879,-1.0,0.8283203973629618,0.6368395849747879,0.4649207888781119,False,,259.99,beige/cream|brown/wood|green|multi/pattern|purple|red/pink|white,,0.8767123287671232,9.0,1.0,0.8775510204081632,1.0,1.0,0.3673469387755102,88.06122448979592,84.28571428571428,True,False,False,False,Not listed,87.1951219512195,0.030379456608964808,False,,Method 1: 0 safe products (< 2); 100% substitute/undercut (≥ 70%) · Method 2: ACR 88% (≥ 50%): cheaper or same-look Staples twins,0 safe products (< 2); 100% substitute/undercut (≥ 70%),ACR 88% (≥ 50%): cheaper or same-look Staples twins,0.0,0.0,,Floral/botanical guest/side chair (Colour tone: pattern · Form: guest/side · Swivel: not stated · Vibe: floral/botanical)
Furniture > Chairs & Seating > Accent & Waiting Room Chairs :: colour_tone=pattern · form_factor=guest/side · swivel=no · vibe=plain,Furniture > Chairs & Seating > Accent & Waiting Room Chairs,Furniture > Chairs & Seating,wayfair,4,"{""colour_tone"": ""pattern"", ""form_factor"": ""guest/side"", ""swivel"": ""no"", ""vibe"": ""plain""}",Guest/side chair,Colour tone: pattern · Form: guest/side · Swivel: not stated · Vibe: plain,0,23,True,1.0,67.58620689655173,0.75,85.27001190185547,0.6499912497812446,23.0,0.0,0.0,1.0,0.0,1.0,0.0,0.0,0.0,0.0,0.0,0.0,0.0,1.0,0.0,0.0,0.7142857142857143,0.6938775510204082,10.276473118126349,False,False,0.0,0.007725898555592879,0.6133143232638603,0.81765,True,True,0.6784979343417784,-1.0,0.7112086345902906,0.26201828596772986,0.13223407694794698,False,,259.99,multi/pattern,,0.8695652173913043,3.0,0.7857142857142857,0.8979591836734694,0.9591836734693877,0.7346938775510204,0.14285714285714285,59.26020408163265,58.23979591836734,True,False,False,False,Not listed,72.5609756097561,0.027737786735771187,False,,Method 1: 0 safe products (< 2); 100% substitute/undercut (≥ 70%) · Method 2: ACR 87% (≥ 50%): cheaper or same-look Staples twins,0 safe products (< 2); 100% substitute/undercut (≥ 70%),ACR 87% (≥ 50%): cheaper or same-look Staples twins,0.0,0.0,,Guest/side chair (Colour tone: pattern · Form: guest/side · Swivel: not stated · Vibe: plain)
Furniture > Chairs & Seating > Accent & Waiting Room Chairs :: colour_tone=warm-neutral · form_factor=armchair · swivel=no · vibe=luxe,Furniture > Chairs & Seating > Accent & Waiting Room Chairs,Furniture > Chairs & Seating,wayfair,4,"{""colour_tone"": ""warm-neutral"", ""form_factor"": ""armchair"", ""swivel"": ""no"", ""vibe"": ""luxe""}",Luxe armchair,Colour tone: warm-neutral · Form: armchair · Swivel: not stated · Vibe: luxe,0,22,True,1.0,33.91585237826052,0.8,83.49234390258789,1.1098946272215295,22.0,11.0,0.5,0.9090909090909091,0.55,0.4090909090909091,0.0,0.2727272727272727,0.22727272727272727,0.0,0.09090909090909091,0.0,0.0,0.4090909090909091,0.0,0.0,0.7142857142857143,0.8979591836734694,10.691446347356719,True,True,0.0,0.007389989922741014,0.5698292113241216,0.8083,True,True,0.13868201639306274,1.0,0.6075931783054547,0.12978375650867363,0.5837374717103136,False,,424.495,brown/wood,,0.5,11.0,0.7448979591836735,0.04081632653061224,0.7346938775510204,0.08163265306122448,0.5510204081632653,34.36224489795918,39.77040816326531,True,False,False,True,Vector-led,50.0,0.024809741248097414,False,,passed a method gate but outside the node's top 10,,ACR 50% (≥ 50%): cheaper or same-look Staples twins,0.0,0.0,,Luxe armchair (Colour tone: warm-neutral · Form: armchair · Swivel: not stated · Vibe: luxe)
Furniture > Chairs & Seating > Accent & Waiting Room Chairs :: colour_tone=warm-neutral · form_factor=armchair · swivel=no · vibe=natural/woven,Furniture > Chairs & Seating > Accent & Waiting Room Chairs,Furniture > Chairs & Seating,wayfair,4,"{""colour_tone"": ""warm-neutral"", ""form_factor"": ""armchair"", ""swivel"": ""no"", ""vibe"": ""natural/woven""}",Natural/woven armchair,Colour tone: warm-neutral · Form: armchair · Swivel: not stated · Vibe: natural/woven,1,15,True,1.0,30.344827586206897,0.8,82.12052917480469,0.8207840611682813,15.0,6.0,0.4,1.0,0.4,0.5333333333333333,0.0,0.2,0.2,0.0,0.0,0.0,0.0,0.5333333333333333,0.06666666666666667,0.0,0.7142857142857143,0.8979591836734694,11.388379900487353,True,True,0.008620689655172414,0.0050386294927779645,-0.9014583626291616,0.246,False,False,0.2685452145412088,-1.0,0.5575649608571633,0.18608330905544002,0.6065308761720013,False,249.99,329.99,,1.0,0.5333333333333333,7.0,0.1326530612244898,0.42857142857142855,0.5102040816326531,0.3673469387755102,0.5714285714285714,32.62755102040816,34.66836734693877,False,False,False,True,Vector-led,48.78048780487805,0.02492401215805471,False,,passed a method gate but outside the node's top 10,,share gap not credible (25% < 90%); ACR 53% (≥ 50%): cheaper or same-look Staples twins,0.0,0.0,,Natural/woven armchair (Colour tone: warm-neutral · Form: armchair · Swivel: not stated · Vibe: natural/woven)
Furniture > Chairs & Seating > Accent & Waiting Room Chairs :: colour_tone=warm-neutral · form_factor=armchair · swivel=no · vibe=other,Furniture > Chairs & Seating > Accent & Waiting Room Chairs,Furniture > Chairs & Seating,wayfair,4,"{""colour_tone"": ""warm-neutral"", ""form_factor"": ""armchair"", ""swivel"": ""no"", ""vibe"": ""other""}",Armchair,Colour tone: warm-neutral · Form: armchair · Swivel: not stated · Vibe: other (mixed),0,23,False,1.0,38.62068965517241,0.8,83.74380493164062,0.9180586196028995,23.0,11.0,0.4782608695652174,0.8695652173913043,0.55,0.34782608695652173,0.0,0.2608695652173913,0.21739130434782608,0.0,0.13043478260869565,0.0,0.0,0.34782608695652173,0.043478260869565216,0.0,0.7142857142857143,0.8979591836734694,10.75803186511927,False,False,0.0,0.007725898555592879,0.6133143232638603,0.82245,True,True,0.15907890662659888,-1.0,0.6129701468195685,0.22240874783323122,0.62786938247656,False,,343.99,brown/wood|grey|white,,0.4782608695652174,12.0,0.7857142857142857,0.16326530612244897,0.7551020408163265,0.5918367346938775,0.6122448979591837,46.4030612244898,45.17857142857143,True,False,False,False,Not listed,,,False,,includes a grouped “other (mixed)” value: not a nameable archetype,"passed, outside the top 10 by VOS","passed, outside the top 10 by TG",0.0,0.0,,Armchair (Colour tone: warm-neutral · Form: armchair · Swivel: not stated · Vibe: other (mixed))
Furniture > Chairs & Seating > Accent & Waiting Room Chairs :: colour_tone=warm-neutral · form_factor=armchair · swivel=no · vibe=plain,Furniture > Chairs & Seating > Accent & Waiting Room Chairs,Furniture > Chairs & Seating,wayfair,4,"{""colour_tone"": ""warm-neutral"", ""form_factor"": ""armchair"", ""swivel"": ""no"", ""vibe"": ""plain""}",Armchair,Colour tone: warm-neutral · Form: armchair · Swivel: not stated · Vibe: plain,0,16,True,1.0,37.327586206896555,0.8,73.7684555053711,1.130152220543769,16.0,6.0,0.375,0.75,0.5,0.375,0.0,0.25,0.125,0.0,0.25,0.0,0.0,0.375,0.0,0.0,0.7142857142857143,0.8979591836734694,17.257762658886307,True,True,0.0,0.0053745381256298285,0.2596742830202819,0.7344,True,True,0.2477378588262111,1.0,0.5664338158474651,0.020247422836054706,0.38296152602651146,False,,459.99,blue|brown/wood|grey|white,,0.3125,11.0,0.42857142857142855,0.40816326530612246,0.5306122448979592,0.0,0.32653061224489793,28.520408163265305,34.8469387755102,True,True,True,True,Strong,47.5609756097561,0.025252525252525256,True,4.0,,,,0.0,0.078,0.28,Armchair (Colour tone: warm-neutral · Form: armchair · Swivel: not stated · Vibe: plain)
Furniture > Chairs & Seating > Accent & Waiting Room Chairs :: colour_tone=warm-neutral · form_factor=armchair · swivel=no · vibe=statement,Furniture > Chairs & Seating > Accent & Waiting Room Chairs,Furniture > Chairs & Seating,wayfair,4,"{""colour_tone"": ""warm-neutral"", ""form_factor"": ""armchair"", ""swivel"": ""no"", ""vibe"": ""statement""}",Statement armchair,Colour tone: warm-neutral · Form: armchair · Swivel: not stated · Vibe: statement,0,17,True,1.0,38.62068965517241,0.8,75.24089813232422,1.136736838009261,17.0,6.0,0.35294117647058826,0.5882352941176471,0.6,0.17647058823529413,0.0,0.23529411764705882,0.11764705882352941,0.0,0.4117647058823529,0.0,0.0,0.17647058823529413,0.058823529411764705,0.0,0.7142857142857143,0.8979591836734694,16.385089236695027,True,True,0.0,0.005710446758481693,0.3185147830432154,0.75125,True,True,0.3560565922683928,1.0,0.5746109764852204,0.2850427914186999,0.7652764306498545,False,,549.99,beige/cream|brown/wood|grey,,0.29411764705882354,12.0,0.5102040816326531,0.6530612244897959,0.5918367346938775,0.7959183673469388,0.7959183673469388,54.74489795918367,53.01020408163265,True,True,True,True,Strong,76.82926829268293,0.028438886647841874,True,1.0,,,,0.153,0.001,0.25,Statement armchair (Colour tone: warm-neutral · Form: armchair · Swivel: not stated · Vibe: statement)
Furniture > Chairs & Seating > Accent & Waiting Room Chairs :: colour_tone=warm-neutral · form_factor=lounge/club · swivel=no · vibe=luxe,Furniture > Chairs & Seating > Accent & Waiting Room Chairs,Furniture > Chairs & Seating,wayfair,4,"{""colour_tone"": ""warm-neutral"", ""form_factor"": ""lounge/club"", ""swivel"": ""no"", ""vibe"": ""luxe""}",Luxe lounge/club chair,Colour tone: warm-neutral · Form: lounge/club · Swivel: not stated · Vibe: luxe,0,19,True,1.0,23.620689655172416,0.8,83.82997131347656,1.335927548389101,19.0,7.0,0.3684210526315789,0.9473684210526315,0.3888888888888889,0.15789473684210525,0.0,0.05263157894736842,0.3157894736842105,0.0,0.05263157894736842,0.0,0.0,0.15789473684210525,0.42105263157894735,0.0,0.7142857142857143,0.8979591836734694,9.973357348458858,True,True,0.0,0.006382264024185421,0.4267283676834481,0.77555,True,True,0.6839478366514605,1.0,0.5892057522116523,0.16535427541710584,0.8250889104429358,False,,1196.0,beige/cream|brown/wood|green|grey,,0.3684210526315789,12.0,0.6020408163265306,0.9591836734693877,0.6938775510204082,0.20408163265306123,0.8571428571428571,56.045918367346935,65.53571428571429,True,True,True,True,Strong,65.85365853658536,0.026709401709401708,True,2.0,,,,0.375,0.0,0.18367346938775508,Luxe lounge/club chair (Colour tone: warm-neutral · Form: lounge/club · Swivel: not stated · Vibe: luxe)
Furniture > Chairs & Seating > Accent & Waiting Room Chairs :: long tail,Furniture > Chairs & Seating > Accent & Waiting Room Chairs,Furniture > Chairs & Seating,wayfair,0,{},Long tail,not in any 4-attribute combination with enough families,59,1840,False,0.9081521739130435,25.692178793507228,0.6666666666666666,74.12053680419922,0.7160636920731889,1840.0,336.0,0.1826086956521739,0.7652173913043478,0.23863636363636365,0.34456521739130436,0.0,0.08532608695652173,0.08206521739130435,0.015217391304347827,0.23478260869565218,0.006521739130434782,0.021739130434782608,0.32282608695652176,0.23152173913043478,0.0,0.22448979591836735,0.40816326530612246,7.249814872197424,False,False,0.5086206896551724,0.6180718844474303,0.1949829618212936,0.98965,False,False,0.09808216916756053,-1.0,0.09101792117433044,0.11519485029507495,0.47413514387326217,True,439.99,399.99,clear|green|metallic|purple|yellow/orange,1.271186440677966,0.41956521739130437,1068.0,0.30612244897959184,0.0,0.10204081632653061,0.02040816326530612,0.3877551020408163,18.367346938775512,20.510204081632654,True,False,False,False,Not listed,,,False,,long tail: not in any supported 4-attribute combination,"passed, outside the top 10 by VOS","passed, outside the top 10 by TG",0.0,0.0,,Long tail (not in any 4-attribute combination with enough families)
Furniture > Lamps & Lighting > Desk Lamps :: material_class=metal · colour_tone=dark-neutral · lamp_form=shaded table-style · vibe=luxe,Furniture > Lamps & Lighting > Desk Lamps,Furniture > Lamps & Lighting,wayfair,4,"{""material_class"": ""metal"", ""colour_tone"": ""dark-neutral"", ""lamp_form"": ""shaded table-style"", ""vibe"": ""luxe""}",Luxe metal shaded table-style desk lamp,Material: metal · Colour tone: dark-neutral · Form: shaded table-style · Vibe: luxe,0,20,True,0.8289105701764014,42.84061776810832,0.2777777777777778,64.18865776062012,0.606422899031329,20.0,0.0,0.0,0.3,0.0,0.2,0.0,0.0,0.0,0.0,0.7,0.0,0.1,0.1,0.1,0.0,0.5294117647058824,0.5294117647058824,17.873802197926047,False,False,0.0,0.02577319587628866,2.193930153386922,0.9959,True,True,0.15341196609377095,1.0,0.1823972547349474,0.07455848775241233,0.2978835978835979,False,,71.99,black|metallic,,0.75,5.0,0.9411764705882353,0.0,0.4117647058823529,0.29411764705882354,0.23529411764705882,47.05882352941176,45.88235294117647,True,False,False,False,Not listed,59.09090909090908,0.030536130536130537,False,,Method 1: 0 safe products (< 2) · Method 2: ACR 75% (≥ 50%): cheaper or same-look Staples twins,0 safe products (< 2),ACR 75% (≥ 50%): cheaper or same-look Staples twins,0.0,0.0,,Luxe metal shaded table-style desk lamp (Material: metal · Colour tone: dark-neutral · Form: shaded table-style · Vibe: luxe)
Furniture > Lamps & Lighting > Desk Lamps :: material_class=metal · colour_tone=dark-neutral · lamp_form=shaded table-style · vibe=other,Furniture > Lamps & Lighting > Desk Lamps,Furniture > Lamps & Lighting,wayfair,4,"{""material_class"": ""metal"", ""colour_tone"": ""dark-neutral"", ""lamp_form"": ""shaded table-style"", ""vibe"": ""other""}",Metal shaded table-style desk lamp,Material: metal · Colour tone: dark-neutral · Form: shaded table-style · Vibe: other (mixed),0,16,False,0.6388404142752457,42.16455570490879,0.2,69.32069396972656,0.8577046806260554,16.0,2.0,0.125,0.5625,0.2222222222222222,0.25,0.0,0.0,0.0625,0.0625,0.4375,0.0,0.1875,0.0625,0.1875,0.0,0.23529411764705882,0.2647058823529412,9.15938322657186,False,False,0.0,0.020618556701030927,1.9768656481490945,0.98865,True,True,0.6255182218332558,1.0,0.16743157654176272,0.08990740761477534,0.48253968253968255,False,,105.99,black|metallic|navy,,0.6875,5.0,0.8235294117647058,0.6470588235294118,0.35294117647058826,0.35294117647058826,0.6470588235294118,62.058823529411754,64.99999999999999,True,False,False,False,Not listed,,,False,,includes a grouped “other (mixed)” value: not a nameable archetype,"passed, outside the top 10 by VOS",ACR 69% (≥ 50%): cheaper or same-look Staples twins,0.0,0.0,,Metal shaded table-style desk lamp (Material: metal · Colour tone: dark-neutral · Form: shaded table-style · Vibe: other (mixed))
Furniture > Lamps & Lighting > Desk Lamps :: material_class=metal · colour_tone=dark-neutral · lamp_form=shaded table-style · vibe=plain,Furniture > Lamps & Lighting > Desk Lamps,Furniture > Lamps & Lighting,wayfair,4,"{""material_class"": ""metal"", ""colour_tone"": ""dark-neutral"", ""lamp_form"": ""shaded table-style"", ""vibe"": ""plain""}",Metal shaded table-style desk lamp,Material: metal · Colour tone: dark-neutral · Form: shaded table-style · Vibe: plain,7,9,True,1.0,53.72781065088758,0.25,63.85858154296875,0.6768461538461538,9.0,0.0,0.0,0.2222222222222222,0.0,0.2222222222222222,0.0,0.0,0.0,0.0,0.7777777777777778,0.0,0.1111111111111111,0.1111111111111111,0.0,0.0,1.0,0.4117647058823529,25.8094763034883,False,False,0.04142011834319527,0.011597938144329897,-1.2832531352531555,0.0078,False,False,0.3719148875461996,1.0,0.0,0.16769001536293993,0.2126984126984127,True,86.19,87.99,white,1.0,0.5555555555555556,4.0,0.0,0.17647058823529413,0.11764705882352941,0.8235294117647058,0.17647058823529413,20.294117647058822,10.294117647058826,False,False,False,False,Not listed,59.09090909090909,0.030679156908665108,False,,Method 1: 0 safe products (< 2) · Method 2: share gap not credible (1% < 90%); ACR 56% (≥ 50%): cheaper or same-look Staples twins,0 safe products (< 2),share gap not credible (1% < 90%); ACR 56% (≥ 50%): cheaper or same-look Staples twins,0.0,0.0,,Metal shaded table-style desk lamp (Material: metal · Colour tone: dark-neutral · Form: shaded table-style · Vibe: plain)
Furniture > Lamps & Lighting > Desk Lamps :: material_class=metal · colour_tone=dark-neutral · lamp_form=shaded table-style · vibe=sleek/minimal,Furniture > Lamps & Lighting > Desk Lamps,Furniture > Lamps & Lighting,wayfair,4,"{""material_class"": ""metal"", ""colour_tone"": ""dark-neutral"", ""lamp_form"": ""shaded table-style"", ""vibe"": ""sleek/minimal""}",Sleek/minimal metal shaded table-style desk lamp,Material: metal · Colour tone: dark-neutral · Form: shaded table-style · Vibe: sleek/minimal,4,26,True,0.9363561554803591,57.98816568047338,0.1,65.30848693847656,1.1056886881783088,26.0,0.0,0.0,0.07692307692307693,0.0,0.07692307692307693,0.0,0.0,0.0,0.0,0.9230769230769231,0.0,0.038461538461538464,0.038461538461538464,0.0,0.0,0.8823529411764706,0.058823529411764705,20.319832293745783,False,False,0.023668639053254437,0.03350515463917526,0.25342542289851666,0.73735,False,False,0.374405298812821,1.0,0.0,0.021283249242543177,0.19523809523809527,True,99.61500000000001,151.8,,1.5,0.34615384615384615,17.0,0.29411764705882354,0.23529411764705882,0.11764705882352941,0.11764705882352941,0.11764705882352941,15.147058823529411,15.735294117647058,False,False,False,False,Not listed,50.0,0.03021353930031804,False,,Method 1: 0 safe products (< 2) · Method 2: share gap not credible (74% < 90%),0 safe products (< 2),share gap not credible (74% < 90%),0.0,0.0,,Sleek/minimal metal shaded table-style desk lamp (Material: metal · Colour tone: dark-neutral · Form: shaded table-style · Vibe: sleek/minimal)
Furniture > Lamps & Lighting > Desk Lamps :: material_class=metal · colour_tone=dark-neutral · lamp_form=shaded table-style · vibe=statement,Furniture > Lamps & Lighting > Desk Lamps,Furniture > Lamps & Lighting,wayfair,4,"{""material_class"": ""metal"", ""colour_tone"": ""dark-neutral"", ""lamp_form"": ""shaded table-style"", ""vibe"": ""statement""}",Statement metal shaded table-style desk lamp,Material: metal · Colour tone: dark-neutral · Form: shaded table-style · Vibe: statement,0,22,True,0.8641861003414154,46.717500658232055,0.17708333333333334,64.50193786621094,0.6458851322776185,22.0,0.0,0.0,0.3181818181818182,0.0,0.18181818181818182,0.0,0.0,0.0,0.0,0.6818181818181818,0.0,0.09090909090909091,0.09090909090909091,0.13636363636363635,0.0,0.7058823529411765,0.17647058823529413,17.81708823052745,False,False,0.0,0.028350515463917526,2.2870205764529343,0.99775,True,True,0.3076363808726112,1.0,0.18878443434882153,0.14696030463815873,0.461904761904762,False,,79.99,black|metallic|white,,0.8636363636363636,3.0,1.0,0.058823529411764705,0.47058823529411764,0.7058823529411765,0.5882352941176471,62.64705882352941,57.647058823529406,True,False,False,False,Not listed,72.72727272727273,0.03128054740957967,False,,Method 1: 0 safe products (< 2) · Method 2: ACR 86% (≥ 50%): cheaper or same-look Staples twins,0 safe products (< 2),ACR 86% (≥ 50%): cheaper or same-look Staples twins,0.0,0.0,,Statement metal shaded table-style desk lamp (Material: metal · Colour tone: dark-neutral · Form: shaded table-style · Vibe: statement)
Furniture > Lamps & Lighting > Desk Lamps :: material_class=metal · colour_tone=light-neutral · lamp_form=shaded table-style · vibe=luxe,Furniture > Lamps & Lighting > Desk Lamps,Furniture > Lamps & Lighting,wayfair,4,"{""material_class"": ""metal"", ""colour_tone"": ""light-neutral"", ""lamp_form"": ""shaded table-style"", ""vibe"": ""luxe""}",Luxe metal shaded table-style desk lamp,Material: metal · Colour tone: light-neutral · Form: shaded table-style · Vibe: luxe,0,10,True,0.7530235518777848,45.10431245929354,0.3875,61.11277961730957,0.8245920237368007,10.0,1.0,0.1,0.2,0.5,0.0,0.0,0.0,0.0,0.1,0.8,0.0,0.0,0.0,0.1,0.0,0.4117647058823529,0.7647058823529411,19.90183874874982,False,False,0.0,0.01288659793814433,1.5248805244060373,0.9542,True,True,0.5316507581149424,1.0,0.31683980371480125,0.10259627568167468,0.3111111111111111,False,,91.49,beige/cream|clear|metallic|white,,0.8,2.0,0.5588235294117647,0.47058823529411764,0.5588235294117647,0.5294117647058824,0.29411764705882354,49.705882352941174,48.38235294117647,True,False,False,False,Not listed,68.18181818181819,0.031009615384615385,False,,Method 1: 1 safe products (< 2) · Method 2: ACR 80% (≥ 50%): cheaper or same-look Staples twins,1 safe products (< 2),ACR 80% (≥ 50%): cheaper or same-look Staples twins,0.0,0.0,,Luxe metal shaded table-style desk lamp (Material: metal · Colour tone: light-neutral · Form: shaded table-style · Vibe: luxe)
Furniture > Lamps & Lighting > Desk Lamps :: material_class=metal · colour_tone=light-neutral · lamp_form=shaded table-style · vibe=plain,Furniture > Lamps & Lighting > Desk Lamps,Furniture > Lamps & Lighting,wayfair,4,"{""material_class"": ""metal"", ""colour_tone"": ""light-neutral"", ""lamp_form"": ""shaded table-style"", ""vibe"": ""plain""}",Metal shaded table-style desk lamp,Material: metal · Colour tone: light-neutral · Form: shaded table-style · Vibe: plain,4,10,True,0.618414008641218,52.204904175269874,0.0,65.26398468017578,1.718916162866924,10.0,2.0,0.2,0.5,0.4,0.1,0.0,0.0,0.0,0.2,0.5,0.0,0.1,0.0,0.2,0.0,0.17647058823529413,0.0,8.198619329004194,True,True,0.023668639053254437,0.01288659793814433,-0.672344052930182,0.14815,False,False,0.817044036592337,1.0,0.0,0.002787299067516893,0.42328042328042326,True,79.39,215.99,beige/cream,1.5,0.4,6.0,0.058823529411764705,0.8823529411764706,0.11764705882352941,0.0,0.47058823529411764,27.500000000000004,34.85294117647059,False,False,False,True,Vector-led,22.727272727272727,0.02877846790890269,True,3.0,,,share gap not credible (15% < 90%),1.0,1.0,0.5,Metal shaded table-style desk lamp (Material: metal · Colour tone: light-neutral · Form: shaded table-style · Vibe: plain)
Furniture > Lamps & Lighting > Desk Lamps :: material_class=metal · colour_tone=metallic · lamp_form=shaded table-style · vibe=luxe,Furniture > Lamps & Lighting > Desk Lamps,Furniture > Lamps & Lighting,wayfair,4,"{""material_class"": ""metal"", ""colour_tone"": ""metallic"", ""lamp_form"": ""shaded table-style"", ""vibe"": ""luxe""}",Luxe metal shaded table-style desk lamp,Material: metal · Colour tone: metallic · Form: shaded table-style · Vibe: luxe,1,18,True,0.6781291570483816,45.008060455727545,0.3,75.22988510131836,0.9489899499510424,18.0,3.0,0.16666666666666666,0.8333333333333334,0.2,0.6111111111111112,0.0,0.0,0.16666666666666666,0.0,0.16666666666666666,0.0,0.2222222222222222,0.3888888888888889,0.05555555555555555,0.0,0.29411764705882354,0.5882352941176471,10.265626002373647,True,True,0.005917159763313609,0.023195876288659795,0.9926637106587289,0.94135,False,False,0.5092525409235417,1.0,0.4429611624891367,0.09979880322311518,0.591005291005291,False,150.0,104.49,black,1.0,0.7222222222222222,5.0,0.47058823529411764,0.35294117647058826,0.8823529411764706,0.4117647058823529,0.7058823529411765,53.529411764705884,57.058823529411775,True,False,False,True,Vector-led,50.0,0.030117753623188408,True,2.0,,,ACR 72% (≥ 50%): cheaper or same-look Staples twins,1.0,1.0,0.5555555555555556,Luxe metal shaded table-style desk lamp (Material: metal · Colour tone: metallic · Form: shaded table-style · Vibe: luxe)
Furniture > Lamps & Lighting > Desk Lamps :: material_class=metal · colour_tone=metallic · lamp_form=shaded table-style · vibe=other,Furniture > Lamps & Lighting > Desk Lamps,Furniture > Lamps & Lighting,wayfair,4,"{""material_class"": ""metal"", ""colour_tone"": ""metallic"", ""lamp_form"": ""shaded table-style"", ""vibe"": ""other""}",Metal shaded table-style desk lamp,Material: metal · Colour tone: metallic · Form: shaded table-style · Vibe: other (mixed),0,11,False,0.7283722006828309,50.1775147928994,0.33333333333333337,75.28713989257812,0.5753514458445625,11.0,1.0,0.09090909090909091,0.8181818181818182,0.1111111111111111,0.7272727272727273,0.0,0.0,0.09090909090909091,0.0,0.18181818181818182,0.0,0.18181818181818182,0.5454545454545454,0.0,0.0,0.35294117647058826,0.7058823529411765,12.006166335098262,False,False,0.0,0.014175257731958763,1.615852302611764,0.9654,True,True,0.541642399622996,1.0,0.39117416334479926,0.06367552505624997,0.6232804232804232,False,,78.99,metallic,,0.6363636363636364,4.0,0.6470588235294118,0.5294117647058824,0.7941176470588235,0.23529411764705882,0.8235294117647058,61.029411764705884,68.23529411764704,True,False,False,False,Not listed,,,False,,includes a grouped “other (mixed)” value: not a nameable archetype,1 safe products (< 2); 73% substitute/undercut (≥ 70%),ACR 64% (≥ 50%): cheaper or same-look Staples twins,0.0,0.0,,Metal shaded table-style desk lamp (Material: metal · Colour tone: metallic · Form: shaded table-style · Vibe: other (mixed))
Furniture > Lamps & Lighting > Desk Lamps :: material_class=metal · colour_tone=metallic · lamp_form=shaded table-style · vibe=plain,Furniture > Lamps & Lighting > Desk Lamps,Furniture > Lamps & Lighting,wayfair,4,"{""material_class"": ""metal"", ""colour_tone"": ""metallic"", ""lamp_form"": ""shaded table-style"", ""vibe"": ""plain""}",Metal shaded table-style desk lamp,Material: metal · Colour tone: metallic · Form: shaded table-style · Vibe: plain,3,17,True,0.835072605524901,53.72781065088758,0.4,76.03541564941406,1.5988816951147735,17.0,2.0,0.11764705882352941,0.9411764705882353,0.125,0.8235294117647058,0.0,0.0,0.11764705882352941,0.0,0.058823529411764705,0.0,0.5294117647058824,0.29411764705882354,0.0,0.0,0.5882352941176471,0.8235294117647058,15.140145410045779,False,False,0.01775147928994083,0.02190721649484536,0.08979599911671467,0.6172,False,False,0.9919385110303528,1.0,0.0,0.018548506338604775,0.10264550264550265,True,65.49,162.99,,1.0,0.47058823529411764,9.0,0.23529411764705882,1.0,0.11764705882352941,0.058823529411764705,0.058823529411764705,27.64705882352942,32.64705882352941,False,False,False,False,Not listed,40.90909090909091,0.029631255487269532,False,,Method 1: 82% substitute/undercut (≥ 70%) · Method 2: share gap not credible (62% < 90%),82% substitute/undercut (≥ 70%),share gap not credible (62% < 90%),0.0,0.0,,Metal shaded table-style desk lamp (Material: metal · Colour tone: metallic · Form: shaded table-style · Vibe: plain)
Furniture > Lamps & Lighting > Desk Lamps :: material_class=metal · colour_tone=metallic · lamp_form=shaded table-style · vibe=retro/vintage,Furniture > Lamps & Lighting > Desk Lamps,Furniture > Lamps & Lighting,wayfair,4,"{""material_class"": ""metal"", ""colour_tone"": ""metallic"", ""lamp_form"": ""shaded table-style"", ""vibe"": ""retro/vintage""}",Retro/vintage metal shaded table-style desk lamp,Material: metal · Colour tone: metallic · Form: shaded table-style · Vibe: retro/vintage,8,20,True,0.3132111374586899,50.88757396449704,0.12916666666666668,75.2669563293457,1.3074149610313937,20.0,0.0,0.0,0.6,0.0,0.55,0.0,0.0,0.0,0.0,0.4,0.0,0.45,0.1,0.05,0.0,0.0,0.11764705882352941,4.503256228374264,False,False,0.047337278106508875,0.02577319587628866,-0.639283190669294,0.0703,False,False,0.5027843192388642,1.0,0.0,0.046484104299650233,0.04391534391534391,True,114.14,164.49,,1.375,0.45,11.0,0.11764705882352941,0.29411764705882354,0.11764705882352941,0.17647058823529413,0.0,12.35294117647059,11.76470588235294,False,False,False,False,Not listed,0.0,0.027777777777777776,False,,Method 1: 0 safe products (< 2) · Method 2: share gap not credible (7% < 90%),0 safe products (< 2),share gap not credible (7% < 90%),0.0,0.0,,Retro/vintage metal shaded table-style desk lamp (Material: metal · Colour tone: metallic · Form: shaded table-style · Vibe: retro/vintage)
Furniture > Lamps & Lighting > Desk Lamps :: material_class=metal · colour_tone=metallic · lamp_form=shaded table-style · vibe=sleek/minimal,Furniture > Lamps & Lighting > Desk Lamps,Furniture > Lamps & Lighting,wayfair,4,"{""material_class"": ""metal"", ""colour_tone"": ""metallic"", ""lamp_form"": ""shaded table-style"", ""vibe"": ""sleek/minimal""}",Sleek/minimal metal shaded table-style desk lamp,Material: metal · Colour tone: metallic · Form: shaded table-style · Vibe: sleek/minimal,1,11,True,0.5510449960921846,53.72781065088758,0.2,69.43409729003906,0.9832471410882075,11.0,0.0,0.0,0.5454545454545454,0.0,0.36363636363636365,0.0,0.0,0.0,0.0,0.45454545454545453,0.0,0.09090909090909091,0.2727272727272727,0.18181818181818182,0.0,0.058823529411764705,0.2647058823529412,7.758558085886725,False,False,0.005917159763313609,0.014175257731958763,0.5172400139436544,0.79905,False,False,0.5217356405866744,1.0,0.39117416334479926,0.09985931197950303,0.4243386243386244,False,104.49,103.4,,1.0,0.6363636363636364,4.0,0.4117647058823529,0.4117647058823529,0.7941176470588235,0.47058823529411764,0.5294117647058824,42.35294117647059,43.970588235294116,False,False,False,False,Not listed,27.27272727272727,0.02900988017658188,False,,Method 1: 0 safe products (< 2) · Method 2: share gap not credible (80% < 90%); ACR 64% (≥ 50%): cheaper or same-look Staples twins,0 safe products (< 2),share gap not credible (80% < 90%); ACR 64% (≥ 50%): cheaper or same-look Staples twins,0.0,0.0,,Sleek/minimal metal shaded table-style desk lamp (Material: metal · Colour tone: metallic · Form: shaded table-style · Vibe: sleek/minimal)
Furniture > Lamps & Lighting > Desk Lamps :: material_class=metal · colour_tone=metallic · lamp_form=shaded table-style · vibe=statement,Furniture > Lamps & Lighting > Desk Lamps,Furniture > Lamps & Lighting,wayfair,4,"{""material_class"": ""metal"", ""colour_tone"": ""metallic"", ""lamp_form"": ""shaded table-style"", ""vibe"": ""statement""}",Statement metal shaded table-style desk lamp,Material: metal · Colour tone: metallic · Form: shaded table-style · Vibe: statement,1,10,True,0.7543353645747322,41.289268738827374,0.25,73.15496826171875,0.8783542509292543,10.0,0.0,0.0,0.6,0.0,0.6,0.0,0.0,0.0,0.0,0.4,0.0,0.3,0.3,0.0,0.0,0.47058823529411764,0.4117647058823529,11.773524589221246,False,False,0.005917159763313609,0.01288659793814433,0.4262682357379277,0.7641,False,False,0.6707636530421874,1.0,0.38089512443657775,0.1608541654177595,0.6460317460317462,False,175.49,95.99,black,1.0,0.7,3.0,0.35294117647058826,0.7647058823529411,0.7058823529411765,0.7647058823529411,0.8823529411764706,56.76470588235294,57.058823529411775,False,False,False,False,Not listed,59.09090909090909,0.03057889822595705,False,,Method 1: 0 safe products (< 2) · Method 2: share gap not credible (76% < 90%); ACR 70% (≥ 50%): cheaper or same-look Staples twins,0 safe products (< 2),share gap not credible (76% < 90%); ACR 70% (≥ 50%): cheaper or same-look Staples twins,0.0,0.0,,Statement metal shaded table-style desk lamp (Material: metal · Colour tone: metallic · Form: shaded table-style · Vibe: statement)
Furniture > Lamps & Lighting > Desk Lamps :: material_class=metal · colour_tone=mid-neutral · lamp_form=shaded table-style · vibe=sleek/minimal,Furniture > Lamps & Lighting > Desk Lamps,Furniture > Lamps & Lighting,wayfair,4,"{""material_class"": ""metal"", ""colour_tone"": ""mid-neutral"", ""lamp_form"": ""shaded table-style"", ""vibe"": ""sleek/minimal""}",Sleek/minimal metal shaded table-style desk lamp,Material: metal · Colour tone: mid-neutral · Form: shaded table-style · Vibe: sleek/minimal,0,12,True,0.9609382865196818,57.98816568047338,0.25,71.02277374267578,1.1056886881783088,12.0,1.0,0.08333333333333333,0.9166666666666666,0.09090909090909091,0.8333333333333334,0.0,0.0,0.08333333333333333,0.0,0.08333333333333333,0.0,0.8333333333333334,0.0,0.0,0.0,0.9411764705882353,0.4117647058823529,20.29666594463153,False,False,0.0,0.015463917525773196,1.6992339115508153,0.9723,True,True,0.8325308561319483,1.0,0.5733357913578122,0.12099950226093344,0.37354497354497357,False,,151.8,grey,,0.16666666666666666,10.0,0.7058823529411765,0.9411764705882353,0.9411764705882353,0.5882352941176471,0.4117647058823529,72.6470588235294,75.29411764705884,True,True,True,True,Gap-led,90.90909090909092,0.032266458495966696,True,1.0,,1 safe products (< 2); 83% substitute/undercut (≥ 70%),,1.0,1.0,0.30000000000000004,Sleek/minimal metal shaded table-style desk lamp (Material: metal · Colour tone: mid-neutral · Form: shaded table-style · Vibe: sleek/minimal)
Furniture > Lamps & Lighting > Desk Lamps :: material_class=other · colour_tone=light-neutral · lamp_form=shaded table-style · vibe=luxe,Furniture > Lamps & Lighting > Desk Lamps,Furniture > Lamps & Lighting,wayfair,4,"{""material_class"": ""other"", ""colour_tone"": ""light-neutral"", ""lamp_form"": ""shaded table-style"", ""vibe"": ""luxe""}",Luxe shaded table-style desk lamp,Material: other (mixed) · Colour tone: light-neutral · Form: shaded table-style · Vibe: luxe,0,14,False,0.92943530053651,49.89721186757757,0.4666666666666667,62.702083587646484,1.1903497743633458,14.0,4.0,0.2857142857142857,0.35714285714285715,0.8,0.0,0.0,0.0,0.0,0.2857142857142857,0.6428571428571429,0.0,0.0,0.0,0.07142857142857142,0.0,0.8235294117647058,0.8823529411764706,27.63283669728937,False,False,0.0,0.01804123711340206,1.8476539166690884,0.98265,True,True,0.7199943079258974,1.0,0.3489625940544043,0.47598878117666554,0.752910052910053,False,,121.99,beige/cream|white,,0.5714285714285714,6.0,0.7647058823529411,0.8235294117647058,0.6470588235294118,0.8823529411764706,0.9411764705882353,80.29411764705881,79.11764705882352,True,False,False,False,Not listed,,,False,,includes a grouped “other (mixed)” value: not a nameable archetype,"passed, outside the top 10 by VOS",ACR 57% (≥ 50%): cheaper or same-look Staples twins,0.0,0.0,,Luxe shaded table-style desk lamp (Material: other (mixed) · Colour tone: light-neutral · Form: shaded table-style · Vibe: luxe)
Furniture > Lamps & Lighting > Desk Lamps :: material_class=other · colour_tone=light-neutral · lamp_form=shaded table-style · vibe=other,Furniture > Lamps & Lighting > Desk Lamps,Furniture > Lamps & Lighting,wayfair,4,"{""material_class"": ""other"", ""colour_tone"": ""light-neutral"", ""lamp_form"": ""shaded table-style"", ""vibe"": ""other""}",Shaded table-style desk lamp,Material: other (mixed) · Colour tone: light-neutral · Form: shaded table-style · Vibe: other (mixed),0,10,False,0.901209420751114,38.99713149397891,0.6666666666666666,62.702083587646484,0.9213344016315828,10.0,2.0,0.2,0.2,1.0,0.0,0.0,0.1,0.0,0.1,0.8,0.0,0.0,0.0,0.0,0.0,0.7647058823529411,1.0,26.5228855914561,False,False,0.0,0.01288659793814433,1.5248805244060373,0.9568,True,True,0.6323720712409903,1.0,0.31683980371480125,0.4979106510486755,0.7735449735449735,False,,121.49000000000001,beige/cream|black|blue|white,,0.6,4.0,0.5588235294117647,0.7058823529411765,0.5588235294117647,1.0,1.0,72.05882352941177,68.38235294117648,True,False,False,False,Not listed,,,False,,includes a grouped “other (mixed)” value: not a nameable archetype,"passed, outside the top 10 by VOS",ACR 60% (≥ 50%): cheaper or same-look Staples twins,0.0,0.0,,Shaded table-style desk lamp (Material: other (mixed) · Colour tone: light-neutral · Form: shaded table-style · Vibe: other (mixed))
Furniture > Lamps & Lighting > Desk Lamps :: material_class=wood/bamboo · colour_tone=other · lamp_form=shaded table-style · vibe=other,Furniture > Lamps & Lighting > Desk Lamps,Furniture > Lamps & Lighting,wayfair,4,"{""material_class"": ""wood/bamboo"", ""colour_tone"": ""other"", ""lamp_form"": ""shaded table-style"", ""vibe"": ""other""}",Wood/bamboo shaded table-style desk lamp,Material: wood/bamboo · Colour tone: other (mixed) · Form: shaded table-style · Vibe: other (mixed),0,17,False,0.8547197363986969,49.62344507111216,0.6,69.57286834716797,0.5060651016668121,17.0,6.0,0.35294117647058826,0.7058823529411765,0.5,0.35294117647058826,0.0,0.11764705882352941,0.0,0.23529411764705882,0.29411764705882354,0.0,0.0,0.35294117647058826,0.0,0.0,0.6470588235294118,0.9411764705882353,20.548687188316638,False,False,0.0,0.02190721649484536,2.0357061481720278,0.9918,True,True,0.33498541455667635,-1.0,0.7029480532209613,0.4811118978122235,0.5957671957671957,False,,61.99,brown/wood,,0.7647058823529411,4.0,0.8823529411764706,0.11764705882352941,1.0,0.9411764705882353,0.7647058823529411,73.82352941176471,69.11764705882352,True,False,False,False,Not listed,,,False,,includes a grouped “other (mixed)” value: not a nameable archetype,"passed, outside the top 10 by VOS",ACR 76% (≥ 50%): cheaper or same-look Staples twins,0.0,0.0,,Wood/bamboo shaded table-style desk lamp (Material: wood/bamboo · Colour tone: other (mixed) · Form: shaded table-style · Vibe: other (mixed))
Furniture > Lamps & Lighting > Desk Lamps :: long tail,Furniture > Lamps & Lighting > Desk Lamps,Furniture > Lamps & Lighting,wayfair,0,{},Long tail,not in any 4-attribute combination with enough families,140,523,False,0.5557060502758451,53.72781065088758,0.3333333333333333,71.02277374267578,1.1056886881783088,523.0,132.0,0.25239005736137665,0.7476099426386233,0.3375959079283887,0.35181644359464626,0.0,0.08221797323135756,0.07265774378585087,0.09751434034416825,0.25239005736137665,0.0,0.16634799235181644,0.18546845124282982,0.14340344168260039,0.0,0.11764705882352941,0.6470588235294118,10.892229708343942,False,False,0.8284023668639053,0.6739690721649485,-0.2043123717805946,0.0,False,False,0.5674257503301307,1.0,0.07135679920983487,0.12532775630814724,0.3349206349206349,True,63.59,103.71,beige/cream|purple|red/pink|yellow/orange,1.1,0.42065009560229444,303.0,0.17647058823529413,0.5882352941176471,0.29411764705882354,0.6470588235294118,0.35294117647058826,34.26470588235294,30.73529411764706,False,False,False,False,Not listed,,,False,,long tail: not in any supported 4-attribute combination,"passed, outside the top 10 by VOS",share gap not credible (0% < 90%),0.0,0.0,,Long tail (not in any 4-attribute combination with enough families)
"Bags, Backpacks & Luggage > Totes & Handbags > Lunch Bags & Boxes :: lunch_type=bento box · insulated=no · leakproof=no · vibe=cute/kawaii","Bags, Backpacks & Luggage > Totes & Handbags > Lunch Bags & Boxes","Bags, Backpacks & Luggage > Totes & Handbags",amazon,4,"{""lunch_type"": ""bento box"", ""insulated"": ""no"", ""leakproof"": ""no"", ""vibe"": ""cute/kawaii""}",Bento box,Type: bento box · Insulated: not stated · Leak-proof: not stated · Vibe: cute/kawaii,5,10,True,0.3302632013707726,80.97079227608148,0.0,78.3046875,0.6665555185061687,10.0,1.0,0.1,0.9,0.1111111111111111,0.8,0.0,0.0,0.0,0.1,0.1,0.0,0.2,0.6,0.0,0.0,0.32432432432432434,0.35135135135135137,10.342072172028143,False,False,0.015723270440251572,0.005589714924538848,-1.0781526311249037,0.03395,False,False,0.5746230510923435,-1.0,0.1917581715280689,0.11443532098173957,-0.0018984337921215122,True,29.99,19.99,beige/cream|black|blue|red/pink,1.0,0.8,2.0,0.13513513513513514,0.8648648648648649,0.5,0.1111111111111111,0.4864864864864865,36.126126126126124,43.71621621621622,False,False,False,False,Not listed,16.666666666666668,0.024695121951219513,False,,Method 1: 1 safe products (< 2); 80% substitute/undercut (≥ 70%) · Method 2: share gap not credible (3% < 90%); ACR 80% (≥ 50%): cheaper or same-look Staples twins,1 safe products (< 2); 80% substitute/undercut (≥ 70%),share gap not credible (3% < 90%); ACR 80% (≥ 50%): cheaper or same-look Staples twins,0.0,0.0,,Bento box (Type: bento box · Insulated: not stated · Leak-proof: not stated · Vibe: cute/kawaii)
"Bags, Backpacks & Luggage > Totes & Handbags > Lunch Bags & Boxes :: lunch_type=bento box · insulated=no · leakproof=no · vibe=other","Bags, Backpacks & Luggage > Totes & Handbags > Lunch Bags & Boxes","Bags, Backpacks & Luggage > Totes & Handbags",amazon,4,"{""lunch_type"": ""bento box"", ""insulated"": ""no"", ""leakproof"": ""no"", ""vibe"": ""other""}",Bento box,Type: bento box · Insulated: not stated · Leak-proof: not stated · Vibe: other (mixed),4,10,False,0.6906409431995917,80.28493364558938,0.5,78.30467224121094,0.7659219739913304,10.0,4.0,0.4,1.0,0.4,0.6,0.0,0.1,0.0,0.3,0.0,0.0,0.0,0.6,0.0,0.0,0.8648648648648649,0.8378378378378378,18.213302493389666,False,False,0.012578616352201259,0.005589714924538848,-0.8774819356627526,0.0868,False,False,0.45489957138379683,-1.0,0.15656474791381247,0.10494838253653196,0.04366397721879456,True,29.99,22.97,brown/wood,1.5,0.5,5.0,0.1891891891891892,0.6756756756756757,0.2777777777777778,0.08333333333333333,0.6486486486486487,31.970720720720724,38.731231231231234,False,False,False,False,Not listed,,,False,,includes a grouped “other (mixed)” value: not a nameable archetype,"passed, outside the top 10 by VOS",share gap not credible (9% < 90%); ACR 50% (≥ 50%): cheaper or same-look Staples twins,0.0,0.0,,Bento box (Type: bento box · Insulated: not stated · Leak-proof: not stated · Vibe: other (mixed))
"Bags, Backpacks & Luggage > Totes & Handbags > Lunch Bags & Boxes :: lunch_type=bento box · insulated=no · leakproof=no · vibe=plain","Bags, Backpacks & Luggage > Totes & Handbags > Lunch Bags & Boxes","Bags, Backpacks & Luggage > Totes & Handbags",amazon,4,"{""lunch_type"": ""bento box"", ""insulated"": ""no"", ""leakproof"": ""no"", ""vibe"": ""plain""}",Bento box,Type: bento box · Insulated: not stated · Leak-proof: not stated · Vibe: plain,40,250,True,0.6495891983239619,80.0,0.0,78.30465698242188,0.598639455782313,250.0,12.0,0.048,0.884,0.05429864253393665,0.836,0.0,0.004,0.024,0.02,0.116,0.0,0.184,0.652,0.0,0.0,0.7567567567567568,0.35135135135135137,14.500698184451544,False,False,0.12578616352201258,0.13974287311347122,0.09737715036246998,0.7463,False,False,0.5022725727153475,-1.0,0.45857769727552017,0.1630721174076503,0.10963455149501666,True,29.99,17.29,beige/cream|black|brown/wood|clear|metallic|navy|white,1.1,0.66,85.0,0.5135135135135135,0.7567567567567568,1.0,0.4444444444444444,0.7567567567567568,57.13963963963964,63.04054054054053,False,False,False,False,Not listed,60.416666666666664,0.028438886647841874,False,,Method 1: safe share 5% (< 10%); 84% substitute/undercut (≥ 70%) · Method 2: share gap not credible (75% < 90%); ACR 66% (≥ 50%): cheaper or same-look Staples twins,safe share 5% (< 10%); 84% substitute/undercut (≥ 70%),share gap not credible (75% < 90%); ACR 66% (≥ 50%): cheaper or same-look Staples twins,0.0,0.0,,Bento box (Type: bento box · Insulated: not stated · Leak-proof: not stated · Vibe: plain)
"Bags, Backpacks & Luggage > Totes & Handbags > Lunch Bags & Boxes :: lunch_type=bento box · insulated=no · leakproof=yes · vibe=cute/kawaii","Bags, Backpacks & Luggage > Totes & Handbags > Lunch Bags & Boxes","Bags, Backpacks & Luggage > Totes & Handbags",amazon,4,"{""lunch_type"": ""bento box"", ""insulated"": ""no"", ""leakproof"": ""yes"", ""vibe"": ""cute/kawaii""}",Bento box,Type: bento box · Insulated: not stated · Leak-proof: yes · Vibe: cute/kawaii,2,10,True,0.23521787556654195,86.86851000839556,0.0,67.97319793701172,0.6138572134422292,10.0,1.0,0.1,0.4,0.25,0.3,0.0,0.1,0.0,0.0,0.6,0.0,0.0,0.3,0.0,0.0,0.10810810810810811,0.35135135135135137,12.717587413612229,False,False,0.006289308176100629,0.005589714924538848,-0.28969527076063345,0.3993,False,False,0.2841675285599115,-1.0,0.1798483992400668,0.20964179608439826,0.5170859041290936,False,24.99,18.24,blue|brown/wood|purple|red/pink,1.0,0.5,5.0,0.36486486486486486,0.4594594594594595,0.4444444444444444,0.6666666666666666,1.0,47.24099099099098,46.760510510510514,False,False,False,False,Not listed,39.58333333333333,0.026500526500526502,False,,Method 1: 1 safe products (< 2) · Method 2: share gap not credible (40% < 90%); ACR 50% (≥ 50%): cheaper or same-look Staples twins,1 safe products (< 2),share gap not credible (40% < 90%); ACR 50% (≥ 50%): cheaper or same-look Staples twins,0.0,0.0,,Bento box (Type: bento box · Insulated: not stated · Leak-proof: yes · Vibe: cute/kawaii)
"Bags, Backpacks & Luggage > Totes & Handbags > Lunch Bags & Boxes :: lunch_type=bento box · insulated=no · leakproof=yes · vibe=other","Bags, Backpacks & Luggage > Totes & Handbags > Lunch Bags & Boxes","Bags, Backpacks & Luggage > Totes & Handbags",amazon,4,"{""lunch_type"": ""bento box"", ""insulated"": ""no"", ""leakproof"": ""yes"", ""vibe"": ""other""}",Bento box,Type: bento box · Insulated: not stated · Leak-proof: yes · Vibe: other (mixed),4,12,False,0.8452323909918543,78.8679245283019,0.6666666666666666,70.03973388671875,0.7855951983994665,12.0,6.0,0.5,1.0,0.5,0.5,0.0,0.16666666666666666,0.0,0.3333333333333333,0.0,0.0,0.0,0.5,0.0,0.0,0.918918918918919,0.9324324324324325,26.46166787839556,False,False,0.012578616352201259,0.006707657909446618,-0.7031285485179748,0.13745,False,False,0.2740838679465189,-1.0,0.3211409369688068,0.13510517130221172,0.14000949216896064,True,24.99,21.854999999999997,black|red/pink|white,1.0,0.3333333333333333,8.0,0.21621621621621623,0.40540540540540543,0.8888888888888888,0.25,0.7837837837837838,40.73198198198198,47.37237237237238,False,False,False,False,Not listed,,,False,,includes a grouped “other (mixed)” value: not a nameable archetype,"passed, outside the top 10 by VOS",share gap not credible (14% < 90%),0.0,0.0,,Bento box (Type: bento box · Insulated: not stated · Leak-proof: yes · Vibe: other (mixed))
"Bags, Backpacks & Luggage > Totes & Handbags > Lunch Bags & Boxes :: lunch_type=bento box · insulated=no · leakproof=yes · vibe=plain","Bags, Backpacks & Luggage > Totes & Handbags > Lunch Bags & Boxes","Bags, Backpacks & Luggage > Totes & Handbags",amazon,4,"{""lunch_type"": ""bento box"", ""insulated"": ""no"", ""leakproof"": ""yes"", ""vibe"": ""plain""}",Bento box,Type: bento box · Insulated: not stated · Leak-proof: yes · Vibe: plain,6,209,True,0.6637508136726636,77.73584905660378,0.0,70.03973388671875,0.766588862954318,209.0,5.0,0.023923444976076555,0.6124401913875598,0.0390625,0.583732057416268,0.0,0.019138755980861243,0.004784688995215311,0.0,0.3875598086124402,0.0,0.21052631578947367,0.37320574162679426,0.0,0.004784688995215311,0.7837837837837838,0.35135135135135137,20.1856720011165,False,False,0.018867924528301886,0.11682504192286193,1.748141766410645,1.0,False,True,0.47481277962967994,-1.0,0.05972761112390546,0.31988978619524583,-0.09397247271001419,True,31.490000000000002,21.99,beige/cream|black|brown/wood|clear|multi/pattern|navy|white|yellow/orange,1.8333333333333333,0.32057416267942584,142.0,0.8108108108108109,0.7027027027027027,0.0,0.9166666666666666,0.21621621621621623,59.42567567567567,50.27027027027027,True,True,True,True,Gap-led,83.33333333333333,0.030776515151515152,True,5.0,,safe share 4% (< 10%),,0.61,0.999,0.7264725114430863,Bento box (Type: bento box · Insulated: not stated · Leak-proof: yes · Vibe: plain)
"Bags, Backpacks & Luggage > Totes & Handbags > Lunch Bags & Boxes :: lunch_type=bento box · insulated=yes · leakproof=no · vibe=plain","Bags, Backpacks & Luggage > Totes & Handbags > Lunch Bags & Boxes","Bags, Backpacks & Luggage > Totes & Handbags",amazon,4,"{""lunch_type"": ""bento box"", ""insulated"": ""yes"", ""leakproof"": ""no"", ""vibe"": ""plain""}",Insulated bento box,Type: bento box · Insulated: yes · Leak-proof: not stated · Vibe: plain,3,17,True,0.6490780093388381,58.2627811409129,0.0,68.12032318115234,0.8166055351783927,17.0,1.0,0.058823529411764705,0.47058823529411764,0.125,0.35294117647058826,0.0,0.058823529411764705,0.0,0.0,0.5294117647058824,0.0,0.17647058823529413,0.17647058823529413,0.058823529411764705,0.0,0.7297297297297297,0.35135135135135137,18.84103435975526,False,False,0.009433962264150943,0.009502515371716043,-0.1153418836158557,0.4812,False,False,0.22771492446979286,1.0,0.08815673283042996,0.18235857150019996,-0.07071665875652589,True,16.99,21.99,beige/cream|brown/wood|purple|white|yellow/orange,1.6666666666666667,0.35294117647058826,11.0,0.4594594594594595,0.2702702702702703,0.1111111111111111,0.5,0.32432432432432434,27.47747747747748,23.506006006006004,False,False,False,False,Not listed,41.66666666666667,0.026973565905412694,False,,Method 1: 1 safe products (< 2) · Method 2: share gap not credible (48% < 90%),1 safe products (< 2),share gap not credible (48% < 90%),0.0,0.0,,Insulated bento box (Type: bento box · Insulated: yes · Leak-proof: not stated · Vibe: plain)
"Bags, Backpacks & Luggage > Totes & Handbags > Lunch Bags & Boxes :: lunch_type=bento box · insulated=yes · leakproof=yes · vibe=plain","Bags, Backpacks & Luggage > Totes & Handbags > Lunch Bags & Boxes","Bags, Backpacks & Luggage > Totes & Handbags",amazon,4,"{""lunch_type"": ""bento box"", ""insulated"": ""yes"", ""leakproof"": ""yes"", ""vibe"": ""plain""}",Insulated bento box,Type: bento box · Insulated: yes · Leak-proof: yes · Vibe: plain,1,37,True,0.6751719830109729,63.6975829614246,0.0,67.72197723388672,1.0,37.0,6.0,0.16216216216216217,0.5405405405405406,0.3,0.3783783783783784,0.0,0.0,0.10810810810810811,0.05405405405405406,0.4594594594594595,0.0,0.16216216216216217,0.21621621621621623,0.0,0.0,0.8378378378378378,0.35135135135135137,21.17301479020004,True,True,0.0031446540880503146,0.02068194522079374,1.4940960288182445,0.99385,False,True,0.1625715374643042,0.0,0.11982325037315873,0.1800887238759722,0.36782154722354055,False,29.99,24.99,black|blue|green|multi/pattern|navy|purple|red/pink|white|yellow/orange,1.0,0.35135135135135137,24.0,0.7297297297297297,0.05405405405405406,0.25,0.4722222222222222,0.9459459459459459,51.64414414414414,50.810810810810814,True,True,True,True,Strong,79.16666666666666,0.03036576949620428,True,2.0,,,,0.124,0.995,0.5,Insulated bento box (Type: bento box · Insulated: yes · Leak-proof: yes · Vibe: plain)
"Bags, Backpacks & Luggage > Totes & Handbags > Lunch Bags & Boxes :: lunch_type=container/snack · insulated=no · leakproof=no · vibe=other","Bags, Backpacks & Luggage > Totes & Handbags > Lunch Bags & Boxes","Bags, Backpacks & Luggage > Totes & Handbags",amazon,4,"{""lunch_type"": ""container/snack"", ""insulated"": ""no"", ""leakproof"": ""no"", ""vibe"": ""other""}",Container/snack lunch bag / box,Type: container/snack · Insulated: not stated · Leak-proof: not stated · Vibe: other (mixed),2,10,False,0.24266944399935908,58.283438646104905,1.0,64.49756813049316,1.2500893176134336,10.0,8.0,0.8,1.0,0.8,0.2,0.0,0.2,0.0,0.6,0.0,0.0,0.1,0.1,0.0,0.0,0.16216216216216217,0.9864864864864865,17.553996749419014,False,False,0.006289308176100629,0.005589714924538848,-0.28969527076063345,0.4032,False,False,0.2321231658439153,-1.0,0.2385897096726387,0.1371388437708836,0.011153298528713829,False,21.49,17.12,beige/cream|blue|brown/wood,1.0,0.3,7.0,0.36486486486486486,0.32432432432432434,0.7222222222222222,0.3055555555555556,0.5135135135135135,35.99099099099099,39.20795795795796,False,False,False,False,Not listed,,,False,,includes a grouped “other (mixed)” value: not a nameable archetype,"passed, outside the top 10 by VOS",share gap not credible (40% < 90%),0.0,0.0,,Container/snack lunch bag / box (Type: container/snack · Insulated: not stated · Leak-proof: not stated · Vibe: other (mixed))
"Bags, Backpacks & Luggage > Totes & Handbags > Lunch Bags & Boxes :: lunch_type=container/snack · insulated=no · leakproof=no · vibe=plain","Bags, Backpacks & Luggage > Totes & Handbags > Lunch Bags & Boxes","Bags, Backpacks & Luggage > Totes & Handbags",amazon,4,"{""lunch_type"": ""container/snack"", ""insulated"": ""no"", ""leakproof"": ""no"", ""vibe"": ""plain""}",Container/snack lunch bag / box,Type: container/snack · Insulated: not stated · Leak-proof: not stated · Vibe: plain,27,44,True,0.2712554064137961,51.509433962264154,0.0,78.30465698242188,0.76905311778291,44.0,0.0,0.0,0.6590909090909091,0.0,0.6363636363636364,0.0,0.0,0.0,0.0,0.3409090909090909,0.0,0.20454545454545456,0.4318181818181818,0.022727272727272728,0.0,0.1891891891891892,0.35135135135135137,7.105252496776747,False,False,0.08490566037735849,0.024594745667970933,-1.2434766115502873,0.0,False,False,0.15423626541775426,-1.0,0.16510494467955517,0.13405565760227198,-0.1248220218319886,True,19.99,16.99,clear,1.5185185185185186,0.5227272727272727,21.0,0.10810810810810811,0.02702702702702703,0.3333333333333333,0.16666666666666666,0.16216216216216217,12.364864864864863,12.477477477477478,False,False,False,False,Not listed,0.0,0.023529411764705882,False,,Method 1: 0 safe products (< 2) · Method 2: share gap not credible (0% < 90%); ACR 52% (≥ 50%): cheaper or same-look Staples twins,0 safe products (< 2),share gap not credible (0% < 90%); ACR 52% (≥ 50%): cheaper or same-look Staples twins,0.0,0.0,,Container/snack lunch bag / box (Type: container/snack · Insulated: not stated · Leak-proof: not stated · Vibe: plain)
"Bags, Backpacks & Luggage > Totes & Handbags > Lunch Bags & Boxes :: lunch_type=container/snack · insulated=no · leakproof=yes · vibe=plain","Bags, Backpacks & Luggage > Totes & Handbags > Lunch Bags & Boxes","Bags, Backpacks & Luggage > Totes & Handbags",amazon,4,"{""lunch_type"": ""container/snack"", ""insulated"": ""no"", ""leakproof"": ""yes"", ""vibe"": ""plain""}",Container/snack lunch bag / box,Type: container/snack · Insulated: not stated · Leak-proof: yes · Vibe: plain,3,40,True,0.3277118135026118,50.47169811320755,0.0,69.13270568847656,1.0,40.0,0.0,0.0,0.3,0.0,0.3,0.0,0.0,0.0,0.0,0.7,0.0,0.225,0.075,0.0,0.0,0.2972972972972973,0.35135135135135137,11.5146341005799,False,False,0.009433962264150943,0.022358859698155393,0.7237592095671693,0.9429,False,False,0.28244315581519375,1.0,0.09462592636555028,0.15143107066083064,-0.10512577123872806,True,19.99,20.99,beige/cream|black|clear|grey|red/pink,1.0,0.225,31.0,0.6216216216216216,0.43243243243243246,0.16666666666666666,0.3888888888888889,0.1891891891891892,41.57657657657658,39.68468468468468,True,True,False,True,Not listed,25.0,0.02531645569620253,False,,"Method 1: 0 safe products (< 2) · Method 2: passed, outside the top 10 by TG",0 safe products (< 2),"passed, outside the top 10 by TG",0.0,0.0,,Container/snack lunch bag / box (Type: container/snack · Insulated: not stated · Leak-proof: yes · Vibe: plain)
"Bags, Backpacks & Luggage > Totes & Handbags > Lunch Bags & Boxes :: lunch_type=container/snack · insulated=yes · leakproof=no · vibe=plain","Bags, Backpacks & Luggage > Totes & Handbags > Lunch Bags & Boxes","Bags, Backpacks & Luggage > Totes & Handbags",amazon,4,"{""lunch_type"": ""container/snack"", ""insulated"": ""yes"", ""leakproof"": ""no"", ""vibe"": ""plain""}",Insulated container/snack lunch bag / box,Type: container/snack · Insulated: yes · Leak-proof: not stated · Vibe: plain,0,11,True,0.3270322131671801,51.698113207547166,0.0,61.269920349121094,1.266844563042028,11.0,0.0,0.0,0.09090909090909091,0.0,0.0,0.0,0.0,0.0,0.0,0.9090909090909091,0.0,0.0,0.0,0.0,0.09090909090909091,0.2702702702702703,0.35135135135135137,14.119197675480274,False,False,0.0,0.006148686416992733,1.4107144198791937,0.94725,True,True,0.2694702910894391,-1.0,0.23563526224626322,0.13264088354331868,-0.05885144755576649,False,,18.99,black|blue|brown/wood|grey|metallic,,0.0,11.0,0.6891891891891891,0.3783783783783784,0.6944444444444444,0.1388888888888889,0.3783783783783784,49.86486486486486,55.03753753753753,True,True,True,True,Gap-led,47.91666666666667,0.027242401779095628,True,10.0,,0 safe products (< 2),,0.023,0.0,0.5399999999999999,Insulated container/snack lunch bag / box (Type: container/snack · Insulated: yes · Leak-proof: not stated · Vibe: plain)
"Bags, Backpacks & Luggage > Totes & Handbags > Lunch Bags & Boxes :: lunch_type=electric heated · insulated=no · leakproof=no · vibe=plain","Bags, Backpacks & Luggage > Totes & Handbags > Lunch Bags & Boxes","Bags, Backpacks & Luggage > Totes & Handbags",amazon,4,"{""lunch_type"": ""electric heated"", ""insulated"": ""no"", ""leakproof"": ""no"", ""vibe"": ""plain""}",Electric heated lunch bag / box,Type: electric heated · Insulated: not stated · Leak-proof: not stated · Vibe: plain,0,134,True,0.9196916561220216,20.0,0.0,68.30455017089844,0.6666111018503084,134.0,0.0,0.0,0.8731343283582089,0.0,0.0,0.0,0.0,0.0,0.0,0.12686567164179105,0.0,0.0,0.0,0.8731343283582089,0.0,1.0,0.35135135135135137,18.948739195127743,False,False,0.0,0.07490217998882057,3.869931583551883,1.0,True,True,0.5518004761137167,1.0,0.29987816095289066,0.40884091018516744,0.29876601803512104,False,,39.99,black|blue|green|grey|red/pink|white,,0.5522388059701493,60.0,0.972972972972973,0.8108108108108109,0.8333333333333334,0.9722222222222222,0.918918918918919,91.13738738738738,89.36936936936938,True,False,False,False,Not listed,89.58333333333333,0.031544957774465976,False,,Method 1: 0 safe products (< 2) · Method 2: ACR 55% (≥ 50%): cheaper or same-look Staples twins,0 safe products (< 2),ACR 55% (≥ 50%): cheaper or same-look Staples twins,0.0,0.0,,Electric heated lunch bag / box (Type: electric heated · Insulated: not stated · Leak-proof: not stated · Vibe: plain)
"Bags, Backpacks & Luggage > Totes & Handbags > Lunch Bags & Boxes :: lunch_type=electric heated · insulated=no · leakproof=yes · vibe=plain","Bags, Backpacks & Luggage > Totes & Handbags > Lunch Bags & Boxes","Bags, Backpacks & Luggage > Totes & Handbags",amazon,4,"{""lunch_type"": ""electric heated"", ""insulated"": ""no"", ""leakproof"": ""yes"", ""vibe"": ""plain""}",Electric heated lunch bag / box,Type: electric heated · Insulated: not stated · Leak-proof: yes · Vibe: plain,1,39,True,0.8835540655524073,21.132075471698116,0.0,58.04576110839844,0.9249874979163193,39.0,0.0,0.0,0.8205128205128205,0.0,0.0,0.0,0.0,0.0,0.0,0.1794871794871795,0.0,0.0,0.0,0.8205128205128205,0.0,0.972972972972973,0.35135135135135137,24.71406330464629,False,False,0.0031446540880503146,0.021799888205701508,1.5460557677489557,0.9964,False,True,0.632559748462397,1.0,0.2017129758616319,0.2816426991664709,0.19743711438063594,False,32.99,55.49,black|blue|brown/wood|green|grey|red/pink|white,1.0,0.2564102564102564,29.0,0.7567567567567568,0.8918918918918919,0.5555555555555556,0.8611111111111112,0.8918918918918919,78.95270270270271,77.73273273273273,True,True,True,True,Gap-led,95.83333333333334,0.03225806451612903,True,3.0,,0 safe products (< 2),,1.0,0.96,0.5862068965517243,Electric heated lunch bag / box (Type: electric heated · Insulated: not stated · Leak-proof: yes · Vibe: plain)
"Bags, Backpacks & Luggage > Totes & Handbags > Lunch Bags & Boxes :: lunch_type=electric heated · insulated=yes · leakproof=no · vibe=plain","Bags, Backpacks & Luggage > Totes & Handbags > Lunch Bags & Boxes","Bags, Backpacks & Luggage > Totes & Handbags",amazon,4,"{""lunch_type"": ""electric heated"", ""insulated"": ""yes"", ""leakproof"": ""no"", ""vibe"": ""plain""}",Insulated electric heated lunch bag / box,Type: electric heated · Insulated: yes · Leak-proof: not stated · Vibe: plain,1,34,True,0.8490601627550097,20.0,0.0,75.24336242675781,0.8333055509251542,34.0,0.0,0.0,0.9411764705882353,0.0,0.08823529411764706,0.0,0.0,0.0,0.0,0.058823529411764705,0.0,0.0,0.08823529411764706,0.8529411764705882,0.0,0.9459459459459459,0.35135135135135137,14.198266197410792,False,False,0.0031446540880503146,0.019005030743432086,1.4107144198791934,0.9908,False,True,0.7305693002192479,1.0,0.25260893323016953,0.1392793168693137,0.1960132890365449,False,26.29,49.99,black|brown/wood|green|grey|purple|red/pink|white,1.0,0.2647058823529412,25.0,0.6486486486486487,0.972972972972973,0.7777777777777778,0.3333333333333333,0.8513513513513513,71.5990990990991,79.6096096096096,True,True,True,True,Gap-led,62.5,0.02871794871794872,True,7.0,,0 safe products (< 2),,0.961,0.0,0.4784000000000001,Insulated electric heated lunch bag / box (Type: electric heated · Insulated: yes · Leak-proof: not stated · Vibe: plain)
"Bags, Backpacks & Luggage > Totes & Handbags > Lunch Bags & Boxes :: lunch_type=food jar · insulated=no · leakproof=yes · vibe=plain","Bags, Backpacks & Luggage > Totes & Handbags > Lunch Bags & Boxes","Bags, Backpacks & Luggage > Totes & Handbags",amazon,4,"{""lunch_type"": ""food jar"", ""insulated"": ""no"", ""leakproof"": ""yes"", ""vibe"": ""plain""}",Food jar lunch bag / box,Type: food jar · Insulated: not stated · Leak-proof: yes · Vibe: plain,0,11,True,0.2727272727272727,74.60842796753715,0.0,61.7619514465332,1.0,11.0,1.0,0.09090909090909091,0.09090909090909091,1.0,0.0,0.0,0.0,0.0,0.09090909090909091,0.9090909090909091,0.0,0.0,0.0,0.0,0.0,0.21621621621621623,0.35135135135135137,15.637848359611482,False,False,0.0,0.006148686416992733,1.4107144198791937,0.9465,True,True,0.20984021931410668,1.0,0.28143542994680376,0.18327380840005927,-0.29947793070716655,False,,28.99,black|blue|brown/wood|grey|purple,,0.0,11.0,0.6891891891891891,0.21621621621621623,0.8055555555555556,0.5555555555555556,0.02702702702702703,49.26801801801802,46.17867867867868,True,True,True,True,Gap-led,52.08333333333333,0.02758751902587519,True,9.0,,1 safe products (< 2),,0.02,0.027,0.7024793388429753,Food jar lunch bag / box (Type: food jar · Insulated: not stated · Leak-proof: yes · Vibe: plain)
"Bags, Backpacks & Luggage > Totes & Handbags > Lunch Bags & Boxes :: lunch_type=food jar · insulated=yes · leakproof=no · vibe=other","Bags, Backpacks & Luggage > Totes & Handbags > Lunch Bags & Boxes","Bags, Backpacks & Luggage > Totes & Handbags",amazon,4,"{""lunch_type"": ""food jar"", ""insulated"": ""yes"", ""leakproof"": ""no"", ""vibe"": ""other""}",Insulated food jar lunch bag / box,Type: food jar · Insulated: yes · Leak-proof: not stated · Vibe: other (mixed),20,1,False,0.07209543568464727,83.77049180327869,1.0,78.30463409423828,0.43314438146048684,1.0,0.0,0.0,1.0,0.0,1.0,0.0,0.0,0.0,0.0,0.0,0.0,0.0,1.0,0.0,0.0,0.02702702702702703,0.9864864864864865,11.066703294999948,False,False,0.06289308176100629,0.0005589714924538849,-4.339739574086154,0.0,False,False,0.4759050109394779,-1.0,,,0.4029425723777883,True,19.99,12.99,,1.0,1.0,0.0,0.0,0.7297297297297297,0.5,0.5,0.972972972972973,44.18918918918919,47.7027027027027,False,False,False,False,Not listed,,,False,,includes a grouped “other (mixed)” value: not a nameable archetype,0 safe products (< 2); 100% substitute/undercut (≥ 70%),share gap not credible (0% < 90%); ACR 100% (≥ 50%): cheaper or same-look Staples twins; 0 non-cannibalising products (< 2),0.0,0.0,,Insulated food jar lunch bag / box (Type: food jar · Insulated: yes · Leak-proof: not stated · Vibe: other (mixed))
"Bags, Backpacks & Luggage > Totes & Handbags > Lunch Bags & Boxes :: lunch_type=food jar · insulated=yes · leakproof=no · vibe=plain","Bags, Backpacks & Luggage > Totes & Handbags > Lunch Bags & Boxes","Bags, Backpacks & Luggage > Totes & Handbags",amazon,4,"{""lunch_type"": ""food jar"", ""insulated"": ""yes"", ""leakproof"": ""no"", ""vibe"": ""plain""}",Insulated food jar lunch bag / box,Type: food jar · Insulated: yes · Leak-proof: not stated · Vibe: plain,30,12,True,0.04388212078385426,85.13466042154568,0.0,78.30463409423828,1.2497499166388797,12.0,0.0,0.0,0.9166666666666666,0.0,0.9166666666666666,0.0,0.0,0.0,0.0,0.08333333333333333,0.0,0.5833333333333334,0.3333333333333333,0.0,0.0,0.0,0.35135135135135137,7.446756859587466,False,False,0.09433962264150944,0.006707657909446618,-2.616777835355067,0.0,False,False,0.1980236153338,1.0,0.17558254404896695,0.039365937116521595,0.020170859041290942,True,29.99,35.474999999999994,clear|navy,1.1333333333333333,0.3333333333333333,8.0,0.02702702702702703,0.1891891891891892,0.4166666666666667,0.0,0.5675675675675675,19.02027027027027,24.88738738738739,False,False,False,False,Not listed,4.166666666666666,0.023809523809523808,False,,Method 1: 0 safe products (< 2); 92% substitute/undercut (≥ 70%) · Method 2: share gap not credible (0% < 90%),0 safe products (< 2); 92% substitute/undercut (≥ 70%),share gap not credible (0% < 90%),0.0,0.0,,Insulated food jar lunch bag / box (Type: food jar · Insulated: yes · Leak-proof: not stated · Vibe: plain)
"Bags, Backpacks & Luggage > Totes & Handbags > Lunch Bags & Boxes :: lunch_type=food jar · insulated=yes · leakproof=yes · vibe=plain","Bags, Backpacks & Luggage > Totes & Handbags > Lunch Bags & Boxes","Bags, Backpacks & Luggage > Totes & Handbags",amazon,4,"{""lunch_type"": ""food jar"", ""insulated"": ""yes"", ""leakproof"": ""yes"", ""vibe"": ""plain""}",Insulated food jar lunch bag / box,Type: food jar · Insulated: yes · Leak-proof: yes · Vibe: plain,1,56,True,0.41393368888359433,87.09380937651893,0.0,70.18156433105469,1.1200480192076832,56.0,3.0,0.05357142857142857,0.5892857142857143,0.09090909090909091,0.5357142857142857,0.0,0.017857142857142856,0.0,0.03571428571428571,0.4107142857142857,0.0,0.48214285714285715,0.05357142857142857,0.0,0.0,0.5135135135135135,0.35135135135135137,17.300666723564714,False,False,0.0031446540880503146,0.03130240357741755,1.9039957339942748,0.99975,False,True,0.18281821390043024,1.0,0.17448197487209102,0.218876338527947,-0.32083531086853345,False,19.99,27.99,beige/cream|black|blue|clear|grey|multi/pattern|purple|red/pink|white,1.0,0.125,49.0,0.8648648648648649,0.13513513513513514,0.3888888888888889,0.6944444444444444,0.0,49.222972972972975,41.426426426426424,True,True,True,True,Gap-led,58.33333333333333,0.02819138376017471,True,8.0,,safe share 9% (< 10%),,0.003,0.024,0.608496459808413,Insulated food jar lunch bag / box (Type: food jar · Insulated: yes · Leak-proof: yes · Vibe: plain)
"Bags, Backpacks & Luggage > Totes & Handbags > Lunch Bags & Boxes :: lunch_type=lunch bag/tote · insulated=yes · leakproof=no · vibe=cute/kawaii","Bags, Backpacks & Luggage > Totes & Handbags > Lunch Bags & Boxes","Bags, Backpacks & Luggage > Totes & Handbags",amazon,4,"{""lunch_type"": ""lunch bag/tote"", ""insulated"": ""yes"", ""leakproof"": ""no"", ""vibe"": ""cute/kawaii""}",Insulated lunch bag/tote lunch bag / box,Type: lunch bag/tote · Insulated: yes · Leak-proof: not stated · Vibe: cute/kawaii,13,68,True,0.6150791218445357,74.14812646370024,0.5,78.30465698242188,0.6546756263916911,68.0,16.0,0.23529411764705882,1.0,0.23529411764705882,0.7647058823529411,0.0,0.17647058823529413,0.058823529411764705,0.0,0.0,0.0,0.014705882352941176,0.75,0.0,0.0,0.6756756756756757,0.8378378378378378,15.966858933059635,False,False,0.040880503144654086,0.03801006148686417,-0.10063573622616015,0.3893,False,False,0.4437348301100361,-1.0,0.08811388521479874,0.07299406486872592,0.035358329378263,True,24.99,14.99,beige/cream|blue|brown/wood|metallic|white,1.0,0.7794117647058824,15.0,0.4864864864864865,0.6486486486486487,0.08333333333333333,0.027777777777777776,0.5945945945945946,32.072072072072075,38.28828828828829,False,False,False,False,Not listed,35.41666666666667,0.026279628993473032,False,,Method 1: 76% substitute/undercut (≥ 70%) · Method 2: share gap not credible (39% < 90%); ACR 78% (≥ 50%): cheaper or same-look Staples twins,76% substitute/undercut (≥ 70%),share gap not credible (39% < 90%); ACR 78% (≥ 50%): cheaper or same-look Staples twins,0.0,0.0,,Insulated lunch bag/tote lunch bag / box (Type: lunch bag/tote · Insulated: yes · Leak-proof: not stated · Vibe: cute/kawaii)
"Bags, Backpacks & Luggage > Totes & Handbags > Lunch Bags & Boxes :: lunch_type=lunch bag/tote · insulated=yes · leakproof=no · vibe=other","Bags, Backpacks & Luggage > Totes & Handbags > Lunch Bags & Boxes","Bags, Backpacks & Luggage > Totes & Handbags",amazon,4,"{""lunch_type"": ""lunch bag/tote"", ""insulated"": ""yes"", ""leakproof"": ""no"", ""vibe"": ""other""}",Insulated lunch bag/tote lunch bag / box,Type: lunch bag/tote · Insulated: yes · Leak-proof: not stated · Vibe: other (mixed),34,76,False,0.36093611717819774,80.0,0.0,78.30465698242188,0.8928092898615453,76.0,17.0,0.2236842105263158,1.0,0.2236842105263158,0.75,0.0,0.2236842105263158,0.0,0.0,0.0,0.0,0.35526315789473684,0.39473684210526316,0.0,0.02631578947368421,0.40540540540540543,0.35135135135135137,11.070488545185812,False,False,0.1069182389937107,0.042481833426495245,-0.9284483792547801,0.0,False,False,0.18214505373261705,-1.0,0.16154005690413556,0.13415428341405808,-0.12766967252017086,True,24.99,21.615,beige/cream|black|brown/wood,1.088235294117647,0.631578947368421,28.0,0.16216216216216217,0.10810810810810811,0.3055555555555556,0.19444444444444445,0.13513513513513514,14.527027027027028,14.354354354354355,False,False,False,False,Not listed,,,False,,includes a grouped “other (mixed)” value: not a nameable archetype,75% substitute/undercut (≥ 70%),share gap not credible (0% < 90%); ACR 63% (≥ 50%): cheaper or same-look Staples twins,0.0,0.0,,Insulated lunch bag/tote lunch bag / box (Type: lunch bag/tote · Insulated: yes · Leak-proof: not stated · Vibe: other (mixed))
"Bags, Backpacks & Luggage > Totes & Handbags > Lunch Bags & Boxes :: lunch_type=lunch bag/tote · insulated=yes · leakproof=no · vibe=plain","Bags, Backpacks & Luggage > Totes & Handbags > Lunch Bags & Boxes","Bags, Backpacks & Luggage > Totes & Handbags",amazon,4,"{""lunch_type"": ""lunch bag/tote"", ""insulated"": ""yes"", ""leakproof"": ""no"", ""vibe"": ""plain""}",Insulated lunch bag/tote lunch bag / box,Type: lunch bag/tote · Insulated: yes · Leak-proof: not stated · Vibe: plain,47,197,True,0.4082104143043712,77.73584905660378,0.0,78.30465698242188,0.7919167667066827,197.0,13.0,0.06598984771573604,1.0,0.06598984771573604,0.934010152284264,0.0,0.0,0.06598984771573604,0.0,0.0,0.0,0.40609137055837563,0.5279187817258884,0.0,0.0,0.4594594594594595,0.35135135135135137,11.450848510991188,False,False,0.14779874213836477,0.11011738401341531,-0.29977092274937517,0.0298,False,False,0.3683588276800687,-1.0,0.10531023970192532,0.3735483597428073,0.15234931181775035,True,24.99,18.99,beige/cream|clear|metallic|navy,1.3617021276595744,0.6954314720812182,60.0,0.32432432432432434,0.5405405405405406,0.19444444444444445,0.9444444444444444,0.8108108108108109,45.73198198198198,39.294294294294296,False,False,False,False,Not listed,29.166666666666668,0.025679012345679014,False,,Method 1: safe share 7% (< 10%); 93% substitute/undercut (≥ 70%) · Method 2: share gap not credible (3% < 90%); ACR 70% (≥ 50%): cheaper or same-look Staples twins,safe share 7% (< 10%); 93% substitute/undercut (≥ 70%),share gap not credible (3% < 90%); ACR 70% (≥ 50%): cheaper or same-look Staples twins,0.0,0.0,,Insulated lunch bag/tote lunch bag / box (Type: lunch bag/tote · Insulated: yes · Leak-proof: not stated · Vibe: plain)
"Bags, Backpacks & Luggage > Totes & Handbags > Lunch Bags & Boxes :: lunch_type=lunch bag/tote · insulated=yes · leakproof=yes · vibe=cute/kawaii","Bags, Backpacks & Luggage > Totes & Handbags > Lunch Bags & Boxes","Bags, Backpacks & Luggage > Totes & Handbags",amazon,4,"{""lunch_type"": ""lunch bag/tote"", ""insulated"": ""yes"", ""leakproof"": ""yes"", ""vibe"": ""cute/kawaii""}",Insulated lunch bag/tote lunch bag / box,Type: lunch bag/tote · Insulated: yes · Leak-proof: yes · Vibe: cute/kawaii,0,19,True,0.6653462403989732,66.44028103044496,0.6666666666666666,68.15946960449219,0.5998399359743898,19.0,15.0,0.7894736842105263,0.7894736842105263,1.0,0.0,0.0,0.0,0.0,0.7894736842105263,0.21052631578947367,0.0,0.0,0.0,0.0,0.0,0.8108108108108109,0.9324324324324325,25.386257984546013,True,True,0.0,0.010620458356623811,1.9387818500796905,0.98775,True,True,0.5565968969285138,-1.0,0.23925393023482955,0.15033708022455916,0.1960132890365449,False,,14.99,beige/cream|black|blue|brown/wood|multi/pattern|red/pink|white|yellow/orange,,0.0,19.0,0.918918918918919,0.8378378378378378,0.75,0.3611111111111111,0.8513513513513513,78.35585585585585,85.13513513513514,True,True,True,True,Strong,95.83333333333333,0.032266458495966696,True,1.0,,,,0.999,1.0,0.3866666666666665,Insulated lunch bag/tote lunch bag / box (Type: lunch bag/tote · Insulated: yes · Leak-proof: yes · Vibe: cute/kawaii)
"Bags, Backpacks & Luggage > Totes & Handbags > Lunch Bags & Boxes :: lunch_type=lunch bag/tote · insulated=yes · leakproof=yes · vibe=other","Bags, Backpacks & Luggage > Totes & Handbags > Lunch Bags & Boxes","Bags, Backpacks & Luggage > Totes & Handbags",amazon,4,"{""lunch_type"": ""lunch bag/tote"", ""insulated"": ""yes"", ""leakproof"": ""yes"", ""vibe"": ""other""}",Insulated lunch bag/tote lunch bag / box,Type: lunch bag/tote · Insulated: yes · Leak-proof: yes · Vibe: other (mixed),0,15,False,0.43335266445225706,71.18266978922716,0.3333333333333333,68.15946960449219,0.7409557838320678,15.0,2.0,0.13333333333333333,0.13333333333333333,1.0,0.0,0.0,0.06666666666666667,0.0,0.06666666666666667,0.8666666666666667,0.0,0.0,0.0,0.0,0.0,0.5405405405405406,0.7567567567567568,20.568359892040096,False,False,0.0,0.008384572386808273,1.70920740843519,0.9741,True,True,0.4258228548373784,-1.0,0.3240935505135941,0.22037750008918777,-0.17085904129093496,False,,16.99,beige/cream|black|brown/wood|multi/pattern|white,,0.0,15.0,0.7837837837837838,0.6216216216216216,0.9444444444444444,0.7222222222222222,0.08108108108108109,66.08108108108107,63.48348348348347,True,False,False,False,Not listed,,,False,,includes a grouped “other (mixed)” value: not a nameable archetype,"passed, outside the top 10 by VOS","passed, outside the top 10 by TG",0.0,0.0,,Insulated lunch bag/tote lunch bag / box (Type: lunch bag/tote · Insulated: yes · Leak-proof: yes · Vibe: other (mixed))
"Bags, Backpacks & Luggage > Totes & Handbags > Lunch Bags & Boxes :: lunch_type=lunch bag/tote · insulated=yes · leakproof=yes · vibe=plain","Bags, Backpacks & Luggage > Totes & Handbags > Lunch Bags & Boxes","Bags, Backpacks & Luggage > Totes & Handbags",amazon,4,"{""lunch_type"": ""lunch bag/tote"", ""insulated"": ""yes"", ""leakproof"": ""yes"", ""vibe"": ""plain""}",Insulated lunch bag/tote lunch bag / box,Type: lunch bag/tote · Insulated: yes · Leak-proof: yes · Vibe: plain,0,158,True,0.6421421809251594,70.4215456674473,0.0,68.15946960449219,0.8034836980794997,158.0,0.0,0.0,0.0949367088607595,0.0,0.08227848101265822,0.0,0.0,0.0,0.0,0.9050632911392406,0.0,0.056962025316455694,0.02531645569620253,0.0,0.012658227848101266,0.7027027027027027,0.35135135135135137,19.59207348550526,False,False,0.0,0.08831749580771381,4.034121977827325,1.0,True,True,0.31989170041827547,-1.0,0.22792310182066408,0.2516413864472715,-0.014712861888941609,False,,19.97,beige/cream|black|blue|brown/wood|green|grey|multi/pattern|navy|purple|red/pink|white,,0.0,158.0,1.0,0.4864864864864865,0.6666666666666666,0.8055555555555556,0.4594594594594595,73.70495495495494,69.68468468468467,True,True,True,True,Gap-led,85.41666666666667,0.031009615384615385,True,4.0,,0 safe products (< 2),,0.999,0.993,0.26619000657462194,Insulated lunch bag/tote lunch bag / box (Type: lunch bag/tote · Insulated: yes · Leak-proof: yes · Vibe: plain)
"Bags, Backpacks & Luggage > Totes & Handbags > Lunch Bags & Boxes :: lunch_type=lunch box · insulated=no · leakproof=no · vibe=other","Bags, Backpacks & Luggage > Totes & Handbags > Lunch Bags & Boxes","Bags, Backpacks & Luggage > Totes & Handbags",amazon,4,"{""lunch_type"": ""lunch box"", ""insulated"": ""no"", ""leakproof"": ""no"", ""vibe"": ""other""}",Lunch box,Type: lunch box · Insulated: not stated · Leak-proof: not stated · Vibe: other (mixed),1,9,False,0.30083585868659074,60.37735849056604,0.5,78.30463409423828,0.7355785261753918,9.0,5.0,0.5555555555555556,1.0,0.5555555555555556,0.4444444444444444,0.0,0.1111111111111111,0.1111111111111111,0.3333333333333333,0.0,0.0,0.1111111111111111,0.3333333333333333,0.0,0.0,0.24324324324324326,0.8378378378378378,10.84878929484444,False,False,0.0031446540880503146,0.005030743432084964,0.12104689444837446,0.64105,False,False,0.18621742450433426,-1.0,0.22671804058235168,0.31145815347595296,-0.07261509254864734,False,29.99,22.49,blue|green|metallic|white,1.0,0.7777777777777778,2.0,0.5405405405405406,0.16216216216216217,0.6388888888888888,0.8888888888888888,0.2972972972972973,40.078828828828826,32.23723723723724,False,False,False,False,Not listed,,,False,,includes a grouped “other (mixed)” value: not a nameable archetype,"passed, outside the top 10 by VOS",share gap not credible (64% < 90%); ACR 78% (≥ 50%): cheaper or same-look Staples twins,0.0,0.0,,Lunch box (Type: lunch box · Insulated: not stated · Leak-proof: not stated · Vibe: other (mixed))
"Bags, Backpacks & Luggage > Totes & Handbags > Lunch Bags & Boxes :: lunch_type=lunch box · insulated=no · leakproof=no · vibe=plain","Bags, Backpacks & Luggage > Totes & Handbags > Lunch Bags & Boxes","Bags, Backpacks & Luggage > Totes & Handbags",amazon,4,"{""lunch_type"": ""lunch box"", ""insulated"": ""no"", ""leakproof"": ""no"", ""vibe"": ""plain""}",Lunch box,Type: lunch box · Insulated: not stated · Leak-proof: not stated · Vibe: plain,7,32,True,0.4062649131745309,58.738750681218974,0.0,73.99260711669922,0.7305750994187825,32.0,1.0,0.03125,0.53125,0.058823529411764705,0.46875,0.0,0.0,0.0,0.03125,0.46875,0.0,0.15625,0.3125,0.0,0.03125,0.43243243243243246,0.35135135135135137,11.928256532578713,False,False,0.0220125786163522,0.017887087758524316,-0.25844272725652906,0.28945,False,False,0.509086347500223,-1.0,0.16782783012626812,0.2601520873402429,0.046037019458946365,True,32.69,21.96,beige/cream|black|green|metallic|navy|red/pink,1.0,0.625,12.0,0.40540540540540543,0.7837837837837838,0.3611111111111111,0.8333333333333334,0.6756756756756757,50.82207207207207,47.42492492492493,False,False,False,False,Not listed,45.833333333333336,0.027106227106227107,False,,Method 1: 1 safe products (< 2) · Method 2: share gap not credible (29% < 90%); ACR 62% (≥ 50%): cheaper or same-look Staples twins,1 safe products (< 2),share gap not credible (29% < 90%); ACR 62% (≥ 50%): cheaper or same-look Staples twins,0.0,0.0,,Lunch box (Type: lunch box · Insulated: not stated · Leak-proof: not stated · Vibe: plain)
"Bags, Backpacks & Luggage > Totes & Handbags > Lunch Bags & Boxes :: lunch_type=lunch box · insulated=no · leakproof=yes · vibe=plain","Bags, Backpacks & Luggage > Totes & Handbags > Lunch Bags & Boxes","Bags, Backpacks & Luggage > Totes & Handbags",amazon,4,"{""lunch_type"": ""lunch box"", ""insulated"": ""no"", ""leakproof"": ""yes"", ""vibe"": ""plain""}",Lunch box,Type: lunch box · Insulated: not stated · Leak-proof: yes · Vibe: plain,7,30,True,0.4375384554840209,66.92484865891917,0.0,69.98313903808594,0.7338635668400122,30.0,0.0,0.0,0.4,0.0,0.4,0.0,0.0,0.0,0.0,0.6,0.0,0.13333333333333333,0.26666666666666666,0.0,0.0,0.5675675675675675,0.35135135135135137,16.329706339824632,False,False,0.0220125786163522,0.016769144773616546,-0.321956132978855,0.25065,False,False,0.37966410644088094,-1.0,0.08199581684687388,0.18250959814896595,0.018509729473184633,True,29.99,20.665,beige/cream|clear|metallic,2.0,0.3,21.0,0.2972972972972973,0.5675675675675675,0.05555555555555555,0.5277777777777778,0.5405405405405406,33.41216216216216,31.313813813813812,False,False,False,False,Not listed,39.58333333333333,0.026631393298059962,False,,Method 1: 0 safe products (< 2) · Method 2: share gap not credible (25% < 90%),0 safe products (< 2),share gap not credible (25% < 90%),0.0,0.0,,Lunch box (Type: lunch box · Insulated: not stated · Leak-proof: yes · Vibe: plain)
"Bags, Backpacks & Luggage > Totes & Handbags > Lunch Bags & Boxes :: lunch_type=lunch box · insulated=yes · leakproof=no · vibe=other","Bags, Backpacks & Luggage > Totes & Handbags > Lunch Bags & Boxes","Bags, Backpacks & Luggage > Totes & Handbags",amazon,4,"{""lunch_type"": ""lunch box"", ""insulated"": ""yes"", ""leakproof"": ""no"", ""vibe"": ""other""}",Insulated lunch box,Type: lunch box · Insulated: yes · Leak-proof: not stated · Vibe: other (mixed),1,10,False,0.7072095435684648,73.16593757824812,0.5,78.16950988769531,0.5764759865402264,10.0,3.0,0.3,0.9,0.3333333333333333,0.6,0.0,0.3,0.0,0.0,0.1,0.0,0.0,0.6,0.0,0.0,0.8918918918918919,0.8378378378378378,18.12604419647256,False,False,0.0031446540880503146,0.005589714924538848,0.22113035300535713,0.68865,False,False,0.34073615037392374,-1.0,0.06907387637606126,0.22941505015382443,-0.08329378262933079,False,16.39,18.845,multi/pattern|red/pink,1.0,0.3,7.0,0.5675675675675675,0.5135135135135135,0.027777777777777776,0.75,0.2702702702702703,35.92342342342343,28.73123123123123,False,False,False,False,Not listed,,,False,,includes a grouped “other (mixed)” value: not a nameable archetype,"passed, outside the top 10 by VOS",share gap not credible (69% < 90%),0.0,0.0,,Insulated lunch box (Type: lunch box · Insulated: yes · Leak-proof: not stated · Vibe: other (mixed))
"Bags, Backpacks & Luggage > Totes & Handbags > Lunch Bags & Boxes :: lunch_type=lunch box · insulated=yes · leakproof=no · vibe=plain","Bags, Backpacks & Luggage > Totes & Handbags > Lunch Bags & Boxes","Bags, Backpacks & Luggage > Totes & Handbags",amazon,4,"{""lunch_type"": ""lunch box"", ""insulated"": ""yes"", ""leakproof"": ""no"", ""vibe"": ""plain""}",Insulated lunch box,Type: lunch box · Insulated: yes · Leak-proof: not stated · Vibe: plain,3,29,True,0.4117840502278274,73.39622641509433,0.0,78.16950988769531,0.7644539614561028,29.0,1.0,0.034482758620689655,0.6896551724137931,0.05,0.6551724137931034,0.0,0.034482758620689655,0.0,0.0,0.3103448275862069,0.0,0.20689655172413793,0.4482758620689655,0.0,0.0,0.4864864864864865,0.35135135135135137,11.503477130366614,False,False,0.009433962264150943,0.01621017328116266,0.40684749880045,0.82065,False,False,0.22829009245595439,1.0,0.18216942224777455,0.41231153579596025,-0.0393925011865211,True,20.49,24.99,black|green|red/pink,1.3333333333333333,0.3793103448275862,18.0,0.5945945945945946,0.2972972972972973,0.4722222222222222,1.0,0.43243243243243246,44.92117117117117,35.930930930930934,False,False,False,False,Not listed,29.166666666666668,0.025657894736842105,False,,Method 1: 1 safe products (< 2) · Method 2: share gap not credible (82% < 90%),1 safe products (< 2),share gap not credible (82% < 90%),0.0,0.0,,Insulated lunch box (Type: lunch box · Insulated: yes · Leak-proof: not stated · Vibe: plain)
"Bags, Backpacks & Luggage > Totes & Handbags > Lunch Bags & Boxes :: lunch_type=lunch box · insulated=yes · leakproof=yes · vibe=plain","Bags, Backpacks & Luggage > Totes & Handbags > Lunch Bags & Boxes","Bags, Backpacks & Luggage > Totes & Handbags",amazon,4,"{""lunch_type"": ""lunch box"", ""insulated"": ""yes"", ""leakproof"": ""yes"", ""vibe"": ""plain""}",Insulated lunch box,Type: lunch box · Insulated: yes · Leak-proof: yes · Vibe: plain,0,19,True,0.5673483244138928,69.30007511820068,0.0,67.97577667236328,0.959983993597439,19.0,0.0,0.0,0.05263157894736842,0.0,0.0,0.0,0.0,0.0,0.0,0.9473684210526315,0.0,0.0,0.0,0.0,0.05263157894736842,0.6216216216216216,0.35135135135135137,18.428909118401755,False,False,0.0,0.010620458356623811,1.9387818500796905,0.98745,True,True,0.16582582293797152,0.0,0.22102239827517822,0.2071433786033895,-0.1570953962980541,False,,24.99,beige/cream|black|blue|clear|green|metallic|red/pink,,0.0,19.0,0.918918918918919,0.08108108108108109,0.6111111111111112,0.6388888888888888,0.10810810810810811,54.155405405405396,48.573573573573576,True,True,True,True,Gap-led,70.83333333333334,0.029411764705882353,True,6.0,,0 safe products (< 2),,0.181,0.0,0.25308641975308643,Insulated lunch box (Type: lunch box · Insulated: yes · Leak-proof: yes · Vibe: plain)
"Bags, Backpacks & Luggage > Totes & Handbags > Lunch Bags & Boxes :: lunch_type=other · insulated=no · leakproof=no · vibe=plain","Bags, Backpacks & Luggage > Totes & Handbags > Lunch Bags & Boxes","Bags, Backpacks & Luggage > Totes & Handbags",amazon,4,"{""lunch_type"": ""other"", ""insulated"": ""no"", ""leakproof"": ""no"", ""vibe"": ""plain""}",Lunch bag / box,Type: other (mixed) · Insulated: not stated · Leak-proof: not stated · Vibe: plain,9,10,False,0.1923064067028305,24.528301886792452,0.0,78.30458068847656,1.8898999090081892,10.0,2.0,0.2,1.0,0.2,0.0,0.0,0.0,0.2,0.0,0.0,0.0,0.0,0.0,0.8,0.0,0.08108108108108109,0.35135135135135137,4.293723730138829,False,False,0.02830188679245283,0.005589714924538848,-1.6246963374929737,0.0003,False,False,0.7149568015220028,1.0,0.10731972661191105,0.24132315760618595,-0.048884670147128606,True,9.99,20.77,clear|green|purple|red/pink,1.0,0.0,10.0,0.08108108108108109,0.918918918918919,0.2222222222222222,0.7777777777777778,0.40540540540540543,40.87837837837838,36.94444444444444,False,False,False,False,Not listed,,,False,,includes a grouped “other (mixed)” value: not a nameable archetype,"passed, outside the top 10 by VOS",share gap not credible (0% < 90%),0.0,0.0,,Lunch bag / box (Type: other (mixed) · Insulated: not stated · Leak-proof: not stated · Vibe: plain)
"Bags, Backpacks & Luggage > Totes & Handbags > Lunch Bags & Boxes :: lunch_type=other · insulated=yes · leakproof=no · vibe=plain","Bags, Backpacks & Luggage > Totes & Handbags > Lunch Bags & Boxes","Bags, Backpacks & Luggage > Totes & Handbags",amazon,4,"{""lunch_type"": ""other"", ""insulated"": ""yes"", ""leakproof"": ""no"", ""vibe"": ""plain""}",Insulated lunch bag / box,Type: other (mixed) · Insulated: yes · Leak-proof: not stated · Vibe: plain,3,16,False,0.23969347732676688,24.528301886792452,0.0,73.30455017089844,1.9099181073703364,16.0,0.0,0.0,0.9375,0.0,0.0625,0.0,0.0,0.0,0.0,0.0625,0.0,0.0625,0.0,0.875,0.0,0.13513513513513514,0.35135135135135137,5.932624699399521,False,False,0.009433962264150943,0.008943543879262158,-0.17418238363878913,0.4375,False,False,0.7156715340795061,1.0,0.37708427091964203,0.1973157669819946,0.03773137161841483,True,10.99,20.99,black|blue|red/pink|white,1.0,0.0,16.0,0.43243243243243246,0.9459459459459459,0.9722222222222222,0.6111111111111112,0.6216216216216216,59.560810810810814,63.0930930930931,False,False,False,False,Not listed,,,False,,includes a grouped “other (mixed)” value: not a nameable archetype,0 safe products (< 2),share gap not credible (44% < 90%),0.0,0.0,,Insulated lunch bag / box (Type: other (mixed) · Insulated: yes · Leak-proof: not stated · Vibe: plain)
"Bags, Backpacks & Luggage > Totes & Handbags > Lunch Bags & Boxes :: lunch_type=other · insulated=yes · leakproof=yes · vibe=plain","Bags, Backpacks & Luggage > Totes & Handbags > Lunch Bags & Boxes","Bags, Backpacks & Luggage > Totes & Handbags",amazon,4,"{""lunch_type"": ""other"", ""insulated"": ""yes"", ""leakproof"": ""yes"", ""vibe"": ""plain""}",Insulated lunch bag / box,Type: other (mixed) · Insulated: yes · Leak-proof: yes · Vibe: plain,0,19,False,0.3311747223694946,38.75937136376357,0.0,58.13832092285156,2.51410373066424,19.0,0.0,0.0,0.21052631578947367,0.0,0.0,0.0,0.0,0.0,0.0,0.7894736842105263,0.0,0.0,0.0,0.21052631578947367,0.0,0.35135135135135137,0.35135135135135137,15.163307355300551,False,False,0.0,0.010620458356623811,1.9387818500796905,0.9876,True,True,0.14006954351190448,1.0,0.20758732294640567,0.13585295578387138,-0.2059800664451827,False,,27.63,black|blue|clear|grey|purple|red/pink,,0.0,19.0,0.918918918918919,0.0,0.5833333333333334,0.2777777777777778,0.05405405405405406,45.88963963963965,44.90990990990991,True,False,False,False,Not listed,,,False,,includes a grouped “other (mixed)” value: not a nameable archetype,0 safe products (< 2),"passed, outside the top 10 by TG",0.0,0.0,,Insulated lunch bag / box (Type: other (mixed) · Insulated: yes · Leak-proof: yes · Vibe: plain)
"Bags, Backpacks & Luggage > Totes & Handbags > Lunch Bags & Boxes :: lunch_type=lunch bag/tote · insulated=no · leakproof=no · vibe=plain · audience=adult/work","Bags, Backpacks & Luggage > Totes & Handbags > Lunch Bags & Boxes","Bags, Backpacks & Luggage > Totes & Handbags",amazon,5,"{""lunch_type"": ""lunch bag/tote"", ""insulated"": ""no"", ""leakproof"": ""no"", ""vibe"": ""plain"", ""audience"": ""adult/work""}",Adult/work lunch bag/tote lunch bag / box,Type: lunch bag/tote · Insulated: not stated · Leak-proof: not stated · Vibe: plain · Audience: adult/work,3,10,True,0.6072095435684648,73.56347487958993,0.5,78.30465698242188,0.6665431641348647,10.0,3.0,0.3,0.9,0.3333333333333333,0.6,0.0,0.3,0.0,0.0,0.1,0.0,0.0,0.6,0.0,0.0,0.6486486486486487,0.8378378378378378,15.664944003126985,True,True,0.009433962264150943,0.005589714924538848,-0.6261675073818463,0.2017,False,False,0.22199711305100128,-1.0,0.3041653547373846,0.19132006696108372,0.09468438538205981,True,19.99,17.99,brown/wood|clear,1.0,0.9,1.0,0.24324324324324326,0.24324324324324326,0.8611111111111112,0.5833333333333334,0.7297297297297297,41.734234234234236,42.154654654654664,False,False,False,True,Vector-led,41.666666666666664,0.026709401709401708,False,,passed a method gate but outside the node's top 10,,share gap not credible (20% < 90%); ACR 90% (≥ 50%): cheaper or same-look Staples twins; 1 non-cannibalising products (< 2),0.027,0.002,,Adult/work lunch bag/tote lunch bag / box (Type: lunch bag/tote · Insulated: not stated · Leak-proof: not stated · Vibe: plain · Audience: adult/work)
"Bags, Backpacks & Luggage > Totes & Handbags > Lunch Bags & Boxes :: lunch_type=lunch bag/tote · insulated=no · leakproof=no · vibe=plain · audience=general","Bags, Backpacks & Luggage > Totes & Handbags > Lunch Bags & Boxes","Bags, Backpacks & Luggage > Totes & Handbags",amazon,5,"{""lunch_type"": ""lunch bag/tote"", ""insulated"": ""no"", ""leakproof"": ""no"", ""vibe"": ""plain"", ""audience"": ""general""}",Lunch bag/tote lunch bag / box,Type: lunch bag/tote · Insulated: not stated · Leak-proof: not stated · Vibe: plain · Audience: general,13,13,True,0.07692307692307693,77.73584905660378,0.0,78.30465698242188,1.0,13.0,2.0,0.15384615384615385,1.0,0.15384615384615385,0.6923076923076923,0.0,0.15384615384615385,0.0,0.0,0.0,0.0,0.38461538461538464,0.3076923076923077,0.0,0.15384615384615385,0.05405405405405406,0.35135135135135137,7.49291431183842,True,True,0.040880503144654086,0.0072666294019005035,-1.724779796049956,0.0,False,False,1.1233627201082703,-1.0,0.19651812511373606,0.13451633662931273,0.06691979117228286,True,130.39,26.99,beige/cream,1.0769230769230769,0.6923076923076923,4.0,0.05405405405405406,1.0,0.5277777777777778,0.2222222222222222,0.7027027027027027,42.73648648648649,50.55555555555556,False,False,False,True,Vector-led,20.833333333333332,0.025035205758097326,False,,passed a method gate but outside the node's top 10,,share gap not credible (0% < 90%); ACR 69% (≥ 50%): cheaper or same-look Staples twins,0.053,0.0,,Lunch bag/tote lunch bag / box (Type: lunch bag/tote · Insulated: not stated · Leak-proof: not stated · Vibe: plain · Audience: general)
"Bags, Backpacks & Luggage > Totes & Handbags > Lunch Bags & Boxes :: lunch_type=lunch bag/tote · insulated=no · leakproof=no · vibe=plain · audience=other","Bags, Backpacks & Luggage > Totes & Handbags > Lunch Bags & Boxes","Bags, Backpacks & Luggage > Totes & Handbags",amazon,5,"{""lunch_type"": ""lunch bag/tote"", ""insulated"": ""no"", ""leakproof"": ""no"", ""vibe"": ""plain"", ""audience"": ""other""}",Lunch bag/tote lunch bag / box,Type: lunch bag/tote · Insulated: not stated · Leak-proof: not stated · Vibe: plain · Audience: other (mixed),0,16,False,0.33916840249959945,72.50946342038208,0.0,78.30465698242188,0.5739162652834384,16.0,0.0,0.0,1.0,0.0,1.0,0.0,0.0,0.0,0.0,0.0,0.0,0.4375,0.5625,0.0,0.0,0.3783783783783784,0.35135135135135137,10.319096983800712,False,False,0.0,0.008943543879262158,1.7717277654165242,0.97955,True,True,0.40591615942384957,-1.0,0.3216750721284096,0.16015406814455263,-0.08756525866160414,False,,15.49,black|blue|clear|grey,,0.5625,7.0,0.8378378378378378,0.5945945945945946,0.9166666666666666,0.4166666666666667,0.24324324324324326,64.86486486486486,67.38738738738739,True,False,False,False,Not listed,,,False,,includes a grouped “other (mixed)” value: not a nameable archetype,0 safe products (< 2); 100% substitute/undercut (≥ 70%),ACR 56% (≥ 50%): cheaper or same-look Staples twins,0.0,0.0,,Lunch bag/tote lunch bag / box (Type: lunch bag/tote · Insulated: not stated · Leak-proof: not stated · Vibe: plain · Audience: other (mixed))
"Bags, Backpacks & Luggage > Totes & Handbags > Lunch Bags & Boxes :: long tail","Bags, Backpacks & Luggage > Totes & Handbags > Lunch Bags & Boxes","Bags, Backpacks & Luggage > Totes & Handbags",amazon,0,{},Long tail,not in any 4-attribute combination with enough families,27,96,False,0.4548246666459585,59.43528787945738,0.08333333333333334,68.16950988769531,0.9633197727240279,96.0,24.0,0.25,0.5625,0.4444444444444444,0.21875,0.0,0.11458333333333333,0.03125,0.10416666666666667,0.4375,0.0,0.052083333333333336,0.16666666666666666,0.08333333333333333,0.010416666666666666,0.5945945945945946,0.7297297297297297,19.999283580044263,False,False,0.08490566037735849,0.05366126327557295,-0.46942279237754164,0.01685,False,False,0.23916846092435193,1.0,0.09386061046124344,0.08056313995914033,-0.07024205030849562,True,18.29,23.64,brown/wood|clear|metallic|navy,1.4074074074074074,0.28125,69.0,0.2702702702702703,0.35135135135135137,0.1388888888888889,0.05555555555555555,0.35135135135135137,19.943693693693692,23.31831831831832,False,False,False,False,Not listed,,,False,,long tail: not in any supported 4-attribute combination,"passed, outside the top 10 by VOS",share gap not credible (2% < 90%),0.0,0.0,,Long tail (not in any 4-attribute combination with enough families)
Furniture > Decor > Clocks & Timers :: material_class=glass/mirror · clock_type=alarm · silent=no · theme=none,Furniture > Decor > Clocks & Timers,Furniture > Decor,wayfair,4,"{""material_class"": ""glass/mirror"", ""clock_type"": ""alarm"", ""silent"": ""no"", ""theme"": ""none""}",Glass/mirror alarm clock,Material: glass/mirror · Type: alarm · Silent: not stated · Theme: none,1,34,True,0.7647058823529411,40.689655172413794,0.6666666666666666,85.9544448852539,2.221178263077704,34.0,24.0,0.7058823529411765,1.0,0.7058823529411765,0.29411764705882354,0.0,0.5,0.20588235294117646,0.0,0.0,0.0,0.23529411764705882,0.058823529411764705,0.0,0.0,0.5333333333333333,0.8166666666666667,7.953093779772175,True,False,0.005747126436781609,0.013147718484145398,0.4420260076666345,0.7885,False,False,0.27680694153611723,1.0,0.03913509860478262,0.49485564266295246,-0.25471014492753624,False,52.59,46.49,black|blue|brown/wood|clear|grey|metallic|red/pink,1.0,0.08823529411764706,31.0,0.43333333333333335,0.16666666666666666,0.16666666666666666,0.8,0.06666666666666667,26.416666666666664,16.416666666666664,False,False,False,True,Not listed,40.38461538461539,0.026171741361614778,False,,"Method 1: passed, outside the top 10 by VOS · Method 2: share gap not credible (79% < 90%)","passed, outside the top 10 by VOS",share gap not credible (79% < 90%),0.0,0.0,,Glass/mirror alarm clock (Material: glass/mirror · Type: alarm · Silent: not stated · Theme: none)
Furniture > Decor > Clocks & Timers :: material_class=glass/mirror · clock_type=alarm · silent=yes · theme=none,Furniture > Decor > Clocks & Timers,Furniture > Decor,wayfair,4,"{""material_class"": ""glass/mirror"", ""clock_type"": ""alarm"", ""silent"": ""yes"", ""theme"": ""none""}",Glass/mirror alarm clock,Material: glass/mirror · Type: alarm · Silent: yes · Theme: none,0,14,True,0.8571428571428571,40.0,0.6666666666666666,85.806884765625,1.6500761808024378,14.0,10.0,0.7142857142857143,0.9285714285714286,0.7692307692307693,0.21428571428571427,0.0,0.21428571428571427,0.5,0.0,0.07142857142857142,0.0,0.14285714285714285,0.07142857142857142,0.0,0.0,0.6666666666666666,0.8166666666666667,8.858869425455728,True,True,0.0,0.005413766434648105,0.6738276217239589,0.82625,True,True,0.17648222569512764,1.0,0.019648672057593606,0.4100055196634381,-0.27807971014492755,False,,46.49,black|clear|metallic|red/pink|white,,0.0,14.0,0.55,0.03333333333333333,0.03333333333333333,0.6666666666666666,0.0,20.791666666666668,11.125,True,True,False,True,Vector-led,40.38461538461539,0.026397515527950312,False,,passed a method gate but outside the node's top 10,,"passed, outside the top 10 by TG",0.0,0.0,,Glass/mirror alarm clock (Material: glass/mirror · Type: alarm · Silent: yes · Theme: none)
Furniture > Decor > Clocks & Timers :: material_class=glass/mirror · clock_type=mantel/tabletop · silent=no · theme=none,Furniture > Decor > Clocks & Timers,Furniture > Decor,wayfair,4,"{""material_class"": ""glass/mirror"", ""clock_type"": ""mantel/tabletop"", ""silent"": ""no"", ""theme"": ""none""}",Glass/mirror tabletop clock,Material: glass/mirror · Type: mantel/tabletop · Silent: not stated · Theme: none,0,20,True,0.30046189376443416,38.275862068965516,0.0,77.88632202148438,2.093531875290833,20.0,9.0,0.45,1.0,0.45,0.5,0.0,0.05,0.4,0.0,0.0,0.0,0.5,0.0,0.05,0.0,0.1,0.03333333333333333,3.7186564232837185,True,False,0.0,0.007733952049497293,1.0201038584417927,0.8948,True,True,0.6621853730000413,1.0,0.0864694033031087,0.46507864140365784,0.4248188405797102,False,,47.99,beige/cream|black|brown/wood|grey|metallic|white,,0.1,18.0,0.7333333333333333,0.36666666666666664,0.43333333333333335,0.7333333333333333,0.8,49.666666666666664,46.666666666666664,True,True,False,True,Not listed,36.53846153846154,0.025859192525859193,False,,"Method 1: passed, outside the top 10 by VOS · Method 2: passed, outside the top 10 by TG","passed, outside the top 10 by VOS","passed, outside the top 10 by TG",0.0,0.0,,Glass/mirror tabletop clock (Material: glass/mirror · Type: mantel/tabletop · Silent: not stated · Theme: none)
Furniture > Decor > Clocks & Timers :: material_class=glass/mirror · clock_type=wall · silent=no · theme=none,Furniture > Decor > Clocks & Timers,Furniture > Decor,wayfair,4,"{""material_class"": ""glass/mirror"", ""clock_type"": ""wall"", ""silent"": ""no"", ""theme"": ""none""}",Glass/mirror wall clock,Material: glass/mirror · Type: wall · Silent: not stated · Theme: none,1,28,True,0.7142857142857143,40.689655172413794,0.5833333333333333,87.64574432373047,2.759053954175905,28.0,24.0,0.8571428571428571,1.0,0.8571428571428571,0.10714285714285714,0.0,0.2857142857142857,0.5714285714285714,0.0,0.0,0.0,0.07142857142857142,0.03571428571428571,0.03571428571428571,0.0,0.4666666666666667,0.7333333333333333,6.36741177613708,True,False,0.005747126436781609,0.01082753286929621,0.2509707709039253,0.7133,False,False,0.9697411874372891,1.0,0.14297523490030475,0.5871139773508083,0.4451086956521739,False,53.49,109.49,beige/cream|black|brown/wood|grey|metallic|multi/pattern|white,1.0,0.25,21.0,0.36666666666666664,0.5666666666666667,0.6,0.9,0.8333333333333334,52.75,49.25,False,False,False,True,Not listed,51.92307692307692,0.027364110201042444,False,,"Method 1: passed, outside the top 10 by VOS · Method 2: share gap not credible (71% < 90%)","passed, outside the top 10 by VOS",share gap not credible (71% < 90%),0.009,0.0,,Glass/mirror wall clock (Material: glass/mirror · Type: wall · Silent: not stated · Theme: none)
Furniture > Decor > Clocks & Timers :: material_class=glass/mirror · clock_type=wall · silent=yes · theme=nature/animals,Furniture > Decor > Clocks & Timers,Furniture > Decor,wayfair,4,"{""material_class"": ""glass/mirror"", ""clock_type"": ""wall"", ""silent"": ""yes"", ""theme"": ""nature/animals""}",Nature/animals glass/mirror wall clock,Material: glass/mirror · Type: wall · Silent: yes · Theme: nature/animals,0,47,True,1.0,81.60017766292498,0.8333333333333334,67.88628387451172,0.8944354983002326,47.0,44.0,0.9361702127659575,0.9361702127659575,1.0,0.0,0.0,0.3617021276595745,0.0,0.574468085106383,0.06382978723404255,0.0,0.0,0.0,0.0,0.0,0.9333333333333333,0.95,28.97622317627829,True,True,0.0,0.01817478731631864,1.8604086833380258,0.9872,True,True,0.46104684464838225,1.0,0.468075546008455,0.6951671635544515,0.22264492753623188,False,,49.99,black|blue|brown/wood|green|multi/pattern|purple|red/pink|white|yellow/orange,,0.19148936170212766,38.0,0.9,0.23333333333333334,0.9666666666666667,1.0,0.6,74.66666666666667,68.66666666666667,True,True,True,True,Strong,94.23076923076923,0.032018442622950824,True,1.0,,,,0.954,1.0,0.2669753086419753,Nature/animals glass/mirror wall clock (Material: glass/mirror · Type: wall · Silent: yes · Theme: nature/animals)
Furniture > Decor > Clocks & Timers :: material_class=glass/mirror · clock_type=wall · silent=yes · theme=none,Furniture > Decor > Clocks & Timers,Furniture > Decor,wayfair,4,"{""material_class"": ""glass/mirror"", ""clock_type"": ""wall"", ""silent"": ""yes"", ""theme"": ""none""}",Glass/mirror wall clock,Material: glass/mirror · Type: wall · Silent: yes · Theme: none,0,119,True,0.8341175358051839,81.60017766292498,0.8333333333333334,67.88628387451172,1.3954195741635353,119.0,95.0,0.7983193277310925,0.8571428571428571,0.9313725490196079,0.058823529411764705,0.0,0.11764705882352941,0.08403361344537816,0.5966386554621849,0.14285714285714285,0.0,0.01680672268907563,0.04201680672268908,0.0,0.0,0.6333333333333333,0.95,24.640871499337372,True,True,0.0,0.0460170146945089,2.7829953436689956,1.0,True,True,0.5651224845399213,1.0,0.0806123975514666,0.6389564586189029,0.10235507246376813,False,,77.99,black|blue|brown/wood|clear|green|grey|metallic|multi/pattern|purple|red/pink|white|yellow/orange,,0.12605042016806722,104.0,0.9666666666666667,0.26666666666666666,0.4,0.9333333333333333,0.36666666666666664,64.66666666666667,55.833333333333336,True,True,True,True,Strong,86.53846153846155,0.031024531024531024,True,2.0,,,,0.058,1.0,0.23012345679012344,Glass/mirror wall clock (Material: glass/mirror · Type: wall · Silent: yes · Theme: none)
Furniture > Decor > Clocks & Timers :: material_class=metal · clock_type=alarm · silent=no · theme=none,Furniture > Decor > Clocks & Timers,Furniture > Decor,wayfair,4,"{""material_class"": ""metal"", ""clock_type"": ""alarm"", ""silent"": ""no"", ""theme"": ""none""}",Metal alarm clock,Material: metal · Type: alarm · Silent: not stated · Theme: none,0,18,True,0.6111111111111112,40.689655172413794,0.6333333333333333,85.9544448852539,1.3932851762443748,18.0,11.0,0.6111111111111112,1.0,0.6111111111111112,0.3888888888888889,0.0,0.5555555555555556,0.05555555555555555,0.0,0.0,0.0,0.2222222222222222,0.16666666666666666,0.0,0.0,0.36666666666666664,0.7666666666666667,6.724107707231891,True,False,0.0,0.0069605568445475635,0.9174497043817095,0.8755,True,True,0.1816211257504859,1.0,0.062305156887708754,0.2328912854078195,-0.263768115942029,False,,43.99,black|clear|green|grey|metallic|multi/pattern|white|yellow/orange,,0.05555555555555555,17.0,0.6666666666666666,0.1,0.3,0.26666666666666666,0.03333333333333333,22.666666666666664,20.833333333333332,True,True,False,True,Not listed,26.923076923076927,0.025035205758097326,False,,"Method 1: passed, outside the top 10 by VOS · Method 2: passed, outside the top 10 by TG","passed, outside the top 10 by VOS","passed, outside the top 10 by TG",0.0,0.0,,Metal alarm clock (Material: metal · Type: alarm · Silent: not stated · Theme: none)
Furniture > Decor > Clocks & Timers :: material_class=metal · clock_type=mantel/tabletop · silent=no · theme=none,Furniture > Decor > Clocks & Timers,Furniture > Decor,wayfair,4,"{""material_class"": ""metal"", ""clock_type"": ""mantel/tabletop"", ""silent"": ""no"", ""theme"": ""none""}",Metal tabletop clock,Material: metal · Type: mantel/tabletop · Silent: not stated · Theme: none,3,22,True,0.18528806556310232,38.275862068965516,0.0,86.34367370605469,2.116798510935319,22.0,12.0,0.5454545454545454,1.0,0.5454545454545454,0.4090909090909091,0.0,0.045454545454545456,0.5,0.0,0.0,0.0,0.4090909090909091,0.0,0.045454545454545456,0.0,0.0,0.03333333333333333,1.681925703903724,True,False,0.017241379310344827,0.008507347254447023,-0.8327158675475087,0.12405,False,False,1.9091036272911075,1.0,0.02359958133696915,0.08116288364128012,0.04420289855072468,True,10.89,55.49,black|grey|multi/pattern|red/pink,1.0,0.0,22.0,0.1,0.9333333333333333,0.06666666666666667,0.06666666666666667,0.2,25.416666666666664,30.41666666666667,False,False,False,True,Not listed,13.461538461538462,0.02399425287356322,False,,"Method 1: passed, outside the top 10 by VOS · Method 2: share gap not credible (12% < 90%)","passed, outside the top 10 by VOS",share gap not credible (12% < 90%),0.0,0.0,,Metal tabletop clock (Material: metal · Type: mantel/tabletop · Silent: not stated · Theme: none)
Furniture > Decor > Clocks & Timers :: material_class=metal · clock_type=mantel/tabletop · silent=no · theme=vintage/ornate,Furniture > Decor > Clocks & Timers,Furniture > Decor,wayfair,4,"{""material_class"": ""metal"", ""clock_type"": ""mantel/tabletop"", ""silent"": ""no"", ""theme"": ""vintage/ornate""}",Vintage/ornate metal tabletop clock,Material: metal · Type: mantel/tabletop · Silent: not stated · Theme: vintage/ornate,1,20,True,0.35,38.275862068965516,0.3625,87.88632202148438,1.9796402744024155,20.0,8.0,0.4,1.0,0.4,0.45,0.0,0.15,0.25,0.0,0.0,0.0,0.45,0.0,0.15,0.0,0.16666666666666666,0.26666666666666666,3.1070887826503,True,False,0.005747126436781609,0.007733952049497293,-0.07850843022631693,0.5662,False,False,0.21551743089292866,1.0,0.017937782792428664,0.31404114619443446,0.4505434782608695,False,9.09,44.99,black|blue|brown/wood|metallic|yellow/orange,1.0,0.1,18.0,0.18333333333333332,0.13333333333333333,0.0,0.4,0.8666666666666667,24.875,23.875,False,False,False,True,Not listed,17.307692307692307,0.024250440917107582,False,,"Method 1: passed, outside the top 10 by VOS · Method 2: share gap not credible (57% < 90%)","passed, outside the top 10 by VOS",share gap not credible (57% < 90%),0.0,0.0,,Vintage/ornate metal tabletop clock (Material: metal · Type: mantel/tabletop · Silent: not stated · Theme: vintage/ornate)
Furniture > Decor > Clocks & Timers :: material_class=metal · clock_type=pendulum · silent=yes · theme=none,Furniture > Decor > Clocks & Timers,Furniture > Decor,wayfair,4,"{""material_class"": ""metal"", ""clock_type"": ""pendulum"", ""silent"": ""yes"", ""theme"": ""none""}",Metal pendulum clock,Material: metal · Type: pendulum · Silent: yes · Theme: none,0,16,True,1.0,19.96473660125441,0.5,69.45692443847656,2.760222521141924,16.0,1.0,0.0625,0.625,0.1,0.0,0.0,0.0,0.0,0.0625,0.375,0.0,0.0,0.0,0.5625,0.0,0.9333333333333333,0.5333333333333333,18.729855186443714,False,False,0.0,0.006187161639597835,0.8030393532039652,0.8567,True,True,1.2507239402764663,1.0,0.16061874598573395,0.36845596975884704,0.10163043478260869,False,,133.99,black|brown/wood|metallic|navy,,0.0,16.0,0.6166666666666667,0.7666666666666667,0.6333333333333333,0.4666666666666667,0.3333333333333333,47.62499999999999,49.291666666666664,True,True,False,True,Not listed,67.3076923076923,0.028958333333333336,False,,"Method 1: 1 safe products (< 2) · Method 2: passed, outside the top 10 by TG",1 safe products (< 2),"passed, outside the top 10 by TG",0.0,0.842,,Metal pendulum clock (Material: metal · Type: pendulum · Silent: yes · Theme: none)
Furniture > Decor > Clocks & Timers :: material_class=metal · clock_type=wall · silent=no · theme=nature/animals,Furniture > Decor > Clocks & Timers,Furniture > Decor,wayfair,4,"{""material_class"": ""metal"", ""clock_type"": ""wall"", ""silent"": ""no"", ""theme"": ""nature/animals""}",Nature/animals metal wall clock,Material: metal · Type: wall · Silent: not stated · Theme: nature/animals,0,179,True,0.9556821204865898,60.0,0.5,87.64574432373047,3.2025129342202514,179.0,152.0,0.8491620111731844,1.0,0.8491620111731844,0.15083798882681565,0.0,0.15083798882681565,0.6983240223463687,0.0,0.0,0.0,0.15083798882681565,0.0,0.0,0.0,0.8,0.5333333333333333,8.318532155354818,True,True,0.0,0.06921887084300077,3.1898541802257636,0.99995,True,True,0.929773721886318,1.0,0.2257553785763061,0.3911520222699604,0.14583333333333331,False,,101.99,beige/cream|black|blue|brown/wood|clear|green|grey|metallic|multi/pattern|purple|red/pink|white|yellow/orange,,0.00558659217877095,178.0,1.0,0.5,0.8333333333333334,0.5666666666666667,0.5333333333333333,73.99999999999999,74.83333333333333,True,True,True,True,Strong,73.07692307692308,0.02946912242686891,True,4.0,,,,0.937,0.0,0.3959036884347177,Nature/animals metal wall clock (Material: metal · Type: wall · Silent: not stated · Theme: nature/animals)
Furniture > Decor > Clocks & Timers :: material_class=metal · clock_type=wall · silent=no · theme=none,Furniture > Decor > Clocks & Timers,Furniture > Decor,wayfair,4,"{""material_class"": ""metal"", ""clock_type"": ""wall"", ""silent"": ""no"", ""theme"": ""none""}",Metal wall clock,Material: metal · Type: wall · Silent: not stated · Theme: none,27,401,True,0.9042064449127056,60.0,0.5,87.64574432373047,2.9315102241931505,401.0,355.0,0.885286783042394,0.9950124688279302,0.8897243107769424,0.10723192019950124,0.0,0.10224438902743142,0.7830423940149626,0.0,0.004987531172069825,0.0,0.10224438902743142,0.004987531172069825,0.0024937655860349127,0.0,0.7333333333333333,0.5333333333333333,7.947904485066732,True,False,0.15517241379310345,0.15506573859242073,-0.0124466795482243,0.4881,False,False,0.8687948989504268,1.0,0.05761630865109647,0.14756200454281473,0.04492753623188411,True,47.99,101.99,brown/wood|clear|multi/pattern|purple,1.2592592592592593,0.014962593516209476,395.0,0.26666666666666666,0.4666666666666667,0.23333333333333334,0.13333333333333333,0.23333333333333334,23.0,25.666666666666664,False,False,False,True,Not listed,32.69230769230769,0.025528455284552845,False,,"Method 1: passed, outside the top 10 by VOS · Method 2: share gap not credible (49% < 90%)","passed, outside the top 10 by VOS",share gap not credible (49% < 90%),0.0,0.0,,Metal wall clock (Material: metal · Type: wall · Silent: not stated · Theme: none)
Furniture > Decor > Clocks & Timers :: material_class=metal · clock_type=wall · silent=no · theme=other,Furniture > Decor > Clocks & Timers,Furniture > Decor,wayfair,4,"{""material_class"": ""metal"", ""clock_type"": ""wall"", ""silent"": ""no"", ""theme"": ""other""}",Metal wall clock,Material: metal · Type: wall · Silent: not stated · Theme: other (mixed),3,67,False,0.9701492537313433,60.0,1.0,87.64574432373047,2.8822370041882235,67.0,60.0,0.8955223880597015,1.0,0.8955223880597015,0.1044776119402985,0.0,0.029850746268656716,0.8656716417910447,0.0,0.0,0.0,0.1044776119402985,0.0,0.0,0.0,0.8333333333333334,1.0,9.945175819396974,False,False,0.017241379310344827,0.025908739365815933,0.26589642112060113,0.7464,False,False,0.17865163641300774,1.0,0.27255362207135864,0.2952651417023247,0.060507246376811596,True,91.69,102.99,beige/cream|black|blue|clear|grey|multi/pattern|red/pink|white,1.0,0.0,67.0,0.4,0.06666666666666667,0.9,0.3333333333333333,0.26666666666666666,30.83333333333333,32.0,False,False,False,False,Not listed,,,False,,includes a grouped “other (mixed)” value: not a nameable archetype,"passed, outside the top 10 by VOS",share gap not credible (75% < 90%),0.0,0.0,,Metal wall clock (Material: metal · Type: wall · Silent: not stated · Theme: other (mixed))
Furniture > Decor > Clocks & Timers :: material_class=metal · clock_type=wall · silent=no · theme=vintage/ornate,Furniture > Decor > Clocks & Timers,Furniture > Decor,wayfair,4,"{""material_class"": ""metal"", ""clock_type"": ""wall"", ""silent"": ""no"", ""theme"": ""vintage/ornate""}",Vintage/ornate metal wall clock,Material: metal · Type: wall · Silent: not stated · Theme: vintage/ornate,0,38,True,0.7368421052631579,60.0,0.5,87.64574432373047,2.8087437397621717,38.0,31.0,0.8157894736842105,1.0,0.8157894736842105,0.15789473684210525,0.0,0.13157894736842105,0.6842105263157895,0.0,0.0,0.0,0.13157894736842105,0.02631578947368421,0.02631578947368421,0.0,0.5,0.5333333333333333,6.650707639058432,True,False,0.0,0.014694508894044857,1.6503372135911687,0.9749,True,True,0.9502317602300158,1.0,0.03494665179565765,0.32178286333375844,0.36340579710144927,False,,109.99,beige/cream|black|blue|brown/wood|green|metallic|multi/pattern|red/pink|white,,0.13157894736842105,33.0,0.8166666666666667,0.5333333333333333,0.13333333333333333,0.43333333333333335,0.7,58.25,58.58333333333333,True,True,True,True,Gap-led,55.769230769230774,0.027745885954841176,False,,passed a method gate but outside the node's top 10,"passed, outside the top 10 by VOS",,0.009,0.0,,Vintage/ornate metal wall clock (Material: metal · Type: wall · Silent: not stated · Theme: vintage/ornate)
Furniture > Decor > Clocks & Timers :: material_class=metal · clock_type=wall · silent=yes · theme=nature/animals,Furniture > Decor > Clocks & Timers,Furniture > Decor,wayfair,4,"{""material_class"": ""metal"", ""clock_type"": ""wall"", ""silent"": ""yes"", ""theme"": ""nature/animals""}",Nature/animals metal wall clock,Material: metal · Type: wall · Silent: yes · Theme: nature/animals,0,16,True,0.625,64.23483808447064,0.5,67.88628387451172,2.5484078019456735,16.0,8.0,0.5,0.5,1.0,0.0,0.0,0.0625,0.3125,0.125,0.5,0.0,0.0,0.0,0.0,0.0,0.4,0.5333333333333333,16.25075578615384,True,True,0.0,0.006187161639597835,0.8030393532039652,0.8552,True,True,1.3416303473438156,1.0,0.0903126294371874,0.27532042472848756,0.3742753623188406,False,,118.49000000000001,beige/cream|black|blue|brown/wood|green|grey|metallic|multi/pattern|yellow/orange,,0.0,16.0,0.6166666666666667,0.8333333333333334,0.4666666666666667,0.3,0.7666666666666667,50.458333333333336,56.29166666666667,True,True,True,True,Strong,69.23076923076923,0.02904040404040404,True,5.0,,,,0.006,0.342,0.15625,Nature/animals metal wall clock (Material: metal · Type: wall · Silent: yes · Theme: nature/animals)
Furniture > Decor > Clocks & Timers :: material_class=metal · clock_type=wall · silent=yes · theme=none,Furniture > Decor > Clocks & Timers,Furniture > Decor,wayfair,4,"{""material_class"": ""metal"", ""clock_type"": ""wall"", ""silent"": ""yes"", ""theme"": ""none""}",Metal wall clock,Material: metal · Type: wall · Silent: yes · Theme: none,7,94,True,0.5797481792131945,64.23483808447064,0.5,72.86568450927734,3.3367328681338346,94.0,34.0,0.3617021276595745,0.5212765957446809,0.6938775510204082,0.14893617021276595,0.0,0.14893617021276595,0.2127659574468085,0.0,0.4787234042553192,0.0,0.1276595744680851,0.02127659574468085,0.010638297872340425,0.0,0.3333333333333333,0.5333333333333333,12.916961141943291,True,True,0.040229885057471264,0.03634957463263728,-0.15977139430508272,0.37865,False,False,1.247120921400049,1.0,0.04663196720441701,0.15389095866382452,0.2559782608695652,True,49.29,160.99,beige/cream|black|blue|brown/wood|clear|grey|multi/pattern|purple|white,1.2857142857142858,0.11702127659574468,83.0,0.13333333333333333,0.7333333333333333,0.2,0.2,0.6333333333333333,32.49999999999999,37.333333333333336,False,False,False,True,Vector-led,53.84615384615385,0.027526395173453996,False,,passed a method gate but outside the node's top 10,,share gap not credible (38% < 90%),0.0,0.0,,Metal wall clock (Material: metal · Type: wall · Silent: yes · Theme: none)
Furniture > Decor > Clocks & Timers :: material_class=metal · clock_type=wall · silent=yes · theme=vintage/ornate,Furniture > Decor > Clocks & Timers,Furniture > Decor,wayfair,4,"{""material_class"": ""metal"", ""clock_type"": ""wall"", ""silent"": ""yes"", ""theme"": ""vintage/ornate""}",Vintage/ornate metal wall clock,Material: metal · Type: wall · Silent: yes · Theme: vintage/ornate,0,19,True,0.4212957335602285,64.23483808447064,0.4,77.55116271972656,2.7731257827876186,19.0,7.0,0.3684210526315789,0.631578947368421,0.5833333333333334,0.21052631578947367,0.0,0.15789473684210525,0.21052631578947367,0.0,0.3684210526315789,0.0,0.21052631578947367,0.0,0.05263157894736842,0.0,0.2,0.31666666666666665,8.123587256895233,True,True,0.0,0.007347254447022429,0.9700934378671313,0.8834,True,True,1.0657267224313423,1.0,0.06480482815258347,0.2973275510149476,0.3675724637681159,False,,133.99,black|brown/wood|clear|grey|metallic|multi/pattern|white|yellow/orange,,0.05263157894736842,18.0,0.7,0.6333333333333333,0.3333333333333333,0.36666666666666664,0.7333333333333333,46.416666666666664,49.416666666666664,True,True,False,True,Vector-led,48.07692307692307,0.026856524873828405,False,,passed a method gate but outside the node's top 10,,"passed, outside the top 10 by TG",0.0,0.0,,Vintage/ornate metal wall clock (Material: metal · Type: wall · Silent: yes · Theme: vintage/ornate)
Furniture > Decor > Clocks & Timers :: material_class=other · clock_type=wall · silent=no · theme=none,Furniture > Decor > Clocks & Timers,Furniture > Decor,wayfair,4,"{""material_class"": ""other"", ""clock_type"": ""wall"", ""silent"": ""no"", ""theme"": ""none""}",Wall clock,Material: other (mixed) · Type: wall · Silent: not stated · Theme: none,0,51,False,0.9411764705882353,60.0,0.5,74.31241607666016,3.12860310421286,51.0,51.0,1.0,1.0,1.0,0.0,0.0,0.0196078431372549,0.9803921568627451,0.0,0.0,0.0,0.0,0.0,0.0,0.0,0.7666666666666667,0.5333333333333333,16.91099274953206,False,False,0.0,0.019721577726218097,1.9412607799671207,0.99135,True,True,1.078911076092701,1.0,0.20846596857034888,0.6708362649369599,0.19329710144927537,False,,116.99,beige/cream|blue|green|grey|metallic|multi/pattern|red/pink|white,,0.0,51.0,0.9333333333333333,0.6666666666666666,0.7666666666666667,0.9666666666666667,0.5666666666666667,80.5,76.0,True,False,False,False,Not listed,,,False,,includes a grouped “other (mixed)” value: not a nameable archetype,"passed, outside the top 10 by VOS","passed, outside the top 10 by TG",0.0,0.0,,Wall clock (Material: other (mixed) · Type: wall · Silent: not stated · Theme: none)
Furniture > Decor > Clocks & Timers :: material_class=plastic/resin · clock_type=alarm · silent=no · theme=none,Furniture > Decor > Clocks & Timers,Furniture > Decor,wayfair,4,"{""material_class"": ""plastic/resin"", ""clock_type"": ""alarm"", ""silent"": ""no"", ""theme"": ""none""}",Plastic/resin alarm clock,Material: plastic/resin · Type: alarm · Silent: not stated · Theme: none,11,6,True,0.3333333333333333,42.241379310344826,0.29166666666666663,86.92040252685547,0.8226518105532062,6.0,2.0,0.3333333333333333,1.0,0.3333333333333333,0.6666666666666666,0.0,0.3333333333333333,0.0,0.0,0.0,0.0,0.16666666666666666,0.5,0.0,0.0,0.13333333333333333,0.16666666666666666,2.9872597907055383,True,False,0.06321839080459771,0.002320185614849188,-3.264013066730128,0.0,False,False,0.3637292034314807,-1.0,0.12367860040789082,0.026757985704861712,-0.008333333333333338,True,44.49,28.49,metallic,1.0,0.5,3.0,0.03333333333333333,0.2,0.5333333333333333,0.0,0.13333333333333333,14.583333333333334,18.916666666666668,False,False,False,True,Not listed,3.8461538461538463,0.023255813953488372,False,,"Method 1: passed, outside the top 10 by VOS · Method 2: share gap not credible (0% < 90%); ACR 50% (≥ 50%): cheaper or same-look Staples twins","passed, outside the top 10 by VOS",share gap not credible (0% < 90%); ACR 50% (≥ 50%): cheaper or same-look Staples twins,0.0,0.0,,Plastic/resin alarm clock (Material: plastic/resin · Type: alarm · Silent: not stated · Theme: none)
Furniture > Decor > Clocks & Timers :: material_class=plastic/resin · clock_type=wall · silent=no · theme=none,Furniture > Decor > Clocks & Timers,Furniture > Decor,wayfair,4,"{""material_class"": ""plastic/resin"", ""clock_type"": ""wall"", ""silent"": ""no"", ""theme"": ""none""}",Plastic/resin wall clock,Material: plastic/resin · Type: wall · Silent: not stated · Theme: none,24,24,True,0.23468372423596304,65.26932084309134,0.4,87.8863525390625,1.1607717041800645,24.0,9.0,0.375,1.0,0.375,0.5833333333333334,0.0,0.25,0.125,0.0,0.0,0.0,0.375,0.20833333333333334,0.041666666666666664,0.0,0.03333333333333333,0.31666666666666665,3.5126504306957007,True,False,0.13793103448275862,0.009280742459396751,-2.693468208262515,0.0,False,False,0.12992169823369906,1.0,0.06076965318259784,0.04373778206967952,0.07844202898550728,True,33.44,37.49,blue|brown/wood,1.0833333333333333,0.6666666666666666,8.0,0.06666666666666667,0.0,0.26666666666666666,0.03333333333333333,0.3,10.166666666666666,12.5,False,False,False,True,Not listed,7.6923076923076925,0.023542445644647556,False,,"Method 1: passed, outside the top 10 by VOS · Method 2: share gap not credible (0% < 90%); ACR 67% (≥ 50%): cheaper or same-look Staples twins","passed, outside the top 10 by VOS",share gap not credible (0% < 90%); ACR 67% (≥ 50%): cheaper or same-look Staples twins,0.0,0.0,,Plastic/resin wall clock (Material: plastic/resin · Type: wall · Silent: not stated · Theme: none)
Furniture > Decor > Clocks & Timers :: material_class=plastic/resin · clock_type=wall · silent=yes · theme=none,Furniture > Decor > Clocks & Timers,Furniture > Decor,wayfair,4,"{""material_class"": ""plastic/resin"", ""clock_type"": ""wall"", ""silent"": ""yes"", ""theme"": ""none""}",Plastic/resin wall clock,Material: plastic/resin · Type: wall · Silent: yes · Theme: none,34,16,True,0.25,68.99674284637541,0.33333333333333337,87.88628387451172,1.259533947881312,16.0,5.0,0.3125,0.8125,0.38461538461538464,0.5,0.0,0.1875,0.125,0.0,0.1875,0.0,0.25,0.25,0.0,0.0,0.06666666666666667,0.21666666666666667,3.526991976501516,True,False,0.19540229885057472,0.006187161639597835,-3.4310671513932944,0.0,False,False,0.5982455387325594,1.0,0.07576384184442772,0.149165942496567,0.1121376811594203,True,32.790000000000006,50.49,clear,1.411764705882353,0.5,8.0,0.0,0.3,0.36666666666666664,0.16666666666666666,0.4,20.0,22.833333333333332,False,False,False,True,Not listed,13.461538461538463,0.023959827833572454,False,,"Method 1: passed, outside the top 10 by VOS · Method 2: share gap not credible (0% < 90%); ACR 50% (≥ 50%): cheaper or same-look Staples twins","passed, outside the top 10 by VOS",share gap not credible (0% < 90%); ACR 50% (≥ 50%): cheaper or same-look Staples twins,0.0,0.0,,Plastic/resin wall clock (Material: plastic/resin · Type: wall · Silent: yes · Theme: none)
Furniture > Decor > Clocks & Timers :: material_class=wood · clock_type=alarm · silent=no · theme=none,Furniture > Decor > Clocks & Timers,Furniture > Decor,wayfair,4,"{""material_class"": ""wood"", ""clock_type"": ""alarm"", ""silent"": ""no"", ""theme"": ""none""}",Wood alarm clock,Material: wood · Type: alarm · Silent: not stated · Theme: none,1,21,True,0.47619047619047616,37.15961398691755,0.0,87.88636016845703,2.0490363503293483,21.0,9.0,0.42857142857142855,1.0,0.42857142857142855,0.5714285714285714,0.0,0.14285714285714285,0.2857142857142857,0.0,0.0,0.0,0.5238095238095238,0.047619047619047616,0.0,0.0,0.3,0.03333333333333333,3.0867029162045485,True,False,0.005747126436781609,0.008120649651972157,-0.030880381237062434,0.5833,False,False,0.8274246278237234,1.0,0.17989063832985447,0.4043188993636607,-0.21612318840579708,False,58.49,75.99,beige/cream|black|brown/wood|clear|red/pink|white|yellow/orange,1.0,0.19047619047619047,17.0,0.23333333333333334,0.43333333333333335,0.7,0.6333333333333333,0.1,34.25,30.91666666666667,False,False,False,True,Not listed,23.076923076923077,0.02475171886936593,False,,"Method 1: passed, outside the top 10 by VOS · Method 2: share gap not credible (58% < 90%)","passed, outside the top 10 by VOS",share gap not credible (58% < 90%),0.0,0.0,,Wood alarm clock (Material: wood · Type: alarm · Silent: not stated · Theme: none)
Furniture > Decor > Clocks & Timers :: material_class=wood · clock_type=mantel/tabletop · silent=no · theme=none,Furniture > Decor > Clocks & Timers,Furniture > Decor,wayfair,4,"{""material_class"": ""wood"", ""clock_type"": ""mantel/tabletop"", ""silent"": ""no"", ""theme"": ""none""}",Wood tabletop clock,Material: wood · Type: mantel/tabletop · Silent: not stated · Theme: none,1,20,True,0.4502309468822171,38.275862068965516,0.5,87.88632202148438,5.723127035830618,20.0,14.0,0.7,1.0,0.7,0.25,0.0,0.0,0.7,0.0,0.0,0.0,0.2,0.05,0.05,0.0,0.26666666666666666,0.5333333333333333,4.459782823584545,True,False,0.005747126436781609,0.007733952049497293,-0.07850843022631693,0.56205,False,False,1.312799652255043,1.0,0.1352581607426816,0.38263149256744067,0.5809782608695652,False,48.99,122.99,black|blue|clear|metallic|red/pink|white,1.0,0.05,19.0,0.18333333333333332,0.8,0.5666666666666667,0.5333333333333333,1.0,50.708333333333336,54.541666666666664,False,False,False,True,Not listed,44.230769230769226,0.02658450704225352,False,,"Method 1: passed, outside the top 10 by VOS · Method 2: share gap not credible (56% < 90%)","passed, outside the top 10 by VOS",share gap not credible (56% < 90%),0.033,0.0,,Wood tabletop clock (Material: wood · Type: mantel/tabletop · Silent: not stated · Theme: none)
Furniture > Decor > Clocks & Timers :: material_class=wood · clock_type=other · silent=no · theme=nature/animals,Furniture > Decor > Clocks & Timers,Furniture > Decor,wayfair,4,"{""material_class"": ""wood"", ""clock_type"": ""other"", ""silent"": ""no"", ""theme"": ""nature/animals""}",Nature/animals wood clock,Material: wood · Type: other (mixed) · Silent: not stated · Theme: nature/animals,0,13,False,1.0,22.413793103448278,0.33333333333333337,61.07119369506836,5.523231946258631,13.0,0.0,0.0,0.8461538461538461,0.0,0.0,0.0,0.0,0.0,0.0,0.15384615384615385,0.0,0.0,0.0,0.8461538461538461,0.0,0.9333333333333333,0.21666666666666667,21.076368953770608,False,False,0.0,0.005027068832173241,0.6023686577418139,0.8132,True,True,2.0704374403967947,1.0,0.19617235571910596,0.3913090911999694,0.30126811594202896,False,,295.99,black|brown/wood|green|white,,0.0,13.0,0.5,1.0,0.7333333333333333,0.6,0.6666666666666666,58.74999999999999,61.75000000000001,True,False,False,False,Not listed,,,False,,includes a grouped “other (mixed)” value: not a nameable archetype,0 safe products (< 2),"passed, outside the top 10 by TG",0.0,0.0,,Nature/animals wood clock (Material: wood · Type: other (mixed) · Silent: not stated · Theme: nature/animals)
Furniture > Decor > Clocks & Timers :: material_class=wood · clock_type=pendulum · silent=no · theme=none,Furniture > Decor > Clocks & Timers,Furniture > Decor,wayfair,4,"{""material_class"": ""wood"", ""clock_type"": ""pendulum"", ""silent"": ""no"", ""theme"": ""none""}",Wood pendulum clock,Material: wood · Type: pendulum · Silent: not stated · Theme: none,0,39,True,1.0,34.827586206896555,0.25,67.19400787353516,3.107359210231097,39.0,0.0,0.0,0.05128205128205128,0.0,0.0,0.0,0.0,0.0,0.0,0.9487179487179487,0.0,0.0,0.0,0.05128205128205128,0.0,0.9333333333333333,0.11666666666666667,18.1630186867988,False,False,0.0,0.015081206496519721,1.6759796442045065,0.97685,True,True,1.9253352650260072,1.0,0.5161358344285057,0.4711833871394353,0.12155797101449278,False,,274.99,black|brown/wood|grey,,0.0,39.0,0.8666666666666667,0.9666666666666667,1.0,0.7666666666666667,0.4666666666666667,83.16666666666667,83.83333333333334,True,True,True,True,Gap-led,92.3076923076923,0.03177805800756621,True,7.0,,0 safe products (< 2),,1.0,0.749,0.12294543063773831,Wood pendulum clock (Material: wood · Type: pendulum · Silent: not stated · Theme: none)
Furniture > Decor > Clocks & Timers :: material_class=wood · clock_type=pendulum · silent=yes · theme=none,Furniture > Decor > Clocks & Timers,Furniture > Decor,wayfair,4,"{""material_class"": ""wood"", ""clock_type"": ""pendulum"", ""silent"": ""yes"", ""theme"": ""none""}",Wood pendulum clock,Material: wood · Type: pendulum · Silent: yes · Theme: none,0,14,True,1.0,31.8128348003984,0.25,52.790252685546875,2.2363571300769367,14.0,1.0,0.07142857142857142,0.21428571428571427,0.3333333333333333,0.0,0.0,0.0,0.0,0.07142857142857142,0.7857142857142857,0.0,0.0,0.0,0.14285714285714285,0.0,0.9333333333333333,0.11666666666666667,25.710672512258274,False,False,0.0,0.005413766434648105,0.6738276217239589,0.8298,True,True,1.1569485834022415,1.0,0.34274552571659433,0.37632867951670046,0.11431159420289855,False,,124.99000000000001,black|brown/wood,,0.0,14.0,0.55,0.7,0.9333333333333333,0.5,0.43333333333333335,51.625,54.45833333333333,True,True,True,True,Gap-led,82.6923076923077,0.030621785881252923,True,8.0,,1 safe products (< 2),,0.002,0.999,0.11224489795918367,Wood pendulum clock (Material: wood · Type: pendulum · Silent: yes · Theme: none)
Furniture > Decor > Clocks & Timers :: material_class=wood · clock_type=wall · silent=no · theme=nature/animals,Furniture > Decor > Clocks & Timers,Furniture > Decor,wayfair,4,"{""material_class"": ""wood"", ""clock_type"": ""wall"", ""silent"": ""no"", ""theme"": ""nature/animals""}",Nature/animals wood wall clock,Material: wood · Type: wall · Silent: not stated · Theme: nature/animals,0,38,True,0.868421052631579,60.0,0.75,87.64574432373047,2.7097807341709776,38.0,38.0,1.0,1.0,1.0,0.0,0.0,0.05263157894736842,0.9473684210526315,0.0,0.0,0.0,0.0,0.0,0.0,0.0,0.7,0.8833333333333333,8.843588021596274,True,True,0.0,0.014694508894044857,1.6503372135911687,0.9754,True,True,1.037599471952926,1.0,0.16232104244904874,0.5456205386775708,0.5748188405797101,False,,109.99,beige/cream|black|blue|brown/wood|green|grey|metallic|multi/pattern|purple|red/pink|white,,0.0,38.0,0.8166666666666667,0.6,0.6666666666666666,0.8333333333333334,0.9666666666666667,77.58333333333334,76.25,True,True,True,True,Strong,78.84615384615385,0.030158730158730156,True,3.0,,,,0.998,0.0,0.7160664819944598,Nature/animals wood wall clock (Material: wood · Type: wall · Silent: not stated · Theme: nature/animals)
Furniture > Decor > Clocks & Timers :: material_class=wood · clock_type=wall · silent=no · theme=none,Furniture > Decor > Clocks & Timers,Furniture > Decor,wayfair,4,"{""material_class"": ""wood"", ""clock_type"": ""wall"", ""silent"": ""no"", ""theme"": ""none""}",Wood wall clock,Material: wood · Type: wall · Silent: not stated · Theme: none,6,161,True,0.813721974380675,60.0,0.75,87.64574432373047,2.7097807341709776,161.0,144.0,0.8944099378881988,1.0,0.8944099378881988,0.09937888198757763,0.0,0.09937888198757763,0.7888198757763976,0.006211180124223602,0.0,0.0,0.043478260869565216,0.055900621118012424,0.006211180124223602,0.0,0.6,0.8833333333333333,8.287646516164145,True,True,0.034482758620689655,0.06225831399845321,0.5192347574986047,0.93845,False,False,1.3843723961201024,1.0,0.21164606067057123,0.09147231908688605,0.04021739130434776,True,27.14,110.99,beige/cream|blue|clear|green|grey|metallic|multi/pattern|purple|red/pink|yellow/orange,1.0,0.11180124223602485,143.0,0.4666666666666667,0.9,0.8,0.1,0.16666666666666666,50.33333333333334,58.166666666666664,True,True,True,True,Strong,55.769230769230774,0.02758751902587519,True,6.0,,,,0.012,0.0,0.44032921810699577,Wood wall clock (Material: wood · Type: wall · Silent: not stated · Theme: none)
Furniture > Decor > Clocks & Timers :: material_class=wood · clock_type=wall · silent=no · theme=vintage/ornate,Furniture > Decor > Clocks & Timers,Furniture > Decor,wayfair,4,"{""material_class"": ""wood"", ""clock_type"": ""wall"", ""silent"": ""no"", ""theme"": ""vintage/ornate""}",Vintage/ornate wood wall clock,Material: wood · Type: wall · Silent: not stated · Theme: vintage/ornate,0,28,True,0.7857142857142857,80.0,0.5,87.88636016845703,5.733833511968561,28.0,27.0,0.9642857142857143,1.0,0.9642857142857143,0.03571428571428571,0.0,0.21428571428571427,0.75,0.0,0.0,0.0,0.03571428571428571,0.0,0.0,0.0,0.5666666666666667,0.5333333333333333,7.61140369415283,True,False,0.0,0.01082753286929621,1.349583059572035,0.9454,True,True,1.3515779825817562,1.0,0.10045021358612441,0.5740144523588286,0.5490942028985507,False,,160.49,beige/cream|black|blue|brown/wood|clear|green|metallic|multi/pattern|red/pink|white,,0.0,28.0,0.7666666666666667,0.8666666666666667,0.5,0.8666666666666667,0.9,78.16666666666666,76.5,True,True,True,True,Gap-led,69.23076923076923,0.02928692699490662,True,10.0,,"passed, outside the top 10 by VOS",,0.979,0.0,0.13010204081632648,Vintage/ornate wood wall clock (Material: wood · Type: wall · Silent: not stated · Theme: vintage/ornate)
Furniture > Decor > Clocks & Timers :: material_class=wood · clock_type=wall · silent=yes · theme=none,Furniture > Decor > Clocks & Timers,Furniture > Decor,wayfair,4,"{""material_class"": ""wood"", ""clock_type"": ""wall"", ""silent"": ""yes"", ""theme"": ""none""}",Wood wall clock,Material: wood · Type: wall · Silent: yes · Theme: none,1,25,True,0.44147486033519556,64.0591940563676,0.5,67.88628387451172,2.0753265342637324,25.0,9.0,0.36,0.44,0.8181818181818182,0.08,0.0,0.04,0.16,0.16,0.56,0.0,0.0,0.08,0.0,0.0,0.23333333333333334,0.5333333333333333,13.825305329369305,True,True,0.005747126436781609,0.009667440061871617,0.1397451357937009,0.6624,False,False,0.7167835758619385,1.0,0.2724532506265232,0.4482423162823255,0.5632246376811594,False,64.59,97.99,black|brown/wood|clear|navy|white,1.0,0.2,20.0,0.3,0.4,0.8666666666666667,0.7,0.9333333333333333,50.74999999999999,51.24999999999999,False,False,False,True,Vector-led,71.15384615384616,0.029211087420042643,True,9.0,,,share gap not credible (66% < 90%),0.003,0.068,0.13580246913580246,Wood wall clock (Material: wood · Type: wall · Silent: yes · Theme: none)
Furniture > Decor > Clocks & Timers :: long tail,Furniture > Decor > Clocks & Timers,Furniture > Decor,wayfair,0,{},Long tail,not in any 4-attribute combination with enough families,53,978,False,0.6308323706673217,38.275862068965516,0.5,80.52734375,1.7342126772840722,978.0,387.0,0.39570552147239263,0.8670756646216768,0.4563679245283019,0.3507157464212679,0.0,0.19734151329243355,0.17791411042944785,0.02044989775051125,0.1329243353783231,0.0,0.22188139059304704,0.12883435582822086,0.1196319018404908,0.0010224948875255625,0.43333333333333335,0.5333333333333333,8.629520249640803,False,False,0.3045977011494253,0.37819025522041766,0.21287092467165508,0.9752,False,False,0.6035051055746329,1.0,0.030111239886391774,0.21265131869376466,0.12880434782608696,True,41.24,73.995,beige/cream|navy|purple,1.0943396226415094,0.19427402862985685,788.0,0.3333333333333333,0.3333333333333333,0.1,0.23333333333333334,0.5,30.83333333333333,31.999999999999996,True,False,False,False,Not listed,,,False,,long tail: not in any supported 4-attribute combination,"passed, outside the top 10 by VOS","passed, outside the top 10 by TG",0.0,0.0,,Long tail (not in any 4-attribute combination with enough families)
Office Supplies > Desk Organizers & Accessories > Desk Pads :: material_class=faux leather · anti_slip=yes · vibe=plain · side_rails=no,Office Supplies > Desk Organizers & Accessories > Desk Pads,Office Supplies > Desk Organizers & Accessories,amazon,4,"{""material_class"": ""faux leather"", ""anti_slip"": ""yes"", ""vibe"": ""plain"", ""side_rails"": ""no""}",Faux leather desk pad,Material: faux leather · Anti-slip: yes · Vibe: plain · Side rails: not stated,3,19,True,0.6707453317730304,100.0,0.0,88.8469467163086,0.2909128716988979,19.0,0.0,0.0,1.0,0.0,1.0,0.0,0.0,0.0,0.0,0.0,0.0,0.10526315789473684,0.8947368421052632,0.0,0.0,0.6666666666666666,0.25,7.388897800445556,False,False,0.05454545454545454,0.3114754098360656,1.6158688027643908,0.99995,False,True,1.4817224301649738,-1.0,0.09614236836073621,0.0,0.1293103448275863,True,51.69,13.99,brown/wood|green,1.6666666666666667,1.0,0.0,1.0,1.0,0.8333333333333334,0.16666666666666666,0.6666666666666666,80.0,89.99999999999999,True,False,False,False,Not listed,50.0,0.03278688524590164,False,,Method 1: 0 safe products (< 2); 100% substitute/undercut (≥ 70%) · Method 2: ACR 100% (≥ 50%): cheaper or same-look Staples twins; 0 non-cannibalising products (< 2),0 safe products (< 2); 100% substitute/undercut (≥ 70%),ACR 100% (≥ 50%): cheaper or same-look Staples twins; 0 non-cannibalising products (< 2),0.0,0.0,,Faux leather desk pad (Material: faux leather · Anti-slip: yes · Vibe: plain · Side rails: not stated)
Office Supplies > Desk Organizers & Accessories > Desk Pads :: long tail,Office Supplies > Desk Organizers & Accessories > Desk Pads,Office Supplies > Desk Organizers & Accessories,amazon,0,{},Long tail,not in any 4-attribute combination with enough families,52,42,False,0.45794668123589427,80.0,0.125,88.8469467163086,0.9166435120866907,42.0,8.0,0.19047619047619047,0.8095238095238095,0.23529411764705882,0.6190476190476191,0.0,0.09523809523809523,0.09523809523809523,0.0,0.19047619047619047,0.0,0.23809523809523808,0.38095238095238093,0.0,0.0,0.5,0.6666666666666666,7.04501199086507,False,False,0.9454545454545454,0.6885245901639344,-0.31309178797714937,0.0001,False,False,0.42515197212925004,-1.0,0.1064283007300974,0.14011314334835132,0.5086206896551724,True,48.540000000000006,32.99,beige/cream|green|navy,1.1730769230769231,0.5,21.0,0.5,0.0,1.0,0.8333333333333334,1.0,51.24999999999999,48.75,False,False,False,False,Not listed,,,False,,long tail: not in any supported 4-attribute combination,"passed, outside the top 10 by VOS",share gap not credible (0% < 90%); ACR 50% (≥ 50%): cheaper or same-look Staples twins,0.0,0.0,,Long tail (not in any 4-attribute combination with enough families)
"Coffee, Water & Snacks > Coffee, Coffee Makers & Supplies > Coffee Organizers & Dispensers :: material_class=metal/wire · colour_family=brown/wood · organizer_type=basket/bin · pod_system=k-cup","Coffee, Water & Snacks > Coffee, Coffee Makers & Supplies > Coffee Organizers & Dispensers","Coffee, Water & Snacks > Coffee, Coffee Makers & Supplies",amazon,4,"{""material_class"": ""metal/wire"", ""colour_family"": ""brown/wood"", ""organizer_type"": ""basket/bin"", ""pod_system"": ""k-cup""}",Metal/wire K-Cup basket/bin coffee organizer,Material: metal/wire · Colour: brown/wood · Type: basket/bin · Pods: k-cup,0,15,True,1.0,22.918032786885245,0.0,55.60000000000001,0.12322761833002259,15.0,0.0,0.0,0.0,0.0,0.0,0.0,0.0,0.0,0.0,1.0,0.0,0.0,0.0,0.0,0.0,0.6363636363636364,0.18181818181818182,17.785409239940385,False,False,0.0,0.01254180602006689,0.2782391316514989,0.74295,True,True,0.9972261944482905,-1.0,0.731516969935589,0.3615081599947876,0.0959069020866774,False,,17.99,black|brown/wood|green|metallic|red/pink,,0.9333333333333333,1.0,0.5454545454545454,0.8181818181818182,0.45454545454545453,0.18181818181818182,0.18181818181818182,38.18181818181819,42.72727272727273,True,False,False,False,Not listed,18.75,0.029631255487269532,False,,Method 1: 0 safe products (< 2) · Method 2: ACR 93% (≥ 50%): cheaper or same-look Staples twins; 1 non-cannibalising products (< 2),0 safe products (< 2),ACR 93% (≥ 50%): cheaper or same-look Staples twins; 1 non-cannibalising products (< 2),0.0,0.0,,Metal/wire K-Cup basket/bin coffee organizer (Material: metal/wire · Colour: brown/wood · Type: basket/bin · Pods: k-cup)
"Coffee, Water & Snacks > Coffee, Coffee Makers & Supplies > Coffee Organizers & Dispensers :: material_class=metal/wire · colour_family=brown/wood · organizer_type=basket/bin · pod_system=multi-item","Coffee, Water & Snacks > Coffee, Coffee Makers & Supplies > Coffee Organizers & Dispensers","Coffee, Water & Snacks > Coffee, Coffee Makers & Supplies",amazon,4,"{""material_class"": ""metal/wire"", ""colour_family"": ""brown/wood"", ""organizer_type"": ""basket/bin"", ""pod_system"": ""multi-item""}",Metal/wire multi-item basket/bin coffee organizer,Material: metal/wire · Colour: brown/wood · Type: basket/bin · Pods: multi-item,0,15,True,1.0,41.65901639344263,0.0,27.200000000000003,0.14377697102541268,15.0,13.0,0.8666666666666667,1.0,0.8666666666666667,0.0,0.8666666666666667,0.0,0.0,0.0,0.0,0.13333333333333333,0.0,0.0,0.0,0.0,0.6363636363636364,0.18181818181818182,33.2546928166915,True,True,0.0,0.01254180602006689,0.2782391316514989,0.73995,True,True,1.0061901900832946,-1.0,0.731516969935589,0.4533675960315912,0.1480738362760835,False,,18.99,black|brown/wood|metallic|red/pink,,0.0,15.0,0.5454545454545454,0.9090909090909091,0.45454545454545453,0.5454545454545454,0.45454545454545453,49.54545454545454,50.45454545454545,True,True,True,True,Strong,68.75,0.0315136476426799,True,2.0,,,,1.0,0.999,0.8579881656804735,Metal/wire multi-item basket/bin coffee organizer (Material: metal/wire · Colour: brown/wood · Type: basket/bin · Pods: multi-item)
"Coffee, Water & Snacks > Coffee, Coffee Makers & Supplies > Coffee Organizers & Dispensers :: material_class=metal/wire · colour_family=brown/wood · organizer_type=pod drawer · pod_system=k-cup","Coffee, Water & Snacks > Coffee, Coffee Makers & Supplies > Coffee Organizers & Dispensers","Coffee, Water & Snacks > Coffee, Coffee Makers & Supplies",amazon,4,"{""material_class"": ""metal/wire"", ""colour_family"": ""brown/wood"", ""organizer_type"": ""pod drawer"", ""pod_system"": ""k-cup""}",Metal/wire K-Cup pod drawer coffee organizer,Material: metal/wire · Colour: brown/wood · Type: pod drawer · Pods: k-cup,0,15,True,1.0,46.91803278688524,0.5,55.60000000000001,0.9063161075853731,15.0,7.0,0.4666666666666667,0.5333333333333333,0.875,0.0,0.0,0.0,0.0,0.4666666666666667,0.4666666666666667,0.0,0.0,0.0,0.0,0.06666666666666667,0.6363636363636364,0.5,24.514027421758563,True,True,0.0,0.01254180602006689,0.2782391316514989,0.73935,True,True,0.5083148265582703,-1.0,0.731516969935589,0.41205671646443937,0.25802568218298555,False,,27.54,brown/wood,,0.0,15.0,0.5454545454545454,0.18181818181818182,0.45454545454545453,0.2727272727272727,0.5454545454545454,32.272727272727266,34.090909090909086,True,True,True,True,Strong,18.75,0.02964426877470356,True,4.0,,,,0.014,0.683,0.7551020408163265,Metal/wire K-Cup pod drawer coffee organizer (Material: metal/wire · Colour: brown/wood · Type: pod drawer · Pods: k-cup)
"Coffee, Water & Snacks > Coffee, Coffee Makers & Supplies > Coffee Organizers & Dispensers :: material_class=metal/wire · colour_family=brown/wood · organizer_type=station/condiment organizer · pod_system=k-cup","Coffee, Water & Snacks > Coffee, Coffee Makers & Supplies > Coffee Organizers & Dispensers","Coffee, Water & Snacks > Coffee, Coffee Makers & Supplies",amazon,4,"{""material_class"": ""metal/wire"", ""colour_family"": ""brown/wood"", ""organizer_type"": ""station/condiment organizer"", ""pod_system"": ""k-cup""}",Metal/wire K-Cup station/condiment organizer,Material: metal/wire · Colour: brown/wood · Type: station/condiment organizer · Pods: k-cup,0,25,True,1.0,62.898360655737704,1.0,62.8,0.4670386443480058,25.0,25.0,1.0,1.0,1.0,0.0,0.04,0.0,0.0,0.96,0.0,0.0,0.0,0.0,0.0,0.0,0.6363636363636364,0.8181818181818182,25.28127523099851,True,True,0.0,0.020903010033444816,0.7760775598906783,0.85415,True,True,1.1002854476572956,-1.0,0.7795121118222499,0.4260954498558557,0.03892455858747995,False,,18.63,black|brown/wood|metallic,,0.68,8.0,0.8181818181818182,1.0,0.7272727272727273,0.45454545454545453,0.0,52.04545454545455,53.86363636363637,True,False,False,True,Vector-led,65.625,0.03137689184200812,True,5.0,,,ACR 68% (≥ 50%): cheaper or same-look Staples twins,0.987,1.0,1.0,Metal/wire K-Cup station/condiment organizer (Material: metal/wire · Colour: brown/wood · Type: station/condiment organizer · Pods: k-cup)
"Coffee, Water & Snacks > Coffee, Coffee Makers & Supplies > Coffee Organizers & Dispensers :: material_class=other · colour_family=brown/wood · organizer_type=pod drawer · pod_system=nespresso","Coffee, Water & Snacks > Coffee, Coffee Makers & Supplies > Coffee Organizers & Dispensers","Coffee, Water & Snacks > Coffee, Coffee Makers & Supplies",amazon,4,"{""material_class"": ""other"", ""colour_family"": ""brown/wood"", ""organizer_type"": ""pod drawer"", ""pod_system"": ""nespresso""}",Nespresso pod drawer coffee organizer,Material: other (mixed) · Colour: brown/wood · Type: pod drawer · Pods: nespresso,0,10,False,1.0,31.200000000000003,1.0,42.266666666666666,1.0108608323262467,10.0,4.0,0.4,0.5,0.8,0.0,0.1,0.0,0.0,0.3,0.5,0.0,0.0,0.0,0.1,0.0,0.6363636363636364,0.8181818181818182,33.745658181818186,False,False,0.0,0.008361204013377926,-0.11122563511022437,0.64535,True,True,0.6514584247827968,-1.0,0.6855666122864107,0.4158350873467943,0.30377207062600325,False,,28.935,black|brown/wood,,0.0,10.0,0.09090909090909091,0.36363636363636365,0.18181818181818182,0.36363636363636365,0.8181818181818182,29.31818181818182,30.681818181818187,True,False,False,False,Not listed,,,False,,includes a grouped “other (mixed)” value: not a nameable archetype,"passed, outside the top 10 by VOS","passed, outside the top 10 by TG",0.0,0.0,,Nespresso pod drawer coffee organizer (Material: other (mixed) · Colour: brown/wood · Type: pod drawer · Pods: nespresso)
"Coffee, Water & Snacks > Coffee, Coffee Makers & Supplies > Coffee Organizers & Dispensers :: material_class=plastic · colour_family=black · organizer_type=station/condiment organizer · pod_system=multi-item","Coffee, Water & Snacks > Coffee, Coffee Makers & Supplies > Coffee Organizers & Dispensers","Coffee, Water & Snacks > Coffee, Coffee Makers & Supplies",amazon,4,"{""material_class"": ""plastic"", ""colour_family"": ""black"", ""organizer_type"": ""station/condiment organizer"", ""pod_system"": ""multi-item""}",Plastic multi-item station/condiment organizer,Material: plastic · Colour: black · Type: station/condiment organizer · Pods: multi-item,9,1,False,0.0,80.0,0.0,100.0,0.8694728712106584,1.0,0.0,0.0,1.0,0.0,1.0,0.0,0.0,0.0,0.0,0.0,0.0,1.0,0.0,0.0,0.0,0.0,0.18181818181818182,0.0,False,False,0.18,0.0008361204013377926,-5.001574763331978,0.0,False,False,0.7074898430114872,-1.0,0.0,0.12088126540609395,0.1027287319422151,True,51.89,45.03,,1.0,1.0,0.0,0.0,0.45454545454545453,0.0,0.0,0.36363636363636365,14.545454545454545,18.636363636363637,False,False,False,False,Not listed,,,False,,only 1 competitor families (< 5),0 safe products (< 2); 100% substitute/undercut (≥ 70%),share gap not credible (0% < 90%); ACR 100% (≥ 50%): cheaper or same-look Staples twins; 0 non-cannibalising products (< 2),0.0,0.0,,Plastic multi-item station/condiment organizer (Material: plastic · Colour: black · Type: station/condiment organizer · Pods: multi-item)
"Coffee, Water & Snacks > Coffee, Coffee Makers & Supplies > Coffee Organizers & Dispensers :: material_class=wood/bamboo · colour_family=brown/wood · organizer_type=pod drawer · pod_system=k-cup","Coffee, Water & Snacks > Coffee, Coffee Makers & Supplies > Coffee Organizers & Dispensers","Coffee, Water & Snacks > Coffee, Coffee Makers & Supplies",amazon,4,"{""material_class"": ""wood/bamboo"", ""colour_family"": ""brown/wood"", ""organizer_type"": ""pod drawer"", ""pod_system"": ""k-cup""}",Wood/bamboo K-Cup pod drawer coffee organizer,Material: wood/bamboo · Colour: brown/wood · Type: pod drawer · Pods: k-cup,0,48,True,1.0,38.4327868852459,1.0,60.400000000000006,1.0913108942684444,48.0,21.0,0.4375,0.4375,1.0,0.0,0.0,0.0,0.0,0.4375,0.5625,0.0,0.0,0.0,0.0,0.0,0.6363636363636364,0.8181818181818182,24.00581508196721,True,True,0.0,0.04013377926421405,1.4189629056697355,0.95775,True,True,0.49424571525500605,-1.0,0.8250210172215469,0.5032493906356276,0.28089887640449446,False,,32.99,black|brown/wood,,0.020833333333333332,47.0,1.0,0.09090909090909091,1.0,0.8181818181818182,0.7272727272727273,75.0,71.81818181818183,True,True,True,True,Strong,62.5,0.03131881575727918,True,3.0,,,,1.0,0.35,0.47000000000000003,Wood/bamboo K-Cup pod drawer coffee organizer (Material: wood/bamboo · Colour: brown/wood · Type: pod drawer · Pods: k-cup)
"Coffee, Water & Snacks > Coffee, Coffee Makers & Supplies > Coffee Organizers & Dispensers :: material_class=wood/bamboo · colour_family=brown/wood · organizer_type=pod drawer · pod_system=multi-item","Coffee, Water & Snacks > Coffee, Coffee Makers & Supplies > Coffee Organizers & Dispensers","Coffee, Water & Snacks > Coffee, Coffee Makers & Supplies",amazon,4,"{""material_class"": ""wood/bamboo"", ""colour_family"": ""brown/wood"", ""organizer_type"": ""pod drawer"", ""pod_system"": ""multi-item""}",Wood/bamboo multi-item pod drawer coffee organizer,Material: wood/bamboo · Colour: brown/wood · Type: pod drawer · Pods: multi-item,0,11,True,1.0,64.09836065573771,0.0,35.6,0.617686812125893,11.0,0.0,0.0,0.0,0.0,0.0,0.0,0.0,0.0,0.0,1.0,0.0,0.0,0.0,0.0,0.0,0.6363636363636364,0.18181818181818182,33.752894187779425,False,False,0.0,0.00919732441471572,-0.020253856904497686,0.66265,True,True,0.6002712676795536,-1.0,0.6969543748365505,0.4650558729888867,0.31019261637239165,False,,30.99,black|brown/wood,,1.0,0.0,0.18181818181818182,0.2727272727272727,0.2727272727272727,0.6363636363636364,0.9090909090909091,35.90909090909091,33.63636363636363,True,False,False,False,Not listed,56.25,0.031099324975891997,False,,Method 1: 0 safe products (< 2) · Method 2: ACR 100% (≥ 50%): cheaper or same-look Staples twins; 0 non-cannibalising products (< 2),0 safe products (< 2),ACR 100% (≥ 50%): cheaper or same-look Staples twins; 0 non-cannibalising products (< 2),0.0,0.0,,Wood/bamboo multi-item pod drawer coffee organizer (Material: wood/bamboo · Colour: brown/wood · Type: pod drawer · Pods: multi-item)
"Coffee, Water & Snacks > Coffee, Coffee Makers & Supplies > Coffee Organizers & Dispensers :: material_class=wood/bamboo · colour_family=brown/wood · organizer_type=pod drawer · pod_system=nespresso","Coffee, Water & Snacks > Coffee, Coffee Makers & Supplies > Coffee Organizers & Dispensers","Coffee, Water & Snacks > Coffee, Coffee Makers & Supplies",amazon,4,"{""material_class"": ""wood/bamboo"", ""colour_family"": ""brown/wood"", ""organizer_type"": ""pod drawer"", ""pod_system"": ""nespresso""}",Wood/bamboo Nespresso pod drawer coffee organizer,Material: wood/bamboo · Colour: brown/wood · Type: pod drawer · Pods: nespresso,0,26,True,1.0,41.708196721311474,1.0,47.2,1.245374780571682,26.0,17.0,0.6538461538461539,0.7692307692307693,0.85,0.0,0.19230769230769232,0.0,0.0,0.46153846153846156,0.23076923076923078,0.0,0.0,0.0,0.11538461538461539,0.0,0.6363636363636364,0.8181818181818182,32.52657836065574,True,True,0.0,0.021739130434782608,0.8145438407184745,0.8599,True,True,0.45609425329253017,-1.0,0.7827327884344223,0.49089730055026504,0.42817014446227925,False,,36.49,beige/cream|brown/wood,,0.07692307692307693,24.0,0.9090909090909091,0.0,0.8181818181818182,0.7272727272727273,1.0,54.090909090909086,52.27272727272727,True,True,True,True,Strong,81.25,0.03200204813108039,True,1.0,,,,1.0,1.0,0.5644444444444444,Wood/bamboo Nespresso pod drawer coffee organizer (Material: wood/bamboo · Colour: brown/wood · Type: pod drawer · Pods: nespresso)
"Coffee, Water & Snacks > Coffee, Coffee Makers & Supplies > Coffee Organizers & Dispensers :: material_class=wood/bamboo · colour_family=brown/wood · organizer_type=station/condiment organizer · pod_system=k-cup","Coffee, Water & Snacks > Coffee, Coffee Makers & Supplies > Coffee Organizers & Dispensers","Coffee, Water & Snacks > Coffee, Coffee Makers & Supplies",amazon,4,"{""material_class"": ""wood/bamboo"", ""colour_family"": ""brown/wood"", ""organizer_type"": ""station/condiment organizer"", ""pod_system"": ""k-cup""}",Wood/bamboo K-Cup station/condiment organizer,Material: wood/bamboo · Colour: brown/wood · Type: station/condiment organizer · Pods: k-cup,0,23,True,1.0,62.898360655737704,1.0,62.8,0.5891123439667127,23.0,23.0,1.0,1.0,1.0,0.0,0.0,0.0,0.0,1.0,0.0,0.0,0.0,0.0,0.0,0.0,0.6363636363636364,0.8181818181818182,25.28127523099851,True,True,0.0,0.019230769230769232,0.6943995288764112,0.83745,True,True,0.8403773977805309,-1.0,0.7724476444804391,0.6008198535693863,0.0902889245585875,False,,19.99,black|brown/wood|metallic,,0.5217391304347826,11.0,0.7272727272727273,0.7272727272727273,0.6363636363636364,0.9090909090909091,0.09090909090909091,51.81818181818182,45.45454545454546,True,False,False,True,Vector-led,59.375,0.031128875968992248,True,6.0,,,ACR 52% (≥ 50%): cheaper or same-look Staples twins,0.999,0.968,0.621928166351607,Wood/bamboo K-Cup station/condiment organizer (Material: wood/bamboo · Colour: brown/wood · Type: station/condiment organizer · Pods: k-cup)
"Coffee, Water & Snacks > Coffee, Coffee Makers & Supplies > Coffee Organizers & Dispensers :: material_class=wood/bamboo · colour_family=brown/wood · organizer_type=station/condiment organizer · pod_system=multi-item","Coffee, Water & Snacks > Coffee, Coffee Makers & Supplies > Coffee Organizers & Dispensers","Coffee, Water & Snacks > Coffee, Coffee Makers & Supplies",amazon,4,"{""material_class"": ""wood/bamboo"", ""colour_family"": ""brown/wood"", ""organizer_type"": ""station/condiment organizer"", ""pod_system"": ""multi-item""}",Wood/bamboo multi-item station/condiment organizer,Material: wood/bamboo · Colour: brown/wood · Type: station/condiment organizer · Pods: multi-item,1,35,True,0.7714285714285715,64.09836065573771,0.0,100.0,0.5211430778142498,35.0,2.0,0.05714285714285714,0.9714285714285714,0.058823529411764705,0.9142857142857143,0.0,0.0,0.0,0.05714285714285714,0.02857142857142857,0.0,0.0,0.9142857142857143,0.0,0.0,0.09090909090909091,0.18181818181818182,0.0,False,False,0.02,0.029264214046822744,0.008319515539558243,0.5987,False,False,0.7301554153073313,-1.0,0.8050708093098587,0.6063995417328167,0.0975120385232745,False,74.39,26.99,black|white,1.0,0.9428571428571428,2.0,0.2727272727272727,0.5454545454545454,0.9090909090909091,1.0,0.2727272727272727,48.4090909090909,42.04545454545455,False,False,False,False,Not listed,18.75,0.02964426877470356,False,,Method 1: safe share 6% (< 10%); 91% substitute/undercut (≥ 70%) · Method 2: share gap not credible (60% < 90%); ACR 94% (≥ 50%): cheaper or same-look Staples twins,safe share 6% (< 10%); 91% substitute/undercut (≥ 70%),share gap not credible (60% < 90%); ACR 94% (≥ 50%): cheaper or same-look Staples twins,0.0,0.0,,Wood/bamboo multi-item station/condiment organizer (Material: wood/bamboo · Colour: brown/wood · Type: station/condiment organizer · Pods: multi-item)
"Coffee, Water & Snacks > Coffee, Coffee Makers & Supplies > Coffee Organizers & Dispensers :: long tail","Coffee, Water & Snacks > Coffee, Coffee Makers & Supplies > Coffee Organizers & Dispensers","Coffee, Water & Snacks > Coffee, Coffee Makers & Supplies",amazon,0,{},Long tail,not in any 4-attribute combination with enough families,40,972,False,0.8611750581147877,38.4327868852459,0.5,44.800000000000004,0.48588521218919417,972.0,249.0,0.25617283950617287,0.6697530864197531,0.3824884792626728,0.13168724279835392,0.06995884773662552,0.00823045267489712,0.0,0.1779835390946502,0.33024691358024694,0.15123456790123457,0.0102880658436214,0.12139917695473251,0.12551440329218108,0.0051440329218107,0.18181818181818182,0.5,17.780833144560358,False,False,0.8,0.8127090301003345,0.022820028546460487,0.6035,False,False,0.83356295360507,-1.0,0.5008966432627,0.24428301837826352,0.2804975922953451,True,50.04,21.99,blue|brown/wood|green|grey|metallic|multi/pattern|navy|purple|yellow/orange,1.0,0.27983539094650206,700.0,0.36363636363636365,0.6363636363636364,0.09090909090909091,0.09090909090909091,0.6363636363636364,31.363636363636367,36.81818181818181,False,False,False,False,Not listed,,,False,,long tail: not in any supported 4-attribute combination,"passed, outside the top 10 by VOS",share gap not credible (60% < 90%),0.0,0.0,,Long tail (not in any 4-attribute combination with enough families)
Furniture > Cubicle & Panel Systems > Office Partitions & Dividers :: colour_tone=bold · divider_type=folding screen · design=plain · vibe=plain,Furniture > Cubicle & Panel Systems > Office Partitions & Dividers,Furniture > Cubicle & Panel Systems,wayfair,4,"{""colour_tone"": ""bold"", ""divider_type"": ""folding screen"", ""design"": ""plain"", ""vibe"": ""plain""}",Folding screen divider,Colour tone: bold · Type: folding screen · Design: plain · Vibe: plain,5,9,True,0.3333333333333333,75.15151515151514,0.75,68.23613739013672,0.3829616596932527,9.0,4.0,0.4444444444444444,0.8888888888888888,0.5,0.4444444444444444,0.0,0.0,0.0,0.4444444444444444,0.1111111111111111,0.0,0.1111111111111111,0.3333333333333333,0.0,0.0,0.17647058823529413,0.7352941176470589,15.52267692300725,True,True,0.050505050505050504,0.011612903225806452,-1.5024386278270574,0.00535,False,False,1.492732047750698,-1.0,0.0,0.2062897427103132,0.11441647597254001,True,2047.0,615.99,green|purple|red/pink,1.0,0.7777777777777778,2.0,0.29411764705882354,0.47058823529411764,0.23529411764705882,0.4117647058823529,0.47058823529411764,31.323529411764707,31.029411764705884,False,False,False,True,Vector-led,38.46153846153846,0.02900988017658188,True,4.0,,,share gap not credible (1% < 90%); ACR 78% (≥ 50%): cheaper or same-look Staples twins,1.0,1.0,0.25,Folding screen divider (Colour tone: bold · Type: folding screen · Design: plain · Vibe: plain)
Furniture > Cubicle & Panel Systems > Office Partitions & Dividers :: colour_tone=dark-neutral · divider_type=folding screen · design=plain · vibe=floral/botanical,Furniture > Cubicle & Panel Systems > Office Partitions & Dividers,Furniture > Cubicle & Panel Systems,wayfair,4,"{""colour_tone"": ""dark-neutral"", ""divider_type"": ""folding screen"", ""design"": ""plain"", ""vibe"": ""floral/botanical""}",Folding screen divider,Colour tone: dark-neutral · Type: folding screen · Design: plain · Vibe: floral/botanical,0,10,True,0.3,62.59030586899439,1.0,84.2647705078125,0.09883359596469915,10.0,1.0,0.1,1.0,0.1,0.9,0.0,0.0,0.0,0.1,0.0,0.0,0.0,0.9,0.0,0.0,0.11764705882352941,0.9705882352941176,7.605767198048167,False,False,0.0,0.012903225806451613,0.9955401035282957,0.88585,True,True,1.6094400146535623,-1.0,0.38114826489182696,0.5506549514229568,0.368421052631579,False,,245.49,black,,1.0,0.0,0.6470588235294118,0.6470588235294118,0.5882352941176471,1.0,0.5294117647058824,56.029411764705884,49.852941176470594,True,False,False,False,Not listed,30.76923076923077,0.028665028665028666,False,,Method 1: 1 safe products (< 2); 90% substitute/undercut (≥ 70%) · Method 2: ACR 100% (≥ 50%): cheaper or same-look Staples twins; 0 non-cannibalising products (< 2),1 safe products (< 2); 90% substitute/undercut (≥ 70%),ACR 100% (≥ 50%): cheaper or same-look Staples twins; 0 non-cannibalising products (< 2),0.0,0.0,,Folding screen divider (Colour tone: dark-neutral · Type: folding screen · Design: plain · Vibe: floral/botanical)
Furniture > Cubicle & Panel Systems > Office Partitions & Dividers :: colour_tone=dark-neutral · divider_type=folding screen · design=plain · vibe=plain,Furniture > Cubicle & Panel Systems > Office Partitions & Dividers,Furniture > Cubicle & Panel Systems,wayfair,4,"{""colour_tone"": ""dark-neutral"", ""divider_type"": ""folding screen"", ""design"": ""plain"", ""vibe"": ""plain""}",Folding screen divider,Colour tone: dark-neutral · Type: folding screen · Design: plain · Vibe: plain,8,22,True,0.7727272727272727,58.667589241359735,0.0,73.33438110351562,0.12355643846040304,22.0,1.0,0.045454545454545456,0.8181818181818182,0.05555555555555555,0.7727272727272727,0.0,0.0,0.0,0.045454545454545456,0.18181818181818182,0.0,0.0,0.7727272727272727,0.0,0.0,0.5882352941176471,0.14705882352941177,12.732122543238075,False,False,0.08080808080808081,0.02838709677419355,-1.0755331884810237,0.0079,False,False,1.8397347914797577,-1.0,0.0,0.345967535598889,0.020594965675057197,True,676.715,93.49,beige/cream,1.875,1.0,0.0,0.35294117647058826,0.8823529411764706,0.23529411764705882,0.7647058823529411,0.11764705882352941,40.588235294117645,35.29411764705882,False,False,False,False,Not listed,38.46153846153847,0.028985507246376812,False,,Method 1: 1 safe products (< 2); 77% substitute/undercut (≥ 70%) · Method 2: share gap not credible (1% < 90%); ACR 100% (≥ 50%): cheaper or same-look Staples twins; 0 non-cannibalising products (< 2),1 safe products (< 2); 77% substitute/undercut (≥ 70%),share gap not credible (1% < 90%); ACR 100% (≥ 50%): cheaper or same-look Staples twins; 0 non-cannibalising products (< 2),0.0,0.0,,Folding screen divider (Colour tone: dark-neutral · Type: folding screen · Design: plain · Vibe: plain)
Furniture > Cubicle & Panel Systems > Office Partitions & Dividers :: colour_tone=light-neutral · divider_type=folding screen · design=plain · vibe=luxe,Furniture > Cubicle & Panel Systems > Office Partitions & Dividers,Furniture > Cubicle & Panel Systems,wayfair,4,"{""colour_tone"": ""light-neutral"", ""divider_type"": ""folding screen"", ""design"": ""plain"", ""vibe"": ""luxe""}",Folding screen divider,Colour tone: light-neutral · Type: folding screen · Design: plain · Vibe: luxe,0,24,True,0.8686757673916397,68.72285501383863,0.75,68.25044250488281,0.40920676422521496,24.0,13.0,0.5416666666666666,0.875,0.6190476190476191,0.3333333333333333,0.0,0.041666666666666664,0.041666666666666664,0.4583333333333333,0.125,0.0,0.0,0.3333333333333333,0.0,0.0,0.6470588235294118,0.7352941176470589,21.62680051965208,True,True,0.0,0.03096774193548387,1.8428379639154993,0.98445,True,True,1.1033428017607196,-1.0,0.49785039040396994,0.26593178812247015,0.5326086956521738,False,,674.99,beige/cream|brown/wood|clear|white,,1.0,0.0,1.0,0.23529411764705882,0.7058823529411765,0.47058823529411764,0.8823529411764706,70.58823529411764,72.64705882352942,True,False,False,True,Vector-led,84.61538461538461,0.03177805800756621,True,2.0,,,ACR 100% (≥ 50%): cheaper or same-look Staples twins; 0 non-cannibalising products (< 2),1.0,1.0,0.17159763313609472,Folding screen divider (Colour tone: light-neutral · Type: folding screen · Design: plain · Vibe: luxe)
Furniture > Cubicle & Panel Systems > Office Partitions & Dividers :: colour_tone=light-neutral · divider_type=folding screen · design=plain · vibe=natural/woven,Furniture > Cubicle & Panel Systems > Office Partitions & Dividers,Furniture > Cubicle & Panel Systems,wayfair,4,"{""colour_tone"": ""light-neutral"", ""divider_type"": ""folding screen"", ""design"": ""plain"", ""vibe"": ""natural/woven""}",Folding screen divider,Colour tone: light-neutral · Type: folding screen · Design: plain · Vibe: natural/woven,0,11,True,0.9347944974969501,63.030303030303024,0.8,74.42794036865234,0.20795485824387558,11.0,2.0,0.18181818181818182,0.8181818181818182,0.2222222222222222,0.6363636363636364,0.0,0.0,0.0,0.18181818181818182,0.18181818181818182,0.0,0.0,0.6363636363636364,0.0,0.0,0.9411764705882353,0.8529411764705882,21.118829032979544,True,True,0.0,0.014193548387096775,1.0865118817340222,0.90245,True,True,1.887504571062696,-1.0,0.40485585217318876,0.4579853974685244,0.37528604118993136,False,,135.99,beige/cream|white,,1.0,0.0,0.7647058823529411,0.9411764705882353,0.6470588235294118,0.8823529411764706,0.5882352941176471,77.35294117647058,75.0,True,False,False,True,Vector-led,92.3076923076923,0.03225806451612903,True,1.0,,,ACR 100% (≥ 50%): cheaper or same-look Staples twins; 0 non-cannibalising products (< 2),1.0,1.0,0.5,Folding screen divider (Colour tone: light-neutral · Type: folding screen · Design: plain · Vibe: natural/woven)
Furniture > Cubicle & Panel Systems > Office Partitions & Dividers :: colour_tone=light-neutral · divider_type=folding screen · design=plain · vibe=other,Furniture > Cubicle & Panel Systems > Office Partitions & Dividers,Furniture > Cubicle & Panel Systems,wayfair,4,"{""colour_tone"": ""light-neutral"", ""divider_type"": ""folding screen"", ""design"": ""plain"", ""vibe"": ""other""}",Folding screen divider,Colour tone: light-neutral · Type: folding screen · Design: plain · Vibe: other (mixed),5,7,False,0.7546770674952074,62.63466042154566,0.6666666666666666,70.68121337890625,0.48932623788115115,7.0,2.0,0.2857142857142857,0.8571428571428571,0.3333333333333333,0.5714285714285714,0.0,0.0,0.0,0.2857142857142857,0.14285714285714285,0.0,0.0,0.5714285714285714,0.0,0.0,0.5294117647058824,0.5588235294117647,16.589893440218205,False,False,0.050505050505050504,0.00903225806451613,-1.7388274058912878,0.0027,False,False,1.802427079642977,-1.0,0.0,0.03858799289704479,0.028604118993134975,True,2783.99,319.99,beige/cream,1.0,1.0,0.0,0.23529411764705882,0.8235294117647058,0.23529411764705882,0.0,0.23529411764705882,27.64705882352941,34.11764705882352,False,False,False,False,Not listed,,,False,,includes a grouped “other (mixed)” value: not a nameable archetype,"passed, outside the top 10 by VOS",share gap not credible (0% < 90%); ACR 100% (≥ 50%): cheaper or same-look Staples twins; 0 non-cannibalising products (< 2),0.0,0.0,,Folding screen divider (Colour tone: light-neutral · Type: folding screen · Design: plain · Vibe: other (mixed))
Furniture > Cubicle & Panel Systems > Office Partitions & Dividers :: colour_tone=light-neutral · divider_type=folding screen · design=plain · vibe=plain,Furniture > Cubicle & Panel Systems > Office Partitions & Dividers,Furniture > Cubicle & Panel Systems,wayfair,4,"{""colour_tone"": ""light-neutral"", ""divider_type"": ""folding screen"", ""design"": ""plain"", ""vibe"": ""plain""}",Folding screen divider,Colour tone: light-neutral · Type: folding screen · Design: plain · Vibe: plain,6,22,True,0.9219427032939295,65.75278546590022,0.6666666666666666,74.42794799804688,0.0984876467208405,22.0,3.0,0.13636363636363635,0.8636363636363636,0.15789473684210525,0.7272727272727273,0.0,0.0,0.0,0.13636363636363635,0.13636363636363635,0.0,0.0,0.7272727272727273,0.0,0.0,0.8823529411764706,0.5588235294117647,18.77047591925841,False,False,0.06060606060606061,0.02838709677419355,-0.8072692018863443,0.0511,False,False,2.282225482890914,-1.0,0.0,0.13726589593877214,0.08810068649885583,True,1781.4899999999998,116.49000000000001,beige/cream,2.8333333333333335,1.0,0.0,0.4117647058823529,1.0,0.23529411764705882,0.23529411764705882,0.4117647058823529,40.44117647058824,45.147058823529406,False,False,False,False,Not listed,57.692307692307686,0.030158730158730156,False,,Method 1: 73% substitute/undercut (≥ 70%) · Method 2: share gap not credible (5% < 90%); ACR 100% (≥ 50%): cheaper or same-look Staples twins; 0 non-cannibalising products (< 2),73% substitute/undercut (≥ 70%),share gap not credible (5% < 90%); ACR 100% (≥ 50%): cheaper or same-look Staples twins; 0 non-cannibalising products (< 2),0.0,0.0,,Folding screen divider (Colour tone: light-neutral · Type: folding screen · Design: plain · Vibe: plain)
Furniture > Cubicle & Panel Systems > Office Partitions & Dividers :: colour_tone=light-neutral · divider_type=freestanding partition · design=plain · vibe=plain,Furniture > Cubicle & Panel Systems > Office Partitions & Dividers,Furniture > Cubicle & Panel Systems,wayfair,4,"{""colour_tone"": ""light-neutral"", ""divider_type"": ""freestanding partition"", ""design"": ""plain"", ""vibe"": ""plain""}",Freestanding partition divider,Colour tone: light-neutral · Type: freestanding partition · Design: plain · Vibe: plain,4,24,True,0.4755707234305106,71.05900929671421,0.0,72.76846694946289,0.5481506539050276,24.0,1.0,0.041666666666666664,0.8333333333333334,0.05,0.7916666666666666,0.0,0.0,0.0,0.041666666666666664,0.16666666666666666,0.0,0.16666666666666666,0.625,0.0,0.0,0.23529411764705882,0.14705882352941177,9.689635377520538,False,False,0.04040404040404041,0.03096774193548387,-0.35438661342072025,0.286,False,False,0.6755346102372748,-1.0,0.0,0.10496897534033567,0.006864988558352381,True,621.715,469.195,beige/cream|black|navy|white,1.0,0.8333333333333334,4.0,0.47058823529411764,0.0,0.23529411764705882,0.17647058823529413,0.058823529411764705,15.294117647058822,14.117647058823529,False,False,False,False,Not listed,11.538461538461538,0.027598020555767037,False,,Method 1: 1 safe products (< 2); 79% substitute/undercut (≥ 70%) · Method 2: share gap not credible (29% < 90%); ACR 83% (≥ 50%): cheaper or same-look Staples twins,1 safe products (< 2); 79% substitute/undercut (≥ 70%),share gap not credible (29% < 90%); ACR 83% (≥ 50%): cheaper or same-look Staples twins,0.0,0.0,,Freestanding partition divider (Colour tone: light-neutral · Type: freestanding partition · Design: plain · Vibe: plain)
Furniture > Cubicle & Panel Systems > Office Partitions & Dividers :: colour_tone=mid-neutral · divider_type=folding screen · design=plain · vibe=other,Furniture > Cubicle & Panel Systems > Office Partitions & Dividers,Furniture > Cubicle & Panel Systems,wayfair,4,"{""colour_tone"": ""mid-neutral"", ""divider_type"": ""folding screen"", ""design"": ""plain"", ""vibe"": ""other""}",Folding screen divider,Colour tone: mid-neutral · Type: folding screen · Design: plain · Vibe: other (mixed),5,6,False,0.47993970616138326,64.05471577602725,0.325,68.02984237670898,1.3888292953277825,6.0,1.0,0.16666666666666666,0.3333333333333333,0.5,0.16666666666666666,0.0,0.0,0.0,0.16666666666666666,0.6666666666666666,0.0,0.0,0.16666666666666666,0.0,0.0,0.29411764705882354,0.47058823529411764,14.136057485446846,False,False,0.050505050505050504,0.007741935483870968,-1.8819282495319614,0.00175,False,False,1.5199532751570901,-1.0,0.0,0.1467931024360521,0.07437070938215107,True,3148.99,1476.99,,1.4,0.8333333333333334,1.0,0.17647058823529413,0.5294117647058824,0.23529411764705882,0.29411764705882354,0.35294117647058826,26.91176470588235,28.08823529411765,False,False,False,False,Not listed,,,False,,includes a grouped “other (mixed)” value: not a nameable archetype,1 safe products (< 2),share gap not credible (0% < 90%); ACR 83% (≥ 50%): cheaper or same-look Staples twins; 1 non-cannibalising products (< 2),0.0,0.0,,Folding screen divider (Colour tone: mid-neutral · Type: folding screen · Design: plain · Vibe: other (mixed))
Furniture > Cubicle & Panel Systems > Office Partitions & Dividers :: colour_tone=mid-neutral · divider_type=folding screen · design=plain · vibe=plain,Furniture > Cubicle & Panel Systems > Office Partitions & Dividers,Furniture > Cubicle & Panel Systems,wayfair,4,"{""colour_tone"": ""mid-neutral"", ""divider_type"": ""folding screen"", ""design"": ""plain"", ""vibe"": ""plain""}",Folding screen divider,Colour tone: mid-neutral · Type: folding screen · Design: plain · Vibe: plain,15,15,True,0.8855159648310967,65.66496345184869,0.0,68.23613739013672,0.20515514550914213,15.0,2.0,0.13333333333333333,0.6,0.2222222222222222,0.4666666666666667,0.0,0.0,0.0,0.13333333333333333,0.4,0.0,0.0,0.4666666666666667,0.0,0.0,0.7058823529411765,0.14705882352941177,17.514805233535483,True,True,0.15151515151515152,0.01935483870967742,-2.0489823341951277,0.0,False,False,1.5965321134660302,-1.0,0.0,0.18051407792712584,0.03661327231121281,True,1608.49,329.99,,1.7333333333333334,1.0,0.0,0.11764705882352941,0.5882352941176471,0.23529411764705882,0.35294117647058826,0.29411764705882354,27.058823529411764,27.35294117647059,False,False,False,True,Vector-led,42.30769230769231,0.029273504273504274,True,3.0,,,share gap not credible (0% < 90%); ACR 100% (≥ 50%): cheaper or same-look Staples twins; 0 non-cannibalising products (< 2),1.0,1.0,0.5,Folding screen divider (Colour tone: mid-neutral · Type: folding screen · Design: plain · Vibe: plain)
Furniture > Cubicle & Panel Systems > Office Partitions & Dividers :: colour_tone=mid-neutral · divider_type=freestanding partition · design=plain · vibe=plain,Furniture > Cubicle & Panel Systems > Office Partitions & Dividers,Furniture > Cubicle & Panel Systems,wayfair,4,"{""colour_tone"": ""mid-neutral"", ""divider_type"": ""freestanding partition"", ""design"": ""plain"", ""vibe"": ""plain""}",Freestanding partition divider,Colour tone: mid-neutral · Type: freestanding partition · Design: plain · Vibe: plain,15,8,True,0.0,72.42317791498118,0.0,71.16557693481445,0.4877046829522734,8.0,0.0,0.0,0.75,0.0,0.75,0.0,0.0,0.0,0.0,0.25,0.0,0.0,0.75,0.0,0.0,0.029411764705882353,0.14705882352941177,7.706562808436587,False,False,0.15151515151515152,0.01032258064516129,-2.6497561946240578,0.0,False,False,1.1983410893058648,-1.0,0.0,0.3209799380584327,0.02631578947368421,True,822.09,316.18,,1.2666666666666666,1.0,0.0,0.0,0.29411764705882354,0.23529411764705882,0.5882352941176471,0.17647058823529413,20.88235294117647,15.588235294117647,False,False,False,False,Not listed,7.6923076923076925,0.0273972602739726,False,,Method 1: 0 safe products (< 2); 75% substitute/undercut (≥ 70%) · Method 2: share gap not credible (0% < 90%); ACR 100% (≥ 50%): cheaper or same-look Staples twins; 0 non-cannibalising products (< 2),0 safe products (< 2); 75% substitute/undercut (≥ 70%),share gap not credible (0% < 90%); ACR 100% (≥ 50%): cheaper or same-look Staples twins; 0 non-cannibalising products (< 2),0.0,0.0,,Freestanding partition divider (Colour tone: mid-neutral · Type: freestanding partition · Design: plain · Vibe: plain)
Furniture > Cubicle & Panel Systems > Office Partitions & Dividers :: colour_tone=mid-neutral · divider_type=other · design=plain · vibe=plain,Furniture > Cubicle & Panel Systems > Office Partitions & Dividers,Furniture > Cubicle & Panel Systems,wayfair,4,"{""colour_tone"": ""mid-neutral"", ""divider_type"": ""other"", ""design"": ""plain"", ""vibe"": ""plain""}",Divider,Colour tone: mid-neutral · Type: other (mixed) · Design: plain · Vibe: plain,10,8,False,0.0,46.66666666666667,0.0,72.68302536010742,0.7576913380298729,8.0,0.0,0.0,0.5,0.0,0.5,0.0,0.0,0.0,0.0,0.5,0.0,0.0,0.5,0.0,0.0,0.029411764705882353,0.14705882352941177,5.19022518157959,False,False,0.10101010101010101,0.01032258064516129,-2.2602914278623345,0.0,False,False,1.6535815890131627,-1.0,0.0,0.05216841772705744,-0.04233409610983982,True,3498.99,425.21,,1.1,0.75,2.0,0.058823529411764705,0.7058823529411765,0.23529411764705882,0.058823529411764705,0.0,19.558823529411764,23.38235294117647,False,False,False,False,Not listed,,,False,,includes a grouped “other (mixed)” value: not a nameable archetype,0 safe products (< 2),share gap not credible (0% < 90%); ACR 75% (≥ 50%): cheaper or same-look Staples twins,0.0,0.0,,Divider (Colour tone: mid-neutral · Type: other (mixed) · Design: plain · Vibe: plain)
Furniture > Cubicle & Panel Systems > Office Partitions & Dividers :: colour_tone=pattern · divider_type=folding screen · design=print/photo · vibe=floral/botanical,Furniture > Cubicle & Panel Systems > Office Partitions & Dividers,Furniture > Cubicle & Panel Systems,wayfair,4,"{""colour_tone"": ""pattern"", ""divider_type"": ""folding screen"", ""design"": ""print/photo"", ""vibe"": ""floral/botanical""}",Print/photo folding screen divider,Colour tone: pattern · Type: folding screen · Design: print/photo · Vibe: floral/botanical,0,21,True,0.9523809523809523,63.030303030303024,0.8,81.33435821533203,0.3849213509276301,21.0,4.0,0.19047619047619047,1.0,0.19047619047619047,0.8095238095238095,0.0,0.047619047619047616,0.0,0.14285714285714285,0.0,0.0,0.0,0.8095238095238095,0.0,0.0,1.0,0.8529411764705882,15.909215592777024,False,False,0.0,0.027096774193548386,1.712217781498435,0.97815,True,True,0.7395245876103315,-1.0,0.7134967478733674,0.32959043207363314,0.7791762013729977,False,,709.99,brown/wood|multi/pattern,,0.9523809523809523,1.0,0.9411764705882353,0.058823529411764705,1.0,0.6470588235294118,1.0,73.82352941176471,74.41176470588235,True,False,False,False,Not listed,69.23076923076923,0.030776515151515152,False,,Method 1: 81% substitute/undercut (≥ 70%) · Method 2: ACR 95% (≥ 50%): cheaper or same-look Staples twins; 1 non-cannibalising products (< 2),81% substitute/undercut (≥ 70%),ACR 95% (≥ 50%): cheaper or same-look Staples twins; 1 non-cannibalising products (< 2),0.0,0.0,,Print/photo folding screen divider (Colour tone: pattern · Type: folding screen · Design: print/photo · Vibe: floral/botanical)
Furniture > Cubicle & Panel Systems > Office Partitions & Dividers :: colour_tone=warm-neutral · divider_type=folding screen · design=oriental/art · vibe=natural/woven,Furniture > Cubicle & Panel Systems > Office Partitions & Dividers,Furniture > Cubicle & Panel Systems,wayfair,4,"{""colour_tone"": ""warm-neutral"", ""divider_type"": ""folding screen"", ""design"": ""oriental/art"", ""vibe"": ""natural/woven""}",Oriental/art folding screen divider,Colour tone: warm-neutral · Type: folding screen · Design: oriental/art · Vibe: natural/woven,0,16,True,0.6236985192040722,70.49606131573344,0.0625,78.94326782226562,0.22430665388695603,16.0,0.0,0.0,0.9375,0.0,0.9375,0.0,0.0,0.0,0.0,0.0625,0.0,0.0625,0.875,0.0,0.0,0.4117647058823529,0.35294117647058826,10.212885614394256,False,False,0.0,0.02064516129032258,1.4475252272713528,0.9553,True,True,1.7766116104518481,-1.0,0.5793494879604258,0.27938203842413434,0.4662471395881007,False,,161.99,black|brown/wood|grey|multi/pattern,,1.0,0.0,0.8823529411764706,0.7647058823529411,0.8823529411764706,0.5294117647058824,0.7058823529411765,77.94117647058823,81.76470588235294,True,False,False,False,Not listed,65.38461538461539,0.030679156908665108,False,,Method 1: 0 safe products (< 2); 94% substitute/undercut (≥ 70%) · Method 2: ACR 100% (≥ 50%): cheaper or same-look Staples twins; 0 non-cannibalising products (< 2),0 safe products (< 2); 94% substitute/undercut (≥ 70%),ACR 100% (≥ 50%): cheaper or same-look Staples twins; 0 non-cannibalising products (< 2),0.0,0.0,,Oriental/art folding screen divider (Colour tone: warm-neutral · Type: folding screen · Design: oriental/art · Vibe: natural/woven)
Furniture > Cubicle & Panel Systems > Office Partitions & Dividers :: colour_tone=warm-neutral · divider_type=folding screen · design=plain · vibe=luxe,Furniture > Cubicle & Panel Systems > Office Partitions & Dividers,Furniture > Cubicle & Panel Systems,wayfair,4,"{""colour_tone"": ""warm-neutral"", ""divider_type"": ""folding screen"", ""design"": ""plain"", ""vibe"": ""luxe""}",Folding screen divider,Colour tone: warm-neutral · Type: folding screen · Design: plain · Vibe: luxe,0,15,True,0.9064599176334567,63.37662337662338,0.25,78.94329071044922,0.19119575193391897,15.0,1.0,0.06666666666666667,0.9333333333333333,0.07142857142857142,0.8666666666666667,0.0,0.0,0.0,0.06666666666666667,0.06666666666666667,0.0,0.06666666666666667,0.8,0.0,0.0,0.8235294117647058,0.4117647058823529,13.974480566166118,False,False,0.0,0.01935483870967742,1.3850048702900188,0.9479,True,True,1.4143193584653413,-1.0,0.5703178139766385,0.34474944914863104,0.625858123569794,False,,419.99,brown/wood|white,,1.0,0.0,0.8235294117647058,0.4117647058823529,0.8235294117647058,0.7058823529411765,0.9411764705882353,74.11764705882354,74.41176470588235,True,False,False,False,Not listed,65.38461538461539,0.03057889822595705,False,,Method 1: 1 safe products (< 2); 87% substitute/undercut (≥ 70%) · Method 2: ACR 100% (≥ 50%): cheaper or same-look Staples twins; 0 non-cannibalising products (< 2),1 safe products (< 2); 87% substitute/undercut (≥ 70%),ACR 100% (≥ 50%): cheaper or same-look Staples twins; 0 non-cannibalising products (< 2),0.0,0.0,,Folding screen divider (Colour tone: warm-neutral · Type: folding screen · Design: plain · Vibe: luxe)
Furniture > Cubicle & Panel Systems > Office Partitions & Dividers :: colour_tone=warm-neutral · divider_type=folding screen · design=plain · vibe=natural/woven,Furniture > Cubicle & Panel Systems > Office Partitions & Dividers,Furniture > Cubicle & Panel Systems,wayfair,4,"{""colour_tone"": ""warm-neutral"", ""divider_type"": ""folding screen"", ""design"": ""plain"", ""vibe"": ""natural/woven""}",Folding screen divider,Colour tone: warm-neutral · Type: folding screen · Design: plain · Vibe: natural/woven,1,14,True,0.8997784831787035,76.96969696969698,1.0,77.3089714050293,0.2287866002117221,14.0,2.0,0.14285714285714285,0.9285714285714286,0.15384615384615385,0.7857142857142857,0.0,0.07142857142857142,0.0,0.07142857142857142,0.07142857142857142,0.0,0.0,0.7857142857142857,0.0,0.0,0.7647058823529411,0.9705882352941176,18.553859504352925,False,False,0.010101010101010102,0.01806451612903226,0.21970120712323696,0.691,False,False,1.215111490764522,-1.0,0.5604767984744583,0.5082098579800052,0.5160183066361557,False,546.69,437.49,,1.0,1.0,0.0,0.5294117647058824,0.35294117647058826,0.7647058823529411,0.9411764705882353,0.8235294117647058,54.264705882352935,49.85294117647059,False,False,False,False,Not listed,65.38461538461539,0.03055037313432836,False,,Method 1: 79% substitute/undercut (≥ 70%) · Method 2: share gap not credible (69% < 90%); ACR 100% (≥ 50%): cheaper or same-look Staples twins; 0 non-cannibalising products (< 2),79% substitute/undercut (≥ 70%),share gap not credible (69% < 90%); ACR 100% (≥ 50%): cheaper or same-look Staples twins; 0 non-cannibalising products (< 2),0.0,0.0,,Folding screen divider (Colour tone: warm-neutral · Type: folding screen · Design: plain · Vibe: natural/woven)
Furniture > Cubicle & Panel Systems > Office Partitions & Dividers :: colour_tone=warm-neutral · divider_type=folding screen · design=plain · vibe=plain,Furniture > Cubicle & Panel Systems > Office Partitions & Dividers,Furniture > Cubicle & Panel Systems,wayfair,4,"{""colour_tone"": ""warm-neutral"", ""divider_type"": ""folding screen"", ""design"": ""plain"", ""vibe"": ""plain""}",Folding screen divider,Colour tone: warm-neutral · Type: folding screen · Design: plain · Vibe: plain,1,17,True,0.6125704330783679,75.15151515151514,0.0,78.9432144165039,0.3389779147406266,17.0,4.0,0.23529411764705882,1.0,0.23529411764705882,0.7647058823529411,0.0,0.0,0.11764705882352941,0.11764705882352941,0.0,0.0,0.11764705882352941,0.6470588235294118,0.0,0.0,0.35294117647058826,0.14705882352941177,8.865807555703556,False,False,0.010101010101010102,0.02193548387096774,0.4077534386261766,0.76995,False,False,1.0258713081603084,-1.0,0.5876727788700229,0.3630686184163875,0.39473684210526316,False,579.29,659.99,grey,1.0,0.8823529411764706,2.0,0.5882352941176471,0.17647058823529413,0.9411764705882353,0.8235294117647058,0.6470588235294118,50.0,46.470588235294116,False,False,False,False,Not listed,30.76923076923077,0.028594771241830064,False,,Method 1: 76% substitute/undercut (≥ 70%) · Method 2: share gap not credible (77% < 90%); ACR 88% (≥ 50%): cheaper or same-look Staples twins,76% substitute/undercut (≥ 70%),share gap not credible (77% < 90%); ACR 88% (≥ 50%): cheaper or same-look Staples twins,0.0,0.0,,Folding screen divider (Colour tone: warm-neutral · Type: folding screen · Design: plain · Vibe: plain)
Furniture > Cubicle & Panel Systems > Office Partitions & Dividers :: long tail,Furniture > Cubicle & Panel Systems > Office Partitions & Dividers,Furniture > Cubicle & Panel Systems,wayfair,0,{},Long tail,not in any 4-attribute combination with enough families,24,526,False,0.6832081910401887,63.030303030303024,0.7333333333333334,78.9432144165039,0.25684460833427225,526.0,128.0,0.24334600760456274,0.9296577946768061,0.261758691206544,0.629277566539924,0.0,0.07034220532319392,0.03231939163498099,0.14068441064638784,0.07034220532319392,0.0,0.03802281368821293,0.591254752851711,0.057034220532319393,0.0,0.47058823529411764,0.6470588235294118,11.846975461174463,False,False,0.24242424242424243,0.6787096774193548,1.0185958798282215,1.0,False,False,1.0091559247827995,-1.0,0.1081927618753054,0.10320495183716737,0.46853546910755145,True,1269.24,349.99,beige/cream|clear|green|metallic|navy|purple|red/pink|white|yellow/orange,1.2083333333333333,0.8098859315589354,100.0,0.7058823529411765,0.11764705882352941,0.5294117647058824,0.11764705882352941,0.7647058823529411,48.23529411764706,53.52941176470589,True,False,False,False,Not listed,,,False,,long tail: not in any supported 4-attribute combination,"passed, outside the top 10 by VOS",ACR 81% (≥ 50%): cheaper or same-look Staples twins,0.0,0.0,,Long tail (not in any 4-attribute combination with enough families)
