competitor,comp_path,context_path,is_leaf,source,candidates,staples_carries,gold_staples_path,note
Wayfair,Outdoor > Outdoor Shades > Carports,Outdoor > Outdoor Shades > Carports,True,stratified sample,"Furniture > Decor > Home & Office Decor > Indoor Fireplaces || Furniture > Decor > Curtains, Blinds & Shades || Gift Shop > Professional Gifts > Compasses > Patio Furniture || Furniture > Lamps & Lighting > Outdoor Lighting || Gift Shop > Professional Gifts > Compasses > Outdoor Heaters || Gift Shop > Professional Gifts > Compasses > Outdoor Furniture Covers || Gift Shop > Professional Gifts > Compasses > Outdoor Decor || Furniture > Decor > Shower Curtains & Accessories || Furniture > Storage Furniture > Clothing Racks & Closet Organization > Clothes Racks & Portable Closets || Retail Store Supplies > Store Fixtures & Retail Displays > Slat-Grid Panels & Accessories || Furniture > Decor > Wall Art > Sports Art || Cleaning Supplies > Cleaning Chemicals & Wipes > Carpet Care",,,
Wayfair,Outdoor > Umbrellas > Market Umbrellas,Outdoor > Umbrellas > Market Umbrellas,True,stratified sample,Gift Shop > Professional Gifts > Compasses > Outdoor Furniture Covers || Gift Shop > Professional Gifts > Compasses > Patio Furniture || Facilities > Flashlights & Lanterns || Gift Shop > Professional Gifts > Compasses > Outdoor Heaters || Gift Shop > Professional Gifts > Compasses > Outdoor Decor || Gift Shop > Game Room & Toys > Game Room > Pool Tables & Accessories || Retail Store Supplies > Retail Signage > Indoor & Outdoor Retail Signage || Healthcare Supplies > Durable Medical Equipment > Shower & Bath Aids > Shower Chairs / Benches || Retail Store Supplies > Backroom Retail Supplies > Clothing Hangers & Accessories || Gift Shop > Table Tents || Office Supplies > Writing Supplies & Instruments > Markers || Office Supplies > Custom Marketing Materials,,,
Wayfair,Home Improvement > Outdoor Remodel > Fencing Accessories,Home Improvement > Outdoor Remodel > Fencing Accessories,True,stratified sample,Facilities > Grounds Maintenance > Outdoor Tools > Lawn & Garden Tools || Facilities > Grounds Maintenance > Outdoor Tools || Furniture > Decor > Home & Office Decor > Indoor Fireplaces || Facilities > Paint Supplies > Wood Care & Maintenance || Facilities > Plumbing > Drinking Fountain Repair & Accessories || Retail Store Supplies > Store Fixtures & Retail Displays > Slatwall Panels & Accessories || Furniture > Lamps & Lighting > Outdoor Lighting || Facilities > Plumbing > Bathroom Hardware > Bathroom Safety Hardware || Gift Shop > Professional Gifts > Compasses > Outdoor Furniture Covers || Facilities > Plumbing > Bathroom Hardware || TV & Streaming Media > TV & Video > TV Accessories || Gift Shop > Professional Gifts > Bar Accessories,,,
Wayfair,Smallwares > Serveware > Tureens,Smallwares > Serveware > Tureens,True,stratified sample,"Appliances & Kitchenware > Kitchenware > Dining & Tableware > Carafes, Pitchers & Tumblers || Coffee, Water & Snacks > Coffee, Coffee Makers & Supplies > Carafes, Kettles & Decanters || Appliances & Kitchenware > Kitchenware > Dining & Tableware > Drinkware & Glassware || Appliances & Kitchenware > Kitchenware > Kitchen Tools > Sifters, Strainers & Colanders || Appliances & Kitchenware > Kitchenware > Dining & Tableware > Flatware & Cutlery || Restaurant & Foodservice Supplies > Tabletop > Flatware || Appliances & Kitchenware > Kitchenware > Kitchen Tools > Skillets & Braising Pans || Appliances & Kitchenware > Kitchenware > Dining & Tableware > Tableware || Restaurant & Foodservice Supplies > Tabletop > Dinnerware || Restaurant & Foodservice Supplies > Tabletop > Placemats & Tablecloths || Cleaning Supplies > Cleaning Chemicals & Wipes > Urinal Screens || Shredders, Projectors & Office Machines > Projectors & Accessories > Projector Screens",,,
Wayfair,Outdoor > Backyard Play > Basketball Hoops,Outdoor > Backyard Play > Basketball Hoops,True,stratified sample,"School Supplies > Teacher Supplies > Physical Education & Recreation > Outdoor Games || Gift Shop > Game Room & Toys > Game Room > Pool Tables & Accessories || Gift Shop > Game Room & Toys > Game Room > Tailgating Supplies || School Supplies > Learning at Home > Pretend Play || Gift Shop > Game Room & Toys > Game Room > Game Room & Games || Gift Shop > Game Room & Toys > Game Room > Sports Displays & Collectibles || Gift Shop > Game Room & Toys > Game Room || Furniture > Daycare & Nursery > Play & Rest Mats || Gift Shop > Game Room & Toys > Game Room > Darts & Dart Boards || Gift Shop > Game Room & Toys > Game Room > Sports Memorabilia & Collectibles || Office Supplies > Storage & Organization > Storage Baskets || Laboratory & Scientific Supplies > Labware & Consumables > Racks, Baskets & Boxes",,,
Wayfair,Outdoor > Fitness > Dumbbells,Outdoor > Fitness > Dumbbells,True,stratified sample,"Fitness > Fitness Equipment || Fitness || Fitness > Fitness Equipment > Fitness Machines || Fitness > Fitness Equipment > Fitness Machines > Fitness Machines || Expanded Assortment > Fitness || Wearable Technology > Pedometers & Fitness Trackers || Facilities > Ladders & Step Stools || Facilities > Grounds Maintenance > Outdoor Tools > Pressure Washers & Accessories || Healthcare Supplies > Durable Medical Equipment > Orthopedics > Leg Walkers & Boots || Retail Store Supplies > Spa & Salon > Spa & Massage > Massage Stools || Security, Banking & Cash > Call Bells || Smart Home & Security > Smart Doorbells",,,
Wayfair,Shop Contractor Spaces > Bedroom,Contractor Spaces > Bedroom,False,stratified sample,Furniture > Decor > Home & Office Decor > Living Room Accents || Facilities > Plumbing > Bathroom Hardware || Facilities > Bathroom Fixtures || Furniture > Decor > Home & Office Decor > Home & Office Bars || Furniture > Home & Office Tables || Facilities > Plumbing > Bathroom Hardware > Bathroom Safety Hardware || Furniture > Decor > Home & Office Decor > Indoor Fireplaces || Furniture > Decor > Home & Office Decor || Facilities > Floor Mats & Flooring || Furniture > Home & Office Tables > Training Room Tables || Gift Shop > Game Room & Toys > Game Room || Gift Shop > Game Room & Toys,,,
Wayfair,Outdoor > Outdoor Fencing & Flooring > Turf,Outdoor > Outdoor Fencing & Flooring > Turf,True,stratified sample,"Facilities > Grounds Maintenance > Outdoor Tools > Lawn & Garden Tools || Facilities > Grounds Maintenance > Watering Equipment > Lawn Sprinklers || Facilities > Grounds Maintenance > Outdoor Tools || Facilities > Grounds Maintenance > Watering Equipment || Furniture > Decor > Home & Office Decor > Indoor Fireplaces || Facilities > Floor Mats & Flooring > Commercial Floor Mats || Facilities > Floor Mats & Flooring || Furniture > Decor > Wall Art > Garden Landscape || Facilities > Grounds Maintenance > Outdoor Tools > Rakes & Leaf Blowers || Facilities > Adhesives, Sealants and Patching > Concrete & Asphalt Maintenance || TV & Streaming Media > DJ Equipment & Musical Instruments > Turn Tables & DJ Equipment || Facilities > Paint Supplies > Surface Protection",,,
Wayfair,Commercial Office Furniture > Office Cubicles & Partitions > Sneeze Guards,Commercial Office Furniture > Office Cubicles & Partitions > Sneeze Guards,True,stratified sample,Furniture > Cubicle & Panel Systems > Office Partitions & Dividers || Cleaning Supplies > Cleaning Chemicals & Wipes > Urinal Screens || Furniture > Standing Desk Mats || Furniture > Cubicle & Panel Systems || Furniture > Cubicle & Panel Systems > Cubicle Accessories & Hardware || Furniture > Desks > Sit & Stand Desks || Furniture > Cubicle & Panel Systems > Privacy Booths || Cleaning Supplies > Cleaning Chemicals & Wipes > Hard Floor Care || Furniture > Cubicle & Panel Systems > Cubicle & Panel Workstations || Facilities > Bathroom Fixtures > Toilet Seat Cover Dispensers || Appliances & Kitchenware > Major Appliances > Freezers || Healthcare Supplies > Patient Care > Diagnostic & Exam Instruments > Tweezers,,,
Wayfair,Shop Contractor Spaces > Hallway & Mudroom,Contractor Spaces > Hallway & Mudroom,False,stratified sample,Furniture > Storage Furniture > Clothing Racks & Closet Organization > Closet Systems || Furniture > Storage Furniture > Clothing Racks & Closet Organization > Closet Storage & Organizers || Furniture > Cubicle & Panel Systems || Furniture > Cubicle & Panel Systems > Office Partitions & Dividers || Facilities > Plumbing > Bathroom Hardware || Cleaning Supplies > Laundry Care > Laundry Room Organization || Facilities > Floor Mats & Flooring || Facilities > Hardware > Ceiling > Ceiling Tiles || Furniture > Storage Furniture > Lockers || Cleaning Supplies > Laundry Care > Laundry Room Organization > Laundry Accessories || Restaurant & Foodservice Supplies > Smallwares || Gift Shop > Game Room & Toys > Game Room,,,
Wayfair,Furniture > Bedroom Furniture > Daybeds,Furniture > Bedroom Furniture > Daybeds,True,stratified sample,"Furniture > Decor > Beds & Bedding > Headboards || Furniture > Chairs & Seating > Sofas & Benches > Sofas, Loveseats & Sectionals || Furniture > Decor > Beds & Bedding || Furniture > Decor || Furniture || Furniture > Chairs & Seating > Sofas & Benches || Furniture > Bookcases & Bookshelves || Furniture > Chairs & Seating > Stools & Ottomans || Furniture > Storage Furniture || Furniture > Decor > Beds & Bedding > Beds & Mattresses || Healthcare Supplies > Patient Care > Beds & Bedside Care > Medical Beds || Healthcare Supplies > Patient Care > Beds & Bedside Care",,,
Wayfair,Furniture > Entry & Mudroom Furniture > Storage Benches > Small Bedroom Vanities,Furniture > Entry & Mudroom Furniture > Storage Benches > Small Bedroom Vanities,True,stratified sample,Furniture > Storage Furniture > Storage Cabinets || Healthcare Supplies > Durable Medical Equipment > Shower & Bath Aids > Shower Chairs / Benches || Furniture > Storage Furniture > Clothing Racks & Closet Organization > Clothes Racks & Portable Closets || Furniture > Storage Furniture || Furniture > Storage Furniture > Clothing Racks & Closet Organization || Furniture > Storage Furniture > Shelving || Furniture > Home & Office Tables || Furniture > Decor > Bath & Shower Accessories || Furniture > Bookcases & Bookshelves || Furniture > Standing Desk Mats || Appliances & Kitchenware > Small Appliances || Restaurant & Foodservice Supplies > Smallwares,,,
Wayfair,Outdoor > Fitness > Home Gyms,Outdoor > Fitness > Home Gyms,True,stratified sample,Fitness > Fitness Equipment || Fitness || Fitness > Fitness Equipment > Fitness Machines > Fitness Machines || Fitness > Fitness Equipment > Fitness Machines || Expanded Assortment > Fitness || School Supplies > Teacher Supplies > Physical Education & Recreation > Playground Equipment || School Supplies > Teacher Supplies > Physical Education & Recreation > Outdoor Games || Furniture > Decor > Home & Office Decor > Home & Office Bars || Facilities > Grounds Maintenance > Outdoor Tools || Furniture > Home & Office Tables > Training Room Tables || Furniture > Decor > Home & Office Decor > Home Accents || Furniture > Decor > Home & Office Decor,,,
Wayfair,Holiday > Valentine's Day > Valentine's Day Tableware & Linens,Holiday > Valentine's Day > Valentine's Day Tableware & Linens,True,stratified sample,Gift Shop > Holiday Cards || Party Supplies > Wedding Supplies > Wedding Glassware || Furniture > Decor > Seasonal Decor > Holiday Lighting || Gift Shop > Wedding Invitations & Kits || Party Supplies > Wedding Supplies > Wedding Decorations & Supplies || Gift Shop > Invitations || Furniture > Decor > Seasonal Decor > Ornaments & Tree Decor || Party Supplies > Wedding Supplies > Wedding Favors || Gift Shop > Gourmet Gifts || Gift Shop > Stationery || Appliances & Kitchenware > Kitchenware > Dining & Tableware > Tableware || Retail Store Supplies > Spa & Salon > Spa & Massage > Sheets & Linens,,,
Wayfair,School Spaces > Outdoor Playground & Recreation > Climbing Toys & Slides,School Spaces > Outdoor Playground & Recreation > Climbing Toys & Slides,True,stratified sample,"School Supplies > Teacher Supplies > Physical Education & Recreation > Playground Equipment || School Supplies > Teacher Supplies > Physical Education & Recreation > Riding Toys & Wagons || School Supplies > Teacher Supplies > Physical Education & Recreation > Outdoor Games || Expanded Assortment > Outdoors & Recreation || Furniture > Home & Office Tables > Classroom & Kids' Tables || Gift Shop > Game Room & Toys > Game Room > Pool Tables & Accessories || School Supplies > Teacher Supplies > Physical Education & Recreation > Bicycles, Tricycles & Accessories || School Supplies > Teacher Supplies > Games, Puzzles & Toys || School Supplies > Learning at Home > Educational & STEM Toys || Facilities > Grounds Maintenance > Outdoor Tools || Gift Shop > Game Room & Toys || School Supplies > Learning at Home > Learning & Development Toys",,,
Wayfair,Outdoor > Outdoor Heating > Fire Pits,Outdoor > Outdoor Heating > Fire Pits,True,stratified sample,"Safety Supplies > Fire Protection > Fire Extinguishers || Gift Shop > Professional Gifts > Compasses > Outdoor Heaters || Facilities > Heating & Cooling > Heaters || Facilities > Grounds Maintenance > Outdoor Tools || Furniture > Decor > Home & Office Decor > Indoor Fireplaces || Tools, Parts & Supplies > Power Tools > Heat Guns & Torches || Safety Supplies > Fire Protection > Smoke Alarms & Carbon Monoxide Detectors || Facilities > Grounds Maintenance > Watering Equipment > Water Hoses & Accessories || Facilities > Plumbing > Tubs and Showers > Wall Mounted Shower Heads || Facilities > Heating & Cooling > Bathroom Fans || Safety Supplies > Fire Protection || Healthcare Supplies > First Aid > First Aid Kits",,,
Wayfair,Baby & Kids > Toddler & Kids Bedroom Furniture > Baby & Kids Dressers,Baby & Kids > Toddler & Kids Bedroom Furniture > Baby & Kids Dressers,True,stratified sample,Furniture > Daycare & Nursery || Healthcare Supplies > Personal Care > Baby Care > Baby Diapers || Furniture > Daycare & Nursery > Nursery Furniture || Healthcare Supplies > Personal Care > Baby Care > Baby Kits || Furniture > Daycare & Nursery > Play & Rest Mats || Furniture > Daycare & Nursery > Daycare & Nursery Supplies || Furniture > Home & Office Tables > Classroom & Kids' Tables || Healthcare Supplies > Personal Care > Baby Care > Baby Wipes || School Supplies > Preschool Supplies > Pretend Play & Dress Up || Furniture > School Furniture || Healthcare Supplies > Personal Care > Baby Care || Healthcare Supplies > Personal Care > Baby Care > Baby Skin Care,,,
Wayfair,Outdoor > Backyard Play > Trampoline Accessories,Outdoor > Backyard Play > Trampoline Accessories,True,stratified sample,Gift Shop > Game Room & Toys > Game Room > Pool Tables & Accessories || Furniture > Daycare & Nursery > Play & Rest Mats || School Supplies > Teacher Supplies > Physical Education & Recreation > Outdoor Games || School Supplies > Teacher Supplies > Physical Education & Recreation > Playground Equipment || Gift Shop > Professional Gifts > Compasses > Outdoor Furniture Covers || Facilities > Grounds Maintenance > Outdoor Tools > Lawn & Garden Tools || Furniture > Decor > Home & Office Decor > Indoor Fireplaces || Gift Shop > Professional Gifts > Compasses > Patio Furniture || Healthcare Supplies > Durable Medical Equipment > Shower & Bath Aids > Shower Chairs / Benches || Gift Shop > Professional Gifts > Compasses > Outdoor Decor || TV & Streaming Media > TV & Video > TV Accessories || Gift Shop > Professional Gifts > Wine Accessories,,,
Wayfair,Baby & Kids > Teen Decor & Lighting > Teen Tapestries and Wall Hangings,Baby & Kids > Teen Decor & Lighting > Teen Tapestries and Wall Hangings,True,stratified sample,"Furniture > Decor > Wall Art || Furniture > Decor > Wall Art > Wall Art/Decor || Furniture > Decor > Wall Art > Kids & Whimsical Art || Furniture > Decor > Shower Curtains & Accessories || Furniture > Decor > Seasonal Decor > Window & Wall Decor & Signs || Furniture > Decor > Wall Art > African Art || Furniture > Decor > Wall Art > Floral Art || Furniture > Decor > Bath & Shower Accessories || Furniture > Decor > Wall Art > Wall Decals || Furniture > Decor > Wall Art > Vintage Art || Office Supplies > Tape, Fasteners & Adhesives > Mounting > Hooks & Hanging Strips || Office Supplies > Folders & Filing > Hanging File Folders",,,
Wayfair,Smallwares > Food Storage Supplies > Spice Jars & Spice Racks,Smallwares > Food Storage Supplies > Spice Jars & Spice Racks,True,stratified sample,"Restaurant & Foodservice Supplies > Restaurant Storage & Transport > Kitchen Racks || Restaurant & Foodservice Supplies > Restaurant Storage & Transport > Food Storage & Containers || Restaurant & Foodservice Supplies > Disposable Food Packaging > Disposable Bags > Food Storage Bags || Coffee, Water & Snacks > Snacks & Food > Fresh, Frozen & Dry Groceries > Condiments || Restaurant & Foodservice Supplies > Disposable Food Packaging > Single-Use Food Containers || Retail Store Supplies > Retail Packaging > Food Boxes & Bags || Restaurant & Foodservice Supplies > Disposable Food Packaging > Food Packaging Wrap > Butcher & Freezer Paper || Appliances & Kitchenware > Kitchenware > Dining & Tableware > Salt and Pepper Shakers & Mills || Appliances & Kitchenware > Kitchenware > Kitchen Accessories > Cookbooks & Recipe Holders || Coffee, Water & Snacks > Snacks & Food > Fresh, Frozen & Dry Groceries || Appliances & Kitchenware > Kitchenware > Kitchen Tools > Food Mills, Shavers & Spice Grinders || Furniture > Storage Furniture > Clothing Racks & Closet Organization > Shoe Racks",,,
Wayfair,Holiday > Easter > Easter Tableware & Linens,Holiday > Easter > Easter Tableware & Linens,True,stratified sample,"Furniture > Decor > Seasonal Decor > Holiday Lighting || Furniture > Decor > Seasonal Decor > Ornaments & Tree Decor || Furniture > Decor > Seasonal Decor > Figurines & Tabletop Decor || Party Supplies > Wedding Supplies > Wedding Glassware || Furniture > Decor > Seasonal Decor || Furniture > Decor > Home & Office Decor > Decorative Baskets, Bowls and Boxes || Furniture > Decor > Candles || Appliances & Kitchenware > Kitchenware > Dining & Tableware > Tableware || Party Supplies > Wedding Supplies > Wedding Decorations & Supplies || Party Supplies > Napkins || Retail Store Supplies > Spa & Salon > Spa & Massage > Sheets & Linens || Appliances & Kitchenware > Kitchenware > Dining & Tableware",,,
Wayfair,Furniture > Custom Furniture > Custom Headboards > Adjustable Beds,Furniture > Custom Furniture > Custom Headboards > Adjustable Beds,True,stratified sample,Furniture > Decor > Beds & Bedding > Headboards || Furniture > Decor > Beds & Bedding > Beds & Mattresses || Furniture > Decor > Beds & Bedding || Furniture > Decor > Beds & Bedding > Mattress Pads & Toppers || Furniture > Chairs & Seating || Furniture > Chair Mats || Furniture > Decor > Beds & Bedding > Pillows || Furniture > Storage Furniture > Shelving || Furniture > Chairs & Seating > Chair Parts & Accessories || Furniture > Storage Furniture || Healthcare Supplies > Patient Care > Beds & Bedside Care > Medical Beds || Healthcare Supplies > Patient Care > Beds & Bedside Care,,,
Wayfair,Outdoor > Outdoor & Patio Furniture > Outdoor Umbrellas,Outdoor > Outdoor & Patio Furniture > Outdoor Umbrellas,True,stratified sample,Gift Shop > Professional Gifts > Compasses > Patio Furniture || Gift Shop > Professional Gifts > Compasses > Outdoor Decor || Gift Shop > Professional Gifts > Compasses > Outdoor Furniture Covers || Furniture > Decor > Home & Office Decor > Indoor Fireplaces || Furniture > Lamps & Lighting > Outdoor Lighting || Gift Shop > Professional Gifts > Compasses > Outdoor Heaters || Healthcare Supplies > Durable Medical Equipment > Shower & Bath Aids > Shower Chairs / Benches || Facilities > Grounds Maintenance > Outdoor Tools > Lawn & Garden Tools || Facilities > Grounds Maintenance > Outdoor Tools || Furniture > Chairs & Seating || School Supplies > Teacher Supplies > Physical Education & Recreation > Outdoor Games,,,
Wayfair,Organization > Storage Furniture > Blanket Ladders & Racks,Organization > Storage Furniture > Blanket Ladders & Racks,True,stratified sample,"Furniture > Storage Furniture > Clothing Racks & Closet Organization || Furniture > Storage Furniture > Clothing Racks & Closet Organization > Clothes Racks & Portable Closets || Furniture > Storage Furniture > Coat Trees, Stands & Hooks || Furniture > Storage Furniture > Clothing Racks & Closet Organization > Closet Storage & Organizers || Furniture > Storage Furniture > Clothing Racks & Closet Organization > Shoe Racks || Furniture > Storage Furniture > Storage Organization || Furniture > Storage Furniture > Clothing Racks & Closet Organization > Closet Systems || Furniture > Storage Furniture > Storage Cabinets || Furniture > Storage Furniture > Shelving || Office Supplies > Storage & Organization > Storage Baskets || Furniture > Decor > Beds & Bedding > Blankets & Throws || Facilities > Ladders & Step Stools",,,
Wayfair,Outdoor > Outdoor Décor > Bird Houses,Outdoor > Outdoor Décor > Bird Houses,True,stratified sample,"Expanded Assortment > Pet Supplies & Accessories > Bird Supplies || Furniture > Decor > Wall Art > Garden Landscape || Furniture > Decor > Home & Office Decor > Indoor Fireplaces || Furniture > Decor > Seasonal Decor > Standing Decor || Furniture > Decor > Home & Office Decor > Home & Office Bars || Furniture > Decor > Wall Art > Food & Kitchen Art || Furniture > Decor > Seasonal Decor > Window & Wall Decor & Signs || Expanded Assortment > Pet Supplies & Accessories > Bird Supplies > Bird Food, Treats and Healthcare || Furniture > Decor > Home & Office Decor || Furniture > Decor > Home & Office Decor > Living Room Accents || School Supplies > Learning at Home > Pretend Play > Dolls & Dollhouses || Facilities > Electrical and Wiring > Electrical > Fuses",,,
Wayfair,"Smallwares > Pots, Pans & Skillets > Stock, Soup & Multi-Pots","Smallwares > Pots, Pans & Skillets > Stock, Soup & Multi-Pots",True,stratified sample,"Appliances & Kitchenware > Kitchenware > Kitchen Tools > Pots & Pans || Appliances & Kitchenware > Kitchenware > Kitchen Tools > Skillets & Braising Pans || Appliances & Kitchenware > Kitchenware > Kitchen Tools > Mixing Bowls || Coffee, Water & Snacks > Plates, Cups & Cutlery || Appliances & Kitchenware > Small Appliances > Fondue Sets || Appliances & Kitchenware > Small Appliances > Pasta Makers || Appliances & Kitchenware > Small Appliances > Rice Cookers & Steamers || Appliances & Kitchenware > Kitchenware > Kitchen Accessories > Cookbooks & Recipe Holders || Appliances & Kitchenware > Kitchenware > Kitchen Tools > Salad Spinners || Appliances & Kitchenware > Kitchenware > Kitchen Tools > Cooking Utensils || Paper > Card Stock || Computers & Accessories > Computer Accessories & Peripherals > Multi-Factor Authentication",,,
Wayfair,Boards & Technology > Electronic Mounts & Stands > Portable Electronic Mounts,Boards & Technology > Electronic Mounts & Stands > Portable Electronic Mounts,True,stratified sample,"Computers & Accessories > Computer Monitors & Stands > Monitor Stands & Mounts || Computers & Accessories > Computer Parts & Components > Video Capture Devices || Computers & Accessories > Computer Monitors & Stands || Phones, Cameras & Electronics > Cell Phone Mounts & Holders || Tools, Parts & Supplies > Power Tools > Metal Detectors || Computers & Accessories > Computer Accessories & Peripherals > Computer Privacy Screens & Protectors || Computers & Accessories > Computer Parts & Components || Audio > Portable Audio > Portable Speakers & Radios || Computers & Accessories > Computer Parts & Components > Tower Computer Cases || Tools, Parts & Supplies > Automotive > Booster Cables, Battery Clamps & Chargers || Audio > Portable Audio || TV & Streaming Media > TV & Video > TV Wall Mounts",,,
Wayfair,Outdoor > Outdoor Décor > Outdoor Thermometers,Outdoor > Outdoor Décor > Outdoor Thermometers,True,stratified sample,"Gift Shop > Professional Gifts > Compasses > Outdoor Heaters || Gift Shop > Professional Gifts > Compasses > Outdoor Decor || Gift Shop > Professional Gifts > Compasses > Outdoor Furniture Covers || Furniture > Lamps & Lighting > Outdoor Lighting || Furniture > Decor > Home & Office Decor > Indoor Fireplaces || Gift Shop > Professional Gifts > Compasses > Patio Furniture || Facilities > Grounds Maintenance > Outdoor Tools || Tools, Parts & Supplies > Measuring & Leveling Tools > Medical Thermometers || Furniture > Decor > Weather Instruments || Facilities > Grounds Maintenance > Outdoor Tools > Lawn & Garden Tools || School Supplies > Teacher Supplies > Physical Education & Recreation > Outdoor Games",,,
Wayfair,Shop Restaurant Spaces > Dining Room > Restaurant Dining & Bar Furniture,Restaurant Spaces > Dining Room > Restaurant Dining & Bar Furniture,True,stratified sample,Furniture > Home & Office Tables > Breakroom & Dining Tables || Furniture > Chairs & Seating > Breakroom & Dining Chairs || Restaurant & Foodservice Supplies > Commercial Restaurant Equipment > Kitchen Work & Prep Tables || Restaurant & Foodservice Supplies > Restaurant Storage & Transport > Catering & Buffet Supplies || Furniture > Decor > Home & Office Decor > Home & Office Bars || Restaurant & Foodservice Supplies > Restaurant Storage & Transport > Kitchen Racks || Furniture > Chairs & Seating > Accent & Waiting Room Chairs || Restaurant & Foodservice Supplies > Restaurant Storage & Transport > Chafing Dishes & Buffet Accessories || Furniture > Home & Office Tables > Accent & Coffee Tables || Furniture > Home & Office Tables > Conference Room Tables || Furniture || Restaurant & Foodservice Supplies > Restaurant Systems,,,
Wayfair,"Baby & Kids > Baby & Kids Rugs, Décor & Lighting > Baby & Kids' Night Lights","Baby & Kids > Baby & Kids Rugs, Décor & Lighting > Baby & Kids' Night Lights",True,stratified sample,Healthcare Supplies > Personal Care > Baby Care > Baby Kits || School Supplies > Preschool Supplies > Pretend Play & Dress Up || Furniture > Daycare & Nursery > Play & Rest Mats || Healthcare Supplies > Personal Care > Baby Care > Baby Diapers || Healthcare Supplies > Personal Care > Baby Care > Baby Wipes || Gift Shop > Game Room & Toys || Healthcare Supplies > Personal Care > Baby Care > Baby Skin Care || Furniture > Decor > Wall Art > Still Life || Healthcare Supplies > Personal Care > Baby Care > Youth Feeding Supplies || Healthcare Supplies > Personal Care > Baby Care > Baby Formula || Facilities > Work Lights || Healthcare Supplies > Personal Care > Baby Care,,,
Wayfair,School Spaces > Library Furniture > Reception Desks & Suites,School Spaces > Library Furniture > Reception Desks & Suites,True,stratified sample,Furniture > Home & Office Tables > Conference Room Tables || Furniture > Home & Office Tables > Training Room Tables || Furniture > Desks > Office Desks || Furniture > Home & Office Tables > Breakroom & Dining Tables || Furniture > Home & Office Tables > Classroom & Kids' Tables || Furniture > School Furniture > Classroom Storage Furniture || Furniture > Home & Office Tables || Furniture > Desks || Furniture > School Furniture > Student Desks & Study Carrels || Furniture > Chairs & Seating > Office Chairs || Laboratory & Scientific Supplies > Lab Furniture & Fixtures > Lab Desks || Furniture > Desks > Sit & Stand Desks,,,
Wayfair,School Spaces > Outdoor Playground & Recreation > Sand & Water Tables,School Spaces > Outdoor Playground & Recreation > Sand & Water Tables,True,stratified sample,"Gift Shop > Professional Gifts > Compasses > Water Recreation || School Supplies > Teacher Supplies > Physical Education & Recreation > Playground Equipment || Gift Shop > Game Room & Toys > Game Room > Pool Tables & Accessories || Coffee, Water & Snacks > Water & Beverages > Water || Facilities > Grounds Maintenance > Outdoor Tools || Facilities > Grounds Maintenance > Outdoor Tools > Lawn & Garden Tools || Furniture > Home & Office Tables > Classroom & Kids' Tables || School Supplies > Teacher Supplies > Physical Education & Recreation > Outdoor Games || Healthcare Supplies > Durable Medical Equipment > Shower & Bath Aids > Shower Chairs / Benches || Facilities > Grounds Maintenance > Watering Equipment > Water Hoses & Accessories || Facilities > Plumbing > Bathroom Hardware > Water Treatment || Coffee, Water & Snacks > Water & Beverages",,,
Wayfair,Outdoor > Outdoor Shades,Outdoor > Outdoor Shades,False,stratified sample,"Furniture > Lamps & Lighting > Outdoor Lighting || Furniture > Decor > Home & Office Decor > Indoor Fireplaces || Gift Shop > Professional Gifts > Compasses > Outdoor Decor || Gift Shop > Professional Gifts > Compasses > Outdoor Furniture Covers || Furniture > Decor > Curtains, Blinds & Shades || Expanded Assortment > Outdoors & Recreation || Gift Shop > Professional Gifts > Compasses > Outdoor Heaters || Furniture > Lamps & Lighting > Lamp Shades || Furniture > Decor > Seasonal Decor > Holiday Lighting || Facilities > Grounds Maintenance > Outdoor Tools || School Supplies > Teacher Supplies > Physical Education & Recreation > Outdoor Games",,,
Wayfair,Restaurant Furniture > Restaurant Dining & Bar Furniture > Low Top Restaurant Tables,Restaurant Furniture > Restaurant Dining & Bar Furniture > Low Top Restaurant Tables,True,stratified sample,Restaurant & Foodservice Supplies > Commercial Restaurant Equipment > Kitchen Work & Prep Tables || Furniture > Home & Office Tables > Accent & Coffee Tables || Restaurant & Foodservice Supplies > Custom Restaurant Supplies || Restaurant & Foodservice Supplies > Restaurant Storage & Transport > Catering & Buffet Supplies || Restaurant & Foodservice Supplies > Bar Supplies || Restaurant & Foodservice Supplies > Restaurant Storage & Transport > Chafing Dishes & Buffet Accessories || Furniture > Home & Office Tables > Breakroom & Dining Tables || Restaurant & Foodservice Supplies > Restaurant Storage & Transport > Kitchen Racks || Restaurant & Foodservice Supplies > Restaurant Systems || Furniture > Home & Office Tables > Training Room Tables || Restaurant & Foodservice Supplies > Restaurant Apparel > Restaurant Apparel || Restaurant & Foodservice Supplies > Restaurant Apparel,,,
Wayfair,School Spaces > Science Lab Furniture > Science & Lab Tables,School Spaces > Science Lab Furniture > Science & Lab Tables,True,stratified sample,Laboratory & Scientific Supplies > Lab Furniture & Fixtures || Laboratory & Scientific Supplies > Lab Furniture & Fixtures > Lab Desks || Laboratory & Scientific Supplies > Lab Safety || Laboratory & Scientific Supplies > Lab Furniture & Fixtures > Lab Benches || Laboratory & Scientific Supplies > Lab Furniture & Fixtures > Lab Carts || Laboratory & Scientific Supplies > Lab Furniture & Fixtures > Lab Cabinets || Laboratory & Scientific Supplies > Lab Instruments & Equipment || Laboratory & Scientific Supplies || Laboratory & Scientific Supplies > Educational Materials & Accessories || Laboratory & Scientific Supplies > Lab Furniture & Fixtures > Lab Chairs & Stools || Laboratory & Scientific Supplies > Labware & Consumables > Lab Bags || Laboratory & Scientific Supplies > Labware & Consumables > Lab Bottles,,,
Wayfair,Shop Restaurant Spaces > Dining Room,Restaurant Spaces > Dining Room,False,stratified sample,Furniture > Home & Office Tables > Breakroom & Dining Tables || Furniture > Home & Office Tables > Conference Room Tables || Furniture > Decor > Home & Office Decor > Living Room Accents || Restaurant & Foodservice Supplies > Commercial Restaurant Equipment > Kitchen Work & Prep Tables || Furniture > Chairs & Seating > Accent & Waiting Room Chairs || Furniture > Chairs & Seating > Breakroom & Dining Chairs || Furniture > Home & Office Tables > Training Room Tables || Restaurant & Foodservice Supplies > Restaurant Storage & Transport > Catering & Buffet Supplies || Restaurant & Foodservice Supplies > Restaurant Storage & Transport > Kitchen Racks || Furniture > Decor > Home & Office Decor > Home & Office Bars || Appliances & Kitchenware > Kitchenware > Dining & Tableware || Gift Shop > Game Room & Toys > Game Room,,,
Wayfair,Holiday > Easter > Easter Bedding & Bath,Holiday > Easter > Easter Bedding & Bath,True,stratified sample,"Furniture > Decor > Bath & Shower Accessories || Furniture > Decor > Seasonal Decor > Holiday Lighting || Furniture > Decor > Bath Mats & Towels || Furniture > Decor > Seasonal Decor > Ornaments & Tree Decor || Furniture > Decor > Shower Curtains & Accessories || Furniture > Decor > Beds & Bedding || Furniture > Decor > Beds & Bedding > Bedding || Furniture > Decor > Seasonal Decor || Furniture > Decor > Home & Office Decor > Decorative Baskets, Bowls and Boxes || Furniture > Decor > Candles || Retail Store Supplies > Spa & Salon > Bath & Body || Healthcare Supplies > Durable Medical Equipment > Shower & Bath Aids",,,
Wayfair,Contractor > Hardware & Doors > Window Treatments,Contractor > Hardware & Doors > Window Treatments,True,stratified sample,Facilities > Plumbing > Bathroom Hardware > Water Treatment || Facilities > Plumbing > Bathroom Hardware > Bathroom Safety Hardware || Facilities > Hardware > Door Hardware || Facilities > Hardware > Door Hardware > Door Strips || Facilities > Hardware > Door Hardware > Door Stops & Bumpers || Facilities > Paint Supplies > Wood Care & Maintenance || Furniture > Cubicle & Panel Systems > Desktop Privacy Panels || Facilities > Hardware > Ceiling || Facilities > Plumbing > Bathroom Hardware || Furniture > Cubicle & Panel Systems || Retail Store Supplies > Spa & Salon > Bath & Body > Body Treatments || Retail Store Supplies > Spa & Salon > Hair > Hair Treatment,,,
Wayfair,Shop Contractor Spaces > Bathroom Renovation > Bathroom Tiles & Flooring,Contractor Spaces > Bathroom Renovation > Bathroom Tiles & Flooring,True,stratified sample,Facilities > Hardware > Ceiling > Ceiling Tiles || Facilities > Plumbing > Bathroom Hardware || Facilities > Floor Mats & Flooring || Facilities > Plumbing > Bathroom Hardware > Bathroom Safety Hardware || Facilities > Bathroom Fixtures || Facilities > Floor Mats & Flooring > Commercial Floor Mats || Furniture > Decor > Bath & Shower Accessories || Furniture > Decor > Home & Office Decor > Indoor Fireplaces || Facilities > Bathroom Fixtures > Toilet Seat Cover Dispensers || Facilities > Hardware > Ceiling || Facilities > Heating & Cooling > Bathroom Fans,,,
Wayfair,Decor & Rugs (Pro) > Business Décor > Indoor Fountains,Decor & Rugs (Pro) > Business Décor > Indoor Fountains,True,stratified sample,Furniture > Decor > Home & Office Decor > Indoor Fireplaces || Gift Shop > Professional Gifts > Compasses > Outdoor Decor || Furniture > Lamps & Lighting > Outdoor Lighting || Facilities > Plumbing > Drinking Fountains || Furniture > Decor > Seasonal Decor > Standing Decor || Furniture > Decor > Wall Art > Garden Landscape || Furniture > Decor > Seasonal Decor > Window & Wall Decor & Signs || Furniture > Decor > Artificial Plants & Flowers || Furniture > Decor > Home & Office Decor || Facilities > Grounds Maintenance > Outdoor Tools > Lawn & Garden Tools || Facilities > Plumbing > Drinking Fountain Repair & Accessories || Retail Store Supplies > Retail Signage > Indoor & Outdoor Retail Signage,,,
Wayfair,"Baby & Kids > Educational Games & Toys > STEM Games, Toys, and Resources","Baby & Kids > Educational Games & Toys > STEM Games, Toys, and Resources",True,stratified sample,"School Supplies > Learning at Home > Educational & STEM Toys || School Supplies > Teacher Supplies > Games, Puzzles & Toys || School Supplies > Learning at Home > Learning & Development Toys || School Supplies > Teacher Supplies > Physical Education & Recreation > Outdoor Games || School Supplies > Learning at Home > Learning Games || Gift Shop > Game Room & Toys || School Supplies > Learning at Home > Pretend Play > Toy Vehicles || School Supplies > Learning at Home > Board & Card Games || School Supplies > Preschool Supplies > Pretend Play & Dress Up || School Supplies > Learning at Home > Pretend Play || School Supplies > Teacher Supplies > Teacher Resources || School Supplies > Teacher Supplies > Teacher Resources > Teaching Resources",,,
Wayfair,Restaurant Furniture > Restaurant Dining & Bar Furniture > Table Parts,Restaurant Furniture > Restaurant Dining & Bar Furniture > Table Parts,True,stratified sample,Furniture > Home & Office Tables > Table Components || Furniture > Home & Office Tables > Accent & Coffee Tables || Furniture > Home & Office Tables > Table Components > Table Tops || Furniture > Home & Office Tables > Folding Tables || Furniture > Home & Office Tables > Breakroom & Dining Tables || Furniture > Home & Office Tables || Furniture > Chairs & Seating > Chair Parts & Accessories || Furniture > Home & Office Tables > Table Components > Table Bases || Restaurant & Foodservice Supplies > Commercial Restaurant Equipment > Kitchen Work & Prep Tables || Furniture > Home & Office Tables > Training Room Tables || Gift Shop > Table Tents || Furniture > Lamps & Lighting > Table Lamps,,,
Wayfair,Restaurant Storage > Cabinet & Pantry Organization > Pantry Shelf Organizers,Restaurant Storage > Cabinet & Pantry Organization > Pantry Shelf Organizers,True,stratified sample,Furniture > Storage Furniture > Clothing Racks & Closet Organization > Closet Storage & Organizers || Office Supplies > Desk Organizers & Accessories > Drawer Organizers || Office Supplies > Storage & Organization > Storage Drawers || Appliances & Kitchenware > Kitchenware > Kitchen Accessories > Kitchen Storage & Organization || Restaurant & Foodservice Supplies > Restaurant Storage & Transport > Kitchen Racks || Furniture > Storage Furniture > Clothing Racks & Closet Organization || Furniture > Storage Furniture > Storage Cabinets || Furniture > Storage Furniture > Clothing Racks & Closet Organization > Closet Systems || Office Supplies > Storage & Organization > Storage Bins || Furniture > Storage Furniture > Clothing Racks & Closet Organization > Clothes Racks & Portable Closets || Office Supplies > Desk Organizers & Accessories > Desk Organizers || Office Supplies > Desk Organizers & Accessories > File Organizers,,,
Wayfair,Rugs > One-of-a-Kind Rugs,Rugs > One-of-a-Kind Rugs,True,stratified sample,"Decor > Rugs || Decor > Rug Pads || Furniture > Decor > Bath Mats & Towels || Furniture > Decor > Beds & Bedding > Blankets & Throws || Furniture > Chair Mats || Furniture > Decor > Home & Office Decor > Accent Furniture || Furniture > Standing Desk Mats || Furniture > Decor > Home & Office Decor > Decorative Baskets, Bowls and Boxes || Furniture > Decor > Curtains, Blinds & Shades || Furniture > Decor > Shower Curtains & Accessories || Facilities > Electrical and Wiring > Electrical > Plugs and Connectors || Smart Home & Security > Smart Plugs & Outlets",,,
Wayfair,Restaurant Storage > Cabinet & Pantry Organization,Restaurant Storage > Cabinet & Pantry Organization,False,stratified sample,"Restaurant & Foodservice Supplies > Restaurant Storage & Transport > Kitchen Racks || Appliances & Kitchenware > Kitchenware > Kitchen Accessories > Kitchen Storage & Organization || Office Supplies > Storage & Organization > Storage Drawers || Office Supplies > Storage & Organization > Storage Furniture || Furniture > Storage Furniture > Storage Organization || Furniture > Storage Furniture > Clothing Racks & Closet Organization > Closet Storage & Organizers || Restaurant & Foodservice Supplies > Restaurant Storage & Transport > Food Storage & Containers || Restaurant & Foodservice Supplies > Commercial Restaurant Equipment > Kitchen Work & Prep Tables || Office Supplies > Storage & Organization > Storage Baskets || Furniture > Storage Furniture > Storage Cabinets || Office Supplies > Storage & Organization || Tools, Parts & Supplies > Tool & Garage Organization",,,
Wayfair,Decor & Rugs (Pro) > Business Décor > Wall & Display Shelves,Decor & Rugs (Pro) > Business Décor > Wall & Display Shelves,True,stratified sample,Retail Store Supplies > Store Fixtures & Retail Displays > Floor & Wall Mirrors || Furniture > Storage Furniture > Display Cases || Furniture > Decor > Seasonal Decor > Window & Wall Decor & Signs || Furniture > Decor > Wall Art || Furniture > Decor > Wall Art > Wall Art/Decor || Retail Store Supplies > Store Fixtures & Retail Displays > Slatwall Panels & Accessories || Retail Store Supplies > Store Fixtures & Retail Displays > Slat-Grid Panels & Accessories || Retail Store Supplies > Store Fixtures & Retail Displays > Wire Grid Panels & Accessories || Furniture > Decor > Home & Office Decor > Decorative Plates || Furniture > Decor > Wall Art > Wall Decals || School Supplies > Elementary School Supplies > Display Boards || Safety Supplies > Safety Storage > Safety Cabinets & Shelves,,,
Wayfair,Home Improvement > Kitchen Remodel & Kitchen Fixtures > Water Filtration,Home Improvement > Kitchen Remodel & Kitchen Fixtures > Water Filtration,True,stratified sample,"Facilities > Plumbing > Bathroom Hardware > Water Treatment || Coffee, Water & Snacks > Breakroom Appliances > Water Filters & Dispensers || Facilities > Plumbing > Drinking Fountain Repair & Accessories || Facilities > Grounds Maintenance > Watering Equipment > Water Hoses & Accessories || Laboratory & Scientific Supplies > Lab Instruments & Equipment > Filtration Products || Coffee, Water & Snacks > Water & Beverages > Water || Cleaning Supplies > Sink Strainers || Cleaning Supplies > Natural Cleaning Supplies > Natural Cleaning Supplies || Cleaning Supplies > Natural Cleaning Supplies || Cleaning Supplies > Floor & Carpet Cleaning Equipment || Gift Shop > Professional Gifts > Compasses > Water Recreation",,,
Wayfair,Shop Hospitality Spaces > Retail > Stanchions,Hospitality Spaces > Retail > Stanchions,True,stratified sample,Safety Supplies > Stanchions & Barricades || Retail Store Supplies > Retail Signage > Custom Retail Signage || Retail Store Supplies > Retail Signage || Retail Store Supplies > Retail Signage > Indoor & Outdoor Retail Signage || Retail Store Supplies > Store Fixtures & Retail Displays > Slat-Grid Panels & Accessories || Retail Store Supplies > Backroom Retail Supplies > Clothing Hangers & Accessories || Retail Store Supplies > Store Fixtures & Retail Displays > Store Shelving || Retail Store Supplies > Store Fixtures & Retail Displays > Floor & Wall Mirrors || Retail Store Supplies > Retail Packaging > Retail Boxes & Bags || Retail Store Supplies > Store Fixtures & Retail Displays || Furniture > Carts & Stands > TV Stands || Furniture > Carts & Stands > Carts & Stands,,,
Wayfair,Kitchen > Kitchen Utensils & Tools > Meat & Seafood Tools,Kitchen > Kitchen Utensils & Tools > Meat & Seafood Tools,True,stratified sample,"Appliances & Kitchenware > Kitchenware > Kitchen Tools > Meat Preparation Equipment || Appliances & Kitchenware > Kitchenware > Kitchen Tools > Kitchen Pizza Tools || Appliances & Kitchenware > Kitchenware > Kitchen Tools > Cooking Utensils || Appliances & Kitchenware > Kitchenware > Kitchen Tools > Grilling Products || Restaurant & Foodservice Supplies > Smallwares > Commercial Kitchen Tools || Appliances & Kitchenware > Small Appliances > Pasta Makers || Appliances & Kitchenware > Kitchenware > Kitchen Tools > Salad Spinners || Restaurant & Foodservice Supplies > Commercial Restaurant Equipment > Kitchen Work & Prep Tables || Appliances & Kitchenware > Kitchenware > Kitchen Tools || Restaurant & Foodservice Supplies > Restaurant Storage & Transport > Kitchen Racks || Tools, Parts & Supplies > Hand Tools || Facilities > Hand & Power Tools > Hand Tools",,,
Wayfair,Shop Office Spaces > Outdoor Office Furniture,Office Spaces > Outdoor Office Furniture,False,stratified sample,Furniture > Home & Office Tables || Furniture > Decor > Home & Office Decor > Home & Office Bars || Furniture > Chairs & Seating > Office Chairs || Furniture > Home & Office Tables > Conference Room Tables || Furniture > Home & Office Tables > Training Room Tables || Furniture > School Furniture > Classroom Storage Furniture || Furniture > Home & Office Tables > Breakroom & Dining Tables || Furniture > Decor > Home & Office Decor || Furniture > Home & Office Tables > Classroom & Kids' Tables || Office Supplies > Desk Organizers & Accessories || Furniture || Gift Shop > Professional Gifts > Compasses > Outdoor Furniture Covers,,,
Wayfair,Organization > Garage & Outdoor Storage & Organization > Ladders,Organization > Garage & Outdoor Storage & Organization > Ladders,True,stratified sample,"Facilities > Ladders & Step Stools || Tools, Parts & Supplies > Tool & Garage Organization > Garage Storage Equipment || Furniture > Storage Furniture > Clothing Racks & Closet Organization || Furniture > Storage Furniture > Storage Organization || Safety Supplies > Safety Storage > Safety Cabinets & Shelves || Furniture > Storage Furniture > Clothing Racks & Closet Organization > Closet Systems || Office Supplies > Storage & Organization > Storage Furniture || Furniture > Storage Furniture > Clothing Racks & Closet Organization > Clothes Racks & Portable Closets || Office Supplies > Storage & Organization > Storage Bins || Furniture > Storage Furniture > Clothing Racks & Closet Organization > Closet Storage & Organizers || Security, Banking & Cash > Shredders & Accessories > Shredders || Security, Banking & Cash > Shredders & Accessories",,,
Wayfair,Lighting > Wall Lights,Lighting > Wall Lights,False,stratified sample,"Furniture > Lamps & Lighting > Ceiling Lighting || Furniture > Lamps & Lighting > Outdoor Lighting || Furniture > Lamps & Lighting > Wall Lamps || Furniture > Lamps & Lighting > Lighting Controls, Dimmers & Accessories > Lighting Accessories || Furniture > Lamps & Lighting > Accent Lighting || Furniture > Lamps & Lighting > Floor Lamps || Furniture > Lamps & Lighting > Lighting Controls, Dimmers & Accessories || Furniture > Lamps & Lighting > Under Cabinet Lighting || Furniture > Lamps & Lighting > Lamp Shades || Furniture > Lamps & Lighting > Specialty Lighting || Facilities > Work Lights || Furniture > Decor > Wall Art",,,
Wayfair,Restaurant Appliances & Equipment > Beverage Equipment > Sparkling Beverage & Soda Makers,Restaurant Appliances & Equipment > Beverage Equipment > Sparkling Beverage & Soda Makers,True,stratified sample,"Coffee, Water & Snacks > Breakroom Appliances > Drink Makers || Coffee, Water & Snacks > Water & Beverages || Coffee, Water & Snacks > Water & Beverages > Soda || Coffee, Water & Snacks > Water & Beverages > Energy & Sports Drinks || Coffee, Water & Snacks > Coffee, Coffee Makers & Supplies || Coffee, Water & Snacks > Water & Beverages > Water Bottles, Tumblers & Travel Mugs || Coffee, Water & Snacks > Water & Beverages > Liquid & Powdered Drink Mixes || Coffee, Water & Snacks > Coffee, Coffee Makers & Supplies > Coffee Organizers & Dispensers || Coffee, Water & Snacks > Coffee, Coffee Makers & Supplies > Coffee Makers & Espresso Machines || Coffee, Water & Snacks || Healthcare Supplies > Patient Care > Feeding Tubes & Nutrients > Food & Beverage Thickeners || Office Supplies > Label Makers & Tapes > Label Makers",,,
Wayfair,Office Storage & Organization > File & Paper Organization > Specialty Filing,Office Storage & Organization > File & Paper Organization > Specialty Filing,True,stratified sample,"Office Supplies > Folders & Filing > Filing Accessories || Office Supplies > Folders & Filing || Office Supplies > Folders & Filing > File Storage || Office Supplies > Storage & Organization || Office Supplies > Desk Organizers & Accessories > Business Card Holders & Files || Office Supplies > Forms & Recordkeeping > Business Forms || Office Supplies > Folders & Filing > Hanging File Folders || Office Supplies > Forms & Recordkeeping > Digital Legal Forms || Office Supplies > Storage & Organization > Storage Furniture || Office Supplies > Folders & Filing > Pocket & Presentation Folders || Office Supplies > Tape, Fasteners & Adhesives > Tape > Specialty Tape || Furniture > Lamps & Lighting > Specialty Lighting",,,
Wayfair,Organization > Garage & Outdoor Storage & Organization > Natural Material Storage,Organization > Garage & Outdoor Storage & Organization > Natural Material Storage,True,stratified sample,"Office Supplies > Storage & Organization > Storage Furniture || Furniture > Storage Furniture > Storage Organization || Laboratory & Scientific Supplies > Lab Safety > Material Handling & Storage || Office Supplies > Storage & Organization || Tools, Parts & Supplies > Tool & Garage Organization > Garage Storage Equipment || Office Supplies > Storage & Organization > Storage Containers & Boxes || Office Supplies > Storage & Organization > Storage Bins || Office Supplies > Storage & Organization > Storage Baskets || Laboratory & Scientific Supplies > Lab Furniture & Fixtures > Hazardous Material Lab Storage || Office Supplies > Storage & Organization > Storage Drawers || Facilities > Material Handling || Retail Store Supplies > Retail Signage > Sign Materials",,,
Wayfair,Facilities & Maintenance > Maintenance Storage > Storage Racks & Shelving Units,Facilities & Maintenance > Maintenance Storage > Storage Racks & Shelving Units,True,stratified sample,"Office Supplies > Storage & Organization > Storage Bins || Furniture > Storage Furniture > Electronics & Computer Storage Units || Office Supplies > Storage & Organization > Storage Containers & Boxes || Furniture > Storage Furniture > Storage Cabinets || Office Supplies > Storage & Organization > Storage Drawers || Tools, Parts & Supplies > Tool & Garage Organization > Garage Storage Equipment || Office Supplies > Storage & Organization > Storage Furniture || Office Supplies > Storage & Organization > Storage Baskets || Furniture > Storage Furniture > Storage Organization || Safety Supplies > Safety Storage > Safety Cabinets & Shelves || Furniture > Storage Furniture > Shelving || Retail Store Supplies > Store Fixtures & Retail Displays > Store Shelving",,,
Wayfair,"Restaurant Storage > Commercial Tables, Shelving & Sinks > Commercial Work Tables","Restaurant Storage > Commercial Tables, Shelving & Sinks > Commercial Work Tables",True,stratified sample,"Restaurant & Foodservice Supplies > Commercial Restaurant Equipment > Kitchen Work & Prep Tables || Furniture > Home & Office Tables > Specialty & Drafting Tables || Restaurant & Foodservice Supplies > Smallwares > Commercial Kitchen Tools || Furniture > Home & Office Tables > Training Room Tables || Furniture > Home & Office Tables > Table Components || Furniture > Home & Office Tables > Accent & Coffee Tables || Furniture > Home & Office Tables || Furniture > Home & Office Tables > Folding Tables || Furniture > Home & Office Tables > Classroom & Kids' Tables || Facilities > Hardware > Door Hardware > Commercial Locksets || Facilities > Commercial Lighting, Ballasts & Bulbs > Commercial Lighting || Restaurant & Foodservice Supplies > Smallwares > Commercial Cookware",,,
Wayfair,Commercial Office Furniture > Office Desks > Reception Desks & Suites,Commercial Office Furniture > Office Desks > Reception Desks & Suites,True,stratified sample,Furniture > Desks > Office Desks || Furniture > Desks || Furniture > Chairs & Seating > Office Chairs || Furniture > Desks > Sit & Stand Desks || Furniture > Home & Office Tables > Conference Room Tables || Furniture > Home & Office Tables > Breakroom & Dining Tables || Furniture > Home & Office Tables || Furniture > Desks > Desk Components & Hutches || Furniture > Home & Office Tables > Training Room Tables || Office Supplies > Desk Organizers & Accessories || Laboratory & Scientific Supplies > Lab Furniture & Fixtures > Lab Desks || Office Supplies > Desk Organizers & Accessories > Desk Pads,,,
Wayfair,School Furniture & Supplies > Classroom Rugs & Décor > Wall Clocks,School Furniture & Supplies > Classroom Rugs & Décor > Wall Clocks,True,stratified sample,"Furniture > Decor > Clocks & Timers || Furniture > Decor > Wall Art || Furniture > Decor > Wall Art > Wall Art/Decor || Furniture > Decor > Seasonal Decor > Window & Wall Decor & Signs || Furniture > Decor > Wall Art > Wall Decals || Retail Store Supplies > Store Fixtures & Retail Displays > Floor & Wall Mirrors || Furniture > Decor > Home & Office Decor > Decorative Plates || Furniture > Lamps & Lighting > Wall Lamps || Furniture > Standing Desk Mats || Furniture > Decor > Home & Office Decor > Accent Room Dividers || Retail Store Supplies > Time Clock Cards & Racks || Laboratory & Scientific Supplies > Lab Instruments & Equipment > Timers, Clocks & Stopwatches",,,
Wayfair,Facilities & Maintenance > Business Signs & Sign Holders > A-Frame Signage & Sign Holders,Facilities & Maintenance > Business Signs & Sign Holders > A-Frame Signage & Sign Holders,True,stratified sample,"Retail Store Supplies > Retail Signage > Literature & Sign Holders || Retail Store Supplies > Retail Signage > Sign Materials || Facilities > Facilities Signs > Safety Signs || Facilities > Facilities Signs > Safety Labels & Tags || Safety Supplies > Traffic Signs || Office Supplies > Desk Organizers & Accessories > Business Card Holders & Files || Tools, Parts & Supplies > Chalk Reels & Marking Tools > Soapstones & Holders || Retail Store Supplies > Retail Signage > Custom Retail Signage || Retail Store Supplies > Retail Signage > Suggestion & Ballot Boxes || Office Supplies > Desk Organizers & Accessories > Book & Document Holders || Retail Store Supplies > Retail Signage || TV & Streaming Media > TV & Video > Digital Signage",,,
Wayfair,Furniture > Custom Furniture > Custom Bar Stools,Furniture > Custom Furniture > Custom Bar Stools,False,stratified sample,"Furniture > Chairs & Seating > Stools & Ottomans > Counter & Bar Stools || Furniture > Storage Furniture || Furniture > Decor || Furniture > Chairs & Seating || Furniture > Home & Office Tables || Furniture || Furniture > Standing Desk Mats || Furniture > Home & Office Tables > Accent & Coffee Tables || Furniture > Chair Mats || Furniture > Chairs & Seating > Chair Parts & Accessories || Gift Shop > Gift Sets, Photo & Custom Gifts > Custom Apparel || Retail Store Supplies > Spa & Salon > Spa & Massage > Massage Stools",,,
Wayfair,Organization > Jewelry Organization > Jewelry & Watch Boxes,Organization > Jewelry Organization > Jewelry & Watch Boxes,True,stratified sample,"Gift Shop > Home, Personal & Travel > Jewelry Boxes & Cases || Gift Shop > Home, Personal & Travel > Key Chains & Rings || Gift Shop > As Seen on TV || Party Supplies > Wrapping Supplies > Gift Boxes & Bags || Furniture > Decor > Wall Art > People & Fashion Art || Retail Store Supplies > Store Fixtures & Retail Displays > Dress Forms || Gift Shop > Professional Gifts > Money Clips || Gift Shop > Home, Personal & Travel > Unique Gifts || Tools, Parts & Supplies > Clips, Rings & Pins || Gift Shop > Gift Sets, Photo & Custom Gifts > Gift Sets || Wearable Technology > Smart Watches || Retail Store Supplies > Retail Packaging > Food Boxes & Bags",,,
Wayfair,Furniture > Custom Furniture > Custom Bar Stools > Custom Bar Stools,Furniture > Custom Furniture > Custom Bar Stools,True,stratified sample,"Furniture > Chairs & Seating > Stools & Ottomans > Counter & Bar Stools || Furniture > Storage Furniture || Furniture > Decor || Furniture > Chairs & Seating || Furniture > Home & Office Tables || Furniture || Furniture > Standing Desk Mats || Furniture > Home & Office Tables > Accent & Coffee Tables || Furniture > Chair Mats || Furniture > Chairs & Seating > Chair Parts & Accessories || Gift Shop > Gift Sets, Photo & Custom Gifts > Custom Apparel || Retail Store Supplies > Spa & Salon > Spa & Massage > Massage Stools",,,
Wayfair,Facilities & Maintenance > Maintenance Storage,Facilities & Maintenance > Maintenance Storage,False,stratified sample,"Facilities > Grounds Maintenance || Facilities > Paint Supplies > Wood Care & Maintenance || Laboratory & Scientific Supplies > Lab Safety > Maintenance & Safety Supplies || Facilities > Hardware || Facilities > Grounds Maintenance > Watering Equipment || Facilities > Grounds Maintenance > Outdoor Tools || Tools, Parts & Supplies > Tool & Garage Organization > Garage Storage Equipment || Facilities > Plumbing || Facilities > Electrical and Wiring || Computers & Accessories > Computer Accessories & Peripherals > Computer Cleaning & Maintenance || Facilities > Adhesives, Sealants and Patching > Concrete & Asphalt Maintenance",,,
Wayfair,Commercial Office Furniture > Office Cubicles & Partitions > Desk Partitions,Commercial Office Furniture > Office Cubicles & Partitions > Desk Partitions,True,stratified sample,Furniture > Cubicle & Panel Systems > Office Partitions & Dividers || Furniture > Cubicle & Panel Systems > Cubicle & Panel Workstations || Furniture > Cubicle & Panel Systems || Furniture > Cubicle & Panel Systems > Cubicle Accessories & Hardware || Furniture > Desks > Office Desks || Office Supplies > Desk Organizers & Accessories > Wall Files || Furniture > Desks > Desk Components & Hutches > Desk Components || Furniture > Desks > Desk Components & Hutches || Furniture > Storage Furniture > Storage Cabinets || Furniture > File Cabinets || Furniture > Desks || Office Supplies > Desk Organizers & Accessories > Desk Pads,,,
Wayfair,Tabletop > Dinnerware > Plates,Tabletop > Dinnerware > Plates,True,stratified sample,"Restaurant & Foodservice Supplies > Tabletop > Dinnerware || Furniture > Decor > Home & Office Decor > Decorative Plates || Restaurant & Foodservice Supplies > Tabletop > Glassware || Restaurant & Foodservice Supplies > Tabletop > Flatware || Restaurant & Foodservice Supplies > Tabletop > Bar Glassware || Coffee, Water & Snacks > Plates, Cups & Cutlery || Appliances & Kitchenware > Kitchenware > Dining & Tableware > Flatware & Cutlery || Facilities > Electrical and Wiring > Electrical > Wall Plates || Restaurant & Foodservice Supplies > Tabletop > Placemats & Tablecloths || Appliances & Kitchenware > Kitchenware > Dining & Tableware > Tableware || Party Supplies > Disposable Plates || Facilities > Hardware > Door Hardware > Push Plates & Pulls",,,
Wayfair,Office Storage & Organization > File & Paper Organization,Office Storage & Organization > File & Paper Organization,False,stratified sample,"Office Supplies > Storage & Organization || Office Supplies > Storage & Organization > Storage Furniture || Office Supplies > Folders & Filing > File Storage || Furniture > Storage Furniture > Storage Organization || Office Supplies > Desk Organizers & Accessories > File Organizers || Office Supplies > Folders & Filing || Office Supplies > Desk Organizers & Accessories > Business Card Holders & Files || Office Supplies > Desk Organizers & Accessories > Wall Files || Office Supplies > Desk Organizers & Accessories > Book & Document Holders || Office Supplies > Copy & Printer Paper || Tools, Parts & Supplies > Tool & Garage Organization || Appliances & Kitchenware > Kitchenware > Kitchen Accessories > Kitchen Storage & Organization",,,
Wayfair,Organization > Wall Shelving & Organization > Storage Racks & Shelving Units,Organization > Wall Shelving & Organization > Storage Racks & Shelving Units,True,stratified sample,Office Supplies > Storage & Organization > Storage Drawers || Furniture > Storage Furniture > Shelving || Furniture > Storage Furniture > Storage Organization || Office Supplies > Storage & Organization > Storage Bins || Office Supplies > Storage & Organization > Storage Furniture || Furniture > Storage Furniture > Clothing Racks & Closet Organization || Furniture > Storage Furniture > Clothing Racks & Closet Organization > Closet Storage & Organizers || Office Supplies > Storage & Organization > Storage Containers & Boxes || Furniture > Storage Furniture > Clothing Racks & Closet Organization > Closet Systems || Office Supplies > Storage & Organization > Storage Baskets || Retail Store Supplies > Store Fixtures & Retail Displays > Store Shelving || Furniture > Storage Furniture > Electronics & Computer Storage Units,,,
Wayfair,Outdoor > Outdoor Fencing & Flooring > Privacy Screens,Outdoor > Outdoor Fencing & Flooring > Privacy Screens,True,stratified sample,Furniture > Cubicle & Panel Systems > Privacy Booths || Furniture > Cubicle & Panel Systems > Desktop Privacy Panels || Facilities > Grounds Maintenance > Outdoor Tools || Computers & Accessories > Computer Accessories & Peripherals > Computer Privacy Screens & Protectors || Furniture > Decor > Home & Office Decor > Indoor Fireplaces || Furniture > Cubicle & Panel Systems || Facilities > Grounds Maintenance > Outdoor Tools > Lawn & Garden Tools || Healthcare Supplies > Patient Care > Beds & Bedside Care > Patient Privacy Screens || Facilities > Floor Mats & Flooring || Facilities > Plumbing > Bathroom Hardware > Bathroom Safety Hardware || Cleaning Supplies > Cleaning Chemicals & Wipes > Urinal Screens,,,
Wayfair,Outdoor > Garden,Outdoor > Garden,False,stratified sample,"Facilities > Grounds Maintenance > Outdoor Tools > Lawn & Garden Tools || Furniture > Decor > Wall Art > Garden Landscape || Furniture > Decor > Home & Office Decor > Indoor Fireplaces || Facilities > Grounds Maintenance > Outdoor Tools || Gift Shop > Professional Gifts > Compasses > Outdoor Decor || Furniture > Lamps & Lighting > Outdoor Lighting || Gift Shop > Professional Gifts > Compasses > Patio Furniture || Gift Shop > Professional Gifts > Compasses > Outdoor Furniture Covers || Expanded Assortment > Outdoors & Recreation || Furniture > Decor > Artificial Plants & Flowers || Healthcare Supplies > Personal Dental Care > Oral Care > Interdental Cleaners || Tools, Parts & Supplies > Tool & Garage Organization > Garage Storage Equipment",,,
Wayfair,Lighting > Outdoor Lighting > Commercial Exterior Lighting,Lighting > Outdoor Lighting > Commercial Exterior Lighting,True,stratified sample,"Furniture > Lamps & Lighting > Outdoor Lighting || Facilities > Commercial Lighting, Ballasts & Bulbs > Commercial Lighting || Furniture > Lamps & Lighting > Ceiling Lighting || Furniture > Lamps & Lighting > Lighting Controls, Dimmers & Accessories > Lighting Accessories || Furniture > Lamps & Lighting > Specialty Lighting || Furniture > Lamps & Lighting > Accent Lighting || Furniture > Lamps & Lighting > Under Cabinet Lighting || Furniture > Lamps & Lighting > Lighting Controls, Dimmers & Accessories || Furniture > Lamps & Lighting || Furniture > Lamps & Lighting > Wall Lamps || Facilities > Paint Supplies > Paint > Exterior Paint || Facilities > Commercial Lighting, Ballasts & Bulbs",,,
Wayfair,School Spaces > Library Furniture > School Carts & Stands,School Spaces > Library Furniture > School Carts & Stands,True,stratified sample,School Supplies > Learning at Home > Home School Furniture || Furniture > Home & Office Tables > Classroom & Kids' Tables || Furniture > School Furniture > Classroom Storage Furniture || Furniture > Carts & Stands || Furniture > Carts & Stands > Carts & Stands || School Supplies > School Bags & Lunch Boxes || School Supplies > Teacher Supplies > Teacher Resources > Hall Passes & Library Cards || School Supplies > Learning at Home > Home School Supplies || School Supplies > Middle School Supplies || School Supplies > School Art Supplies || School Supplies || Furniture > Carts & Stands > TV Stands,,,
Wayfair,Outdoor > Outdoor & Patio Furniture > Patio Bar Furniture,Outdoor > Outdoor & Patio Furniture > Patio Bar Furniture,True,stratified sample,Gift Shop > Professional Gifts > Compasses > Patio Furniture || Furniture > Decor > Home & Office Decor > Indoor Fireplaces || Furniture > Chairs & Seating || Furniture > Decor || Furniture > Home & Office Tables || Furniture > Storage Furniture || Furniture > Chairs & Seating > Breakroom & Dining Chairs || Furniture > Home & Office Tables > Breakroom & Dining Tables || Furniture > Chairs & Seating > Accent & Waiting Room Chairs || Furniture || Furniture > Decor > Home & Office Decor > Accent Furniture,,,
Wayfair,Facilities & Maintenance > Safety & Emergency Supplies > Stanchions,Facilities & Maintenance > Safety & Emergency Supplies > Stanchions,True,stratified sample,"Safety Supplies > Stanchions & Barricades || Safety Supplies > Safety Lanyards || Safety Supplies > Safety Harnesses || Safety Supplies > Personal Protective Equipment (PPE) || Facilities > Material Handling > Hoists, Winches & Pullers || Safety Supplies > Safety Storage || Safety Supplies || Safety Supplies > Safety Storage > Safety Cabinets & Shelves || Safety Supplies > Personal Protective Equipment (PPE) > Eye Protection > Eyewash Stations & Showers || Safety Supplies > Traffic Cones || Furniture > Carts & Stands > TV Stands || Furniture > Carts & Stands > Carts & Stands",,,
Wayfair,Bedding & Bath > Shower Curtains & Accessories > Shower Curtain Rods,Bedding & Bath > Shower Curtains & Accessories > Shower Curtain Rods,True,stratified sample,"Furniture > Decor > Shower Curtains & Accessories || Furniture > Decor > Bath & Shower Accessories || Facilities > Plumbing > Tubs and Showers > Wall Mounted Shower Heads || Healthcare Supplies > Durable Medical Equipment > Shower & Bath Aids > Shower Chairs / Benches || Furniture > Decor > Bath Mats & Towels || Retail Store Supplies > Spa & Salon > Bath & Body > Shower Caps || Furniture > Decor > Curtains, Blinds & Shades || Facilities > Plumbing > Tubs and Showers > Handheld Shower Heads || Facilities > Bathroom Fixtures > Toilet Seat Cover Dispensers || Healthcare Supplies > Durable Medical Equipment > Shower & Bath Aids || Tools, Parts & Supplies > Drill Rods",,,
Wayfair,Smallwares > Food Storage Supplies > Specialty Food Storage,Smallwares > Food Storage Supplies > Specialty Food Storage,True,stratified sample,"Restaurant & Foodservice Supplies > Restaurant Storage & Transport > Food Storage & Containers || Restaurant & Foodservice Supplies > Disposable Food Packaging > Single-Use Food Containers || Restaurant & Foodservice Supplies > Disposable Food Packaging > Disposable Bags > Food Storage Bags || Restaurant & Foodservice Supplies > Restaurant Storage & Transport || Restaurant & Foodservice Supplies > Smallwares > Food Safety || Restaurant & Foodservice Supplies > Smallwares > Commercial Food Prep || Restaurant & Foodservice Supplies > Disposable Food Packaging || Retail Store Supplies > Retail Packaging > Food Boxes & Bags || Restaurant & Foodservice Supplies > Disposable Food Packaging > Food Packaging Wrap || Restaurant & Foodservice Supplies > Restaurant Storage & Transport > Catering & Buffet Supplies || Office Supplies > Tape, Fasteners & Adhesives > Tape > Specialty Tape || Furniture > Lamps & Lighting > Specialty Lighting",,,
Wayfair,Shop Restaurant Spaces > Commercial Kitchen > Food Storage Supplies,Restaurant Spaces > Commercial Kitchen > Food Storage Supplies,True,stratified sample,Restaurant & Foodservice Supplies > Restaurant Storage & Transport > Food Storage & Containers || Restaurant & Foodservice Supplies > Restaurant Storage & Transport > Kitchen Racks || Restaurant & Foodservice Supplies > Commercial Restaurant Equipment > Kitchen Work & Prep Tables || Restaurant & Foodservice Supplies > Smallwares > Commercial Kitchen Tools || Restaurant & Foodservice Supplies > Restaurant Storage & Transport || Appliances & Kitchenware > Kitchenware > Kitchen Accessories > Kitchen Storage & Organization || Restaurant & Foodservice Supplies > Commercial Restaurant Equipment > Equipment Parts & Accessories || Restaurant & Foodservice Supplies > Smallwares > Commercial Food Prep || Restaurant & Foodservice Supplies > Disposable Food Packaging > Single-Use Food Containers || Restaurant & Foodservice Supplies > Restaurant Storage & Transport > Catering & Buffet Supplies || Restaurant & Foodservice Supplies > Disposable Food Packaging > Disposable Bags > Food Storage Bags || Party Supplies,,,
Wayfair,Decor & Pillows > Mirrors > Vanity & Dresser Mirrors,Decor & Pillows > Mirrors > Vanity & Dresser Mirrors,True,stratified sample,"Furniture > Decor > Mirrors || Furniture > Decor > Shower Curtains & Accessories || Retail Store Supplies > Store Fixtures & Retail Displays > Floor & Wall Mirrors || Furniture > Lamps & Lighting > Desk Lamps || Furniture > Lamps & Lighting > Floor Lamps || Furniture > Lamps & Lighting > Table Lamps || Furniture > Lamps & Lighting > Wall Lamps || Furniture > Decor > Bath & Shower Accessories || Furniture > Lamps & Lighting || Furniture > Decor > Curtains, Blinds & Shades || Safety Supplies > Security Mirrors || Healthcare Supplies > Professional Dental Supplies > Dental Instruments > Dental Mirrors",,,
Wayfair,Outdoor > Front Door Décor & Curb Appeal > House Numbers & Letters,Outdoor > Front Door Décor & Curb Appeal > House Numbers & Letters,True,stratified sample,"School Supplies > Teacher Supplies > Classroom Decorations > Letters & Numbers || Furniture > Decor > Home & Office Decor > Home & Office Bars || Furniture > Decor > Home & Office Decor > Living Room Accents || Office Supplies > Writing Supplies & Instruments > Correction & White Out || Furniture > Decor > Wall Art > Still Life || Office Supplies > Office Basics > Post-it® / Sticky Flags & Tabs || School Supplies > Learning at Home > Building Sets || Healthcare Supplies > Patient Care > Practice Front Desk Supplies > Medical Take Home Bags || School Supplies > Teacher Supplies > Classroom Decorations > Decorative Accents & Board Sets || Furniture > Home & Office Tables > Classroom & Kids' Tables || Shipping, Packing & Mailing Supplies > Mailing Supplies > Letter Openers || Office Supplies > Desk Organizers & Accessories > Letter & Desktop Trays",,,
Wayfair,Restaurant Furniture > Banquet Furniture > Podiums & Lecterns,Restaurant Furniture > Banquet Furniture > Podiums & Lecterns,True,stratified sample,Furniture > Lecterns & PA Systems > Lecterns || Furniture > Lecterns & PA Systems || Furniture > Chairs & Seating > Breakroom & Dining Chairs || Furniture > Home & Office Tables > Breakroom & Dining Tables || Furniture > Boards & Easels || Furniture > Chairs & Seating || Furniture > Desks || Furniture > Chairs & Seating > Sofas & Benches || Furniture > Lecterns & PA Systems > Microphones || Furniture > Carts & Stands || Retail Store Supplies > Sewing & Tailoring > Patterns & Sewing Books || Facilities > Flashlights & Lanterns,,,
Wayfair,Furniture > Living Room Furniture > Ottomans & Poufs,Furniture > Living Room Furniture > Ottomans & Poufs,True,stratified sample,"Furniture > Chairs & Seating > Stools & Ottomans > Ottomans || Furniture > Chairs & Seating > Stools & Ottomans || Furniture > Chairs & Seating > Sofas & Benches > Sofas, Loveseats & Sectionals || Furniture > Chairs & Seating > Sofas & Benches || Furniture > Chairs & Seating > Stools & Ottomans > Drafting Chairs & Office Stools || Furniture > Chairs & Seating || Furniture > Bookcases & Bookshelves || Furniture > Decor || Furniture > Chairs & Seating > Recliners, Gliders & Rockers || Furniture > Chairs & Seating > Breakroom & Dining Chairs || Healthcare Supplies > Patient Care > Exam Room Supplies & Equipment > Cotton Balls || Appliances & Kitchenware > Kitchenware > Kitchen Tools > Pots & Pans",,,
Wayfair,Furniture > Bedroom Furniture,Furniture > Bedroom Furniture,False,stratified sample,Furniture || Furniture > Storage Furniture || Furniture > Decor || Furniture > School Furniture || Furniture > Home & Office Tables || Furniture > Chairs & Seating || Furniture > School Furniture > Classroom Storage Furniture || Furniture > Decor > Home & Office Decor > Accent Furniture || Furniture > Bookcases & Bookshelves || Furniture > Decor > Home & Office Decor || Gift Shop > Professional Gifts > Compasses > Patio Furniture,,,
Wayfair,Bedding & Bath > Bedding & Bedding Sets > Throw Pillows,Bedding & Bath > Bedding & Bedding Sets > Throw Pillows,True,stratified sample,"Furniture > Decor > Beds & Bedding > Blankets & Throws || Furniture > Decor > Beds & Bedding > Pillows || Furniture > Decor > Beds & Bedding > Bedding || Furniture > Decor > Beds & Bedding || Furniture > Decor > Beds & Bedding > Mattress Pads & Toppers || Furniture > Decor > Bath Mats & Towels || Retail Store Supplies > Spa & Salon > Spa & Massage > Pillows & Pillow Cover || Furniture > Decor > Beds & Bedding > Beds & Mattresses || Healthcare Supplies > Patient Care > Exam Room Supplies & Equipment > Disposable Linens & Pillows || Furniture > Decor > Shower Curtains & Accessories || Shipping, Packing & Mailing Supplies > Shipping Supplies > Cushioning & Void Fill > Air Pillows & Inflatable Packaging",,,
Wayfair,Commercial Office Furniture > Office Tables > Coffee Tables & End Tables,Commercial Office Furniture > Office Tables > Coffee Tables & End Tables,True,stratified sample,"Furniture > Home & Office Tables > Accent & Coffee Tables || Furniture > Home & Office Tables > Training Room Tables || Furniture > Home & Office Tables > Conference Room Tables || Furniture > Home & Office Tables > Folding Tables || Furniture > Home & Office Tables > Breakroom & Dining Tables || Furniture > Home & Office Tables > Table Components || Furniture > Home & Office Tables > Specialty & Drafting Tables || Furniture > Home & Office Tables || Furniture > Home & Office Tables > Classroom & Kids' Tables || Healthcare Supplies > Patient Care > Beds & Bedside Care > Overbed Tables || Coffee, Water & Snacks > Coffee || Coffee, Water & Snacks > Coffee, Coffee Makers & Supplies",,,
Wayfair,Smallwares > Outdoor Serving & Tableware > Outdoor Drinkware,Smallwares > Outdoor Serving & Tableware > Outdoor Drinkware,True,stratified sample,"Restaurant & Foodservice Supplies > Tabletop > Drinkware || Appliances & Kitchenware > Kitchenware > Dining & Tableware > Drinkware & Glassware || Appliances & Kitchenware > Kitchenware > Dining & Tableware > Tableware || Appliances & Kitchenware > Kitchenware > Dining & Tableware || Restaurant & Foodservice Supplies > Tabletop > Glassware || Restaurant & Foodservice Supplies > Tabletop > Bar Glassware || Restaurant & Foodservice Supplies > Tabletop > Dinnerware || Gift Shop > Professional Gifts > Compasses > Outdoor Decor || Appliances & Kitchenware > Kitchenware > Dining & Tableware > Flatware & Cutlery || Appliances & Kitchenware > Kitchenware > Dining & Tableware > Carafes, Pitchers & Tumblers || Facilities > Grounds Maintenance > Outdoor Tools || School Supplies > Teacher Supplies > Physical Education & Recreation > Outdoor Games",,,
Wayfair,Organization > Cleaning & Laundry Organization > Trash Bags & Liners,Organization > Cleaning & Laundry Organization > Trash Bags & Liners,True,stratified sample,Cleaning Supplies > Waste & Recycling > Trash Bags || Cleaning Supplies > Waste & Recycling > Trash Cans & Recycling Bins || Cleaning Supplies > Waste & Recycling > Waste Receptacle Lids & Accessories || Cleaning Supplies > Waste & Recycling || Restaurant & Foodservice Supplies > Disposable Food Packaging > Disposable Bags > Food Storage Bags || Cleaning Supplies > Laundry Care > Laundry Room Organization || Cleaning Supplies > Laundry Care > Laundry Room Organization > Laundry Accessories || Cleaning Supplies > Laundry Care || Cleaning Supplies > Laundry Care > Laundry Room Organization > Clothes Drying || Cleaning Supplies > Cleaning Tools > Cleaning Cloths & Rags || Expanded Assortment > Paint & Paint Supplies > Paint Trays & Liners || Laboratory & Scientific Supplies > Labware & Consumables > Lab Bags,,,
Wayfair,Furniture > Office Furniture,Furniture > Office Furniture,False,stratified sample,Furniture || Furniture > Storage Furniture || Furniture > Home & Office Tables || Furniture > School Furniture || Furniture > Decor || Furniture > School Furniture > Classroom Storage Furniture || Furniture > Desks || Furniture > Standing Desk Mats || Furniture > Chairs & Seating || Furniture > Chairs & Seating > Office Chairs || Gift Shop > Professional Gifts > Compasses > Patio Furniture || Furniture > Decor > Home & Office Decor > Accent Furniture,,,
Wayfair,Furniture > Office Furniture > Laptop Carts & Stands,Furniture > Office Furniture > Laptop Carts & Stands,True,stratified sample,"Furniture > Carts & Stands > Carts & Stands || Furniture > Carts & Stands || Furniture > Home & Office Tables || Computers & Accessories > Computer Accessories & Peripherals > Laptop Accessories > Laptop Stands & Lap Desks || Furniture > Standing Desk Mats || Furniture > Carts & Stands > TV Stands || Furniture > Storage Furniture > Electronics & Computer Storage Units || Furniture > School Furniture > Classroom Storage Furniture || Furniture > Storage Furniture > Media Storage Furniture || Furniture > Storage Furniture || Computers & Accessories > Laptops || Bags, Backpacks & Luggage > Backpacks & Laptop Bags > Laptop Bags",,,
Wayfair,Furniture > Office Furniture > Home Office Furniture Sets,Furniture > Office Furniture > Home Office Furniture Sets,True,stratified sample,Furniture > Home & Office Tables || Furniture > School Furniture || Furniture > Storage Furniture || Furniture > Decor > Home & Office Decor > Home & Office Bars || Furniture || Furniture > Decor > Home & Office Decor || Furniture > School Furniture > Classroom Storage Furniture || Furniture > Decor || Furniture > Standing Desk Mats || Furniture > Chairs & Seating > Office Chairs || School Supplies > Learning at Home > Home School Furniture,,,
Wayfair,Commercial Office Furniture > Office Seating > Waiting Room & Reception Chairs,Commercial Office Furniture > Office Seating > Waiting Room & Reception Chairs,True,stratified sample,Furniture > Chairs & Seating > Accent & Waiting Room Chairs || Furniture > Chairs & Seating > Office Chairs || Furniture > Home & Office Tables > Conference Room Tables || Furniture > Home & Office Tables > Training Room Tables || Furniture > Chairs & Seating > Kids Seating || Furniture > Chairs & Seating > Breakroom & Dining Chairs || Furniture > Chairs & Seating || Furniture > Home & Office Tables > Breakroom & Dining Tables || Furniture > Home & Office Tables || Furniture > Chairs & Seating > Big and Tall Chairs || Furniture > Chairs & Seating > Gaming Chairs || Healthcare Supplies > Durable Medical Equipment > Patient Lift & Transfer > Lift Chairs,,,
Wayfair,Appliances > Washers & Dryers,Appliances > Washers & Dryers,False,stratified sample,"Appliances & Kitchenware > Major Appliances > Washers & Dryers || Appliances & Kitchenware > Major Appliances > Dishwashers || Appliances & Kitchenware > Major Appliances > Refrigerators || Facilities > Bathroom Fixtures > Hand Dryers || Appliances & Kitchenware > Small Appliances > Microwaves || Appliances & Kitchenware > Small Appliances || Appliances & Kitchenware > Major Appliances > Freezers || Appliances & Kitchenware > Major Appliances || Facilities > Washer & Dryer Accessories || Appliances & Kitchenware > Small Appliances > Griddles, Grills & Waffle Makers || Cleaning Supplies > Laundry Care > Dryer Sheets || Facilities > Grounds Maintenance > Outdoor Tools > Pressure Washers & Accessories",,,
Wayfair,Organization > Cleaning & Laundry Organization > Laundry Accessories,Organization > Cleaning & Laundry Organization > Laundry Accessories,True,stratified sample,"Cleaning Supplies > Laundry Care > Laundry Room Organization > Laundry Accessories || Cleaning Supplies > Laundry Care > Laundry Room Organization || Cleaning Supplies > Laundry Care || Cleaning Supplies > Laundry Care > Laundry Detergent || Cleaning Supplies > Laundry Care > Laundry Room Organization > Clothes Drying || Cleaning Supplies > Laundry Care > Laundry Room Organization > Laundry Baskets, Hampers & Sorters || Cleaning Supplies > Laundry Care > Dryer Sheets || Cleaning Supplies > Laundry Care > Laundry Stain Removers || Appliances & Kitchenware > Kitchenware > Kitchen Accessories > Kitchen Storage & Organization || Cleaning Supplies > Laundry Care > Laundry Sanitizers & Bleach || TV & Streaming Media > TV & Video > TV Accessories || Gift Shop > Professional Gifts > Bar Accessories",,,
Wayfair,Furniture,Furniture,False,stratified sample,Furniture || Furniture > Storage Furniture || Furniture > Decor || Furniture > School Furniture || Furniture > Home & Office Tables || Furniture > Chairs & Seating || Furniture > Chair Mats || Furniture > Desks || Furniture > Bookcases & Bookshelves || Furniture > School Furniture > Classroom Storage Furniture || Gift Shop > Professional Gifts > Compasses > Patio Furniture || Furniture > Decor > Home & Office Decor > Accent Furniture,,,
Wayfair,Decor & Pillows > Wall Décor > Wall Decals,Decor & Pillows > Wall Décor > Wall Decals,True,stratified sample,Furniture > Decor > Wall Art > Wall Decals || Furniture > Decor > Wall Art > Wall Art/Decor || Furniture > Decor > Wall Art || Furniture > Decor > Seasonal Decor > Window & Wall Decor & Signs || Furniture > Decor > Home & Office Decor > Decorative Plates || Furniture > Decor > Shower Curtains & Accessories || Furniture > Decor > Wall Art > Framed Posters || Decor > Rug Pads || Furniture > Decor > Decorative Accents || Furniture > Decor > Home & Office Decor > Accent Room Dividers || Office Supplies > Desk Organizers & Accessories > Wall Files || Facilities > Electrical and Wiring > Electrical > Wall Plates,,,
Wayfair,Outdoor > Front Door Décor & Curb Appeal > Flags,Outdoor > Front Door Décor & Curb Appeal > Flags,True,stratified sample,School Supplies > Teacher Supplies > Classroom Decorations > Flags || Office Supplies > Office Basics > Post-it® / Sticky Flags & Tabs || Furniture > Decor > Seasonal Decor > Window & Wall Decor & Signs || School Supplies > Teacher Supplies > Classroom Decorations > Decorative Accents & Board Sets || Furniture > Decor > Wall Art > Wall Decals || Safety Supplies > Personal Protective Equipment (PPE) > Head & Face Protection > Hard Hats & Safety Helmets || Retail Store Supplies > Store Fixtures & Retail Displays > Floor & Wall Mirrors || Safety Supplies > Crowd Control Accessories || Furniture > Decor > Seasonal Decor > Standing Decor || Facilities > Paint Supplies > Paint Accessories > Extension Poles || Healthcare Supplies > Patient Care > Exam Room Supplies & Equipment > Exam Room Status Flags || Laboratory & Scientific Supplies > Labware & Consumables > Lab Bags,,,
Wayfair,Outdoor > Backyard Play > Outdoor Games,Outdoor > Backyard Play > Outdoor Games,True,stratified sample,School Supplies > Teacher Supplies > Physical Education & Recreation > Outdoor Games || Gift Shop > Game Room & Toys > Game Room > Pool Tables & Accessories || Gift Shop > Game Room & Toys > Game Room > Game Room & Games || Gift Shop > Game Room & Toys > Game Room || Gift Shop > Game Room & Toys > Game Room > Gaming Tables & Accessories || Gift Shop > Game Room & Toys > Game Room > Sports Displays & Collectibles || Gift Shop > Game Room & Toys > Game Room > Tailgating Supplies || Furniture > Daycare & Nursery > Play & Rest Mats || Expanded Assortment > Outdoors & Recreation || Gift Shop > Game Room & Toys || Gift Shop > Professional Gifts > Compasses > Outdoor Decor || Computer Software > PC Games & Accessories > PC Games,,,
Wayfair,Home Improvement > Plumbing > Drains,Home Improvement > Plumbing > Drains,True,stratified sample,"Facilities > Plumbing > Bathroom Hardware > Drains || Facilities > Plumbing > Sinks || Facilities > Plumbing > Sink Repair Parts || Facilities > Plumbing > Faucet Repair Parts || Facilities > Plumbing > Faucets || Facilities > Plumbing || Facilities > Plumbing > Toilets and Urinals || Facilities > Plumbing > Drinking Fountain Repair & Accessories || Facilities > Plumbing > Toilets and Urinals > Toilet & Urinal Repair Parts || Facilities > Plumbing > Toilets and Urinals > Flush Valves || Tools, Parts & Supplies > Automotive > Oil Drain Pans, Measuring Cans & Funnels || Facilities > Hardware > Chain, Rope & Tie Downs > Chains",,,
Wayfair,Organization > Cleaning & Laundry Organization > Trash Cans & Recycling,Organization > Cleaning & Laundry Organization > Trash Cans & Recycling,True,stratified sample,"Cleaning Supplies > Waste & Recycling > Trash Cans & Recycling Bins || Cleaning Supplies > Waste & Recycling > Trash Bags || Cleaning Supplies > Waste & Recycling || Cleaning Supplies > Waste & Recycling > Waste Receptacle Lids & Accessories || Cleaning Supplies > Laundry Care > Laundry Room Organization || Office Supplies > Storage & Organization > Storage Bins || Cleaning Supplies > Laundry Care || Office Supplies > Storage & Organization > Storage Containers & Boxes || Cleaning Supplies > Laundry Care > Laundry Room Organization > Laundry Accessories || Cleaning Supplies > Laundry Care > Laundry Room Organization > Clothes Drying || Safety Supplies > Safety Storage > Safety Cans & Drums || Tools, Parts & Supplies > Automotive > Oil Drain Pans, Measuring Cans & Funnels",,,
Wayfair,Restaurant Furniture > Restaurant Dining & Bar Furniture > Bar Stools & Counter Stools,Restaurant Furniture > Restaurant Dining & Bar Furniture > Bar Stools & Counter Stools,True,stratified sample,Furniture > Chairs & Seating > Stools & Ottomans > Counter & Bar Stools || Furniture > Home & Office Tables > Accent & Coffee Tables || Furniture > Home & Office Tables > Breakroom & Dining Tables || Furniture > Chairs & Seating > Stools & Ottomans > Drafting Chairs & Office Stools || Furniture > Chairs & Seating > Breakroom & Dining Chairs || Furniture > Chairs & Seating > Stools & Ottomans || Furniture > Chairs & Seating || Furniture > Chairs & Seating > Accent & Waiting Room Chairs || Restaurant & Foodservice Supplies > Restaurant Storage & Transport > Kitchen Racks || Furniture > Home & Office Tables || Retail Store Supplies > Spa & Salon > Spa & Massage > Massage Stools || Laboratory & Scientific Supplies > Lab Furniture & Fixtures > Lab Chairs & Stools,,,
Wayfair,Decor & Pillows > Decorative Accents,Decor & Pillows > Decorative Accents,False,stratified sample,Furniture > Decor > Decorative Accents || Furniture > Decor > Home & Office Decor > Home Accents || Furniture > Decor > Home & Office Decor > Accent Furniture || Decor || Furniture > Decor > Home & Office Decor > Accent Room Dividers || Furniture > Decor > Home & Office Decor > Decorative Plates || Furniture > Decor > Seasonal Decor > Ornaments & Tree Decor || Furniture > Decor > Shower Curtains & Accessories || Decor > Rug Pads || Decor > Rugs || School Supplies > Teacher Supplies > Classroom Decorations > Decorative Accents & Board Sets || Furniture > Decor > Home & Office Decor > Living Room Accents,,,
Wayfair,Baby & Kids > Nursery Furniture > Conversion Rails,Baby & Kids > Nursery Furniture > Conversion Rails,True,gap-enriched sample,"Furniture > Daycare & Nursery > Nursery Furniture || Furniture > Daycare & Nursery || Furniture > Storage Furniture > Coat Trees, Stands & Hooks || Furniture > Daycare & Nursery > Play & Rest Mats || Furniture > School Furniture > Classroom Storage Furniture || Furniture > Storage Furniture > Media Storage Furniture || Facilities > Hand & Power Tools > Tool Storage > Tool Chests & Side Cabinets || Furniture > Home & Office Tables > Table Components || Furniture > Cubicle & Panel Systems || Furniture > Home & Office Tables > Folding Tables || Retail Store Supplies > Spa & Salon > Nails || Retail Store Supplies > Store Fixtures & Retail Displays > Hangrails & Accessories",,,
Wayfair,"Outdoor > Hot Tubs, Saunas & Pools > Swimming Pools","Outdoor > Hot Tubs, Saunas & Pools > Swimming Pools",True,gap-enriched sample,"Facilities > Plumbing > Tubs and Showers || Gift Shop > Game Room & Toys > Game Room > Pool Tables & Accessories || Facilities > Plumbing > Drinking Fountains || Furniture > Decor > Home & Office Decor > Indoor Fireplaces || Facilities > Grounds Maintenance > Outdoor Tools || Retail Store Supplies > Spa & Salon > Spa & Massage || Facilities > Floor Mats & Flooring || Gift Shop > Professional Gifts > Compasses > Water Recreation || Healthcare Supplies > Durable Medical Equipment > Shower & Bath Aids > Shower Chairs / Benches || Facilities > Bathroom Fixtures || Facilities > Hand & Power Tools > Power Tools || Tools, Parts & Supplies > Power Tools",,,
Wayfair,Shop Hospitality Spaces,Hospitality Spaces,False,gap-enriched sample,Facilities > Facilities Signs || Restaurant & Foodservice Supplies > Restaurant Storage & Transport > Catering & Buffet Supplies || Facilities > Work Lights || Facilities > Bathroom Fixtures || Furniture > Decor > Home & Office Decor > Living Room Accents || Facilities || Facilities > Grounds Maintenance > Outdoor Tools || Furniture > Home & Office Tables > Conference Room Tables || Restaurant & Foodservice Supplies > Commercial Restaurant Equipment > Kitchen Work & Prep Tables || Restaurant & Foodservice Supplies > Restaurant Storage & Transport || Healthcare Supplies > Patient Care > Beds & Bedside Care > Hospital Mattresses || Facilities > Air Quality,,,
Wayfair,Outdoor > Outdoor Fencing & Flooring > Outdoor Deck Tiles & Planks,Outdoor > Outdoor Fencing & Flooring > Outdoor Deck Tiles & Planks,True,gap-enriched sample,Facilities > Hardware > Ceiling > Ceiling Tiles || Facilities > Floor Mats & Flooring > Commercial Floor Mats || Furniture > Decor > Home & Office Decor > Indoor Fireplaces || Facilities > Floor Mats & Flooring || Gift Shop > Professional Gifts > Compasses > Patio Furniture || Healthcare Supplies > Durable Medical Equipment > Shower & Bath Aids > Shower Chairs / Benches || Furniture > Lamps & Lighting > Outdoor Lighting || Furniture > Chairs & Seating > Sofas & Benches > Benches & Beam Seating || Facilities > Grounds Maintenance > Outdoor Tools > Lawn & Garden Tools || Furniture > Standing Desk Mats || Gift Shop > Professional Gifts > Compasses > Outdoor Decor || Facilities > Grounds Maintenance > Outdoor Tools,,,
Wayfair,Organization > Storage Furniture > Storage Benches > Small Bedroom Vanities,Organization > Storage Furniture > Storage Benches > Small Bedroom Vanities,True,gap-enriched sample,Furniture > Storage Furniture > Storage Cabinets || Furniture > Storage Furniture > Clothing Racks & Closet Organization || Furniture > Storage Furniture > Clothing Racks & Closet Organization > Clothes Racks & Portable Closets || Furniture > Storage Furniture > Media Storage Furniture || Furniture > Storage Furniture || Healthcare Supplies > Durable Medical Equipment > Shower & Bath Aids > Shower Chairs / Benches || Furniture > Storage Furniture > Clothing Racks & Closet Organization > Closet Storage & Organizers || Furniture > Home & Office Tables || Furniture > Storage Furniture > Shelving || Appliances & Kitchenware > Kitchenware > Kitchen Accessories > Kitchen Storage & Organization || Appliances & Kitchenware > Small Appliances || Restaurant & Foodservice Supplies > Smallwares,,,
Wayfair,Shop Restaurant Spaces > Lobby > Sneeze Guards,Restaurant Spaces > Lobby > Sneeze Guards,True,gap-enriched sample,Cleaning Supplies > Laundry Care > Laundry Room Organization || Healthcare Supplies > Durable Medical Equipment > Shower & Bath Aids > Raised Toilet Seats || Furniture > Chairs & Seating > Accent & Waiting Room Chairs || Furniture > Cubicle & Panel Systems > Privacy Booths || Facilities > Bathroom Fixtures > Toilet Seat Cover Dispensers || Cleaning Supplies > Cleaning Chemicals & Wipes > Hard Floor Care || Furniture > Standing Desk Mats || Facilities > Plumbing > Tubs and Showers > Wall Mounted Shower Heads || Facilities > Hardware > Door Hardware > Door Stops & Bumpers || Healthcare Supplies > Durable Medical Equipment > Shower & Bath Aids > Shower Chairs / Benches || Appliances & Kitchenware > Major Appliances > Freezers || Healthcare Supplies > Patient Care > Diagnostic & Exam Instruments > Tweezers,,,
Wayfair,Baby & Kids > Teen Bedroom Furniture > Teen Dressers,Baby & Kids > Teen Bedroom Furniture > Teen Dressers,True,gap-enriched sample,Furniture > School Furniture || Furniture > School Furniture > Classroom Storage Furniture || Furniture > Daycare & Nursery || Furniture > Storage Furniture > Clothing Racks & Closet Organization || Furniture > Home & Office Tables > Classroom & Kids' Tables || Furniture > Storage Furniture > Clothing Racks & Closet Organization > Clothes Racks & Portable Closets || Furniture > Home & Office Tables || Furniture > Decor > Bath & Shower Accessories || Furniture || Furniture > Daycare & Nursery > Nursery Furniture || Retail Store Supplies > Store Fixtures & Retail Displays > Dress Forms || Healthcare Supplies > Wound Care > Advanced Wound Care > Foam Dressings,,,
Wayfair,Facilities & Maintenance > Maintenance Storage > Workbenches,Facilities & Maintenance > Maintenance Storage > Workbenches,True,gap-enriched sample,"Furniture > Storage Furniture > Shelving || Furniture > Storage Furniture > Lockers || Safety Supplies > Safety Storage > Flammables Storage Cabinets || Furniture > Storage Furniture > Storage Cabinets || Tools, Parts & Supplies > Tool & Garage Organization > Garage Storage Equipment || Safety Supplies > Safety Storage > Safety Cabinets & Shelves || Office Supplies > Storage & Organization > Storage Drawers || Laboratory & Scientific Supplies > Lab Furniture & Fixtures > Lab Benches || Furniture > Storage Furniture > Electronics & Computer Storage Units || Furniture > Desks > Desk Components & Hutches || Furniture > Chairs & Seating > Sofas & Benches || Healthcare Supplies > Durable Medical Equipment > Shower & Bath Aids > Shower Chairs / Benches",,,
Wayfair,Outdoor > Fitness > Weight Benches,Outdoor > Fitness > Weight Benches,True,gap-enriched sample,Fitness > Fitness Equipment || Fitness > Fitness Equipment > Fitness Machines || Fitness > Fitness Equipment > Fitness Machines > Fitness Machines || Fitness || Expanded Assortment > Fitness || Healthcare Supplies > Durable Medical Equipment > Shower & Bath Aids > Shower Chairs / Benches || Furniture > Chairs & Seating > Sofas & Benches > Benches & Beam Seating || Furniture > Home & Office Tables > Training Room Tables || Facilities > Grounds Maintenance > Outdoor Tools || Facilities > Ladders & Step Stools || Laboratory & Scientific Supplies > Lab Furniture & Fixtures > Lab Benches || Furniture > Chairs & Seating > Sofas & Benches,,,
Wayfair,Shop Office Spaces > Reception Area > Reception Sets,Office Spaces > Reception Area > Reception Sets,True,gap-enriched sample,"Furniture > Home & Office Tables > Conference Room Tables || Furniture > Home & Office Tables > Training Room Tables || Furniture > Chairs & Seating > Accent & Waiting Room Chairs || Furniture > Decor > Home & Office Decor > Home & Office Bars || Gift Shop > Game Room & Toys > Game Room > Pool Tables & Accessories || Facilities > Work Lights || Facilities > Bathroom Fixtures > Changing Stations and Accessories || Furniture > Home & Office Tables > Breakroom & Dining Tables || Restaurant & Foodservice Supplies > Commercial Restaurant Equipment > Kitchen Work & Prep Tables || Furniture > Decor > Home & Office Decor > Living Room Accents || Gift Shop > Gift Sets, Photo & Custom Gifts > Gift Sets || Facilities > Electrical and Wiring > Electrical > Receptacles",,,
Wayfair,Outdoor > Umbrellas > Beach Umbrellas,Outdoor > Umbrellas > Beach Umbrellas,True,gap-enriched sample,"Gift Shop > Professional Gifts > Compasses > Patio Furniture || Gift Shop > Professional Gifts > Compasses > Outdoor Furniture Covers || Gift Shop > Professional Gifts > Compasses > Outdoor Decor || Healthcare Supplies > Durable Medical Equipment > Shower & Bath Aids > Shower Chairs / Benches || Gift Shop > Game Room & Toys > Game Room > Pool Tables & Accessories || Gift Shop > Professional Gifts > Compasses > Outdoor Heaters || Furniture > Decor > Bath Mats & Towels || Facilities > Flashlights & Lanterns || Furniture > Chairs & Seating > Big and Tall Chairs || Gift Shop > Table Tents || Cleaning Supplies > Laundry Care > Laundry Sanitizers & Bleach || Facilities > Commercial Lighting, Ballasts & Bulbs > Ballasts",,,
Wayfair,"Smallwares > Pots, Pans & Skillets > Egg Poachers","Smallwares > Pots, Pans & Skillets > Egg Poachers",True,gap-enriched sample,"Appliances & Kitchenware > Kitchenware > Kitchen Tools > Pots & Pans || Appliances & Kitchenware > Kitchenware > Kitchen Tools > Skillets & Braising Pans || Coffee, Water & Snacks > Plates, Cups & Cutlery || Appliances & Kitchenware > Kitchenware > Dining & Tableware > Salt and Pepper Shakers & Mills || Appliances & Kitchenware > Small Appliances > Egg Cookers & Servers || Coffee, Water & Snacks > Snacks & Food > Jerky & Meat Sticks || Appliances & Kitchenware > Small Appliances > Rice Cookers & Steamers || Appliances & Kitchenware > Kitchenware > Kitchen Tools > Cake, Cookie & Pastry Decorations || Appliances & Kitchenware > Kitchenware > Kitchen Tools > Salad Spinners || Appliances & Kitchenware > Kitchenware > Kitchen Accessories > Oven Mitts & Potholders || School Supplies > Teacher Supplies || Appliances & Kitchenware > Kitchenware > Dining & Tableware > Carafes, Pitchers & Tumblers",,,
Wayfair,Shop Office Spaces > Reception Area,Office Spaces > Reception Area,False,gap-enriched sample,"Furniture > Home & Office Tables > Conference Room Tables || Furniture > Decor > Home & Office Decor > Home & Office Bars || Furniture > Home & Office Tables > Training Room Tables || Facilities > Work Lights || Facilities > Floor Mats & Flooring || Furniture > Chairs & Seating > Office Chairs || Furniture > Home & Office Tables || Furniture > Chairs & Seating > Accent & Waiting Room Chairs || Furniture > Cubicle & Panel Systems > Privacy Booths || Furniture > Decor > Home & Office Decor > Living Room Accents || Facilities > Electrical and Wiring > Electrical > Receptacles || Tools, Parts & Supplies > Automotive > Plugs & Receptacles",,,
Wayfair,Organization > Garage & Outdoor Storage & Organization > Shed Accessories,Organization > Garage & Outdoor Storage & Organization > Shed Accessories,True,gap-enriched sample,"Tools, Parts & Supplies > Tool & Garage Organization > Garage Storage Equipment || Furniture > Storage Furniture > Clothing Racks & Closet Organization || Furniture > Storage Furniture > Storage Organization || Furniture > Storage Furniture > Clothing Racks & Closet Organization > Closet Storage & Organizers || Office Supplies > Storage & Organization > Storage Furniture || Furniture > Storage Furniture > Clothing Racks & Closet Organization > Closet Systems || Furniture > Storage Furniture > Clothing Racks & Closet Organization > Clothes Racks & Portable Closets || Tools, Parts & Supplies > Tool & Garage Organization || Appliances & Kitchenware > Kitchenware > Kitchen Accessories > Kitchen Storage & Organization || Furniture > Storage Furniture > Coat Trees, Stands & Hooks || TV & Streaming Media > TV & Video > TV Accessories || Gift Shop > Professional Gifts > Bar Accessories",,,
Wayfair,Shop Restaurant Spaces > Banquet > Banquet Furniture,Restaurant Spaces > Banquet > Banquet Furniture,True,gap-enriched sample,Furniture > Home & Office Tables > Breakroom & Dining Tables || Furniture > Chairs & Seating > Breakroom & Dining Chairs || Furniture > Home & Office Tables > Conference Room Tables || Restaurant & Foodservice Supplies > Restaurant Storage & Transport > Catering & Buffet Supplies || Furniture > Chairs & Seating || Furniture > Chairs & Seating > Office Chairs || Restaurant & Foodservice Supplies > Restaurant Storage & Transport > Chafing Dishes & Buffet Accessories || Furniture > Chairs & Seating > Accent & Waiting Room Chairs || Furniture > Home & Office Tables > Training Room Tables || Restaurant & Foodservice Supplies > Commercial Restaurant Equipment > Kitchen Work & Prep Tables || Furniture || Furniture > Storage Furniture,,,
Wayfair,Shop Office Spaces > Breakrooms & Employee Spaces,Office Spaces > Breakrooms & Employee Spaces,False,gap-enriched sample,"Furniture > Home & Office Tables > Breakroom & Dining Tables || Furniture > Desks > Office Desks || Furniture > Cubicle & Panel Systems > Privacy Booths || Furniture > Home & Office Tables > Conference Room Tables || Furniture > Decor > Home & Office Decor > Home & Office Bars || Furniture > Cubicle & Panel Systems > Office Partitions & Dividers || Furniture > Chairs & Seating > Office Chairs || Furniture > Home & Office Tables > Classroom & Kids' Tables || Office Supplies > Desk Organizers & Accessories || Furniture > Home & Office Tables > Training Room Tables || Coffee, Water & Snacks > Breakroom Appliances || Furniture > Chairs & Seating > Breakroom & Dining Chairs",,,
Wayfair,Furniture > Bedroom Furniture > Nightstands,Furniture > Bedroom Furniture > Nightstands,True,gap-enriched sample,Furniture > Bookcases & Bookshelves || Furniture > Decor > Beds & Bedding > Headboards || Furniture > Desks || Furniture || Furniture > Storage Furniture || Furniture > Decor || Furniture > Chairs & Seating > Stools & Ottomans || Furniture > Desks > Desk Components & Hutches || Furniture > Decor > Beds & Bedding || Furniture > Storage Furniture > Shelving || Furniture > Carts & Stands > TV Stands || Furniture > Carts & Stands,,,
Wayfair,Outdoor > Umbrellas > Cantilever Umbrellas,Outdoor > Umbrellas > Cantilever Umbrellas,True,gap-enriched sample,"Furniture > Chairs & Seating > Sofas & Benches > Benches & Beam Seating || Furniture > Chairs & Seating > Stacking & Folding Chairs || Gift Shop > Professional Gifts > Compasses > Patio Furniture || Furniture > Chairs & Seating > Sofas & Benches || Healthcare Supplies > Durable Medical Equipment > Shower & Bath Aids > Shower Chairs / Benches || Gift Shop > Professional Gifts > Compasses > Outdoor Furniture Covers || Gift Shop > Professional Gifts > Compasses > Outdoor Heaters || Furniture > Chairs & Seating > Big and Tall Chairs || Furniture > Chairs & Seating || Furniture > Chairs & Seating > Stools & Ottomans || Healthcare Supplies > OTC Pharmaceuticals > Medicine & Vitamins > Pain Relievers || Facilities > Commercial Lighting, Ballasts & Bulbs > Ballasts",,,
Wayfair,Shop Contractor Spaces > Kitchen Renovation,Contractor Spaces > Kitchen Renovation,False,gap-enriched sample,Facilities > Plumbing > Bathroom Hardware || Facilities > Plumbing || Facilities > Bathroom Fixtures || Restaurant & Foodservice Supplies > Smallwares > Commercial Kitchen Tools || Restaurant & Foodservice Supplies > Commercial Restaurant Equipment > Kitchen Work & Prep Tables || Facilities > Plumbing > Bathroom Hardware > Bathroom Safety Hardware || Facilities > Plumbing > Sink Repair Parts || Appliances & Kitchenware > Kitchenware > Kitchen Accessories > Kitchen Storage & Organization || Facilities > Paint Supplies > Wood Care & Maintenance || Facilities > Plumbing > Drinking Fountain Repair & Accessories || Appliances & Kitchenware > Kitchenware > Kitchen Tools || Restaurant & Foodservice Supplies > Restaurant Storage & Transport > Kitchen Racks,,,
Wayfair,Holiday > Hanukkah > Hanukkah Menorahs,Holiday > Hanukkah > Hanukkah Menorahs,True,gap-enriched sample,"Furniture > Decor > Candles || Furniture > Decor > Seasonal Decor > Holiday Lighting || Gift Shop > Professional Gifts > Compasses || Gift Shop > Holiday Cards || Gift Shop > Professional Gifts > Compasses > Outdoor Decor || Furniture > Decor > Seasonal Decor > Ornaments & Tree Decor || Gift Shop > Professional Gifts > Paperweights || Gift Shop > Professional Gifts || Furniture > Decor > Seasonal Decor > Inflatables || Furniture > Decor > Seasonal Decor > Figurines & Tabletop Decor || Tools, Parts & Supplies > Hand Tools || Facilities > Hand & Power Tools > Hand Tools",,,
