competitor,comp_path,context_path,is_leaf,source,candidates,staples_carries,gold_staples_path,note
Walmart,Party & Occasions > Gender Reveal Party Supplies > Gender Reveal Tableware,Party & Occasions > Gender Reveal Party Supplies > Gender Reveal Tableware,True,stratified sample,"Party Supplies > Party Favors & Costumes || Retail Store Supplies > Store Fixtures & Retail Displays > Dress Forms || Party Supplies > Party Favors & Costumes > Party Favors || School Supplies > Preschool Supplies > Pretend Play & Dress Up || Party Supplies > Party Favors & Costumes > Favor Bags & Boxes || Party Supplies > Party Favors & Costumes > Costumes & Accessories || Office Supplies > Writing Supplies & Instruments > Correction & White Out || Furniture > Decor > Wall Art > People & Fashion Art || Gift Shop > Home, Personal & Travel > Jewelry Boxes & Cases || Gift Shop > Home, Personal & Travel > Unique Gifts || Appliances & Kitchenware > Kitchenware > Dining & Tableware > Tableware || Appliances & Kitchenware > Kitchenware > Dining & Tableware",,,
Walmart,Sports & Outdoors > Sports > Softball Gear & Equipment > Softball Bats,Sports & Outdoors > Sports > Softball Gear & Equipment > Softball Bats,True,stratified sample,School Supplies > Teacher Supplies > Physical Education & Recreation > Outdoor Games || Gift Shop > Game Room & Toys > Game Room > Sports Memorabilia & Collectibles || Gift Shop > Game Room & Toys > Game Room > Sports Displays & Collectibles || Gift Shop > Game Room & Toys > Game Room > Darts & Dart Boards || School Supplies > Teacher Supplies > Physical Education & Recreation > Playground Equipment || School Supplies > College Supplies > School Masks || Safety Supplies > Personal Protective Equipment (PPE) > Head & Face Protection > Hard Hats & Safety Helmets || School Supplies > Teacher Supplies > Physical Education & Recreation > Sporting Goods || Gift Shop > Game Room & Toys > Game Room > Tailgating Supplies || School Supplies > College Supplies || Retail Store Supplies > Point of Sale (POS) Equipment > POS Software || Computer Software > Tax Software,,,
Walmart,Health and Medicine > Vitamins and Supplements > Emergen C > Emergen C Energy Hydration,Health and Medicine > Vitamins and Supplements > Emergen C > Emergen C Energy Hydration,True,stratified sample,"Healthcare Supplies > OTC Pharmaceuticals > Medicine & Vitamins > Vitamins & Supplements || Healthcare Supplies > OTC Pharmaceuticals > Medicine & Vitamins > Anti-Nausea & Digestive Aids || Healthcare Supplies > Personal Care > Skin Care > Supplements || Healthcare Supplies > OTC Pharmaceuticals > Medicine & Vitamins > Probiotics || Healthcare Supplies > OTC Pharmaceuticals > Medicine & Vitamins || Healthcare Supplies > OTC Pharmaceuticals > Medicine & Vitamins > Clinical Nutrition || Healthcare Supplies > OTC Pharmaceuticals > Medicine & Vitamins > Sleep Aids || Healthcare Supplies > Patient Care > Feeding Tubes & Nutrients > Food & Beverage Thickeners || Coffee, Water & Snacks > Water & Beverages > Juice || Healthcare Supplies > Patient Care > Feeding Tubes & Nutrients || Coffee, Water & Snacks > Water & Beverages > Energy & Sports Drinks || Healthcare Supplies > First Aid > Emergency Preparedness",,,
Walmart,Health and Medicine > Ear Care > Earache,Health and Medicine > Ear Care > Earache,True,stratified sample,"Healthcare Supplies > OTC Pharmaceuticals > Medicine & Vitamins > Cough, Cold, Flu & Allergy || Healthcare Supplies > OTC Pharmaceuticals > Medicine & Vitamins > Ear Drops & Eye Drops || Healthcare Supplies > OTC Pharmaceuticals > Medicine & Vitamins > Topical Pain Relief || Healthcare Supplies > OTC Pharmaceuticals > Medicine & Vitamins > Anti-Nausea & Digestive Aids || Healthcare Supplies > Wound Care > Antiseptics & Antibiotics > Antibiotic Ointments || Healthcare Supplies > Wound Care > Antiseptics & Antibiotics || Healthcare Supplies > Wound Care > Antiseptics & Antibiotics > Anti-Itch || Healthcare Supplies > OTC Pharmaceuticals > Medicine & Vitamins > Pain Relievers || Healthcare Supplies > Patient Care > Respiratory Therapy || Healthcare Supplies > OTC Pharmaceuticals > Medicine & Vitamins > Sleep Aids || Healthcare Supplies > Patient Care > Respiratory Therapy > Tracheostomy Care || Safety Supplies > Personal Protective Equipment (PPE) > Ear Protection",,,
Walmart,Arts Crafts & Sewing > Elmer's > Elmer's Slime Kits,Arts Crafts & Sewing > Elmer's > Elmer's Slime Kits,True,stratified sample,"Office Supplies > Tape, Fasteners & Adhesives > Glue & Glue Sticks || Arts & Crafts > Crafting > Craft Kits || Office Supplies > Tape, Fasteners & Adhesives > Hot Glue Sticks & Guns || Arts & Crafts > Crayons || Tools, Parts & Supplies > Chemicals, Lubricants & Paints > Oilers & Sprayers || Arts & Crafts > Paint || Arts & Crafts > Chalk || Facilities > Paint Supplies > Paint Accessories > Paint Buckets || Facilities > Paint Supplies > Paint Accessories > Paint Sprayers || Facilities > Adhesives, Sealants and Patching > Adhesives > Sealants & Caulking || Healthcare Supplies > Personal Care > Baby Care > Baby Kits || Retail Store Supplies > Spa & Salon > Nails > Nail Kits",,,
Walmart,Health and Medicine > Weight Loss > Raspberry Ketones,Health and Medicine > Weight Loss > Raspberry Ketones,True,stratified sample,"Healthcare Supplies > OTC Pharmaceuticals > Medicine & Vitamins > Anti-Nausea & Digestive Aids || Healthcare Supplies > OTC Pharmaceuticals > Medicine & Vitamins > Vitamins & Supplements || Coffee, Water & Snacks > Snacks & Food > Fresh, Frozen & Dry Groceries > Sugar & Sweeteners || Healthcare Supplies > Personal Care > Skin Care > Supplements || Healthcare Supplies > OTC Pharmaceuticals > Medicine & Vitamins > Clinical Nutrition || Coffee, Water & Snacks > Water & Beverages > Juice || Healthcare Supplies > OTC Pharmaceuticals > Medicine & Vitamins || Healthcare Supplies > Personal Care > Skin Care > Body Powder || Healthcare Supplies > Patient Care > Diagnostic & Exam Instruments > Health & Body Weight Scales || Healthcare Supplies > Patient Care > Feeding Tubes & Nutrients > Eating & Drinking Aids || Tools, Parts & Supplies > Chalk Reels & Marking Tools > Soapstones & Holders || Phones, Cameras & Electronics > Cell Phones",,,
Walmart,Sports & Outdoors > Recreation > Trampolines > Round Trampolines,Sports & Outdoors > Recreation > Trampolines > Round Trampolines,True,stratified sample,"Gift Shop > Game Room & Toys > Game Room > Pool Tables & Accessories || School Supplies > Teacher Supplies > Physical Education & Recreation > Outdoor Games || Gift Shop > Professional Gifts > Compasses > Outdoor Heaters || School Supplies > Teacher Supplies > Physical Education & Recreation > Riding Toys & Wagons || Furniture > Decor > Seasonal Decor > Inflatables || Gift Shop > Game Room & Toys > Game Room > Darts & Dart Boards || School Supplies > Teacher Supplies > Physical Education & Recreation > Playground Equipment || School Supplies > Teacher Supplies > Physical Education & Recreation > Bicycles, Tricycles & Accessories || Expanded Assortment > Outdoors & Recreation || Furniture > Daycare & Nursery > Play & Rest Mats || Healthcare Supplies > Wound Care || Facilities > Grounds Maintenance",,,
Walmart,Arts Crafts & Sewing > Crafting > Printmaking > Etching Intaglio,Arts Crafts & Sewing > Crafting > Printmaking > Etching Intaglio,True,stratified sample,"Arts & Crafts > Pastels || Arts & Crafts > Art & Drawing Pens || Arts & Crafts > Canvas & Art Boards || Arts & Crafts > Drawing & Colored Pencils || Arts & Crafts > Art Brushes || Tools, Parts & Supplies > Chalk Reels & Marking Tools > Stencil Sets || Arts & Crafts > Painting Accessories || Arts & Crafts > Art Paper & Rolls || Arts & Crafts > Scrapbooking > Stamps & Stencils || Arts & Crafts > Chalk || Furniture > Decor > Wall Art > Vintage Art || Facilities > Adhesives, Sealants and Patching",,,
Walmart,Party & Occasions > Premium Party Shop > Premium Party Supplies By Brand > Ginger Ray,Party & Occasions > Premium Party > Premium Party Supplies By Brand > Ginger Ray,True,stratified sample,"Coffee, Water & Snacks > Single Serve Coffee, Tea & Cocoa || Coffee, Water & Snacks > Water & Beverages > Juice || Appliances & Kitchenware > Small Appliances > Ice Cream & Yogurt Makers || Healthcare Supplies > Personal Care > Skin Care > Eye Cream || Coffee, Water & Snacks > Coffee, Coffee Makers & Supplies > Tea || Retail Store Supplies > Backroom Retail Supplies > Dressing Room Supplies & Try-On Accessories || Coffee, Water & Snacks > Water & Beverages > Liquid & Powdered Drink Mixes || Coffee, Water & Snacks > Candy, Gum & Mints > Chocolate || Coffee, Water & Snacks > Paper Products || Coffee, Water & Snacks > Snacks & Food > Fresh, Frozen & Dry Groceries || TV & Streaming Media > TV & Video > DVD & Blu-Ray Players || Paper > Envelopes > Finger Pads & Moisteners",,,
Walmart,Industrial & Scientific > Professional Safety Shop > Featured Brands > 3M,Industrial & Scientific > Safety > Featured Brands > 3M,True,stratified sample,"Safety Supplies > Fall Protection Kits, Parts & Accessories || Safety Supplies > Safety Vests & High Visibility Clothing || Tools, Parts & Supplies > Automotive > Jack & Jack Stands || Safety Supplies > Test Instruments, Meters & Precision Tools || Safety Supplies > Personal Protective Equipment (PPE) > Eye Protection > Safety Glasses, Goggles & Accessories || Safety Supplies > Crowd Control Accessories || Safety Supplies || Safety Supplies > Fire Protection || Safety Supplies > Safety Storage || Safety Supplies > Personal Protective Equipment (PPE) > Head & Face Protection > Hard Hat & Safety Helmet Accessories || Appliances & Kitchenware || Appliances & Kitchenware > Kitchenware",,,
Walmart,Personal Care > Bath & Body > Dove x Crumbl,Personal Care > Bath & Body > Dove x Crumbl,True,stratified sample,"Retail Store Supplies > Spa & Salon > Bath & Body || Healthcare Supplies > Personal Care > Skin Care > Bath Soap & Body Wash || Retail Store Supplies > Spa & Salon > Bath & Body > Shower Caps || Retail Store Supplies > Spa & Salon > Bath & Body > Body Treatments || Healthcare Supplies > Personal Care > Skin Care > Body Powder || Coffee, Water & Snacks > Paper Products > Toilet Paper & Bath Tissue || Healthcare Supplies > Durable Medical Equipment > Shower & Bath Aids || Healthcare Supplies > Personal Care > Baby Care > Baby Skin Care || Furniture > Decor > Bath & Shower Accessories || Healthcare Supplies > Personal Care > Baby Care > Baby Wipes || Healthcare Supplies > Durable Medical Equipment > Mobility Aids > Crutches || Appliances & Kitchenware > Kitchenware > Dining & Tableware > Carafes, Pitchers & Tumblers",,,
Walmart,Health and Medicine > Vision Centers > Reading Glasses > Reading Sunglasses,Health and Medicine > Vision Centers > Reading Glasses > Reading Sunglasses,True,stratified sample,"Safety Supplies > Personal Protective Equipment (PPE) > Eye Protection > Safety Glasses, Goggles & Accessories || Wearable Technology > Camera Glasses || Expanded Assortment > Personal Care & Eyewear || Expanded Assortment > Personal Care & Eyewear > Hair Styling Products || Office Supplies > Writing Supplies & Instruments > Correction & White Out || Safety Supplies > Personal Protective Equipment (PPE) > Head & Face Protection > Hard Hats & Safety Helmets || Safety Supplies > Personal Protective Equipment (PPE) > Head & Face Protection > Hard Hat & Safety Helmet Accessories || Gift Shop > Home, Personal & Travel > Binoculars, Cameras & Telescopes || Wearable Technology > Smart Watches || Healthcare Supplies > Patient Care > Practice Front Desk Supplies > Medical Take Home Bags || Gift Shop > Professional Gifts > Compasses || Party Supplies > Wedding Supplies > Wedding Glassware",,,
Walmart,Cell Phones > Phone & Data Plans > Straight Talk Prepaid Plans,Cell Phones > Phone & Data Plans > Straight Talk Prepaid Plans,True,stratified sample,"Phones, Cameras & Electronics > Cell Phone Cases || Phones, Cameras & Electronics > Cell Phone Accessories || Phones, Cameras & Electronics > Phones & Accessories > Office Phones || Phones, Cameras & Electronics > Cell Phone Mounts & Holders || Phones, Cameras & Electronics > Cell Phones || Phones, Cameras & Electronics > Cell Phone Screen Protectors || Phones, Cameras & Electronics > Phones & Accessories > Phone Accessories || Phones, Cameras & Electronics > Phones & Accessories > Landline Phones || Retail Store Supplies > Point of Sale (POS) Equipment > Credit Card Readers || Healthcare Supplies > Patient Care > Practice Front Desk Supplies > Medical Take Home Bags || School Supplies > Teacher Supplies > Teacher Resources > Lesson Plans & Grade Books || Cleaning Supplies > Sink Strainers",,,
Walmart,Sports & Outdoors > Sports > Basketball > Basketball Training,Sports & Outdoors > Sports > Basketball > Basketball Training,True,stratified sample,"School Supplies > Teacher Supplies > Physical Education & Recreation > Outdoor Games || School Supplies > Learning at Home > Learning Games || School Supplies > College Supplies || School Supplies > Teacher Supplies > Physical Education & Recreation > Playground Equipment || School Supplies > Teacher Supplies > Physical Education & Recreation || School Supplies > School Tech || School Supplies > Learning at Home || School Supplies > Teacher Supplies > Physical Education & Recreation > Physical Education Equipment || School Supplies > Learning at Home > Home School Supplies || Gift Shop > Game Room & Toys > Game Room > Sports Displays & Collectibles || Furniture > Home & Office Tables > Training Room Tables || Healthcare Supplies > First Aid > First Aid, AED & CPR Training & Program Management",,,
Walmart,Arts Crafts & Sewing > Crafting > Speciality Crafts & Hobbies > Glass Mosaics,Arts Crafts & Sewing > Crafting > Speciality Crafts & Hobbies > Glass Mosaics,True,stratified sample,"Arts & Crafts > Painting Accessories || Arts & Crafts > Crafting || Arts & Crafts > Crafting > Art Portfolios & Craft Storage || Arts & Crafts > Crafting > Craft Supplies || Arts & Crafts > Crafting > Craft Kits || Arts & Crafts > Paint || Furniture > Decor > Wall Art > Kids & Whimsical Art || Furniture > Decor > Wall Art > Floral Art || Furniture > Decor > Wall Art || Furniture > Decor > Wall Art > Wall Art/Decor || Wearable Technology > Camera Glasses || Safety Supplies > Personal Protective Equipment (PPE) > Eye Protection > Safety Glasses, Goggles & Accessories",,,
Walmart,Health and Medicine > Pain management > (unnamed ID 9185253) > Motrin,Health and Medicine > Pain management > Motrin,True,stratified sample,"Healthcare Supplies > OTC Pharmaceuticals > Medicine & Vitamins > Pain Relievers || Healthcare Supplies > OTC Pharmaceuticals > Medicine & Vitamins > Topical Pain Relief || Healthcare Supplies > OTC Pharmaceuticals > Medicine & Vitamins > Cough, Cold, Flu & Allergy || Healthcare Supplies > OTC Pharmaceuticals > Medicine & Vitamins > Anti-Nausea & Digestive Aids || Healthcare Supplies > OTC Pharmaceuticals > Medicine & Vitamins || Healthcare Supplies > OTC Pharmaceuticals > Medicine & Vitamins > Sleep Aids || Healthcare Supplies > OTC Pharmaceuticals > Medicine & Vitamins > Pill Organizers & Storage || Healthcare Supplies > OTC Pharmaceuticals > Hot & Cold Therapy || Healthcare Supplies > OTC Pharmaceuticals > Medicine & Vitamins > Clinical Nutrition || Healthcare Supplies > OTC Pharmaceuticals || Retail Store Supplies > Store Security & Operations > Motion Detectors || Computers & Accessories > Computer Parts & Components > Motherboards",,,
Walmart,Arts Crafts & Sewing > Sewing > Sewing Machine Parts > Presser Feet,Arts Crafts & Sewing > Sewing > Sewing Machine Parts > Presser Feet,True,stratified sample,"Retail Store Supplies > Sewing & Tailoring > Sewing Machines || Retail Store Supplies > Sewing & Tailoring > Sewing Tools || Retail Store Supplies > Sewing & Tailoring > Needles & Pins || Cleaning Supplies > Floor & Carpet Cleaning Equipment > Floor Machines & Burnishers || Retail Store Supplies > Sewing & Tailoring > Patterns & Sewing Books || Tools, Parts & Supplies > Hand Tools > Electrical Tools, Meters & Fish Tape || Office Supplies > Scissors, Hole Punches & Paper Cutters || Office Supplies > Clips, Fasteners & Rubber Bands > Thumb Tacks & Push Pins || Retail Store Supplies > Sewing & Tailoring > Sewing Rulers || Cleaning Supplies > Floor & Carpet Cleaning Equipment > Floor Pads || Facilities > Grounds Maintenance > Outdoor Tools > Pressure Washers & Accessories || Healthcare Supplies > Patient Care > Diagnostic & Exam Instruments > Blood Pressure Monitors",,,
Walmart,Health and Medicine > Vitamins and Supplements > One a Day > One a Day 50 Adults,Health and Medicine > Vitamins and Supplements > One a Day > One a Day 50 Adults,True,stratified sample,Healthcare Supplies > Patient Care > Practice Front Desk Supplies > Medical Take Home Bags || Healthcare Supplies > Personal Care > Baby Care > Youth Feeding Supplies || Gift Shop > As Seen on TV || Healthcare Supplies > Personal Care > Period Care || Furniture > Decor > Wall Art > Still Life || Healthcare Supplies > Patient Care > Practice Front Desk Supplies > Personal Care Kits || School Supplies > Preschool Supplies > Pretend Play & Dress Up || Healthcare Supplies > Patient Care > Feeding Tubes & Nutrients > Eating & Drinking Aids || Healthcare Supplies > Personal Care > Baby Care || Healthcare Supplies > Patient Care > Practice Front Desk Supplies || Healthcare Supplies > Personal Care > Incontinence > Adult Briefs || Healthcare Supplies > Personal Care > Maternity > Maternity Belts,,,
Walmart,Party & Occasions > Lumberjack Party Supplies > Lumberjack Decorative Baking,Party & Occasions > Lumberjack Party Supplies > Lumberjack Decorative Baking,True,stratified sample,"Appliances & Kitchenware > Kitchenware > Kitchen Tools > Cake, Cookie & Pastry Decorations || Party Supplies > Party Favors & Costumes > Party Hats || Furniture > Decor > Seasonal Decor > Ornaments & Tree Decor || Restaurant & Foodservice Supplies > Restaurant Apparel > Restaurant Apparel > Aprons & Gloves || Furniture > Decor > Seasonal Decor > Standing Decor || Party Supplies > Wrapping Supplies || Party Supplies > Ribbon, Bows & Wrapping Supplies || School Supplies > Teacher Supplies > Classroom Decorations > Decorative Accents & Board Sets || Party Supplies > Napkins || Furniture > Decor > Home & Office Decor > Decorative Baskets, Bowls and Boxes || Furniture > Decor > Home & Office Decor > Decorative Plates || Furniture > Decor > Decorative Accents",,,
Walmart,Health and Medicine > Smoking Cessation > Cope With Withdrawal > Stay Hydrated,Health and Medicine > Smoking Cessation > Cope With Withdrawal > Stay Hydrated,True,stratified sample,"Healthcare Supplies > Patient Care > Feeding Tubes & Nutrients > Eating & Drinking Aids || Healthcare Supplies > OTC Pharmaceuticals > Medicine & Vitamins > Stop Smoking Aids || Healthcare Supplies > OTC Pharmaceuticals > Medicine & Vitamins > Sleep Aids || Healthcare Supplies > Patient Care > Feeding Tubes & Nutrients || Healthcare Supplies > Personal Care > Skin Care > Skin Care Treatment || Healthcare Supplies > Wound Care > Antiseptics & Antibiotics > Alcohol Pads || Healthcare Supplies > OTC Pharmaceuticals > Hot & Cold Therapy || Healthcare Supplies > Personal Care > Skin Care > Body Powder || Healthcare Supplies > OTC Pharmaceuticals > Medicine & Vitamins > Anti-Nausea & Digestive Aids || Healthcare Supplies > OTC Pharmaceuticals > Medicine & Vitamins > Cough, Cold, Flu & Allergy || Appliances & Kitchenware > Small Appliances > Food Dehydrators || Tools, Parts & Supplies > Power Tools > Hydraulic Drivers & Punch Kits",,,
Walmart,Sports & Outdoors > Bikes > Bike Accessories > Bike Locks,Sports & Outdoors > Bikes > Bike Accessories > Bike Locks,True,stratified sample,"Bags, Backpacks & Luggage > Luggage & Travel Accessories > Travel Accessories > Luggage Tags, Locks & Covers || Tools, Parts & Supplies > Automotive > Tires & Wheels || School Supplies > Teacher Supplies > Physical Education & Recreation > Bicycles, Tricycles & Accessories || Facilities > Paint Supplies > Paint Accessories > Roller Frames || Safety Supplies > Personal Protective Equipment (PPE) > Head & Face Protection > Hard Hat & Safety Helmet Accessories || Facilities > Paint Supplies > Paint Accessories > Roller Covers || Furniture > Storage Furniture > Clothing Racks & Closet Organization > Shoe Racks || Healthcare Supplies > Durable Medical Equipment > Mobility Aids > Motorized Scooters || Safety Supplies > Personal Protective Equipment (PPE) > Head & Face Protection > Hard Hats & Safety Helmets || Facilities > Hardware > Door Hardware > Door Stops & Bumpers || Smart Home & Security > Smart Locks || Computers & Accessories > Computer Accessories & Peripherals > Laptop Accessories > Laptop Locks",,,
Walmart,Sports & Outdoors > Sports > Soccer Gear and Equipment > Soccer Balls,Sports & Outdoors > Sports > Soccer Gear and Equipment > Soccer Balls,True,stratified sample,School Supplies > Teacher Supplies > Physical Education & Recreation > Outdoor Games || Gift Shop > Game Room & Toys > Game Room > Sports Displays & Collectibles || Gift Shop > Game Room & Toys > Game Room > Sports Memorabilia & Collectibles || School Supplies > Teacher Supplies > Physical Education & Recreation > Sporting Goods || Healthcare Supplies > Patient Care > Exam Room Supplies & Equipment > Cotton Balls || Gift Shop > Game Room & Toys > Game Room > Darts & Dart Boards || School Supplies > Teacher Supplies > Physical Education & Recreation > Playground Equipment || Furniture > Decor > Wall Art > Sports Art || Gift Shop > Game Room & Toys > Game Room > Pool Tables & Accessories || School Supplies > Teacher Supplies > Physical Education & Recreation > Riding Toys & Wagons || Safety Supplies > Personal Protective Equipment (PPE) > Workwear & Rainwear > Coveralls & Overalls || Party Supplies > Balloons & Accessories > Balloons,,,
Walmart,Health and Medicine > Foot Care > Natureplex,Health and Medicine > Foot Care > Natureplex,True,stratified sample,Healthcare Supplies > Personal Care > Skin Care || Healthcare Supplies > Wound Care || Healthcare Supplies > Patient Care > Medical Practice Furniture || Healthcare Supplies > Personal Care > Baby Care || Healthcare Supplies > Patient Care > Practice Front Desk Supplies > Medical Take Home Bags || Healthcare Supplies > Patient Care || Healthcare Supplies > Personal Care > Skin Care > Skin Care Treatment || Healthcare Supplies > Patient Care > Practice Front Desk Supplies || Healthcare Supplies > Personal Care > Baby Care > Baby Skin Care || Healthcare Supplies > Patient Care > Practice Front Desk Supplies > Personal Care Kits || Furniture > Decor > Wall Art > Nature Landscape Art || Cleaning Supplies > Natural Cleaning Supplies > Natural Cleaning Supplies,,,
Walmart,Health and Medicine > Vision Centers > Reading Glasses > 2 75 Reading Glasses,Health and Medicine > Vision Centers > Reading Glasses > 2 75 Reading Glasses,True,stratified sample,"Office Supplies > Writing Supplies & Instruments > Correction & White Out || Healthcare Supplies > Patient Care > Practice Front Desk Supplies > Medical Take Home Bags || Safety Supplies > Personal Protective Equipment (PPE) > Eye Protection > Safety Glasses, Goggles & Accessories || Wearable Technology > Camera Glasses || Gift Shop > As Seen on TV || School Supplies > Learning at Home > Board & Card Games || School Supplies > Teacher Supplies > Classroom Books & Digital Media > Classroom Books || Healthcare Supplies > Patient Care > Practice Front Desk Supplies || School Supplies > Learning at Home || School Supplies > Teacher Supplies > Classroom Books & Digital Media || Party Supplies > Wedding Supplies > Wedding Glassware || Restaurant & Foodservice Supplies > Tabletop > Glassware",,,
Walmart,Party & Occasions > Halloween Costumes > Kpop Popstar Costumes,Party & Occasions > Halloween Costumes > Kpop Popstar Costumes,True,stratified sample,"Party Supplies > Party Favors & Costumes > Costumes & Accessories || Party Supplies > Party Favors & Costumes > Party Hats || Party Supplies > Party Favors & Costumes || Party Supplies > Party Favors & Costumes > Party Favors || Party Supplies > Wedding Supplies > Wedding Decorations & Supplies || School Supplies > Learning at Home > Pretend Play > Dolls & Dollhouses || School Supplies > Preschool Supplies > Pretend Play & Dress Up || Party Supplies > Wedding Supplies > Wedding Favors || Party Supplies > Party Favors & Costumes > Favor Bags & Boxes || Gift Shop > Wedding Invitations & Kits || Retail Store Supplies > Store Fixtures & Retail Displays > Costumers || Coffee, Water & Snacks > Snacks & Food > Popcorn",,,
Walmart,Party & Occasions > Hello Kitty Party Supplies > Hello Kitty Party Decorations,Party & Occasions > Hello Kitty Party Supplies > Hello Kitty Party Decorations,True,stratified sample,"Party Supplies > Party Favors & Costumes || Party Supplies > Party Favors & Costumes > Party Hats || Party Supplies > Party Favors & Costumes > Favor Bags & Boxes || Party Supplies > Party Favors & Costumes > Party Favors || Party Supplies > Balloons & Accessories || Expanded Assortment > Pet Supplies & Accessories > Dog & Cat Supplies > Cat Treats || Party Supplies > Party Favors & Costumes > Costumes & Accessories || Party Supplies > Wedding Supplies > Wedding Decorations & Supplies || Party Supplies > Wedding Supplies || Party Supplies > Ribbon, Bows & Wrapping Supplies || School Supplies > Teacher Supplies > Classroom Decorations || Appliances & Kitchenware > Kitchenware > Kitchen Tools > Cake, Cookie & Pastry Decorations",,,
Walmart,Industrial & Scientific > Medical & Dental > CPAP Products > Cpap Tubing,Industrial & Scientific > Medical & Dental > CPAP Products > Cpap Tubing,True,stratified sample,"Laboratory & Scientific Supplies > Lab Instruments & Equipment > Tubing, Hose & Fittings || Healthcare Supplies > Professional Dental Supplies > Dental Instruments > Ultrasonic Scaler Tips & Inserts || Healthcare Supplies > Patient Care > Urology & Ostomy > Catheters & Catheter Trays || Healthcare Supplies > Professional Dental Supplies > Orthodontic || Shipping, Packing & Mailing Supplies > Shipping Supplies > Poly Bags & Tubing > Poly Tubing || Healthcare Supplies > Patient Care > Urology & Ostomy > Catheter Securement Devices || Laboratory & Scientific Supplies > Lab Instruments & Equipment > Sterilizers, Autoclaves & Accessories || Safety Supplies > Personal Protective Equipment (PPE) > Face Masks & Respirators || Healthcare Supplies > Professional Dental Supplies > Dental Instruments || Healthcare Supplies > Durable Medical Equipment > Orthopedics > Compression Socks & Hosiery || Shipping, Packing & Mailing Supplies > Shipping Supplies > Poly Bags & Tubing || Facilities > Plumbing",,,
Walmart,Health and Medicine > Pain management > Tylenol,Health and Medicine > Pain management > Tylenol,False,stratified sample,"Healthcare Supplies > OTC Pharmaceuticals > Medicine & Vitamins > Pain Relievers || Healthcare Supplies > OTC Pharmaceuticals > Medicine & Vitamins > Topical Pain Relief || Healthcare Supplies > OTC Pharmaceuticals > Medicine & Vitamins > Cough, Cold, Flu & Allergy || Healthcare Supplies > OTC Pharmaceuticals > Medicine & Vitamins > Anti-Nausea & Digestive Aids || Healthcare Supplies > OTC Pharmaceuticals > Medicine & Vitamins || Healthcare Supplies > OTC Pharmaceuticals > Medicine & Vitamins > Sleep Aids || Healthcare Supplies > OTC Pharmaceuticals > Hot & Cold Therapy || Healthcare Supplies > OTC Pharmaceuticals > Medicine & Vitamins > Pill Organizers & Storage || Healthcare Supplies > OTC Pharmaceuticals > Medicine & Vitamins > Stop Smoking Aids || Healthcare Supplies > OTC Pharmaceuticals > Medicine & Vitamins > Clinical Nutrition || Retail Store Supplies > Spa & Salon > Hair > Hair Styling Tools || Phones, Cameras & Electronics > Stylus & Smart Pens",,,
Walmart,Party & Occasions > Thanksgiving Party Supplies > Thanksgiving Centerpieces,Party & Occasions > Thanksgiving Party Supplies > Thanksgiving Centerpieces,True,stratified sample,Party Supplies > Wedding Supplies > Wedding Decorations & Supplies || Party Supplies > Wedding Supplies > Wedding Favors || Gift Shop > Wedding Invitations & Kits || Party Supplies > Party Favors & Costumes > Party Favors || Gift Shop > Invitations || Party Supplies > Party Favors & Costumes || Party Supplies > Wedding Supplies || Party Supplies > Wedding Supplies > Wedding Glassware || Party Supplies > Napkins || Party Supplies > Balloons & Accessories || Audio > Portable Audio > Listening Centers || Furniture > Decor > Home & Office Decor > Living Room Accents,,,
Walmart,Walmart for Business > Medical & Dental > Patient Care > Reflex Hammers,Walmart for Business > Medical & Dental > Patient Care > Reflex Hammers,True,stratified sample,"Healthcare Supplies > Patient Care > Diagnostic & Exam Instruments > Neurological & Sensory Instruments || Healthcare Supplies > Durable Medical Equipment > Positioning Aids & Pressure Relief || Healthcare Supplies > Patient Care > Diagnostic & Exam Instruments > Medical Scissors & Shears || Healthcare Supplies > Patient Care > Diagnostic & Exam Instruments > Blood Pressure Monitors || Healthcare Supplies > Professional Dental Supplies > Dental Instruments > Mouth Props, Cheek Retractors & Gags || Healthcare Supplies > Patient Care > Respiratory Therapy || Healthcare Supplies > Patient Care > Medical Practice Furniture > Medical Instrument Stands & Trays || Healthcare Supplies > Patient Care > Diagnostic & Exam Instruments > Health & Body Weight Scales || Healthcare Supplies > Durable Medical Equipment > Hearing Aids || Healthcare Supplies > Patient Care > Exam Room Supplies & Equipment > Patient Alarms || Facilities > Hand & Power Tools > Hand Tools > Hammers & Striking Tools || Safety Supplies > Personal Protective Equipment (PPE) > Workwear & Rainwear > Reflective Shirts",,,
Walmart,Health and Medicine > Allergy Medicine > Nasalcrom,Health and Medicine > Allergy Medicine > Nasalcrom,True,stratified sample,"Healthcare Supplies > OTC Pharmaceuticals > Medicine & Vitamins > Cough, Cold, Flu & Allergy || Healthcare Supplies > OTC Pharmaceuticals > Medicine & Vitamins > Clinical Nutrition || Healthcare Supplies > OTC Pharmaceuticals > Medicine & Vitamins || Healthcare Supplies > OTC Pharmaceuticals > Medicine & Vitamins > Topical Pain Relief || Healthcare Supplies > OTC Pharmaceuticals > Medicine & Vitamins > Anti-Nausea & Digestive Aids || Healthcare Supplies > Patient Care > Respiratory Therapy || Healthcare Supplies > OTC Pharmaceuticals > Medicine & Vitamins > Sleep Aids || Healthcare Supplies > OTC Pharmaceuticals > Medicine & Vitamins > Pain Relievers || Healthcare Supplies > OTC Pharmaceuticals > Hot & Cold Therapy || Healthcare Supplies > OTC Pharmaceuticals > Medicine & Vitamins > Stop Smoking Aids || Healthcare Supplies > Personal Care > Skin Care > Epsom Salt || School Supplies > Teacher Supplies > Classroom Decorations > Classroom Name Plates & Name Tags",,,
Walmart,Arts Crafts & Sewing > Crafting > Printmaking > Printing Presses Accessories,Arts Crafts & Sewing > Crafting > Printmaking > Printing Presses Accessories,True,stratified sample,"Arts & Crafts > Art Paper & Rolls || Arts & Crafts > Drawing Tools & Supplies || Arts & Crafts > Art & Drawing Pens || Arts & Crafts > Crafting > Art Portfolios & Craft Storage || Retail Store Supplies > Sewing & Tailoring > Sewing Machines || Arts & Crafts > Painting Accessories || Retail Store Supplies > Sewing & Tailoring > Sewing Tools || Tools, Parts & Supplies > Chalk Reels & Marking Tools > Stencil Sets || Arts & Crafts > Canvas & Art Boards || Arts & Crafts > Crafting > Craft Supplies || Shredders, Projectors & Office Machines > Calculators > Printing Calculators || TV & Streaming Media > TV & Video > TV Accessories",,,
Walmart,Home > Personalized Gifts > Personalized Pet Gifts > Personalized Pet Memorials,Home > Personalized Gifts > Personalized Pet Gifts > Personalized Pet Memorials,True,stratified sample,"Gift Shop > Home, Personal & Travel > Unique Gifts || Expanded Assortment > Pet Supplies & Accessories > Specialty Pet Supplies || Gift Shop > Gift Sets, Photo & Custom Gifts || Gift Shop > Home, Personal & Travel || Gift Shop > Professional Gifts || Gift Shop > Gift Sets, Photo & Custom Gifts > Photo Gifts || Expanded Assortment > Pet Supplies & Accessories > Dog & Cat Supplies || Gift Shop > Home, Personal & Travel > Sculptures & Figurines || Gift Shop > Wedding Invitations & Kits || Gift Shop > Gourmet Gifts || Healthcare Supplies > Personal Care || Expanded Assortment > Pet Supplies & Accessories",,,
Walmart,Party & Occasions > Party Supplies > (unnamed ID 6339104) > Halloween Candy Buffet Treat Decorating,Party & Occasions > Party Supplies > Halloween Candy Buffet Treat Decorating,True,stratified sample,"Party Supplies > Party Favors & Costumes || Party Supplies > Wedding Supplies || Party Supplies > Wedding Supplies > Wedding Decorations & Supplies || Party Supplies || Party Supplies > Party Favors & Costumes > Party Favors || Party Supplies > Balloons & Accessories || Party Supplies > Party Favors & Costumes > Party Hats || Party Supplies > Party Favors & Costumes > Favor Bags & Boxes || Party Supplies > Wrapping Supplies || Party Supplies > Ribbon, Bows & Wrapping Supplies || Restaurant & Foodservice Supplies > Restaurant Storage & Transport > Catering & Buffet Supplies || Restaurant & Foodservice Supplies > Restaurant Storage & Transport > Chafing Dishes & Buffet Accessories",,,
Walmart,Party & Occasions > Spirit Riding Free Party Supplies > Spirit Riding Free Cards,Party & Occasions > Spirit Riding Free Party Supplies > Spirit Riding Free Cards,True,stratified sample,"Gift Shop > As Seen on TV || Gift Shop > Home, Personal & Travel || School Supplies > Teacher Supplies > Physical Education & Recreation > Riding Toys & Wagons || Gift Shop > Game Room & Toys || School Supplies > Learning at Home > Board & Card Games || Gift Shop > Professional Gifts > Money Clips || Gift Shop > Home, Personal & Travel > Unique Gifts || Gift Shop > Home, Personal & Travel > Key Chains & Rings || School Supplies > Preschool Supplies > Pretend Play & Dress Up || School Supplies > Teacher Supplies > Physical Education & Recreation > Outdoor Games || Gift Shop > Greeting Cards || School Supplies > Teacher Supplies > Teacher Resources > Flash Cards",,,
Walmart,Patio & Garden > Garden Center > Garden Tools > Hand Cultivators,Patio & Garden > Garden Center > Garden Tools > Hand Cultivators,True,stratified sample,"Facilities > Grounds Maintenance > Outdoor Tools > Rakes & Leaf Blowers || Facilities > Grounds Maintenance > Outdoor Tools > Lawn & Garden Tools || Facilities > Hand & Power Tools > Hand Tools > Hand Saws || Facilities > Hand & Power Tools > Hand Tools || Tools, Parts & Supplies > Hand Tools > Cutters & Cutter Wheels || Tools, Parts & Supplies > Hand Tools || Facilities > Hand & Power Tools > Hand Tools > Box Cutters & Utility Knives || Tools, Parts & Supplies > Hand Tools > Pullers & Accessories || Facilities > Hand & Power Tools > Hand Tools > Hand Tool Sets || Tools, Parts & Supplies > Hand Tools > Hand Pumps || Cleaning Supplies > Hand Soaps & Sanitizers > Hand Soap || Facilities > Bathroom Fixtures > Hand Dryers",,,
Walmart,Household Essentials,Household Essentials,False,stratified sample,"Cleaning Supplies > Laundry Care || Appliances & Kitchenware > Kitchenware > Kitchen Tools > Kitchen Tools & Gadgets || Cleaning Supplies > Laundry Care > Laundry Room Organization > Laundry Accessories || Appliances & Kitchenware > Kitchenware > Kitchen Accessories > Kitchen Storage & Organization || Appliances & Kitchenware > Kitchenware > Kitchen Tools > Cooking Utensils || School Supplies > Classroom Essentials || Gift Shop > Home, Personal & Travel > Grooming Sets || Appliances & Kitchenware > Kitchenware > Kitchen Tools || Appliances & Kitchenware > Kitchenware > Kitchen Accessories || Restaurant & Foodservice Supplies > Disposable Food Packaging > Disposable Bags > Food Storage Bags || Furniture > Decor > Essential Oils & Diffusers || Bags, Backpacks & Luggage > Backpacks & Laptop Bags > Messenger Bags",,,
Walmart,Party & Occasions > Halloween Costumes > Angry Birds Costumes,Party & Occasions > Halloween Costumes > Angry Birds Costumes,True,stratified sample,"Party Supplies > Party Favors & Costumes > Costumes & Accessories || School Supplies > Learning at Home > Pretend Play > Stuffed Animals & Puppets || Party Supplies > Party Favors & Costumes > Party Hats || Party Supplies > Party Favors & Costumes || School Supplies > Preschool Supplies > Pretend Play & Dress Up || Expanded Assortment > Pet Supplies & Accessories > Bird Supplies || Expanded Assortment > Pet Supplies & Accessories > Bird Supplies > Bird Food, Treats and Healthcare || Party Supplies > Party Favors & Costumes > Favor Bags & Boxes || Furniture > Decor > Wall Art > Kids & Whimsical Art || Party Supplies > Party Favors & Costumes > Party Favors || Retail Store Supplies > Store Fixtures & Retail Displays > Costumers",,,
Walmart,Party & Occasions > Baby Shark Party Supplies > Baby Shark Party Decorations,Party & Occasions > Baby Shark Party Supplies > Baby Shark Party Decorations,True,stratified sample,Party Supplies > Party Favors & Costumes || Party Supplies > Wedding Supplies || Party Supplies > Party Favors & Costumes > Party Hats || Party Supplies > Wedding Supplies > Wedding Decorations & Supplies || Party Supplies > Balloons & Accessories || Party Supplies > Party Favors & Costumes > Party Favors || Party Supplies || Party Supplies > Wedding Supplies > Wedding Favors || Healthcare Supplies > Personal Care > Baby Care > Baby Kits || Party Supplies > Party Favors & Costumes > Costumes & Accessories || Healthcare Supplies > Personal Care > Baby Care || School Supplies > Teacher Supplies > Classroom Decorations,,,
Walmart,Arts Crafts & Sewing > Art Supplies > Ceramic & Pottery Supplies,Arts Crafts & Sewing > Art Supplies > Ceramic & Pottery Supplies,False,stratified sample,Arts & Crafts > Painting Accessories || Arts & Crafts > Art Brushes || Arts & Crafts > Drawing Tools & Supplies || Furniture > Decor > Wall Art > Food & Kitchen Art || Arts & Crafts > Art & Drawing Pens || Arts & Crafts > Canvas & Art Boards || Furniture > Decor > Wall Art || Arts & Crafts > Art Paper & Rolls || Furniture > Decor > Wall Art > Vintage Art || Furniture > Decor > Wall Art > Wall Art/Decor || Party Supplies || Restaurant & Foodservice Supplies > Bar Supplies,,,
Walmart,Patio & Garden > Patio & Outdoor Decor > (unnamed ID 2025934) > Outdoor Rugs 5 X 8,Patio & Garden > Patio & Outdoor Decor > Outdoor Rugs 5 X 8,True,stratified sample,"Furniture > Decor > Home & Office Decor > Indoor Fireplaces || Furniture > Decor > Bath & Shower Accessories || Furniture > Decor > Bath Mats & Towels || Furniture > Decor > Shower Curtains & Accessories || Gift Shop > Professional Gifts > Compasses > Patio Furniture || Furniture > Decor > Seasonal Decor > Window & Wall Decor & Signs || Furniture > Decor > Wall Art > Garden Landscape || Furniture > Decor > Home & Office Decor > Decorative Baskets, Bowls and Boxes || Furniture > Decor > Home & Office Decor || Furniture > Decor > Seasonal Decor > Standing Decor || Decor > Rugs || Gift Shop > Professional Gifts > Compasses > Outdoor Decor",,,
Walmart,Industrial & Scientific > Food Service Equipment & Supplies > Food Trailers,Industrial & Scientific > Food Service Equipment & Supplies > Food Trailers,True,stratified sample,"Restaurant & Foodservice Supplies > Commercial Restaurant Equipment > Equipment Parts & Accessories || Restaurant & Foodservice Supplies > Restaurant Storage & Transport > Food Storage & Containers || Restaurant & Foodservice Supplies > Smallwares > Commercial Food Prep || Restaurant & Foodservice Supplies > Smallwares > Food Safety || Restaurant & Foodservice Supplies > Disposable Food Packaging > Single-Use Food Containers || Restaurant & Foodservice Supplies > Commercial Restaurant Equipment || Restaurant & Foodservice Supplies > Commercial Restaurant Equipment > Food Display & Merchandising || Restaurant & Foodservice Supplies > Commercial Restaurant Equipment > Kitchen Work & Prep Tables || Restaurant & Foodservice Supplies > Commercial Restaurant Equipment > Refrigerated Prep Tables || Restaurant & Foodservice Supplies > Restaurant Storage & Transport || Shipping, Packing & Mailing Supplies > Mailing Supplies > Mailers || Appliances & Kitchenware > Major Appliances > Food Warmers",,,
Walmart,Party & Occasions > Halloween Costumes > Gamer Halloween Costumes,Party & Occasions > Halloween Costumes > Gamer Halloween Costumes,True,stratified sample,Party Supplies > Party Favors & Costumes > Costumes & Accessories || Party Supplies > Party Favors & Costumes > Party Hats || Party Supplies > Party Favors & Costumes || Party Supplies > Party Favors & Costumes > Party Favors || School Supplies > Preschool Supplies > Pretend Play & Dress Up || Gift Shop > Game Room & Toys || Party Supplies > Wedding Supplies > Wedding Decorations & Supplies || Gift Shop > Game Room & Toys > Game Room > Gaming Tables & Accessories || Party Supplies > Party Favors & Costumes > Favor Bags & Boxes || Party Supplies > Balloons & Accessories || Retail Store Supplies > Store Fixtures & Retail Displays > Costumers || Gift Shop > Game Room & Toys > Game Room > Game Room & Games,,,
Walmart,Personal Care > Bath & Body > CleanLogic,Personal Care > Bath & Body > CleanLogic,True,stratified sample,Retail Store Supplies > Spa & Salon > Bath & Body || Healthcare Supplies > Personal Care > Skin Care > Bath Soap & Body Wash || Retail Store Supplies > Spa & Salon > Bath & Body > Body Treatments || Healthcare Supplies > Durable Medical Equipment > Shower & Bath Aids || Healthcare Supplies > Personal Care > Skin Care > Body Powder || Retail Store Supplies > Spa & Salon > Bath & Body > Shower Caps || Healthcare Supplies > Personal Care > Baby Care > Baby Skin Care || Healthcare Supplies > Personal Care > Skin Care || Healthcare Supplies > Patient Care > Beds & Bedside Care > Medical Bed Parts || Healthcare Supplies > Patient Care > Practice Front Desk Supplies > Personal Care Kits || Healthcare Supplies > Personal Care > Skin Care > Cleanser || Cleaning Supplies > Cleaning Tools,,,
Walmart,"Home Improvement > Heating, Cooling, & Air Quality > Evaporative Coolers and Parts > Evaporative Cooler Parts Accessories","Home Improvement > Heating, Cooling, & Air Quality > Evaporative Coolers and Parts > Evaporative Cooler Parts Accessories",True,stratified sample,"Facilities > Heating & Cooling > Air Conditioners || Facilities > Heating & Cooling > Heaters || Cleaning Supplies > Floor & Carpet Cleaning Equipment > Vacuum Parts & Accessories || Facilities > Air Quality > Humidifiers || Facilities > Grounds Maintenance > Watering Equipment > Water Hoses & Accessories || Facilities > Air Quality > Air Filter Accessories || Tools, Parts & Supplies > Automotive > Liquid Transfer Tanks || Facilities > Heating & Cooling > Industrial Fans || Computers & Accessories > Computer Accessories & Peripherals > Laptop Cooling Pads || Facilities > Air Quality > Air Purifier Filters || Furniture > Chairs & Seating > Chair Parts & Accessories || Shredders, Projectors & Office Machines > Projectors & Accessories > Projector Parts & Accessories",,,
Walmart,Personal Care > Shaving > Shave Oil,Personal Care > Shaving > Shave Oil,True,stratified sample,"Retail Store Supplies > Spa & Salon > Shaving > Hair Removal & Shaving Products || Retail Store Supplies > Spa & Salon > Shaving || Healthcare Supplies > Personal Care > Skin Care > Bath Soap & Body Wash || Retail Store Supplies > Spa & Salon > Shaving > Disposable Razors || Retail Store Supplies > Spa & Salon > Shaving > Razors || Retail Store Supplies > Spa & Salon > Shaving > Aftershave || Healthcare Supplies > Personal Care > Skin Care > Lotion & Moisturizer || Healthcare Supplies > Personal Care > Skin Care > Deodorant || Healthcare Supplies > Personal Care > Skin Care > Lip Balm || Healthcare Supplies > Personal Care > Skin Care > Eye Cream || Expanded Assortment > Personal Care & Eyewear > Electric Shavers || Appliances & Kitchenware > Kitchenware > Kitchen Tools > Food Mills, Shavers & Spice Grinders",,,
Walmart,Party & Occasions > Halloween Costumes > Mickey Mouse Costumes,Party & Occasions > Halloween Costumes > Mickey Mouse Costumes,True,stratified sample,Party Supplies > Party Favors & Costumes > Costumes & Accessories || Party Supplies > Party Favors & Costumes > Party Hats || Party Supplies > Party Favors & Costumes || Party Supplies > Party Favors & Costumes > Party Favors || Party Supplies > Balloons & Accessories || Party Supplies > Party Favors & Costumes > Favor Bags & Boxes || School Supplies > Preschool Supplies > Pretend Play & Dress Up || School Supplies > Learning at Home > Pretend Play > Stuffed Animals & Puppets || Party Supplies > Wedding Supplies > Wedding Decorations & Supplies || Party Supplies > Balloons & Accessories > Balloon Accessories || Computers & Accessories > Computer Accessories & Peripherals > Keyboard & Mouse Combos || Computers & Accessories > Computer Accessories & Peripherals > Mouse Pads & Wrist Rests,,,
Walmart,Party & Occasions > Halloween Costumes > Genie Costume,Party & Occasions > Halloween Costumes > Genie Costume,True,stratified sample,Party Supplies > Party Favors & Costumes > Costumes & Accessories || Party Supplies > Party Favors & Costumes > Party Hats || Party Supplies > Party Favors & Costumes || Party Supplies > Party Favors & Costumes > Party Favors || School Supplies > Preschool Supplies > Pretend Play & Dress Up || Party Supplies > Wedding Supplies > Wedding Decorations & Supplies || Party Supplies > Party Favors & Costumes > Favor Bags & Boxes || Party Supplies > Balloons & Accessories || Retail Store Supplies > Store Fixtures & Retail Displays > Dress Forms || Party Supplies > Wedding Supplies || Retail Store Supplies > Store Fixtures & Retail Displays > Costumers || Safety Supplies > Generators,,,
Walmart,Personal Care > Bath & Body > Body Butters,Personal Care > Bath & Body > Body Butters,True,stratified sample,"Healthcare Supplies > Personal Care > Skin Care > Bath Soap & Body Wash || Retail Store Supplies > Spa & Salon > Bath & Body > Body Treatments || Retail Store Supplies > Spa & Salon > Bath & Body || Healthcare Supplies > Personal Care > Skin Care > Body Powder || Retail Store Supplies > Spa & Salon > Spa & Massage > Oils, Creams, Lotions || Healthcare Supplies > Personal Care > Skin Care > Lip Balm || Healthcare Supplies > Personal Care > Skin Care > Lotion & Moisturizer || Healthcare Supplies > Personal Care > Skin Care > Eye Cream || Retail Store Supplies > Spa & Salon > Bath & Body > Tanning || Retail Store Supplies > Spa & Salon > Bath & Body > Shower Caps || Office Supplies > Scissors, Hole Punches & Paper Cutters > Paper Cutters",,,
Walmart,Personal Care > Personal Care by Brand > Cremo,Personal Care > Personal Care by Brand > Cremo,True,stratified sample,"Healthcare Supplies > Personal Care || Healthcare Supplies > Patient Care > Practice Front Desk Supplies > Personal Care Kits || Healthcare Supplies > Personal Care > Baby Care || Healthcare Supplies > Personal Care > Skin Care || Healthcare Supplies > Personal Dental Care || Healthcare Supplies > Personal Care > Period Care || Expanded Assortment > Personal Care & Eyewear || Healthcare Supplies > Patient Care > Practice Front Desk Supplies > Medical Take Home Bags || Healthcare Supplies > Personal Dental Care > Oral Care || Gift Shop > Home, Personal & Travel || Healthcare Supplies > Personal Care > Skin Care > Eye Cream || Healthcare Supplies > Personal Care > Skin Care > Hair Removal",,,
Walmart,Walmart for Business > Food Service Equipment & Supplies > Food Truck Supplies & Equipment > Serving Disposables,Walmart for Business > Food Service Equipment & Supplies > Food Truck Supplies & Equipment > Serving Disposables,True,stratified sample,Restaurant & Foodservice Supplies > Disposable Food Packaging || Restaurant & Foodservice Supplies > Disposable Food Packaging > Single-Use Food Containers || Restaurant & Foodservice Supplies > Disposable Food Packaging > Disposable Bags || Party Supplies > Disposable Cutlery & Dispensers || Party Supplies > Disposable Plates || Party Supplies > Disposable Bowls || Restaurant & Foodservice Supplies > Disposable Food Packaging > Disposable Bags > Food Storage Bags || Party Supplies > Disposable Cups || Restaurant & Foodservice Supplies > Disposable Food Packaging > Food Packaging Wrap || Restaurant & Foodservice Supplies > Restaurant Storage & Transport > Food Storage & Containers || Safety Supplies > Personal Protective Equipment (PPE) > Gloves & Hand Protection > Disposable Gloves,,,
Walmart,Household Essentials > Cleaning Supplies > (unnamed ID 2963058) > Scrubbing Bubbles Toilet Cleaners,Household Essentials > Cleaning Supplies > Scrubbing Bubbles Toilet Cleaners,True,stratified sample,"Cleaning Supplies > Cleaning Chemicals & Wipes || Cleaning Supplies > Cleaning Tools > Cleaning Brushes & Toilet Plungers || Cleaning Supplies > Cleaning Tools > Cleaning Cloths & Rags || Cleaning Supplies > Floor & Carpet Cleaning Equipment || Cleaning Supplies || Cleaning Supplies > Dishwasher Detergent || Cleaning Supplies > Cleaning Chemicals & Wipes > Cleaning Chemicals || Cleaning Supplies > Cleaning Tools || Cleaning Supplies > Natural Cleaning Supplies > Natural Cleaning Supplies || Cleaning Supplies > Natural Cleaning Supplies || Facilities > Plumbing > Toilets and Urinals > Toilets || Shipping, Packing & Mailing Supplies > Shipping Supplies > Cushioning & Void Fill > Bubble Rolls",,,
Walmart,Walmart for Business > Breakroom Supplies > Breakroom Appliances > Pressure Cookers,Walmart for Business > Breakroom Supplies > Breakroom Appliances > Pressure Cookers,True,stratified sample,"Appliances & Kitchenware > Small Appliances > Slow Cookers & Roasters || Coffee, Water & Snacks > Breakroom Appliances > Toaster Ovens || Appliances & Kitchenware > Small Appliances > Rice Cookers & Steamers || Coffee, Water & Snacks > Breakroom Appliances || Appliances & Kitchenware > Major Appliances > Washers & Dryers || Coffee, Water & Snacks > Breakroom Appliances > Blenders & Food Processors || Appliances & Kitchenware > Small Appliances > Egg Cookers & Servers || Coffee, Water & Snacks > Breakroom Appliances > Water Filters & Dispensers || Appliances & Kitchenware > Small Appliances > Griddles, Grills & Waffle Makers || Appliances & Kitchenware > Major Appliances > Freezers || Facilities > Grounds Maintenance > Outdoor Tools > Pressure Washers & Accessories || Healthcare Supplies > Patient Care > Diagnostic & Exam Instruments > Blood Pressure Monitors",,,
Walmart,Patio & Garden > Patio & Outdoor Decor > Garden Decorations > Pinwheels Spinners,Patio & Garden > Patio & Outdoor Decor > Garden Decorations > Pinwheels Spinners,True,stratified sample,"Appliances & Kitchenware > Kitchenware > Kitchen Tools > Salad Spinners || Furniture > Decor > Seasonal Decor > Ornaments & Tree Decor || Furniture > Decor > Home & Office Decor > Decorative Baskets, Bowls and Boxes || Furniture > Decor > Artificial Plants & Flowers > Artificial Garlands & Swag || Gift Shop > Professional Gifts > Compasses > Outdoor Decor || Furniture > Decor > Seasonal Decor > Figurines & Tabletop Decor || Furniture > Decor > Artificial Plants & Flowers || Gift Shop > Professional Gifts > Compasses > Patio Furniture || Furniture > Decor > Candles || Furniture > Decor > Seasonal Decor > Inflatables || Facilities > Hardware > Wheels & Casters || Tools, Parts & Supplies > Automotive > Tires & Wheels",,,
Walmart,"Home > Appliances > Ranges, Ovens and Cooktops > Convection Ovens","Home > Appliances > Ranges, Ovens and Cooktops > Convection Ovens",True,stratified sample,"Coffee, Water & Snacks > Breakroom Appliances > Toaster Ovens || Appliances & Kitchenware > Small Appliances > Microwaves || Appliances & Kitchenware > Small Appliances > Griddles, Grills & Waffle Makers || Appliances & Kitchenware > Small Appliances > Slow Cookers & Roasters || Appliances & Kitchenware > Major Appliances > Dishwashers || Appliances & Kitchenware > Small Appliances > Rice Cookers & Steamers || Appliances & Kitchenware > Major Appliances > Refrigerators || Appliances & Kitchenware > Major Appliances > Freezers || Appliances & Kitchenware > Small Appliances > Deep Fryers || Appliances & Kitchenware > Small Appliances > Food Dehydrators || Appliances & Kitchenware > Kitchenware > Kitchen Accessories > Oven Mitts & Potholders || Safety Supplies > Personal Protective Equipment (PPE) > Ear Protection",,,
Walmart,Sports & Outdoors > Outdoor Sports > Self Defense Tools > Pepper Spray,Sports & Outdoors > Outdoor Sports > Self Defense Tools > Pepper Spray,True,stratified sample,"Expanded Assortment > Paint & Paint Supplies > Spray Guns || Facilities > Paint Supplies > Paint > Spray Paint || Healthcare Supplies > Personal Care > Skin Care > Body Powder || Cleaning Supplies > Cleaning Tools > Spray Bottles & Sprayers || Office Supplies > Tape, Fasteners & Adhesives > Hot Glue Sticks & Guns || Appliances & Kitchenware > Kitchenware > Dining & Tableware > Salt and Pepper Shakers & Mills || Healthcare Supplies > Durable Medical Equipment > Shower & Bath Aids > Grooming & Dressing Aids || Healthcare Supplies > Personal Care > Skin Care > Epsom Salt || Tools, Parts & Supplies > Cup Brushes || Appliances & Kitchenware > Small Appliances > Ice Cream & Yogurt Makers || Healthcare Supplies > Personal Care > Maternity > Perineal Spray & Wash",,,
Walmart,Party & Occasions > Wedding Shop > Bridal Shower > Bridal Shower Party Decorations,Party & Occasions > Wedding > Bridal Shower > Bridal Shower Party Decorations,True,stratified sample,Party Supplies > Wedding Supplies > Wedding Favors || Party Supplies > Wedding Supplies > Wedding Decorations & Supplies || Party Supplies > Wedding Supplies > Wedding Glassware || Party Supplies > Wedding Supplies || Gift Shop > Wedding Invitations & Kits || Party Supplies > Party Favors & Costumes || Party Supplies > Party Favors & Costumes > Party Favors || Furniture > Decor > Bath & Shower Accessories || Gift Shop > Invitations || Furniture > Decor > Shower Curtains & Accessories || Retail Store Supplies > Spa & Salon > Bath & Body > Shower Caps || School Supplies > Teacher Supplies > Classroom Decorations,,,
Walmart,Health and Medicine > Protein > Quest Nutrition,Health and Medicine > Protein > Quest Nutrition,False,stratified sample,Healthcare Supplies > OTC Pharmaceuticals > Medicine & Vitamins > Clinical Nutrition || Healthcare Supplies > Personal Care > Skin Care > Supplements || Healthcare Supplies > OTC Pharmaceuticals > Medicine & Vitamins > Vitamins & Supplements || Healthcare Supplies > OTC Pharmaceuticals > Medicine & Vitamins || Healthcare Supplies > Patient Care > Feeding Tubes & Nutrients > Eating & Drinking Aids || Healthcare Supplies > Patient Care > Diagnostic & Exam Instruments > Health & Body Weight Scales || Healthcare Supplies > Patient Care > Feeding Tubes & Nutrients || Healthcare Supplies > OTC Pharmaceuticals > Medicine & Vitamins > Anti-Nausea & Digestive Aids || Healthcare Supplies > OTC Pharmaceuticals > Medicine & Vitamins > Sleep Aids || Healthcare Supplies > OTC Pharmaceuticals > Medicine & Vitamins > Stop Smoking Aids || Facilities > Heating & Cooling > Air Conditioners || Healthcare Supplies > Professional Dental Supplies > Infection Prevention,,,
Walmart,Industrial & Scientific > Professional Safety Shop > Foot Protection > Tactical & Military Foot Protection,Industrial & Scientific > Safety > Foot Protection > Tactical & Military Foot Protection,True,stratified sample,"Safety Supplies > Fire Protection || Safety Supplies > Personal Protective Equipment (PPE) > Eye Protection || Safety Supplies > Personal Protective Equipment (PPE) > Head & Face Protection || Safety Supplies > Personal Protective Equipment (PPE) > Gloves & Hand Protection || Safety Supplies > Personal Protective Equipment (PPE) > Ear Protection || Safety Supplies > Safety Vests & High Visibility Clothing || Safety Supplies > Personal Protective Equipment (PPE) > Head & Face Protection > Hard Hat & Safety Helmet Accessories || Safety Supplies > Fall Protection Kits, Parts & Accessories || Safety Supplies > Personal Protective Equipment (PPE) > Head & Face Protection > Hard Hats & Safety Helmets || Safety Supplies > Personal Protective Equipment (PPE) || Facilities > Paint Supplies > Surface Protection",,,
Walmart,Seasonal > Back to School > Shop all Back to School,Seasonal > Back to School,False,stratified sample,School Supplies > Middle School Supplies || School Supplies > Learning at Home > Home School Supplies || School Supplies > School Bags & Lunch Boxes || School Supplies > Learning at Home > Home School Furniture || School Supplies > High School Supplies || School Supplies > Learning at Home || School Supplies || School Supplies > Preschool Supplies > Pretend Play & Dress Up || School Supplies > School Art Supplies || School Supplies > College Supplies > School Masks || School Supplies > School Tech || School Supplies > School Tech > Printers & Scanners for School > School Printers,,,
Walmart,Office Supplies > Folders > Expanding Folders,Office Supplies > Folders > Expanding Folders,True,stratified sample,Office Supplies > Folders & Filing > File Folders || Office Supplies > Folders & Filing > Hanging File Folders || Office Supplies > Folders & Filing > Pocket & Presentation Folders || Office Supplies > Folders & Filing > Accordion Folders || Office Supplies > Folders & Filing > Pocket & Presentation Folders > Pocket Folders || Office Supplies > Folders & Filing > Classification Folders || Office Supplies > Folders & Filing || Office Supplies > Folders & Filing > File Storage || Office Supplies > Folders & Filing > File Pockets & Jackets || Office Supplies > Desk Organizers & Accessories > Wall Files,,,
Walmart,Household Essentials > Cleaning Supplies > Clorox All Purpose Cleaners > Clorox Wipes,Household Essentials > Cleaning Supplies > Clorox All Purpose Cleaners > Clorox Wipes,True,stratified sample,Cleaning Supplies > Cleaning Chemicals & Wipes > Disinfectant Wipes || Cleaning Supplies > Cleaning Chemicals & Wipes || Cleaning Supplies > Laundry Care > Laundry Sanitizers & Bleach || Cleaning Supplies > Cleaning Chemicals & Wipes > Air Fresheners & Deodorizers || Cleaning Supplies > Hand Soaps & Sanitizers || Cleaning Supplies > Dishwasher Detergent || Cleaning Supplies > Hand Soaps & Sanitizers > Hand Soap & Sanitizer Dispensers || Cleaning Supplies > Cleaning Chemicals & Wipes > Cleaning Chemicals || Cleaning Supplies > Hand Soaps & Sanitizers > Hand Sanitizer || Cleaning Supplies > Cleaning Tools > Cleaning Cloths & Rags || Healthcare Supplies > Personal Care > Baby Care > Baby Wipes || Healthcare Supplies > Personal Care > Skin Care > Disposable Washcloths & Bathing Wipes,,,
Walmart,Party & Occasions > Wedding Shop > Wedding Planning > Notebooks Planners,Party & Occasions > Wedding > Wedding Planning > Notebooks Planners,True,stratified sample,Office Supplies > Calendars & Planners > Planners & Personal Organizers || Office Supplies > Calendars & Planners || Party Supplies > Wedding Supplies > Wedding Favors || Party Supplies > Wedding Supplies > Wedding Decorations & Supplies || Party Supplies > Wedding Supplies || Office Supplies > Calendars & Planners > Organizer Refills & Accessories || Party Supplies > Wedding Supplies > Wedding Glassware || Office Supplies > Notebooks & Notepads || Gift Shop > Wedding Invitations & Kits || Office Supplies > Calendars & Planners > Calendars || Paper > Notebooks || Tablets & iPads > Digital Notebooks & Accessories,,,
Walmart,Health and Medicine > Children's Health > Children's Cough Cold,Health and Medicine > Children's Health > Children's Cough Cold,False,stratified sample,"Healthcare Supplies > OTC Pharmaceuticals > Medicine & Vitamins > Cough, Cold, Flu & Allergy || Healthcare Supplies > Personal Care > Baby Care > Youth Feeding Supplies || Healthcare Supplies > OTC Pharmaceuticals > Hot & Cold Therapy || Healthcare Supplies > OTC Pharmaceuticals > Medicine & Vitamins > Stop Smoking Aids || Healthcare Supplies > Personal Care > Baby Care || Healthcare Supplies > Personal Care > Baby Care > Baby Skin Care || Healthcare Supplies > OTC Pharmaceuticals > Medicine & Vitamins > Sleep Aids || Healthcare Supplies > Patient Care > Respiratory Therapy || Healthcare Supplies > Patient Care > Feeding Tubes & Nutrients > Eating & Drinking Aids || Healthcare Supplies > Patient Care > Practice Front Desk Supplies > Medical Take Home Bags || Shipping, Packing & Mailing Supplies > Shipping Supplies > Desiccants & Cold Packs > Shipping Cold Packs || Shipping, Packing & Mailing Supplies > Shipping Supplies > Desiccants & Cold Packs",,,
Walmart,Industrial & Scientific > Occupational Health & Safety Products > Facility Safety,Industrial & Scientific > Occupational Health & Safety Products > Facility Safety,False,stratified sample,"Laboratory & Scientific Supplies > Lab Safety > Maintenance & Safety Supplies || Safety Supplies > Safety Storage || Safety Supplies || Facilities > Facilities Signs > Safety Signs || Laboratory & Scientific Supplies > Lab Safety || Laboratory & Scientific Supplies > Lab Safety > Hazard Communications, Labels, Tags & Signs || Healthcare Supplies > Environmental Services || Laboratory & Scientific Supplies > Lab Safety > Material Handling & Storage || Healthcare Supplies > Physical Therapy and Rehabilitation Equipment || Safety Supplies > Fire Protection || Facilities || Workwear > Occupational Workwear > Safety",,,
Walmart,Electronics > Cameras & Camcorders > Shop Cameras by Brand > Fujifilm Cameras,Electronics > Cameras & Camcorders > Cameras by Brand > Fujifilm Cameras,True,stratified sample,"Phones, Cameras & Electronics > Cameras, Camcorders & Accessories > Camera & Camcorder Accessories || Phones, Cameras & Electronics > Cameras, Camcorders & Accessories > Cameras & Camcorders || Phones, Cameras & Electronics > Cameras, Camcorders & Accessories || Phones, Cameras & Electronics > Cameras, Camcorders & Accessories > Digital Picture Frames || Phones, Cameras & Electronics || Shredders, Projectors & Office Machines > Projectors & Accessories > Document Cameras || Phones, Cameras & Electronics > GPS || Phones, Cameras & Electronics > Phones & Accessories || Phones, Cameras & Electronics > Stylus & Smart Pens || Wearable Technology > Camera Glasses || Wearable Technology > Action Cameras || Smart Home & Security > Security Cameras & Systems",,,
Walmart,Party & Occasions > Curious George Party Supplies,Party & Occasions > Curious George Party Supplies,False,stratified sample,Party Supplies > Party Favors & Costumes || Party Supplies > Party Favors & Costumes > Party Favors || Party Supplies > Wedding Supplies || Party Supplies > Party Favors & Costumes > Party Hats || Party Supplies || Party Supplies > Anniversary Supplies || Party Supplies > Wedding Supplies > Wedding Decorations & Supplies || Party Supplies > Wedding Supplies > Wedding Favors || Party Supplies > Party Favors & Costumes > Favor Bags & Boxes || Party Supplies > Party Supply Kits || Restaurant & Foodservice Supplies > Bar Supplies || Facilities > Paint Supplies,,,
Walmart,Home > Personalized Gifts > Personalized Father's Day Gifts > Personalized Men's Jewelry,Home > Personalized Gifts > Personalized Father's Day Gifts > Personalized Men's Jewelry,True,stratified sample,"Gift Shop > Home, Personal & Travel > Jewelry Boxes & Cases || Gift Shop > Home, Personal & Travel > Unique Gifts || Gift Shop > Gift Sets, Photo & Custom Gifts || Gift Shop > Gift Sets, Photo & Custom Gifts > Gift Sets || Gift Shop > Gift Sets, Photo & Custom Gifts > Custom Apparel || Gift Shop > Professional Gifts || Gift Shop > Gift Sets, Photo & Custom Gifts > Photo Gifts || Gift Shop > Home, Personal & Travel || Gift Shop > Wedding Invitations & Kits || Gift Shop > Custom Appointment Cards || Healthcare Supplies > Personal Care || Healthcare Supplies > Patient Care > Practice Front Desk Supplies > Personal Care Kits",,,
Walmart,Health and Medicine > Vitamins and Supplements > Hair Skin and Nails,Health and Medicine > Vitamins and Supplements > Hair Skin and Nails,True,stratified sample,Healthcare Supplies > Personal Care > Skin Care > Supplements || Retail Store Supplies > Spa & Salon > Hair > Hair Treatment || Healthcare Supplies > Personal Care > Skin Care > Hair Removal || Healthcare Supplies > Personal Care > Skin Care > Skin Care Treatment || Healthcare Supplies > Personal Care > Skin Care > Body Powder || Healthcare Supplies > Personal Care > Skin Care > Eye Cream || Healthcare Supplies > OTC Pharmaceuticals > Medicine & Vitamins > Vitamins & Supplements || Retail Store Supplies > Spa & Salon > Hair > Hair Color & Supplies || Healthcare Supplies > Personal Care > Skin Care > Lotion & Moisturizer || Healthcare Supplies > Personal Care > Skin Care || Retail Store Supplies > Spa & Salon > Nails || Retail Store Supplies > Spa & Salon > Hair,,,
Walmart,Industrial & Scientific > Medical & Dental > CPAP Products,Industrial & Scientific > Medical & Dental > CPAP Products,False,stratified sample,"Healthcare Supplies > Professional Dental Supplies > Operatory Products || Healthcare Supplies > Professional Dental Supplies || Healthcare Supplies > Professional Dental Supplies > Lab Products || Healthcare Supplies > Professional Dental Supplies > Dental Instruments || Healthcare Supplies > Personal Dental Care || Healthcare Supplies > Professional Dental Supplies > Orthodontic || Healthcare Supplies > Durable Medical Equipment || Healthcare Supplies > Patient Care > Exam Room Supplies & Equipment > Healthcare Dispensers || Healthcare Supplies > Professional Dental Supplies > Dental Instruments > Dental Mirrors || Healthcare Supplies > Patient Care > Beds & Bedside Care > Disposable Medical & Dental Cups || Coffee, Water & Snacks > Paper Products || Appliances & Kitchenware > Kitchenware > Kitchen Tools > Grilling Products",,,
Walmart,Home > Dorm Room Essentials > Dorm Bedding,Home > Dorm Room Essentials > Dorm Bedding,True,stratified sample,Furniture > Decor > Beds & Bedding > Bedding || Furniture > Decor > Beds & Bedding || Furniture > Decor > Home & Office Decor > Living Room Accents || Furniture > Decor > Bath & Shower Accessories || Furniture > Decor > Beds & Bedding > Beds & Mattresses || Furniture > Decor > Bath Mats & Towels || Furniture > Decor > Beds & Bedding > Pillows || Furniture > Decor > Shower Curtains & Accessories || Furniture > Decor > Home & Office Decor || Cleaning Supplies > Laundry Care > Laundry Room Organization > Laundry Accessories || Party Supplies > Wedding Supplies || Party Supplies > Wedding Supplies > Wedding Favors,,,
Walmart,Home > Furniture > Bedroom Furniture > Queen Headboard,Home > Furniture > Bedroom Furniture > Queen Headboard,True,stratified sample,Furniture > Decor > Beds & Bedding || Furniture > Decor > Beds & Bedding > Headboards || Furniture > Decor || Furniture > Storage Furniture || Furniture || Furniture > Decor > Home & Office Decor > Accent Furniture || Furniture > Decor > Beds & Bedding > Beds & Mattresses || Furniture > Decor > Beds & Bedding > Pillows || Furniture > Decor > Shower Curtains & Accessories || Furniture > Decor > Home & Office Decor > Living Room Accents || School Supplies > Learning at Home > Board & Card Games || Furniture > Boards & Easels > Board Accessories,,,
Walmart,Personal Care > Oral Care > FSA/HSA Eligible Dental Care,Personal Care > Oral Care > FSA/HSA Eligible Dental Care,True,stratified sample,Healthcare Supplies > Personal Dental Care > Oral Care || Healthcare Supplies > Personal Dental Care || Healthcare Supplies > Personal Dental Care > Oral Care > Denture Care || Healthcare Supplies > Personal Care || Healthcare Supplies > Patient Care || Healthcare Supplies > Professional Dental Supplies || Healthcare Supplies > Personal Dental Care > Oral Care > Fluoride Home Use || Healthcare Supplies > Personal Dental Care > Oral Care > Dental Floss & Flossers || Healthcare Supplies > Patient Care > Medical Practice Furniture || Healthcare Supplies > Professional Dental Supplies > Dental Instruments || Healthcare Supplies > Professional Dental Supplies > Dental Instruments > Dental Mirrors || Healthcare Supplies > Patient Care > Beds & Bedside Care > Disposable Medical & Dental Cups,,,
Walmart,Home > Furniture > Office Furniture > White Office Furniture,Home > Furniture > Office Furniture > White Office Furniture,True,stratified sample,Furniture > Home & Office Tables || Furniture > School Furniture || Furniture > Decor > Home & Office Decor > Home & Office Bars || Furniture > Decor > Home & Office Decor || Furniture > Storage Furniture || Furniture || Furniture > Standing Desk Mats || Furniture > Decor || Furniture > Chairs & Seating > Office Chairs || Furniture > School Furniture > Classroom Storage Furniture || Gift Shop > Professional Gifts > Compasses > Patio Furniture || Furniture > Decor > Home & Office Decor > Accent Furniture,,,
Walmart,Office Supplies > Laminators & Laminating Supplies > Scotch Laminators,Office Supplies > Laminators & Laminating Supplies > Scotch Laminators,True,stratified sample,"Office Supplies > Laminators & Supplies > Laminating Pouches & Sheets || Office Supplies > Laminators & Supplies > Laminating Machines || Office Supplies > Laminators & Supplies || Office Supplies > Tape, Fasteners & Adhesives > Tape Dispensers || Shredders, Projectors & Office Machines > Copiers || Shredders, Projectors & Office Machines || Office Supplies > Tape, Fasteners & Adhesives || Shredders, Projectors & Office Machines > Typewriters & Typewriter Supplies || Shipping, Packing & Mailing Supplies > Shipping Supplies > Packing Tape & Dispensers > Packing Tape Dispensers || Office Supplies > Staplers & Staples > Staplers || Safety Supplies > Generators || Healthcare Supplies > Patient Care > Diagnostic & Exam Instruments > OB/GYN Examination",,,
Walmart,Party & Occasions > Baptism Party Supplies > Baptism Invitations & Cards,Party & Occasions > Baptism Party Supplies > Baptism Invitations & Cards,True,stratified sample,Gift Shop > Invitations || Gift Shop > Wedding Invitations & Kits || Party Supplies > Wedding Supplies > Wedding Favors || Party Supplies > Wedding Supplies > Wedding Decorations & Supplies || Party Supplies > Party Favors & Costumes > Party Favors || Party Supplies > Wedding Supplies || Party Supplies > Party Favors & Costumes || Gift Shop > Greeting Cards || Gift Shop > Custom Appointment Cards || Gift Shop > Note Cards & Postcards || Paper > Stationery & Invitations || Paper > Index Cards,,,
Walmart,Home Improvement > Home Safety > Personal Safety,Home Improvement > Home Safety > Personal Safety,True,stratified sample,"Safety Supplies > Safety Storage || Safety Supplies || Laboratory & Scientific Supplies > Lab Safety > Maintenance & Safety Supplies || Safety Supplies > Fire Protection || Healthcare Supplies > Patient Care > Practice Front Desk Supplies > Personal Care Kits || Safety Supplies > Personal Protective Equipment (PPE) || Safety Supplies > Safety Vests & High Visibility Clothing || Safety Supplies > Security Mirrors || Safety Supplies > Fall Protection Kits, Parts & Accessories || Healthcare Supplies > Patient Care > Practice Front Desk Supplies > Medical Take Home Bags || Workwear > Occupational Workwear > Safety || Healthcare Supplies > Personal Care",,,
Walmart,Household Essentials > Paper & Plastic > Wax Paper,Household Essentials > Paper & Plastic > Wax Paper,True,stratified sample,"Paper > Specialty Paper Products || Coffee, Water & Snacks > Paper Products > Paper Towels || Coffee, Water & Snacks > Paper Products > Toilet Paper & Bath Tissue || Paper > Loose Leaf & Graph Paper || Paper || Paper > Construction Paper || Paper > Thermal Fax Paper Rolls || Paper > Specialty Paper Products > Security & Carbon Paper || Party Supplies > Wrapping Supplies > Tissue Paper || Paper > Specialty Paper Products > Presentation & Photo Paper || Paper > Specialty Paper Products > POS Paper || Office Supplies > Scissors, Hole Punches & Paper Cutters > Paper Cutters",,,
Walmart,Electronics > TV & Home Theater > Shop TVS by Type > Roku TVS,Electronics > TV & Home Theater > TVS by Type > Roku TVS,True,stratified sample,"TV & Streaming Media > TV & Video > TVs || TV & Streaming Media > TV & Video > TV Accessories || TV & Streaming Media > TV & Video > DVD & Blu-Ray Players || TV & Streaming Media > TV & Video > TV Wall Mounts || TV & Streaming Media > TV & Video > Car CD Players & Monitors || Phones, Cameras & Electronics > GPS || Shredders, Projectors & Office Machines > Projectors & Accessories > Projector Screens || Shredders, Projectors & Office Machines > Projectors & Accessories > Projector Parts & Accessories || TV & Streaming Media > TV & Video || Phones, Cameras & Electronics || Furniture > Carts & Stands > TV Stands",,,
Walmart,Personal Care > Sun Care > Mineral Sunscreen,Personal Care > Sun Care > Mineral Sunscreen,True,stratified sample,"Healthcare Supplies > Personal Care > Skin Care > Sunscreen & Sunblock || Healthcare Supplies > Personal Care > Skin Care > Lotion & Moisturizer || Healthcare Supplies > Personal Care > Skin Care > Body Powder || Healthcare Supplies > Personal Care > Skin Care > Bath Soap & Body Wash || Healthcare Supplies > Personal Care > Skin Care > Eye Cream || Healthcare Supplies > Personal Care > Skin Care || Healthcare Supplies > Personal Care > Skin Care > Skin Care Treatment || Healthcare Supplies > Personal Care > Skin Care > Lip Balm || Healthcare Supplies > Personal Care > Skin Care > Deodorant || Healthcare Supplies > Personal Care > Baby Care > Baby Skin Care || Tablets & iPads > Tablet Screen Protectors || Phones, Cameras & Electronics > Cell Phone Screen Protectors",,,
Walmart,Party & Occasions > Cars Party Supplies > Cars Party Favors,Party & Occasions > Cars Party Supplies > Cars Party Favors,True,stratified sample,Party Supplies > Party Favors & Costumes || Party Supplies > Party Favors & Costumes > Party Favors || Party Supplies > Party Favors & Costumes > Favor Bags & Boxes || School Supplies > Learning at Home > Pretend Play > Toy Vehicles || Party Supplies > Balloons & Accessories || Party Supplies > Party Favors & Costumes > Party Hats || Party Supplies > Wedding Supplies || Party Supplies || Party Supplies > Party Supply Kits || Party Supplies > Wedding Supplies > Wedding Favors,,,
Walmart,Home > Decor > Decorative Accents > Sculptures,Home > Decor > Decorative Accents > Sculptures,True,stratified sample,"Gift Shop > Home, Personal & Travel > Sculptures & Figurines || Furniture > Decor > Decorative Accents || Furniture > Decor > Wall Art > Kids & Whimsical Art || Furniture > Decor > Wall Art > Wall Art/Decor || Furniture > Decor > Wall Art || Furniture > Decor > Wall Art > Floral Art || Furniture > Decor > Seasonal Decor > Figurines & Tabletop Decor || Furniture > Decor > Seasonal Decor > Ornaments & Tree Decor || Furniture > Decor > Wall Art > Contemporary Art || Furniture > Decor > Home & Office Decor > Decorative Plates || Laboratory & Scientific Supplies > Lab Furniture & Fixtures || Facilities > Bathroom Fixtures",,,
Walmart,Office Supplies > Retail Essentials > Office Signs > Business Card Holders Name Plates,Office Supplies > Retail Essentials > Office Signs > Business Card Holders Name Plates,True,stratified sample,"Office Supplies > Desk Organizers & Accessories > Business Card Holders & Files || Retail Store Supplies > Retail Signage > Literature & Sign Holders || Retail Store Supplies > Point of Sale (POS) Equipment > Credit Card Readers || Office Supplies > Desk Organizers & Accessories > Book & Document Holders || Office Supplies > Label Makers & Tapes > ID Card Printers & Accessories || Retail Store Supplies > Retail Signage > Sign Materials || Retail Store Supplies > Time Clock Cards & Racks || Gift Shop > Home, Personal & Travel > Passport Holders || Office Supplies > Desk Organizers & Accessories > Letter & Desktop Trays || Office Supplies > Custom Marketing Materials || School Supplies > Teacher Supplies > Classroom Decorations > Classroom Name Plates & Name Tags || Office Supplies > Forms & Recordkeeping > Business Forms",,,
Walmart,Arts Crafts & Sewing > Arts & Crafts Furniture and Storage > Art Portfolio & Poster Storage,Arts Crafts & Sewing > Arts & Crafts Furniture and Storage > Art Portfolio & Poster Storage,False,stratified sample,Arts & Crafts > Crafting > Art Portfolios & Craft Storage || Arts & Crafts > Canvas & Art Boards || Furniture > Decor > Wall Art > Sports Art || Arts & Crafts > Painting Accessories || Arts & Crafts > Art & Drawing Pens || Arts & Crafts > Art Paper & Rolls || Arts & Crafts > Drawing Tools & Supplies || Furniture > Decor > Wall Art > Food & Kitchen Art || Furniture > Decor > Wall Art > Music Art || Furniture > Decor > Wall Art > Contemporary Art || Furniture > Decor > Wall Art > Framed Posters || Office Supplies > Folders & Filing > File Storage,,,
Walmart,Home > Appliances > Refrigerators > Mini Fridges Compact Refrigerators,Home > Appliances > Refrigerators > Mini Fridges Compact Refrigerators,True,stratified sample,"Appliances & Kitchenware > Major Appliances > Refrigerators || Appliances & Kitchenware > Small Appliances > Microwaves || Appliances & Kitchenware > Major Appliances > Freezers || Laboratory & Scientific Supplies > Lab Instruments & Equipment > Refrigerators, Freezers & Accessories || Appliances & Kitchenware > Major Appliances > Dishwashers || Appliances & Kitchenware > Major Appliances > Washers & Dryers || Coffee, Water & Snacks > Breakroom Appliances > Toaster Ovens || Facilities > Bathroom Fixtures > Hand Dryers || Appliances & Kitchenware > Small Appliances || Appliances & Kitchenware > Small Appliances > Griddles, Grills & Waffle Makers || Restaurant & Foodservice Supplies > Commercial Restaurant Equipment > Refrigerated Prep Tables || Safety Supplies > Generators",,,
Walmart,Household Essentials > Laundry > (unnamed ID 1277425) > High Efficient Liquid Laundry Detergent,Household Essentials > Laundry > High Efficient Liquid Laundry Detergent,True,stratified sample,Cleaning Supplies > Laundry Care > Laundry Detergent || Cleaning Supplies > Laundry Care > Laundry Room Organization > Laundry Accessories || Cleaning Supplies > Dishwasher Detergent || Cleaning Supplies > Laundry Care || Cleaning Supplies > Laundry Care > Laundry Sanitizers & Bleach || Cleaning Supplies > Laundry Care > Laundry Room Organization > Clothes Drying || Cleaning Supplies > Laundry Care > Laundry Room Organization || Cleaning Supplies > Laundry Care > Dryer Sheets || Cleaning Supplies > Laundry Care > Laundry Stain Removers || Cleaning Supplies > Laundry Care > Fabric Softener || Healthcare Supplies > Wound Care > Bandages > Liquid Bandages,,,
Walmart,Walmart for Business > Food Service Equipment & Supplies > Storage & Transport,Walmart for Business > Food Service Equipment & Supplies > Storage & Transport,True,stratified sample,Restaurant & Foodservice Supplies > Restaurant Storage & Transport > Food Storage & Containers || Restaurant & Foodservice Supplies > Restaurant Storage & Transport || Office Supplies > Storage & Organization > Storage Containers & Boxes || Office Supplies > Storage & Organization > Storage Furniture || Office Supplies > Storage & Organization > Storage Bins || Office Supplies > Storage & Organization > Storage Baskets || Healthcare Supplies > Durable Medical Equipment > Patient Lift & Transfer > Transfer Equipment || Restaurant & Foodservice Supplies > Commercial Restaurant Equipment > Delivery Options || Office Supplies > Storage & Organization || Furniture > Storage Furniture > Storage Organization || Office Supplies > Folders & Filing > File Storage,,,
Walmart,Home > Decor > Lighting & Light Fixtures > Ceiling Fixtures,Home > Decor > Lighting & Light Fixtures > Ceiling Fixtures,True,stratified sample,Furniture > Lamps & Lighting > Ceiling Lighting || Furniture > Lamps & Lighting > Wall Lamps || Furniture > Lamps & Lighting > Floor Lamps || Furniture > Lamps & Lighting > Under Cabinet Lighting || Furniture > Lamps & Lighting > Outdoor Lighting || Furniture > Lamps & Lighting || Facilities > Hardware > Ceiling > Ceiling Tiles || Facilities > Hardware > Ceiling || Furniture > Lamps & Lighting > Accent Lighting || Furniture > Lamps & Lighting > Table Lamps || Facilities > Bathroom Fixtures || Facilities > Heating & Cooling > Ceiling Fans,,,
Walmart,"Home Improvement > Heating, Cooling, & Air Quality > Fans","Home Improvement > Heating, Cooling, & Air Quality > Fans",False,stratified sample,Facilities > Heating & Cooling > Ceiling Fans || Facilities > Heating & Cooling > Bathroom Fans || Facilities > Heating & Cooling > Industrial Fans || Facilities > Heating & Cooling > General Purpose Fans || Computers & Accessories > Computer Parts & Components > Computer Fans || Safety Supplies > Crowd Control Accessories || Facilities > Heating & Cooling > Air Conditioners || Facilities > Air Quality > Air Filter Accessories || Facilities > Air Quality || Facilities > Heating & Cooling,,,
Walmart,Personal Care > Bath & Body > Hempz Body Wash,Personal Care > Bath & Body > Hempz Body Wash,True,stratified sample,Healthcare Supplies > Personal Care > Skin Care > Bath Soap & Body Wash || Retail Store Supplies > Spa & Salon > Bath & Body > Body Treatments || Retail Store Supplies > Spa & Salon > Bath & Body || Healthcare Supplies > Personal Care > Skin Care > Body Powder || Retail Store Supplies > Spa & Salon > Bath & Body > Shower Caps || Cleaning Supplies > Cleaning Chemicals & Wipes > Hard Floor Care || Healthcare Supplies > Durable Medical Equipment > Shower & Bath Aids || Healthcare Supplies > Personal Care > Skin Care > Disposable Washcloths & Bathing Wipes || Healthcare Supplies > Personal Care > Baby Care > Baby Skin Care || Healthcare Supplies > Personal Care > Skin Care > Hair Removal || Healthcare Supplies > Personal Care > Maternity > Perineal Spray & Wash,,,
Walmart,Household Essentials > Paper & Plastic > Food Storage Containers,Household Essentials > Paper & Plastic > Food Storage Containers,False,stratified sample,Restaurant & Foodservice Supplies > Disposable Food Packaging > Disposable Bags > Food Storage Bags || Restaurant & Foodservice Supplies > Disposable Food Packaging > Single-Use Food Containers || Restaurant & Foodservice Supplies > Restaurant Storage & Transport > Food Storage & Containers || Restaurant & Foodservice Supplies > Disposable Food Packaging > Single-Use Food Containers > Carryout Containers & Boxes || Office Supplies > Storage & Organization > Storage Containers & Boxes || Retail Store Supplies > Retail Packaging > Food Boxes & Bags || Restaurant & Foodservice Supplies > Disposable Food Packaging > Food Packaging Wrap || Restaurant & Foodservice Supplies > Disposable Food Packaging > Food Packaging Wrap > Butcher & Freezer Paper || Restaurant & Foodservice Supplies > Disposable Food Packaging > Disposable Bags || Office Supplies > Storage & Organization > Storage Bins,,,
Walmart,Office Supplies > Retail Essentials > Clipboards > Plastic Clipboards,Office Supplies > Retail Essentials > Clipboards > Plastic Clipboards,True,stratified sample,"Office Supplies > Office Basics > Clipboards || Office Supplies > Notebooks & Notepads > Notepads || Office Supplies > Notebooks & Notepads || Office Supplies > Binders || Office Supplies > Writing Supplies & Instruments > Pencil Accessories > Pencil Cases & Pouches || Office Supplies > Calendars & Planners > Organizer Refills & Accessories || Office Supplies > Writing Supplies & Instruments > Erasers || Office Supplies > Desk Organizers & Accessories > Letter & Desktop Trays || Office Supplies > Writing Supplies & Instruments > Highlighters || Office Supplies > Writing Supplies & Instruments > Pens || Tools, Parts & Supplies > Automotive > Tarps & Plastic Sheeting || Retail Store Supplies > Sewing & Tailoring > Elastic",,,
Walmart,Home > Furniture > Office Furniture > 1 Drawer File Cabinets,Home > Furniture > Office Furniture > 1 Drawer File Cabinets,True,stratified sample,Furniture > File Cabinets || Furniture > Storage Furniture > Storage Cabinets || Furniture > Home & Office Tables || Furniture > Storage Furniture || Furniture > Storage Furniture > Media Storage Furniture || Office Supplies > Storage & Organization > Storage Drawers || Furniture > Storage Furniture > Clothing Racks & Closet Organization || Office Supplies > Desk Organizers & Accessories > Wall Files || Furniture > School Furniture > Classroom Storage Furniture || Furniture > Storage Furniture > Shelving || Laboratory & Scientific Supplies > Lab Furniture & Fixtures > Lab Cabinets || Healthcare Supplies > Patient Care > Medical Practice Furniture > Medical Cabinets,,,
Walmart,Home Improvement > Tools > Personal Protective Equipment > Masks Respirators,Home Improvement > Tools > Personal Protective Equipment > Masks Respirators,True,stratified sample,"Safety Supplies > Personal Protective Equipment (PPE) > Face Masks & Respirators || Safety Supplies > Personal Protective Equipment (PPE) > Personal Protective Equipment (PPE) Kits || Safety Supplies > Personal Protective Equipment (PPE) > Gloves & Hand Protection || Safety Supplies > Personal Protective Equipment (PPE) > Gloves & Hand Protection > Disposable Gloves || Safety Supplies > Personal Protective Equipment (PPE) > Eye Protection > Safety Glasses, Goggles & Accessories || Safety Supplies > Personal Protective Equipment (PPE) || Safety Supplies > Personal Protective Equipment (PPE) > Eye Protection || Safety Supplies > Personal Protective Equipment (PPE) > Head & Face Protection > Hard Hats & Safety Helmets || Safety Supplies > Personal Protective Equipment (PPE) > Gloves & Hand Protection > Work Gloves || Safety Supplies > Personal Protective Equipment (PPE) > Ear Protection || School Supplies > College Supplies > School Masks || Healthcare Supplies > Patient Care > Respiratory Therapy",,,
Walmart,Home > Furniture > Office Furniture,Home > Furniture > Office Furniture,False,stratified sample,Furniture > Home & Office Tables || Furniture || Furniture > Storage Furniture || Furniture > School Furniture || Furniture > Decor || Furniture > Decor > Home & Office Decor || Furniture > School Furniture > Classroom Storage Furniture || Furniture > Decor > Home & Office Decor > Home & Office Bars || Furniture > Standing Desk Mats || Furniture > Storage Furniture > Media Storage Furniture || Gift Shop > Professional Gifts > Compasses > Patio Furniture || Furniture > Decor > Home & Office Decor > Accent Furniture,,,
Walmart,Home Improvement > Paint > Interior Paint > Wall Paint,Home Improvement > Paint > Interior Paint > Wall Paint,True,stratified sample,Facilities > Paint Supplies > Paint > Interior Paint || Facilities > Paint Supplies > Paint > Exterior Paint || Facilities > Paint Supplies > Paint || Facilities > Paint Supplies > Paint > Spray Paint || Facilities > Paint Supplies > Paint Accessories || Facilities > Paint Supplies > Paint Accessories > Paint Brushes || Facilities > Paint Supplies > Paint Accessories > Paint Trays || Expanded Assortment > Paint & Paint Supplies > Paint Brushes || Facilities > Paint Supplies > Paint Accessories > Paint Buckets || Expanded Assortment > Paint & Paint Supplies > Paint Rollers || Arts & Crafts > Paint || Expanded Assortment > Paint & Paint Supplies,,,
Walmart,Office Supplies > School Supplies,Office Supplies > School Supplies,False,stratified sample,School Supplies || School Supplies > School Art Supplies || School Supplies > High School Supplies || Office Supplies || School Supplies > College Supplies || School Supplies > Middle School Supplies || School Supplies > Learning at Home > Home School Supplies || School Supplies > Teacher Supplies || School Supplies > Elementary School Supplies || School Supplies > Preschool Supplies,,,
Walmart,Office Supplies > Binders & Accessories > Binders,Office Supplies > Binders & Accessories > Binders,True,stratified sample,"Office Supplies > Binders || Office Supplies > Binder Accessories || Office Supplies > Clips, Fasteners & Rubber Bands > Binder & Paper Clips || Office Supplies > Notebooks & Notepads || Office Supplies > Notebooks & Notepads > Notepads || Office Supplies > Laminators & Supplies > Laminating Pouches & Sheets || Office Supplies > Tape, Fasteners & Adhesives || Office Supplies > Calendars & Planners > Organizer Refills & Accessories || Office Supplies > Staplers & Staples || Office Supplies > Sheet Protectors || Facilities > Hand & Power Tools > Measuring & Layout Tools > Stud Finders || Laboratory & Scientific Supplies > Labware & Consumables > Cylinders",,,
Walmart,Walmart for Business > Teaching and Classroom Supplies > Classroom Organization,Walmart for Business > Teaching and Classroom Supplies > Classroom Organization,True,stratified sample,School Supplies > Teacher Supplies > Classroom Storage & Organization || School Supplies > Classroom Essentials || School Supplies > Teacher Supplies > Classroom Books & Digital Media > Classroom Books || School Supplies > Teacher Supplies > Classroom Books & Digital Media || School Supplies > Teacher Supplies > Classroom Decorations || School Supplies > Teacher Supplies > Teacher Resources > Teaching Resources || School Supplies > Teacher Supplies > Physical Education & Recreation || School Supplies > Learning at Home > Learning & Development Toys || School Supplies > Learning at Home || School Supplies > Teacher Supplies > Teacher Resources || Furniture > Storage Furniture > Storage Organization || Office Supplies > Storage & Organization,,,
Walmart,Office Supplies > Retail Essentials > Time Clocks & Cards,Office Supplies > Retail Essentials > Time Clocks & Cards,False,stratified sample,"Retail Store Supplies > Time Clock Cards & Racks || Retail Store Supplies > Time Clock Systems || Retail Store Supplies > Time Clock Ribbons & Batteries || Office Supplies > Desk Organizers & Accessories > Business Card Holders & Files || Retail Store Supplies > Backroom Retail Supplies > Dressing Room Supplies & Try-On Accessories || Office Supplies > Office Basics > Office Supply Kits || Computers & Accessories > Computer Parts & Components > Computer Cards || Retail Store Supplies > Point of Sale (POS) Equipment > Credit Card Readers || Gift Shop > Home, Personal & Travel > Jewelry Boxes & Cases || Retail Store Supplies > Store Fixtures & Retail Displays || Furniture > Decor > Clocks & Timers || Laboratory & Scientific Supplies > Lab Instruments & Equipment > Timers, Clocks & Stopwatches",,,
Walmart,Health and Medicine > Allergy Medicine > Simply Saline,Health and Medicine > Allergy Medicine > Simply Saline,True,gap-enriched sample,"Healthcare Supplies > OTC Pharmaceuticals > Medicine & Vitamins > Cough, Cold, Flu & Allergy || Healthcare Supplies > OTC Pharmaceuticals > Medicine & Vitamins > Topical Pain Relief || Healthcare Supplies > OTC Pharmaceuticals > Hot & Cold Therapy || Healthcare Supplies > OTC Pharmaceuticals > Medicine & Vitamins > Ear Drops & Eye Drops || Healthcare Supplies > Patient Care > Feeding Tubes & Nutrients || Healthcare Supplies > Personal Dental Care > Oral Care > Fluoride Home Use || Healthcare Supplies > Patient Care > Respiratory Therapy > Aerosol Therapy || Healthcare Supplies > Patient Care > Respiratory Therapy > Oxygen Therapy || Healthcare Supplies > Patient Care > Respiratory Therapy || Healthcare Supplies > OTC Pharmaceuticals > Medicine & Vitamins || Party Supplies > Party Supply Kits || Office Supplies > Office Basics > Office Supply Kits",,,
Walmart,Home Improvement > Building Materials > Insulation > Attic Insulation,Home Improvement > Building Materials > Insulation > Attic Insulation,True,gap-enriched sample,"Facilities > Hardware > Ceiling > Ceiling Tiles || Facilities > Heating & Cooling > Ceiling Fans || Facilities > Heating & Cooling > Heaters || Facilities > Adhesives, Sealants and Patching > Concrete & Asphalt Maintenance || Cleaning Supplies > Floor & Carpet Cleaning Equipment > Floor Pads || Facilities > Electrical and Wiring > Electrical > Wall Plates || Facilities > Hardware > Ceiling || Facilities > Heating & Cooling > Air Conditioners || Facilities > Paint Supplies > Surface Protection || Cleaning Supplies > Floor & Carpet Cleaning Equipment || Laboratory & Scientific Supplies > Labware & Consumables > Inoculating Loops & Needles || Education",,,
Walmart,Sports & Outdoors > Bikes > Kids Bikes > Boys Bikes,Sports & Outdoors > Bikes > Kids Bikes > Boys Bikes,True,gap-enriched sample,"School Supplies > Teacher Supplies > Physical Education & Recreation > Bicycles, Tricycles & Accessories || School Supplies > Teacher Supplies > Physical Education & Recreation > Riding Toys & Wagons || School Supplies > Learning at Home > Pretend Play > Toy Vehicles || School Supplies > School Bags & Lunch Boxes || School Supplies > School Tech > Computers & Accessories for School || School Supplies > Preschool Supplies > Pretend Play & Dress Up || School Supplies > School Tech > Computers & Accessories for School > School Laptops || Safety Supplies > Personal Protective Equipment (PPE) > Head & Face Protection > Hard Hats & Safety Helmets || School Supplies > Teacher Supplies > Physical Education & Recreation > Playground Equipment || Furniture > Daycare & Nursery > Play & Rest Mats || Gift Shop > Game Room & Toys || School Supplies > Learning at Home > Educational & STEM Toys",,,
Walmart,Party & Occasions > Pirate Party Supplies > Pirate Cards,Party & Occasions > Pirate Party Supplies > Pirate Cards,True,gap-enriched sample,Party Supplies > Party Favors & Costumes || Party Supplies > Party Favors & Costumes > Party Hats || Party Supplies > Party Favors & Costumes > Costumes & Accessories || Party Supplies > Party Favors & Costumes > Party Favors || Party Supplies || Party Supplies > Wedding Supplies || Party Supplies > Balloons & Accessories || Party Supplies > Party Favors & Costumes > Favor Bags & Boxes || Party Supplies > Party Supply Kits || Party Supplies > Wedding Supplies > Wedding Decorations & Supplies || Gift Shop > Greeting Cards || School Supplies > Teacher Supplies > Teacher Resources > Flash Cards,,,
Walmart,Sports & Outdoors > Exercise & Fitness > Pilates > Yoga Pilates Bands,Sports & Outdoors > Exercise & Fitness > Pilates > Yoga Pilates Bands,True,gap-enriched sample,"Fitness || Fitness > Fitness Equipment || Fitness > Fitness Equipment > Fitness Machines || Fitness > Fitness Equipment > Fitness Machines > Fitness Machines || Expanded Assortment > Fitness || Retail Store Supplies > Spa & Salon > Spa & Massage > Massage & Recovery Tools || Retail Store Supplies > Spa & Salon > Spa & Massage > Massage Stools || Retail Store Supplies > Spa & Salon > Spa & Massage > Massage Tables || Retail Store Supplies > Spa & Salon > Spa & Massage || Healthcare Supplies > Durable Medical Equipment > Orthopedics > Leg Walkers & Boots || Office Supplies > Clips, Fasteners & Rubber Bands > Rubber Bands || Healthcare Supplies > Patient Care > Practice Front Desk Supplies > Patient ID Bands",,,
Walmart,Health and Medicine > Protein > Scivation > Xtend Bcaa Bcaas Hydration,Health and Medicine > Protein > Scivation > Xtend Bcaa Bcaas Hydration,True,gap-enriched sample,"Healthcare Supplies > OTC Pharmaceuticals > Medicine & Vitamins > Probiotics || Healthcare Supplies > OTC Pharmaceuticals > Medicine & Vitamins > Vitamins & Supplements || Healthcare Supplies > OTC Pharmaceuticals > Medicine & Vitamins > Antacids || Healthcare Supplies > OTC Pharmaceuticals > Medicine & Vitamins > Laxatives || Healthcare Supplies > Personal Care > Skin Care > Supplements || Healthcare Supplies > OTC Pharmaceuticals > Medicine & Vitamins || Healthcare Supplies > OTC Pharmaceuticals > Medicine & Vitamins > Anti-Nausea & Digestive Aids || Healthcare Supplies > Patient Care > Feeding Tubes & Nutrients > Food & Beverage Thickeners || Healthcare Supplies > OTC Pharmaceuticals > Medicine & Vitamins > Clinical Nutrition || Laboratory & Scientific Supplies > Labware & Consumables > Pipet Tips || Appliances & Kitchenware > Small Appliances > Food Dehydrators || Tools, Parts & Supplies > Power Tools > Hydraulic Drivers & Punch Kits",,,
Walmart,Electronics > Smart Home > Shop by Compatibility > Ifttt Compatible,Electronics > Smart Home > Compatibility > Ifttt Compatible,True,gap-enriched sample,Computers & Accessories > Computer Accessories & Peripherals > Laptop Accessories > Laptop Docking Stations || Networking & WiFi > Network Adapters || Networking & WiFi > Network Testing Tools || Networking & WiFi > Firewall Devices || Computers & Accessories > Computer Accessories & Peripherals > Laptop Accessories > Laptop Chargers & Adapters || Computers & Accessories > Computer Accessories & Peripherals > Multi-Factor Authentication || Networking & WiFi > Mesh WiFi Systems || Computers & Accessories > Computer Accessories & Peripherals > Cables & Cable Accessories > USB Hubs || Computers & Accessories > Computer Accessories & Peripherals > Keyboard & Mouse Combos || Computers & Accessories > Desktop Computers || Gift Shop > Professional Gifts > Compasses || Furniture > Home & Office Tables > Table Components,,,
Walmart,Arts Crafts & Sewing > Elmer's > Elmer's Glitter Glues,Arts Crafts & Sewing > Elmer's > Elmer's Glitter Glues,True,gap-enriched sample,"Office Supplies > Tape, Fasteners & Adhesives > Glue & Glue Sticks || Arts & Crafts > Crayons || Facilities > Adhesives, Sealants and Patching > Adhesives || Arts & Crafts > Scrapbooking > Stickers & Embellishments || Office Supplies > Tape, Fasteners & Adhesives > Hot Glue Sticks & Guns || Facilities > Adhesives, Sealants and Patching > Adhesives > Sealants & Caulking || Facilities > Adhesives, Sealants and Patching > Adhesives > Commercial Adhesives || Expanded Assortment > Paint & Paint Supplies > Paints || Arts & Crafts > Scrapbooking > Stamps & Stencils || Retail Store Supplies > Spa & Salon > Nails > Nail Stickers & Appliques || Expanded Assortment > Pet Supplies & Accessories > Dog & Cat Supplies > Cat Litter || Computers & Accessories > Computer Accessories & Peripherals > Cables & Cable Accessories > Adapters & Splitters",,,
Walmart,Party & Occasions > Emoji Party Supplies > Emoji Tableware,Party & Occasions > Emoji Party Supplies > Emoji Tableware,True,gap-enriched sample,Appliances & Kitchenware > Kitchenware > Dining & Tableware > Tableware || Appliances & Kitchenware > Kitchenware > Dining & Tableware > Drinkware & Glassware || Party Supplies > Napkins || Party Supplies > Disposable Cutlery & Dispensers || Party Supplies > Balloons & Accessories || Party Supplies > Stirrers & Straws || Restaurant & Foodservice Supplies > Tabletop > Drinkware || Appliances & Kitchenware > Kitchenware > Dining & Tableware || Party Supplies > Balloons & Accessories > Balloons || Appliances & Kitchenware > Kitchenware > Dining & Tableware > Flatware & Cutlery || Furniture > Home & Office Tables > Table Components > Table Tops || Furniture > Home & Office Tables > Table Components > Table Bases,,,
Walmart,Sports & Outdoors > Outdoor Sports > The Eddie Bauer Shop,Sports & Outdoors > Outdoor Sports > The Eddie Bauer,False,gap-enriched sample,"Furniture > Decor > Wall Art > Sports Art || Gift Shop > Professional Gifts > Compasses > Outdoor Furniture Covers || School Supplies > Teacher Supplies > Physical Education & Recreation > Outdoor Games || Gift Shop > Game Room & Toys > Game Room > Sports Memorabilia & Collectibles || Bags, Backpacks & Luggage > Luggage & Travel Accessories > Luggage & Duffel Bags > Sport & Duffel Bags || Gift Shop > Game Room & Toys > Game Room > Sports Displays & Collectibles || Gift Shop > Professional Gifts > Compasses > Outdoor Decor || Expanded Assortment > Outdoors & Recreation || TV & Streaming Media > TV & Video > TV Accessories || Gift Shop > Professional Gifts > Compasses > Water Recreation || Arts & Crafts > Scrapbooking > Die Cutting || Furniture > Decor > Beds & Bedding > Bedding",,,
Walmart,Cell Phones > Phone & Data Plans > Family Plans,Cell Phones > Phone & Data Plans > Family Plans,True,gap-enriched sample,"Healthcare Supplies > Patient Care > Practice Front Desk Supplies > Personal Care Kits || School Supplies > Learning at Home > Building Sets || Healthcare Supplies > Patient Care > Practice Front Desk Supplies > Medical Take Home Bags || Phones, Cameras & Electronics > Cell Phone Cases || Smart Home & Security || Healthcare Supplies > Personal Care || School Supplies > Learning at Home > Home School Supplies || Office Supplies > Storage & Organization || School Supplies > Learning at Home > Board & Card Games || Phones, Cameras & Electronics > Cell Phone Accessories || School Supplies > Teacher Supplies > Teacher Resources > Lesson Plans & Grade Books || Furniture > Decor > Artificial Plants & Flowers > Artificial Plants",,,
Walmart,Health and Medicine > Protein > Fairlife Protein Shakes,Health and Medicine > Protein > Fairlife Protein Shakes,True,gap-enriched sample,"Healthcare Supplies > OTC Pharmaceuticals > Medicine & Vitamins > Vitamins & Supplements || Coffee, Water & Snacks > Snacks & Food > Fresh, Frozen & Dry Groceries > Sugar & Sweeteners || Healthcare Supplies > OTC Pharmaceuticals > Medicine & Vitamins > Clinical Nutrition || Coffee, Water & Snacks > Snacks & Food > Fresh, Frozen & Dry Groceries > Frozen Foods || Healthcare Supplies > Personal Care > Skin Care > Supplements || Healthcare Supplies > Patient Care > Feeding Tubes & Nutrients > Food & Beverage Thickeners || Healthcare Supplies > OTC Pharmaceuticals > Medicine & Vitamins > Anti-Nausea & Digestive Aids || Healthcare Supplies > Patient Care > Feeding Tubes & Nutrients > Eating & Drinking Aids || Healthcare Supplies > OTC Pharmaceuticals > Medicine & Vitamins > Probiotics || Healthcare Supplies > Personal Care > Skin Care > Body Powder || Safety Supplies > Personal Protective Equipment (PPE) > Life Vests || Furniture > Decor > Wall Art > Still Life",,,
Walmart,Health and Medicine > Keto Diet > Keto Friendly Proteins,Health and Medicine > Keto Diet > Keto Friendly Proteins,True,gap-enriched sample,"Healthcare Supplies > OTC Pharmaceuticals > Medicine & Vitamins > Vitamins & Supplements || Healthcare Supplies > Personal Care > Skin Care > Supplements || Healthcare Supplies > OTC Pharmaceuticals > Medicine & Vitamins > Probiotics || Healthcare Supplies > OTC Pharmaceuticals > Medicine & Vitamins > Anti-Nausea & Digestive Aids || Healthcare Supplies > OTC Pharmaceuticals > Medicine & Vitamins > Clinical Nutrition || Healthcare Supplies > Patient Care > Feeding Tubes & Nutrients > Food & Beverage Thickeners || Healthcare Supplies > Patient Care > Feeding Tubes & Nutrients > Eating & Drinking Aids || Healthcare Supplies > OTC Pharmaceuticals > Medicine & Vitamins || Coffee, Water & Snacks > Snacks & Food > Fresh, Frozen & Dry Groceries > Sugar & Sweeteners || Healthcare Supplies > Patient Care > Feeding Tubes & Nutrients || Safety Supplies > Personal Protective Equipment (PPE) > Ear Protection || Safety Supplies > Personal Protective Equipment (PPE) > Eye Protection",,,
Walmart,Health and Medicine > Sports Medicine & Injury Recovery Solution > Return to Function After Injury > Feel Supported and Avoid Re-Injury,Health and Medicine > Sports Medicine & Injury Recovery Solution > Return to Function After Injury > Feel Supported and Avoid Re-Injury,True,gap-enriched sample,Healthcare Supplies > Patient Care > Practice Front Desk Supplies > Medical Take Home Bags || Healthcare Supplies > Patient Care > Practice Front Desk Supplies || Healthcare Supplies > Patient Care > Medical Practice Furniture || Healthcare Supplies > Patient Care > Practice Front Desk Supplies > Patient ID Bands || Healthcare Supplies > Personal Care > Period Care || Healthcare Supplies > Patient Care > Practice Front Desk Supplies > Personal Care Kits || Healthcare Supplies > Durable Medical Equipment > Patient Lift & Transfer || Healthcare Supplies > Wound Care > Advanced Wound Care || Healthcare Supplies > Personal Care > Skin Care || Healthcare Supplies > Patient Care > Exam Room Supplies & Equipment > Minor Procedure Trays || Healthcare Supplies > Durable Medical Equipment > Orthopedics > Wrist & Hand Supports || Healthcare Supplies > Durable Medical Equipment > Orthopedics > Neck Supports,,,
Walmart,Home > Featured Shops > Drew Barrymore Flower Home > Drew Barrymore Flower Home Bed Bath,Home > Featured Shops > Drew Barrymore Flower Home > Drew Barrymore Flower Home Bed Bath,True,gap-enriched sample,"Furniture > Decor > Bath & Shower Accessories || Furniture > Decor > Home & Office Decor > Home & Office Bars || Furniture > Decor > Home & Office Decor > Living Room Accents || Furniture > Decor > Home & Office Decor > Home Accents || Furniture > Decor > Artificial Plants & Flowers || Furniture > Decor > Home & Office Decor || Retail Store Supplies > Spa & Salon > Bath & Body || Furniture > Decor > Wall Art > Floral Art || Furniture > Decor > Wall Art > Food & Kitchen Art || Furniture > Decor > Home & Office Decor > Decorative Baskets, Bowls and Boxes || Furniture > Decor > Artificial Plants & Flowers > Artificial Flowers || Healthcare Supplies > Durable Medical Equipment > Shower & Bath Aids",,,
Walmart,Industrial & Scientific > Farm & Ranch,Industrial & Scientific > Farm & Ranch,False,gap-enriched sample,"Laboratory & Scientific Supplies > Controlled Environment Supplies || Laboratory & Scientific Supplies || Laboratory & Scientific Supplies > Lab Furniture & Fixtures || Laboratory & Scientific Supplies > Educational Materials & Accessories || Laboratory & Scientific Supplies > Lab Safety || Laboratory & Scientific Supplies > Lab Instruments & Equipment || Laboratory & Scientific Supplies > Lab Instruments & Equipment > Water & Wastewater Testing || Laboratory & Scientific Supplies > Lab Instruments & Equipment > Water Purification Lab Equipment || Restaurant & Foodservice Supplies > Smallwares > Commercial Kitchen Tools || Restaurant & Foodservice Supplies > Commercial Restaurant Equipment > Equipment Parts & Accessories || Bags, Backpacks & Luggage > Totes & Handbags > Lunch Bags & Boxes || Appliances & Kitchenware > Major Appliances > Range Hoods",,,
Walmart,Patio & Garden > Patio & Outdoor Decor > Weathervanes,Patio & Garden > Patio & Outdoor Decor > Weathervanes,True,gap-enriched sample,Gift Shop > Professional Gifts > Compasses > Patio Furniture || Gift Shop > Professional Gifts > Compasses > Outdoor Decor || Furniture > Decor > Home & Office Decor > Indoor Fireplaces || Furniture > Decor > Seasonal Decor > Figurines & Tabletop Decor || Furniture > Decor > Decorative Accents || Furniture > Decor > Seasonal Decor > Ornaments & Tree Decor || Furniture > Decor > Seasonal Decor || Gift Shop > Professional Gifts > Compasses > Outdoor Furniture Covers || Gift Shop > Professional Gifts > Compasses > Outdoor Heaters || Furniture > Decor > Seasonal Decor > Window & Wall Decor & Signs || Furniture > Decor > Weather Instruments || Healthcare Supplies > Durable Medical Equipment > Mobility Aids > Canes,,,
Walmart,Health and Medicine > Vision Centers > Prescription Glasses > Men's Eyeglasses,Health and Medicine > Vision Centers > Prescription Glasses > Men's Eyeglasses,True,gap-enriched sample,"Safety Supplies > Personal Protective Equipment (PPE) > Eye Protection > Safety Glasses, Goggles & Accessories || Expanded Assortment > Personal Care & Eyewear || Expanded Assortment > Personal Care & Eyewear > Perfumes & Cologne || Expanded Assortment > Personal Care & Eyewear > Hair Styling Products || Healthcare Supplies > Personal Care > Skin Care > Eye Cream || Healthcare Supplies > Patient Care > Practice Front Desk Supplies > Medical Take Home Bags || Healthcare Supplies > OTC Pharmaceuticals > Medicine & Vitamins > Ear Drops & Eye Drops || Healthcare Supplies > OTC Pharmaceuticals > Medicine & Vitamins > Stop Smoking Aids || Healthcare Supplies > Patient Care > Beds & Bedside Care > Disposable Medical & Dental Cups || Wearable Technology > Camera Glasses || Gift Shop > Professional Gifts > Compasses || Restaurant & Foodservice Supplies > Tabletop > Glassware",,,
Walmart,Patio & Garden > Patio & Outdoor Decor > Garden Statues > Buddha Statues,Patio & Garden > Patio & Outdoor Decor > Garden Statues > Buddha Statues,True,gap-enriched sample,"Gift Shop > Home, Personal & Travel > Sculptures & Figurines || Furniture > Decor > Wall Art > Garden Landscape || Furniture > Decor > Seasonal Decor > Standing Decor || Furniture > Decor > Wall Art || Furniture > Decor > Seasonal Decor > Figurines & Tabletop Decor || Furniture > Decor > Wall Art > Wall Art/Decor || Furniture > Decor > Seasonal Decor > Ornaments & Tree Decor || Furniture > Decor > Wall Art > Framed Posters || Gift Shop > Professional Gifts > Compasses > Patio Furniture || Furniture > Decor > Wall Art > Nature Landscape Art || Healthcare Supplies > Patient Care > Exam Room Supplies & Equipment > Exam Room Status Flags || Gift Shop > Stationery",,,
Walmart,Sports & Outdoors > Sports > Tennis & Racquets > Tennis Racquets,Sports & Outdoors > Sports > Tennis & Racquets > Tennis Racquets,True,gap-enriched sample,"Fitness > Fitness Equipment || Bags, Backpacks & Luggage > Luggage & Travel Accessories > Luggage & Duffel Bags > Sport & Duffel Bags || Gift Shop > Game Room & Toys > Game Room > Darts & Dart Boards || Fitness > Fitness Equipment > Fitness Machines > Fitness Machines || Fitness > Fitness Equipment > Fitness Machines || School Supplies > Teacher Supplies > Physical Education & Recreation > Outdoor Games || Gift Shop > Game Room & Toys > Game Room > Sports Memorabilia & Collectibles || Gift Shop > Game Room & Toys > Game Room > Pool Tables & Accessories || Fitness || School Supplies > Teacher Supplies > Physical Education & Recreation > Playground Equipment || Healthcare Supplies > Wound Care > Advanced Wound Care > Tourniquets || Gift Shop > Table Tents",,,
