competitor,comp_path,context_path,is_leaf,source,candidates,staples_carries,gold_staples_path,note
Amazon,"Office Products > Office Electronics > Electronic Dictionaries, Thesauri & Translators","Office Products > Office Electronics > Electronic Dictionaries, Thesauri & Translators",True,stratified sample,"Office Supplies > Writing Supplies & Instruments || Computers & Accessories > Computer Accessories & Peripherals > Computer Speakers || Computer Software > Education & Language Learning Software || Office Supplies > Custom Marketing Materials || Computer Software > Office & Business Software || Shredders, Projectors & Office Machines > Calculators > Industry Specific Calculators || Computers & Accessories > Computer Parts & Components || Office Supplies > Forms & Recordkeeping > Digital Legal Forms || Computer Software > Legal Software || Furniture > Storage Furniture > Electronics & Computer Storage Units || Phones, Cameras & Electronics || Facilities > Electrical and Wiring > Electrical",,,
Amazon,Industrial & Scientific > Robotics > Unmanned Aerial Vehicles (UAVs),Industrial & Scientific > Robotics > Unmanned Aerial Vehicles (UAVs),True,stratified sample,"Phones, Cameras & Electronics > Drones & UAV || Laboratory & Scientific Supplies > Lab Instruments & Equipment || Wearable Technology > Action Cameras || Laboratory & Scientific Supplies > Controlled Environment Supplies || Laboratory & Scientific Supplies || Laboratory & Scientific Supplies > Lab Safety || Safety Supplies > Test Instruments, Meters & Precision Tools || Wearable Technology > Sports & Handheld GPS || Laboratory & Scientific Supplies > Lab Instruments & Equipment > Laboratory Pumps & Accessories || Laboratory & Scientific Supplies > Lab Instruments & Equipment > Water & Wastewater Testing || School Supplies > Learning at Home > Pretend Play > Toy Vehicles || Healthcare Supplies > Durable Medical Equipment > Patient Lift & Transfer > Vehicle Lifts",,,
Amazon,Health & Personal Care > Sports Nutrition > Pre-Workout,Health & Personal Care > Sports Nutrition > Pre-Workout,True,stratified sample,Fitness > Fitness Equipment || Fitness || Fitness > Fitness Equipment > Fitness Machines || Fitness > Fitness Equipment > Fitness Machines > Fitness Machines || Expanded Assortment > Fitness || Healthcare Supplies > Personal Care > Skin Care > Supplements || Healthcare Supplies > Patient Care > Diagnostic & Exam Instruments > Health & Body Weight Scales || Healthcare Supplies > Patient Care > Practice Front Desk Supplies > Personal Care Kits || School Supplies > Teacher Supplies > Physical Education & Recreation > Physical Education Equipment || Healthcare Supplies > OTC Pharmaceuticals > Medicine & Vitamins > Clinical Nutrition || Facilities > Locks & Key Control > Lockout Devices || Restaurant & Foodservice Supplies > Commercial Restaurant Equipment > Kitchen Work & Prep Tables,,,
Amazon,Health & Personal Care > Household Supplies > Moisture Absorbers,Health & Personal Care > Household Supplies > Moisture Absorbers,True,stratified sample,"Cleaning Supplies > Cleaning Chemicals & Wipes > Dilution Control Systems & Chemicals || Facilities > Paint Supplies > Surface Protection || Cleaning Supplies > Natural Cleaning Supplies > Natural Cleaning Supplies || Cleaning Supplies > Natural Cleaning Supplies || Facilities > Heating & Cooling > Air Conditioners || Cleaning Supplies > Cleaning Chemicals & Wipes || Cleaning Supplies > Chemical Sterilization Equipment || Cleaning Supplies > Cleaning Chemicals & Wipes > Cleaning Chemicals || Tools, Parts & Supplies > Chemicals, Lubricants & Paints || Facilities > Grounds Maintenance > Outdoor Tools > Pressure Washers & Accessories || Healthcare Supplies > Personal Care > Skin Care > Lotion & Moisturizer || Paper > Envelopes > Finger Pads & Moisteners",,,
Amazon,Industrial & Scientific > Industrial Hardware > Braces & Joist Hangers,Industrial & Scientific > Industrial Hardware > Braces & Joist Hangers,True,stratified sample,"Facilities > Hardware > Fasteners || Office Supplies > Clips, Fasteners & Rubber Bands > Paper Fasteners || Tools, Parts & Supplies > Measuring & Leveling Tools > Industrial Tape || Office Supplies > Tape, Fasteners & Adhesives || Office Supplies > Tape, Fasteners & Adhesives > Mounting > Hook and Loop Fasteners || Retail Store Supplies > Sewing & Tailoring > Fasteners || Office Supplies > Tape, Fasteners & Adhesives > Mounting || Office Supplies > Clips, Fasteners & Rubber Bands || Office Supplies > Tape, Fasteners & Adhesives > Mounting > Hooks & Hanging Strips || Tools, Parts & Supplies > Industrial Adhesives, Sealants & Tapes || Retail Store Supplies > Backroom Retail Supplies > Clothing Hangers & Accessories || Paper > Envelopes > Finger Pads & Moisteners",,,
Amazon,"Industrial & Scientific > Power Transmission Products > Couplings, Collars & Universal Joiners","Industrial & Scientific > Power Transmission Products > Couplings, Collars & Universal Joiners",True,stratified sample,"Facilities > Hand & Power Tools > Power Tools > Pneumatic Tools || Tools, Parts & Supplies > Automotive > Booster Cables, Battery Clamps & Chargers || Tools, Parts & Supplies > Power Tools > Pressure Washer Accessories / Attachments || Facilities > Hand & Power Tools > Power Tools > Screw Extractors & Sets || Tools, Parts & Supplies > Power Tools > Hydraulic Drivers & Punch Kits || Tools, Parts & Supplies > Fittings || Tools, Parts & Supplies > Hose Clamps || Facilities > Hand & Power Tools > Power Tools > Power Saws & Accessories || Tools, Parts & Supplies > Power Tools > Metal Detectors || Tools, Parts & Supplies > Measuring & Leveling Tools > Industrial Tape || Party Supplies > Anniversary Supplies || Expanded Assortment > Paint & Paint Supplies > Paint Trays & Liners",,,
Amazon,"Arts, Crafts & Sewing > Crafting > Scratchboards & Foil Engraving","Arts, Crafts & Sewing > Crafting > Scratchboards & Foil Engraving",True,stratified sample,"Arts & Crafts > Crafting > Craft Supplies || Arts & Crafts > Crafting || Arts & Crafts > Crafting > Craft Kits || Arts & Crafts > Crafting > Art Portfolios & Craft Storage || Tools, Parts & Supplies > Chalk Reels & Marking Tools > Stencil Sets || Tools, Parts & Supplies > Chalk Reels & Marking Tools > Steel Hand Stamp Sets || Arts & Crafts > Drawing & Colored Pencils || Arts & Crafts > Scrapbooking > Stamps & Stencils || Arts & Crafts > Art Paper & Rolls || Arts & Crafts > Scrapbooking > Stickers & Embellishments || Restaurant & Foodservice Supplies > Disposable Food Packaging > Food Packaging Wrap > Food Wrap & Foils || Tools, Parts & Supplies > Scratch Brushes",,,
Amazon,Industrial & Scientific > Power Transmission Products > Mechanical Pulleys,Industrial & Scientific > Power Transmission Products > Mechanical Pulleys,True,stratified sample,"Facilities > Hand & Power Tools > Power Tools > Pneumatic Tools || Tools, Parts & Supplies > Power Tools > Hydraulic Drivers & Punch Kits || Tools, Parts & Supplies > Coated Flap Wheel Abrasives || Tools, Parts & Supplies > Keystocks, Shims & Valves || Tools, Parts & Supplies > Measuring & Leveling Tools > Industrial Tape || Computers & Accessories > Computer Parts & Components > Power Supplies || Tools, Parts & Supplies > Non Woven Wheel Abrasives || Tools, Parts & Supplies > Power Tools > Pressure Washer Accessories / Attachments || Tools, Parts & Supplies > Automotive > Booster Cables, Battery Clamps & Chargers || Facilities > Hand & Power Tools > Power Tools > Screw Extractors & Sets || Tools, Parts & Supplies > Hand Tools > Pullers & Accessories || Facilities > Material Handling > Hoists, Winches & Pullers",,,
Amazon,Home & Kitchen > Event & Party Supplies > Adult Novelty,Home & Kitchen > Event & Party Supplies > Adult Novelty,True,stratified sample,Party Supplies > Party Favors & Costumes || Gift Shop > Game Room & Toys || Party Supplies > Party Favors & Costumes > Party Hats || Party Supplies > Wedding Supplies || Party Supplies > Party Favors & Costumes > Costumes & Accessories || Party Supplies > Balloons & Accessories || School Supplies > Learning at Home > Educational & STEM Toys || Gift Shop > As Seen on TV || School Supplies > Preschool Supplies > Pretend Play & Dress Up || Party Supplies || Healthcare Supplies > Personal Care > Incontinence > Adult Briefs || Safety Supplies > Ice Melt,,,
Amazon,Health & Personal Care > Sports Nutrition > Fat Burners & Thermogenics,Health & Personal Care > Sports Nutrition > Fat Burners & Thermogenics,True,stratified sample,Healthcare Supplies > Personal Care > Skin Care > Supplements || Healthcare Supplies > OTC Pharmaceuticals > Medicine & Vitamins > Vitamins & Supplements || Healthcare Supplies > OTC Pharmaceuticals > Medicine & Vitamins > Clinical Nutrition || Healthcare Supplies > OTC Pharmaceuticals > Medicine & Vitamins > Stop Smoking Aids || Healthcare Supplies > Patient Care > Feeding Tubes & Nutrients > Eating & Drinking Aids || Healthcare Supplies > OTC Pharmaceuticals > Medicine & Vitamins > Anti-Nausea & Digestive Aids || Healthcare Supplies > OTC Pharmaceuticals > Medicine & Vitamins || Healthcare Supplies > OTC Pharmaceuticals > Medicine & Vitamins > Pill Organizers & Storage || Fitness > Fitness Equipment || Healthcare Supplies > Patient Care > Diagnostic & Exam Instruments > Health & Body Weight Scales || Hard Drives & Data Storage > Disc Drives & Burners || Facilities > Heating & Cooling > Thermostats,,,
Amazon,Electronics > Video Game Consoles & Accessories > Xbox One,Electronics > Video Game Consoles & Accessories > Xbox One,True,stratified sample,"Computer Software > PC Games & Accessories > PC Gaming Accessories || Computer Software > PC Games & Accessories > PC Games || Gaming > Video Games || Computer Software > PC Games & Accessories || TV & Streaming Media > TV & Video > Car CD Players & Monitors || Gift Shop > Game Room & Toys > Game Room > Gaming Tables & Accessories || Gaming > Handheld Consoles || Gaming > Gaming Consoles || TV & Streaming Media > TV & Video > DVD & Blu-Ray Players || Gaming > Gaming Controllers || Facilities > Hand & Power Tools > Hand Tools > Box Cutters & Utility Knives || Phones, Cameras & Electronics > Phones & Accessories > Phone Accessories",,,
Amazon,"Patio, Lawn & Garden > Farm & Ranch > Livestock Supplies","Patio, Lawn & Garden > Farm & Ranch > Livestock Supplies",True,stratified sample,"Expanded Assortment > Pet Supplies & Accessories > Bird Supplies || Facilities > Grounds Maintenance > Watering Equipment || Expanded Assortment > Pet Supplies & Accessories > Bird Supplies > Bird Food, Treats and Healthcare || Expanded Assortment > Pet Supplies & Accessories > Specialty Pet Supplies || Facilities > Grounds Maintenance > Outdoor Tools > Lawn & Garden Tools || Facilities > Grounds Maintenance > Watering Equipment > Lawn Sprinklers || School Supplies > Teacher Supplies > Physical Education & Recreation > Riding Toys & Wagons || Expanded Assortment > Pet Supplies & Accessories > Dog & Cat Supplies || Facilities > Paint Supplies > Wood Care & Maintenance || Expanded Assortment > Pet Supplies & Accessories || Party Supplies || Restaurant & Foodservice Supplies > Bar Supplies",,,
Amazon,"Arts, Crafts & Sewing > Printmaking > Printing Presses & Accessories","Arts, Crafts & Sewing > Printmaking > Printing Presses & Accessories",True,stratified sample,"Arts & Crafts > Art Paper & Rolls || Arts & Crafts > Art & Drawing Pens || Arts & Crafts > Drawing Tools & Supplies || Arts & Crafts > Painting Accessories || Arts & Crafts > Canvas & Art Boards || Arts & Crafts > Art Brushes || Arts & Crafts > Drawing & Colored Pencils || Retail Store Supplies > Sewing & Tailoring > Sewing Machines || Retail Store Supplies > Sewing & Tailoring > Needle Arts || Tools, Parts & Supplies > Chalk Reels & Marking Tools > Stencil Sets || Shredders, Projectors & Office Machines > Calculators > Printing Calculators || TV & Streaming Media > TV & Video > TV Accessories",,,
Amazon,"Patio, Lawn & Garden > Gardening & Lawn Care > Greenhouses & Accessories","Patio, Lawn & Garden > Gardening & Lawn Care > Greenhouses & Accessories",True,stratified sample,Facilities > Grounds Maintenance > Outdoor Tools > Lawn & Garden Tools || Facilities > Grounds Maintenance > Watering Equipment > Lawn Sprinklers || Furniture > Decor > Artificial Plants & Flowers || Facilities > Grounds Maintenance > Outdoor Tools > Rakes & Leaf Blowers || Facilities > Grounds Maintenance > Watering Equipment || Furniture > Decor > Wall Art > Garden Landscape || Furniture > Decor > Artificial Plants & Flowers > Artificial Plants || Gift Shop > Professional Gifts > Compasses > Patio Furniture || Facilities > Grounds Maintenance > Outdoor Tools || Facilities > Grounds Maintenance > Watering Equipment > Water Hoses & Accessories || TV & Streaming Media > TV & Video > TV Accessories || Gift Shop > Professional Gifts > Bar Accessories,,,
Amazon,"Patio, Lawn & Garden > Gardening & Lawn Care > Plant & Soil Monitoring","Patio, Lawn & Garden > Gardening & Lawn Care > Plant & Soil Monitoring",True,stratified sample,Facilities > Grounds Maintenance > Outdoor Tools > Lawn & Garden Tools || Facilities > Grounds Maintenance > Watering Equipment || Facilities > Grounds Maintenance > Watering Equipment > Lawn Sprinklers || Furniture > Decor > Artificial Plants & Flowers > Artificial Plants || Facilities > Grounds Maintenance > Outdoor Tools || Cleaning Supplies > Pest Control || Facilities > Grounds Maintenance > Snow Removal || Furniture > Decor > Artificial Plants & Flowers > Artificial Trees || Facilities > Paint Supplies > Wood Care & Maintenance || Facilities > Grounds Maintenance > Outdoor Tools > Rakes & Leaf Blowers || Healthcare Supplies > Patient Care > Diagnostic & Exam Instruments > Monitoring Equipment || TV & Streaming Media > TV & Video > Car CD Players & Monitors,,,
Amazon,Industrial & Scientific > Cutting Tools > Countersinks,Industrial & Scientific > Cutting Tools > Countersinks,True,stratified sample,"Tools, Parts & Supplies > Power Tools > Finishing Tools || Tools, Parts & Supplies > Power Tools > Concrete Tools || Tools, Parts & Supplies > Hand Tools || Tools, Parts & Supplies > Power Tools > Drilling and Fastening Tools || Appliances & Kitchenware > Kitchenware > Kitchen Tools > Cutting Boards || Tools, Parts & Supplies > Power Tools || Tools, Parts & Supplies > Welding Tools || Tools, Parts & Supplies > Hand Tools > Electrical Tools, Meters & Fish Tape || Facilities > Hand & Power Tools > Hand Tools || Facilities > Hand & Power Tools > Tool Storage || Facilities > Plumbing > Sinks || Furniture > Chairs & Seating > Stools & Ottomans > Counter & Bar Stools",,,
Amazon,"Appliances > Refrigerators, Freezers & Ice Makers > Kegerators","Appliances > Refrigerators, Freezers & Ice Makers > Kegerators",True,stratified sample,"Appliances & Kitchenware > Major Appliances > Freezers || Appliances & Kitchenware > Major Appliances > Refrigerators || Laboratory & Scientific Supplies > Lab Instruments & Equipment > Refrigerators, Freezers & Accessories || Appliances & Kitchenware > Major Appliances > Dishwashers || Coffee, Water & Snacks > Breakroom Appliances > Toaster Ovens || Appliances & Kitchenware > Small Appliances > Microwaves || Appliances & Kitchenware > Major Appliances > Ice Makers & Dispensers || Appliances & Kitchenware > Small Appliances > Griddles, Grills & Waffle Makers || Appliances & Kitchenware > Major Appliances > Washers & Dryers || Coffee, Water & Snacks > Breakroom Appliances > Blenders & Food Processors || Safety Supplies > Generators || Appliances & Kitchenware > Small Appliances > Food Dehydrators",,,
Amazon,Tools & Home Improvement,Tools & Home Improvement,False,stratified sample,"Tools, Parts & Supplies > Power Tools > Finishing Tools || Tools, Parts & Supplies > Tool & Garage Organization || Tools, Parts & Supplies > Power Tools > Concrete Tools || Facilities > Hand & Power Tools > Tool Storage || Facilities > Hand & Power Tools > Measuring & Layout Tools || Facilities > Hand & Power Tools > Hand Tools || School Supplies > Learning at Home > Learning & Development Toys || Restaurant & Foodservice Supplies > Smallwares > Commercial Kitchen Tools || Tools, Parts & Supplies > Power Tools || School Supplies > Learning at Home > Building Sets || Tools, Parts & Supplies > Hand Tools || Facilities > Hand & Power Tools > Power Tools",,,
Amazon,Home & Kitchen > Bedding > Quilts & Sets,Home & Kitchen > Bedding > Quilts & Sets,True,stratified sample,"Furniture > Decor > Beds & Bedding > Blankets & Throws || Furniture > Decor > Beds & Bedding > Bedding || Furniture > Decor > Beds & Bedding > Pillows || Furniture > Decor > Beds & Bedding || Furniture > Decor > Bath Mats & Towels || Furniture > Decor > Beds & Bedding > Mattress Pads & Toppers || Furniture > Decor > Shower Curtains & Accessories || Furniture > Decor > Beds & Bedding > Beds & Mattresses || Decor > Rugs || Furniture > Decor > Home & Office Decor > Decorative Baskets, Bowls and Boxes || Gift Shop > Gift Sets, Photo & Custom Gifts > Gift Sets || School Supplies > Learning at Home > Building Sets",,,
Amazon,Home & Kitchen > Seasonal Décor > Collectible Buildings & Accessories,Home & Kitchen > Seasonal Décor > Collectible Buildings & Accessories,True,stratified sample,"Furniture > Decor > Seasonal Decor > Window & Wall Decor & Signs || Furniture > Decor > Seasonal Decor > Ornaments & Tree Decor || Furniture > Decor > Home & Office Decor > Decorative Plates || Furniture > Decor > Seasonal Decor > Standing Decor || Furniture > Decor > Home & Office Decor || Furniture > Decor > Home & Office Decor > Decorative Baskets, Bowls and Boxes || Furniture > Decor > Seasonal Decor > Figurines & Tabletop Decor || Furniture > Decor > Seasonal Decor || Furniture > Decor > Seasonal Decor > Holiday Lighting || Furniture > Decor > Wall Art > Food & Kitchen Art || School Supplies > Learning at Home > Building Sets || Gift Shop > Game Room & Toys > Game Room > Sports Displays & Collectibles",,,
Amazon,Industrial & Scientific > Cutting Tools > Band Saw Blades,Industrial & Scientific > Cutting Tools > Band Saw Blades,True,stratified sample,"Tools, Parts & Supplies > Hand Tools > Cutters & Cutter Wheels || Facilities > Hand & Power Tools > Hand Tools > Box Cutters & Utility Knives || Facilities > Hand & Power Tools > Hand Tools > Hand Saws || Tools, Parts & Supplies > Hand Tools > Electrical Tools: Wire Pulling Grips || Tools, Parts & Supplies > Hand Tools > Electrical Tools, Meters & Fish Tape || Appliances & Kitchenware > Kitchenware > Kitchen Tools > Cutting Boards || Tools, Parts & Supplies > Hand Tools > Bending & Flaring Tools || Facilities > Hand & Power Tools > Hand Tools > Hammers & Striking Tools || Facilities > Hand & Power Tools > Hand Tools > Hand Tool Sets || Tools, Parts & Supplies > End Brushes || Office Supplies > Clips, Fasteners & Rubber Bands > Rubber Bands || Healthcare Supplies > Patient Care > Practice Front Desk Supplies > Patient ID Bands",,,
Amazon,Electronics > Television & Video > Analog-to-Digital (DTV) Converters,Electronics > Television & Video > Analog-to-Digital (DTV) Converters,True,stratified sample,"TV & Streaming Media > TV & Video > Digital Signage || Phones, Cameras & Electronics > Cameras, Camcorders & Accessories > Digital Picture Frames || Audio > Portable Audio > Home Theater Audio > Receivers & Amplifiers || Audio > Portable Audio > Voice Recorders || Audio > Portable Audio > Home Theater Audio > Retro Audio || Audio > Portable Audio || Audio > Portable Audio > Home Theater Audio || TV & Streaming Media > TV & Video > TV Accessories || TV & Streaming Media > TV & Video || Audio > Portable Audio > Two Way Radios || Office Supplies > Forms & Recordkeeping > Digital Legal Forms || Tablets & iPads > Digital Notebooks & Accessories",,,
Amazon,Industrial & Scientific > Raw Materials > Plastics,Industrial & Scientific > Raw Materials > Plastics,True,stratified sample,"Tools, Parts & Supplies > Chemicals, Lubricants & Paints > Penetrants || Tools, Parts & Supplies > Chemicals, Lubricants & Paints || Tools, Parts & Supplies > Industrial Adhesives, Sealants & Tapes || Laboratory & Scientific Supplies > Lab Furniture & Fixtures > Hazardous Material Lab Storage || Tools, Parts & Supplies > Automotive > Tarps & Plastic Sheeting || Tools, Parts & Supplies > Resin Bonded Abrasives || Tools, Parts & Supplies > Coated Sheet Abrasives || Paper > Specialty Paper Products > Security & Carbon Paper || Tools, Parts & Supplies > Coated Roll Abrasives || Laboratory & Scientific Supplies > Lab Safety > Material Handling & Storage || Retail Store Supplies > Sewing & Tailoring > Elastic || Healthcare Supplies > Wound Care > Bandages > Elastic Bandages",,,
Amazon,"Industrial & Scientific > Test, Measure & Inspect > Surface & Hardness Testing","Industrial & Scientific > Test, Measure & Inspect > Surface & Hardness Testing",True,stratified sample,"Laboratory & Scientific Supplies > Lab Instruments & Equipment > Water & Wastewater Testing || Safety Supplies > Test Instruments, Meters & Precision Tools || Laboratory & Scientific Supplies > Lab Safety > Material Handling & Storage || Facilities > Hand & Power Tools > Measuring & Layout Tools > Inspection Mirrors || Tools, Parts & Supplies > Chalk Reels & Marking Tools > Temperature Indicators || Healthcare Supplies > Patient Care > Diagnostic & Exam Instruments > Testing Kits || Laboratory & Scientific Supplies > Lab Instruments & Equipment > Time & Temperature Instruments || Facilities > Hand & Power Tools > Hand Tools > Testers & Indicators || Facilities > Paint Supplies > Surface Protection || Facilities > Hand & Power Tools > Measuring & Layout Tools > Measuring Wheels || Networking & WiFi > Network Testing Tools || Healthcare Supplies > First Aid > Emergency Preparedness",,,
Amazon,Appliances > Vacuums & Floor Care > Steam Cleaners & Steam Mops,Appliances > Vacuums & Floor Care > Steam Cleaners & Steam Mops,True,stratified sample,"Cleaning Supplies > Floor & Carpet Cleaning Equipment > Vacuums || Cleaning Supplies > Floor & Carpet Cleaning Equipment > Carpet Extractors & Cleaners || Cleaning Supplies > Floor & Carpet Cleaning Equipment > Wet/Dry Vacuums || Cleaning Supplies > Floor & Carpet Cleaning Equipment || Cleaning Supplies > Floor & Carpet Cleaning Equipment > Floor Machines & Burnishers || Cleaning Supplies > Floor & Carpet Cleaning Equipment > Vacuum Parts & Accessories || Cleaning Supplies > Floor & Carpet Cleaning Equipment > Auto Scrubbers || Cleaning Supplies > Cleaning Tools > Cleaning Brushes & Toilet Plungers || Cleaning Supplies > Cleaning Tools > Sponges & Scrubbers || Cleaning Supplies > Cleaning Chemicals & Wipes > Carpet Care || Cleaning Supplies > Cleaning Tools > Mops, Brooms & Dustpans > Mops || Facilities > Adhesives, Sealants and Patching > Concrete & Asphalt Maintenance > Cleaners and Sealers",,,
Amazon,"Industrial & Scientific > Test, Measure & Inspect","Industrial & Scientific > Test, Measure & Inspect",False,stratified sample,"Laboratory & Scientific Supplies || Laboratory & Scientific Supplies > Lab Instruments & Equipment > Water & Wastewater Testing || Laboratory & Scientific Supplies > Lab Safety || Laboratory & Scientific Supplies > Lab Instruments & Equipment || Safety Supplies > Test Instruments, Meters & Precision Tools || Laboratory & Scientific Supplies > Controlled Environment Supplies || Laboratory & Scientific Supplies > Educational Materials & Accessories || Laboratory & Scientific Supplies > Lab Instruments & Equipment > Time & Temperature Instruments || Laboratory & Scientific Supplies > Lab Safety > Material Handling & Storage || Laboratory & Scientific Supplies > Lab Safety > Hazard Communications, Labels, Tags & Signs || Facilities > Hand & Power Tools > Measuring & Layout Tools > Tape Measures || Facilities > Hand & Power Tools > Measuring & Layout Tools > Inspection Mirrors",,,
Amazon,Home & Kitchen > Bedding > Comforters & Sets,Home & Kitchen > Bedding > Comforters & Sets,True,stratified sample,"Furniture > Decor > Beds & Bedding > Bedding || Furniture > Decor > Beds & Bedding > Pillows || Furniture > Decor > Beds & Bedding || Furniture > Decor > Beds & Bedding > Blankets & Throws || Furniture > Decor > Beds & Bedding > Beds & Mattresses || Furniture > Decor > Beds & Bedding > Mattress Pads & Toppers || Furniture > Decor > Bath Mats & Towels || Furniture > Decor > Shower Curtains & Accessories || Furniture > Decor > Beds & Bedding > Headboards || Retail Store Supplies > Spa & Salon > Spa & Massage > Sheets & Linens || Gift Shop > Gift Sets, Photo & Custom Gifts > Gift Sets || Facilities > Hand & Power Tools > Hand Tools > Hand Tool Sets",,,
Amazon,Home & Kitchen > Seasonal Décor > Snow Globes,Home & Kitchen > Seasonal Décor > Snow Globes,True,stratified sample,Furniture > Decor > Seasonal Decor > Ornaments & Tree Decor || Furniture > Decor > Seasonal Decor > Holiday Lighting || Furniture > Decor > Seasonal Decor > Window & Wall Decor & Signs || Furniture > Decor > Weather Instruments || Appliances & Kitchenware > Small Appliances > Ice Makers & Snow Cone Machines || Furniture > Decor > Seasonal Decor > Standing Decor || Facilities > Grounds Maintenance > Snow Removal > Snow Blowers || Furniture > Decor > Seasonal Decor || Gift Shop > Artificial Christmas Trees || Gift Shop > Professional Gifts > Compasses > Outdoor Decor || School Supplies > Teacher Supplies > Teacher Resources > Maps & Globes || Facilities > Grounds Maintenance > Snow Removal,,,
Amazon,"Patio, Lawn & Garden > Outdoor Décor > Garage Door Decorations","Patio, Lawn & Garden > Outdoor Décor > Garage Door Decorations",True,stratified sample,"Furniture > Decor > Seasonal Decor > Window & Wall Decor & Signs || Furniture > Decor > Home & Office Decor > Indoor Fireplaces || Furniture > Decor > Home & Office Decor || Furniture > Decor > Home & Office Decor > Living Room Accents || Furniture > Decor > Bath & Shower Accessories || Gift Shop > Professional Gifts > Compasses > Patio Furniture || Furniture > Decor > Shower Curtains & Accessories || Retail Store Supplies > Store Fixtures & Retail Displays > Floor & Wall Mirrors || Furniture > Decor > Home & Office Decor > Accent Room Dividers || Furniture > Decor > Seasonal Decor > Standing Decor || Tools, Parts & Supplies > Tool & Garage Organization > Garage Storage Equipment || Tools, Parts & Supplies > Tool & Garage Organization",,,
Amazon,"Arts, Crafts & Sewing > Beading & Jewelry Making > Beading Supplies","Arts, Crafts & Sewing > Beading & Jewelry Making > Beading Supplies",True,stratified sample,"Arts & Crafts > Crafting > Craft Supplies || Retail Store Supplies > Sewing & Tailoring > Knit & Crochet Supplies || Retail Store Supplies > Sewing & Tailoring > Patterns & Sewing Books || Retail Store Supplies > Sewing & Tailoring > Trim & Embellishments || Retail Store Supplies > Sewing & Tailoring > Sewing Tools || Arts & Crafts > Crafting > Craft Kits || Arts & Crafts > Scrapbooking || Retail Store Supplies > Sewing & Tailoring > Needle Arts || Party Supplies > Ribbon, Bows & Wrapping Supplies || Arts & Crafts > Drawing Tools & Supplies || Party Supplies || Restaurant & Foodservice Supplies > Bar Supplies",,,
Amazon,Industrial & Scientific > Digital Signage > Video Wall Controllers,Industrial & Scientific > Digital Signage > Video Wall Controllers,True,stratified sample,"TV & Streaming Media > TV & Video > Digital Signage || Computers & Accessories > Computer Parts & Components > Video Capture Devices || Phones, Cameras & Electronics > Cameras, Camcorders & Accessories > Digital Picture Frames || Audio > Portable Audio > Two Way Radios || TV & Streaming Media > TV & Video > Smart Boards || Computers & Accessories > Computer Parts & Components > Graphics Cards || Wearable Technology > Action Cameras || Computers & Accessories > Computer Parts & Components > Tower Computer Cases || Computers & Accessories > Computer Parts & Components > RAID Controllers || Computers & Accessories > Computer Monitors & Stands || Gaming > Gaming Controllers || TV & Streaming Media > TV & Video",,,
Amazon,"Patio, Lawn & Garden > Pools, Hot Tubs & Supplies","Patio, Lawn & Garden > Pools, Hot Tubs & Supplies",False,stratified sample,"Facilities > Grounds Maintenance > Outdoor Tools > Lawn & Garden Tools || Facilities > Plumbing > Tubs and Showers || Facilities > Grounds Maintenance > Watering Equipment > Lawn Sprinklers || Furniture > Decor > Home & Office Decor > Indoor Fireplaces || Healthcare Supplies > Durable Medical Equipment > Shower & Bath Aids > Shower Chairs / Benches || Gift Shop > Game Room & Toys > Game Room > Pool Tables & Accessories || Facilities > Plumbing > Drinking Fountains || Facilities > Plumbing > Tubs and Showers > Wall Mounted Shower Heads || Facilities > Grounds Maintenance > Watering Equipment > Water Hoses & Accessories || Facilities > Grounds Maintenance > Outdoor Tools || Tools, Parts & Supplies || Party Supplies",,,
Amazon,"Patio, Lawn & Garden > Patio Furniture & Accessories > Patio Cushion Storage Bags","Patio, Lawn & Garden > Patio Furniture & Accessories > Patio Cushion Storage Bags",True,stratified sample,"Gift Shop > Professional Gifts > Compasses > Patio Furniture || Healthcare Supplies > Durable Medical Equipment > Shower & Bath Aids > Shower Chairs / Benches || Furniture > Chairs & Seating || Furniture > Decor > Shower Curtains & Accessories || Furniture > Storage Furniture > Coat Trees, Stands & Hooks || Furniture > Chair Mats || Furniture > Chairs & Seating > Chair Parts & Accessories || Furniture > Storage Furniture || Furniture > Standing Desk Mats || Furniture > Decor > Bath Mats & Towels || Restaurant & Foodservice Supplies > Disposable Food Packaging > Disposable Bags > Food Storage Bags || Shipping, Packing & Mailing Supplies > Shipping Supplies > Cushioning & Void Fill > Cushioning Bags & Sleeves",,,
Amazon,Health & Personal Care > Sexual Wellness > Adult Toys & Games,Health & Personal Care > Sexual Wellness > Adult Toys & Games,True,stratified sample,"School Supplies > Teacher Supplies > Physical Education & Recreation > Outdoor Games || School Supplies > Learning at Home > Educational & STEM Toys || School Supplies > Teacher Supplies > Games, Puzzles & Toys || Healthcare Supplies > Personal Care > Baby Care > Youth Feeding Supplies || School Supplies > Learning at Home > Learning & Development Toys || Gift Shop > Game Room & Toys || School Supplies > Learning at Home > Learning Games || Healthcare Supplies > Personal Care > Baby Care || School Supplies > Teacher Supplies > Physical Education & Recreation || School Supplies > Teacher Supplies > Physical Education & Recreation > Physical Education Equipment || Healthcare Supplies > Personal Care > Incontinence > Adult Briefs || Gift Shop > Game Room & Toys > Game Room > Game Room & Games",,,
Amazon,Home & Kitchen > Event & Party Supplies > Ceremony Supplies,Home & Kitchen > Event & Party Supplies > Ceremony Supplies,True,stratified sample,"Party Supplies > Wedding Supplies || Party Supplies > Wedding Supplies > Wedding Decorations & Supplies || Party Supplies > Anniversary Supplies || Party Supplies > Wedding Supplies > Wedding Favors || Party Supplies || Party Supplies > Wedding Supplies > Wedding Glassware || Party Supplies > Party Favors & Costumes || Party Supplies > Wrapping Supplies || Party Supplies > Ribbon, Bows & Wrapping Supplies || Party Supplies > Party Supply Kits || Restaurant & Foodservice Supplies > Bar Supplies || Computers & Accessories > Computer Parts & Components > Power Supplies",,,
Amazon,"Patio, Lawn & Garden > Pools, Hot Tubs & Supplies > Parts & Accessories","Patio, Lawn & Garden > Pools, Hot Tubs & Supplies > Parts & Accessories",True,stratified sample,"Facilities > Plumbing > Tubs and Showers || Facilities > Grounds Maintenance > Watering Equipment > Water Hoses & Accessories || Facilities > Plumbing > Tubs and Showers > Wall Mounted Shower Heads || Gift Shop > Game Room & Toys > Game Room > Pool Tables & Accessories || Healthcare Supplies > Durable Medical Equipment > Shower & Bath Aids > Shower Chairs / Benches || Facilities > Plumbing > Drinking Fountain Repair & Accessories || Facilities > Plumbing > Tubs and Showers > Handheld Shower Heads || Facilities > Plumbing > Drinking Fountains || Furniture > Decor > Home & Office Decor > Indoor Fireplaces || Facilities > Grounds Maintenance > Outdoor Tools > Pressure Washers & Accessories || Tools, Parts & Supplies || Furniture > Chairs & Seating > Chair Parts & Accessories",,,
Amazon,Industrial & Scientific > Material Handling Products > Drum & Pail Handling Equipment,Industrial & Scientific > Material Handling Products > Drum & Pail Handling Equipment,True,stratified sample,"Laboratory & Scientific Supplies > Lab Safety > Material Handling & Storage || Facilities > Material Handling > Hand Trucks & Dollies || Laboratory & Scientific Supplies > Lab Instruments & Equipment > Gas Handling & Extraction || Facilities > Material Handling || Tools, Parts & Supplies > Non Woven Roll Abrasive Parts & Accessories || Tools, Parts & Supplies > Measuring & Leveling Tools > Industrial Tape || Safety Supplies > Safety Storage > Safety Cans & Drums || Laboratory & Scientific Supplies > Lab Furniture & Fixtures > Hazardous Material Lab Storage || Laboratory & Scientific Supplies > Lab Instruments & Equipment > Filtration Products || Tools, Parts & Supplies > Non Woven Pad Abrasives || Retail Store Supplies > Cash Handling > Cash Handling || Retail Store Supplies > Cash Handling",,,
Amazon,Home & Kitchen > Bedding > Sheets & Pillowcases,Home & Kitchen > Bedding > Sheets & Pillowcases,True,stratified sample,"Furniture > Decor > Beds & Bedding > Bedding || Furniture > Decor > Beds & Bedding > Pillows || Furniture > Decor > Beds & Bedding > Mattress Pads & Toppers || Retail Store Supplies > Spa & Salon > Spa & Massage > Sheets & Linens || Furniture > Decor > Beds & Bedding || Furniture > Decor > Beds & Bedding > Blankets & Throws || Furniture > Decor > Beds & Bedding > Beds & Mattresses || Furniture > Decor > Bath Mats & Towels || Healthcare Supplies > Patient Care > Exam Room Supplies & Equipment > Disposable Linens & Pillows || Furniture > Decor > Shower Curtains & Accessories || Cleaning Supplies > Laundry Care > Dryer Sheets || Shipping, Packing & Mailing Supplies > Shipping Supplies > Cushioning & Void Fill > Cushioning Sheets",,,
Amazon,"Arts, Crafts & Sewing > Scrapbooking & Stamping > Photo Transfer & Coloring Supplies","Arts, Crafts & Sewing > Scrapbooking & Stamping > Photo Transfer & Coloring Supplies",True,stratified sample,"Arts & Crafts > Scrapbooking > Stamps & Stencils || Arts & Crafts > Scrapbooking || Arts & Crafts > Coloring Books || Arts & Crafts > Scrapbooking > Scrapbooking Albums & Kits || Arts & Crafts > Scrapbooking > Stickers & Embellishments || Arts & Crafts > Drawing Tools & Supplies || Arts & Crafts > Drawing & Colored Pencils || Arts & Crafts > Art & Drawing Pens || Tools, Parts & Supplies > Chalk Reels & Marking Tools > Stencil Sets || Arts & Crafts > Sketch Pads & Books || Healthcare Supplies > Durable Medical Equipment > Patient Lift & Transfer > Transfer Equipment || Healthcare Supplies > Durable Medical Equipment > Patient Lift & Transfer",,,
Amazon,"Patio, Lawn & Garden > Outdoor Power Tools > Lawn Mowers & Tractors","Patio, Lawn & Garden > Outdoor Power Tools > Lawn Mowers & Tractors",True,stratified sample,Facilities > Grounds Maintenance > Outdoor Tools > Lawn & Garden Tools || Facilities > Grounds Maintenance > Outdoor Tools > Rakes & Leaf Blowers || Facilities > Grounds Maintenance > Watering Equipment > Lawn Sprinklers || Facilities > Hand & Power Tools > Power Tools > Power Saws & Accessories || Facilities > Grounds Maintenance > Outdoor Tools || Facilities > Grounds Maintenance > Outdoor Tools > Pressure Washers & Accessories || Facilities > Grounds Maintenance > Watering Equipment > Water Hose Nozzles & Sprayers || Facilities > Grounds Maintenance > Watering Equipment > Water Hoses & Accessories || Facilities > Grounds Maintenance > Snow Removal > Snow Blowers || Facilities > Hand & Power Tools > Power Tools > Cordless Tools & Accessories || Facilities > Hand & Power Tools > Power Tools > Screw Extractors & Sets || Cleaning Supplies > Floor & Carpet Cleaning Equipment > Carpet Extractors & Cleaners,,,
Amazon,Industrial & Scientific > Raw Materials > Wood,Industrial & Scientific > Raw Materials > Wood,True,stratified sample,"Facilities > Paint Supplies > Wood Care & Maintenance || Tools, Parts & Supplies > Steel Wool || Furniture > Storage Furniture > Coat Trees, Stands & Hooks || Tools, Parts & Supplies > Hand Tools > Concrete & Masonry Tools || Laboratory & Scientific Supplies > Lab Furniture & Fixtures > Hazardous Material Lab Storage || Tools, Parts & Supplies > Chalk Reels & Marking Tools > Markers: Metal, Paint, China || Tools, Parts & Supplies > Non Woven Roll Abrasive Parts & Accessories || Tools, Parts & Supplies > Chalk Reels & Marking Tools > Crayons: Lumber, Paint, Marking || Tools, Parts & Supplies > Chalk Reels & Marking Tools > Steel Hand Stamp Sets || Tools, Parts & Supplies > Resin Bonded Abrasives || Restaurant & Foodservice Supplies > Smallwares > Food Safety || Coffee, Water & Snacks > Snacks & Food",,,
Amazon,Electronics > eBook Readers & Accessories > Covers,Electronics > eBook Readers & Accessories > Covers,True,stratified sample,"Safety Supplies > Personal Protective Equipment (PPE) > Shoe Covers || Coffee, Water & Snacks > Paper Products > Toilet Seat Covers || Office Supplies > Folders & Filing > Pocket & Presentation Folders > Report Covers || Facilities > Paint Supplies > Paint Accessories > Roller Covers || Gift Shop > Professional Gifts > Compasses > Outdoor Furniture Covers || Healthcare Supplies > Patient Care > Exam Room Supplies & Equipment > Medical Drapes & Covers || Office Supplies > Desk Organizers & Accessories > Book & Document Holders || Shredders, Projectors & Office Machines > Binding Equipment > Binding Covers & Accessories || Office Supplies > Desk Organizers & Accessories > Magazine Holders || Bags, Backpacks & Luggage > Luggage & Travel Accessories > Travel Accessories > Luggage Tags, Locks & Covers",,,
Amazon,"Patio, Lawn & Garden > Outdoor Power Tools > Pole Saws","Patio, Lawn & Garden > Outdoor Power Tools > Pole Saws",True,stratified sample,"Facilities > Hand & Power Tools > Power Tools > Power Saws & Accessories || Facilities > Hand & Power Tools > Hand Tools > Hand Saws || Facilities > Grounds Maintenance > Outdoor Tools > Rakes & Leaf Blowers || Facilities > Grounds Maintenance > Outdoor Tools > Lawn & Garden Tools || Tools, Parts & Supplies > Drill Rods || Tools, Parts & Supplies > Hand Tools > Electrical Tools, Meters & Fish Tape || Facilities > Hand & Power Tools > Power Tools > Cordless Tools & Accessories || Tools, Parts & Supplies > Hand Tools > Electrical Tools: Wire Pulling Grips || Tools, Parts & Supplies > Power Tools > Heat Guns & Torches || Facilities > Paint Supplies > Paint Accessories > Extension Poles || Healthcare Supplies > Patient Care > Exam Room Supplies & Equipment > IV Poles || Shipping, Packing & Mailing Supplies > Shipping Supplies > Poly Bags & Tubing > Poly Bags",,,
Amazon,"Patio, Lawn & Garden > Outdoor Heating & Cooling > Patio Heater Replacement Parts","Patio, Lawn & Garden > Outdoor Heating & Cooling > Patio Heater Replacement Parts",True,stratified sample,Facilities > Heating & Cooling > Heaters || Cleaning Supplies > Floor & Carpet Cleaning Equipment > Vacuum Parts & Accessories || Facilities > Grounds Maintenance > Outdoor Tools > Pressure Washers & Accessories || Facilities > Plumbing > Sink Repair Parts || Facilities > Plumbing > Drinking Fountain Repair & Accessories || Facilities > Heating & Cooling > Air Conditioners || Facilities > Grounds Maintenance > Watering Equipment > Water Hoses & Accessories || Facilities > Heating & Cooling > Bathroom Fans || Retail Store Supplies > Spa & Salon > Spa & Massage > Heating & Warming Pads || Facilities > Heating & Cooling > Ceiling Fans || Printers & Scanners > Printer Accessories & Replacement Parts || Printers & Scanners > Scanners & Scanner Accessories > Scanner Accessories & Replacement Parts,,,
Amazon,Office Products > Office Electronics > Electronic Organizers,Office Products > Office Electronics > Electronic Organizers,True,stratified sample,Office Supplies > Desk Organizers & Accessories || Office Supplies > Desk Organizers & Accessories > Business Card Holders & Files || Office Supplies > Custom Marketing Materials || Office Supplies > Writing Supplies & Instruments || Office Supplies > Desk Organizers & Accessories > File Organizers || Office Supplies > Desk Organizers & Accessories > Desk Organizers || Office Supplies > Label Makers & Tapes || Office Supplies > Desk Organizers & Accessories > Desk Organizer Sets || Office Supplies > Office Basics > Office Supply Kits || Office Supplies > Desk Organizers & Accessories > Book & Document Holders || Office Supplies > Desk Organizers & Accessories > Drawer Organizers || Healthcare Supplies > OTC Pharmaceuticals > Medicine & Vitamins > Pill Organizers & Storage,,,
Amazon,"Patio, Lawn & Garden > Grills & Outdoor Cooking > Outdoor Cooking Tools & Accessories","Patio, Lawn & Garden > Grills & Outdoor Cooking > Outdoor Cooking Tools & Accessories",True,stratified sample,Appliances & Kitchenware > Kitchenware > Kitchen Tools > Grilling Products || Appliances & Kitchenware > Kitchenware > Kitchen Tools > Cooking Utensils || Facilities > Grounds Maintenance > Outdoor Tools > Lawn & Garden Tools || Appliances & Kitchenware > Kitchenware > Kitchen Tools > Kitchen Pizza Tools || Facilities > Grounds Maintenance > Outdoor Tools || Appliances & Kitchenware > Kitchenware > Kitchen Tools > Meat Preparation Equipment || Restaurant & Foodservice Supplies > Commercial Restaurant Equipment > Kitchen Work & Prep Tables || Restaurant & Foodservice Supplies > Smallwares > Commercial Kitchen Tools || Appliances & Kitchenware > Kitchenware > Kitchen Tools > Kitchen Tools & Gadgets || Appliances & Kitchenware > Kitchenware > Kitchen Accessories > Kitchen Storage & Organization || Facilities > Hand & Power Tools > Power Tools > Cordless Tools & Accessories || TV & Streaming Media > TV & Video > TV Accessories,,,
Amazon,Industrial & Scientific > Professional Medical Supplies > Surgical Equipment,Industrial & Scientific > Medical Supplies > Surgical Equipment,True,stratified sample,"Healthcare Supplies > Durable Medical Equipment || Healthcare Supplies > Physical Therapy and Rehabilitation Equipment || Healthcare Supplies > Patient Care > Medical Practice Furniture > Medical Cabinets || Healthcare Supplies > Patient Care > Medical Practice Furniture > Medical Instrument Stands & Trays || Healthcare Supplies > Professional Dental Supplies || Healthcare Supplies > Patient Care > Exam Room Supplies & Equipment || Laboratory & Scientific Supplies > Lab Instruments & Equipment || Healthcare Supplies > Patient Care > Medical Practice Furniture || Healthcare Supplies > Physical Therapy and Rehabilitation Equipment > Rehabilitation & Therapeutic Equipment || Healthcare Supplies > Patient Care > Diagnostic & Exam Instruments > Monitoring Equipment || TV & Streaming Media > DJ Equipment & Musical Instruments > Stage Equipment || Shredders, Projectors & Office Machines > Binding Equipment",,,
Amazon,"Arts, Crafts & Sewing > Crafting > Sculpture Supplies","Arts, Crafts & Sewing > Crafting > Sculpture Supplies",True,stratified sample,"Arts & Crafts > Painting Accessories || Arts & Crafts > Crafting > Craft Supplies || Arts & Crafts > Art & Drawing Pens || Arts & Crafts > Crafting || Arts & Crafts > Crafting > Art Portfolios & Craft Storage || Arts & Crafts > Drawing Tools & Supplies || Arts & Crafts > Canvas & Art Boards || Arts & Crafts > Crafting > Craft Kits || Arts & Crafts > Art Brushes || Arts & Crafts || Gift Shop > Home, Personal & Travel > Sculptures & Figurines || Party Supplies",,,
Amazon,Electronics > Video Game Consoles & Accessories > Nintendo Switch Consoles & Accessories,Electronics > Video Game Consoles & Accessories > Nintendo Switch Consoles & Accessories,True,stratified sample,Gaming > Handheld Consoles || Computer Software > PC Games & Accessories > PC Gaming Accessories || Computer Software > PC Games & Accessories || Gaming > Gaming Consoles || Computer Software > PC Games & Accessories > PC Games || Computers & Accessories > Computer Accessories & Peripherals || Gift Shop > Game Room & Toys > Game Room > Gaming Tables & Accessories || Computers & Accessories > Computer Accessories & Peripherals > Cables & Cable Accessories || Gaming > Gaming Controllers || Gaming > Video Games || Facilities > Electrical and Wiring > Electrical > Switches and Controls || TV & Streaming Media > TV & Video > TV Accessories,,,
Amazon,"Patio, Lawn & Garden > Outdoor Décor > Fountain Accessories","Patio, Lawn & Garden > Outdoor Décor > Fountain Accessories",True,stratified sample,Gift Shop > Professional Gifts > Compasses > Patio Furniture || Gift Shop > Professional Gifts > Compasses > Outdoor Decor || Facilities > Plumbing > Drinking Fountain Repair & Accessories || Furniture > Decor > Bath & Shower Accessories || Furniture > Decor > Home & Office Decor > Indoor Fireplaces || Furniture > Decor > Wall Art > Garden Landscape || Facilities > Grounds Maintenance > Outdoor Tools > Lawn & Garden Tools || Facilities > Plumbing > Drinking Fountains || Furniture > Decor > Shower Curtains & Accessories || Furniture > Lamps & Lighting > Outdoor Lighting || TV & Streaming Media > TV & Video > TV Accessories || Gift Shop > Professional Gifts > Bar Accessories,,,
Amazon,Industrial & Scientific > Material Handling Products > Material Transport Equipment,Industrial & Scientific > Material Handling Products > Material Transport Equipment,True,stratified sample,Laboratory & Scientific Supplies > Lab Safety > Material Handling & Storage || Facilities > Material Handling || Laboratory & Scientific Supplies > Lab Furniture & Fixtures > Hazardous Material Lab Storage || Healthcare Supplies > Professional Dental Supplies > Impression Material & Accessories || Laboratory & Scientific Supplies > Lab Instruments & Equipment > Gas Handling & Extraction || Laboratory & Scientific Supplies > Educational Materials & Accessories || Healthcare Supplies > Durable Medical Equipment > Patient Lift & Transfer > Transfer Equipment || Facilities > Material Handling > Hand Trucks & Dollies || Laboratory & Scientific Supplies > Lab Instruments & Equipment > Filtration Products || Facilities > Paint Supplies > Surface Protection || Restaurant & Foodservice Supplies > Restaurant Storage & Transport || Facilities > Grounds Maintenance > Watering Equipment,,,
Amazon,"Home & Kitchen > Kitchen & Dining > Coffee, Tea & Espresso Appliances","Home & Kitchen > Kitchen & Dining > Coffee, Tea & Espresso Appliances",True,stratified sample,"Coffee, Water & Snacks > Coffee || Coffee, Water & Snacks > Coffee, Coffee Makers & Supplies > Coffee Makers & Espresso Machines || Coffee, Water & Snacks > Coffee, Coffee Makers & Supplies || Coffee, Water & Snacks > Coffee, Coffee Makers & Supplies > Tea || Coffee, Water & Snacks > Coffee, Coffee Makers & Supplies > Coffee Grinders || Coffee, Water & Snacks > Breakroom Appliances || Appliances & Kitchenware > Kitchenware > Kitchen Tools > Kitchen Pizza Tools || Coffee, Water & Snacks > Single Serve Coffee, Tea & Cocoa || Coffee, Water & Snacks > Coffee, Coffee Makers & Supplies > Coffee Filters || Furniture > Home & Office Tables > Accent & Coffee Tables || Appliances & Kitchenware > Small Appliances",,,
Amazon,Tools & Home Improvement > Kitchen & Bath Fixtures,Tools & Home Improvement > Kitchen & Bath Fixtures,False,stratified sample,Restaurant & Foodservice Supplies > Smallwares > Commercial Kitchen Tools || Facilities > Plumbing > Bathroom Hardware || Facilities > Plumbing > Bathroom Hardware > Bathroom Safety Hardware || Facilities > Bathroom Fixtures || Appliances & Kitchenware > Kitchenware > Kitchen Accessories > Kitchen Storage & Organization || Appliances & Kitchenware > Kitchenware > Kitchen Tools > Kitchen Tools & Gadgets || Appliances & Kitchenware > Kitchenware > Kitchen Tools > Kitchen Pizza Tools || Furniture > Decor > Bath & Shower Accessories || Appliances & Kitchenware > Kitchenware > Kitchen Tools || Healthcare Supplies > Durable Medical Equipment > Shower & Bath Aids || Laboratory & Scientific Supplies > Lab Furniture & Fixtures || Restaurant & Foodservice Supplies > Restaurant Storage & Transport > Kitchen Racks,,,
Amazon,Industrial & Scientific > Cutting Tools > Drill & Tap Sets,Industrial & Scientific > Cutting Tools > Drill & Tap Sets,True,stratified sample,"Tools, Parts & Supplies > Power Tools > Drilling and Fastening Tools || Tools, Parts & Supplies > Hand Tools > Tap Wrenches & Dies || Tools, Parts & Supplies > Drill Rods || Facilities > Hand & Power Tools > Hand Tools > Hand Tool Sets || Tools, Parts & Supplies > Hand Tools > Electrical Tools, Meters & Fish Tape || Tools, Parts & Supplies > Hand Tools > Electrical Tools: Wire Pulling Grips || Facilities > Hand & Power Tools > Power Tools > Drills || Facilities > Hand & Power Tools > Tool Storage || Facilities > Hand & Power Tools > Hand Tools || Facilities > Hand & Power Tools > Power Tools > Power Tool Sets || Gift Shop > Gift Sets, Photo & Custom Gifts > Gift Sets",,,
Amazon,Industrial & Scientific,Industrial & Scientific,False,stratified sample,"Laboratory & Scientific Supplies || Laboratory & Scientific Supplies > Educational Materials & Accessories || Laboratory & Scientific Supplies > Controlled Environment Supplies || Laboratory & Scientific Supplies > Lab Instruments & Equipment || Laboratory & Scientific Supplies > Lab Safety || Laboratory & Scientific Supplies > Labware & Consumables > General Laboratory Supplies || Laboratory & Scientific Supplies > Biochemistry || Laboratory & Scientific Supplies > Lab Furniture & Fixtures || Laboratory & Scientific Supplies > Lab Instruments & Equipment > Water & Wastewater Testing || Laboratory & Scientific Supplies > Lab Instruments & Equipment > Laboratory Pumps & Accessories || Shredders, Projectors & Office Machines > Calculators > Scientific Calculators || Tools, Parts & Supplies > Measuring & Leveling Tools > Industrial Tape",,,
Amazon,"Appliances > Ranges, Ovens & Cooktops > Wall Ovens","Appliances > Ranges, Ovens & Cooktops > Wall Ovens",True,stratified sample,"Coffee, Water & Snacks > Breakroom Appliances > Toaster Ovens || Appliances & Kitchenware > Small Appliances > Microwaves || Appliances & Kitchenware > Small Appliances > Griddles, Grills & Waffle Makers || Appliances & Kitchenware > Major Appliances > Dishwashers || Appliances & Kitchenware > Major Appliances > Refrigerators || Appliances & Kitchenware > Small Appliances > Slow Cookers & Roasters || Appliances & Kitchenware > Major Appliances > Washers & Dryers || Appliances & Kitchenware > Major Appliances > Freezers || Appliances & Kitchenware > Small Appliances > Rice Cookers & Steamers || Appliances & Kitchenware > Small Appliances > Deep Fryers || Furniture > Decor > Wall Art || Office Supplies > Desk Organizers & Accessories > Wall Files",,,
Amazon,Industrial & Scientific > Professional Medical Supplies > Instruments & Surgical Tools,Industrial & Scientific > Medical Supplies > Instruments & Surgical Tools,True,stratified sample,"Healthcare Supplies > Patient Care > Medical Practice Furniture > Medical Instrument Stands & Trays || Healthcare Supplies > Professional Dental Supplies > Dental Instruments || Laboratory & Scientific Supplies > Lab Instruments & Equipment || Healthcare Supplies > Patient Care > Diagnostic & Exam Instruments || Healthcare Supplies > Patient Care > Diagnostic & Exam Instruments > Oximeters || Healthcare Supplies > Patient Care > Diagnostic & Exam Instruments > Medical Scissors & Shears || Healthcare Supplies > Durable Medical Equipment || Healthcare Supplies > Patient Care > Diagnostic & Exam Instruments > Monitoring Equipment || Healthcare Supplies > Patient Care > Medical Practice Furniture > Medical Cabinets || Tools, Parts & Supplies > Measuring & Leveling Tools > Medical Thermometers || School Supplies > Learning at Home > Musical Instruments || Furniture > Decor > Weather Instruments",,,
Amazon,Industrial & Scientific > Science Education > Magnets & Magnetism Kits,Industrial & Scientific > Science Education > Magnets & Magnetism Kits,True,stratified sample,"Laboratory & Scientific Supplies > Educational Materials & Accessories || Office Supplies > Clips, Fasteners & Rubber Bands > Magnets || Laboratory & Scientific Supplies || Laboratory & Scientific Supplies > Lab Instruments & Equipment || Laboratory & Scientific Supplies > Controlled Environment Supplies || Tools, Parts & Supplies > Chemicals, Lubricants & Paints > Magnetic Particles || Laboratory & Scientific Supplies > Lab Safety || School Supplies > Teacher Supplies > Physical Education & Recreation > Physical Education Equipment || Laboratory & Scientific Supplies > Lab Furniture & Fixtures || Laboratory & Scientific Supplies > Lab Instruments & Equipment > Laboratory Pumps & Accessories || Tools, Parts & Supplies > Hand Tools > Magnetic Pickups & Retrieving Tools || Healthcare Supplies > Personal Care > Baby Care > Baby Kits",,,
Amazon,Tools & Home Improvement > Safety & Security > Facility Safety Products,Tools & Home Improvement > Safety & Security > Facility Safety Products,True,stratified sample,"Safety Supplies > Safety Storage || Laboratory & Scientific Supplies > Lab Safety > Maintenance & Safety Supplies || Safety Supplies || Safety Supplies > Security Mirrors || Safety Supplies > Fire Protection || Safety Supplies > Safety Vests & High Visibility Clothing || Safety Supplies > Fall Protection Kits, Parts & Accessories || Safety Supplies > Test Instruments, Meters & Precision Tools || Smart Home & Security > Security System Accessories || Facilities > Facilities Signs > Safety Signs || Facilities || Workwear > Occupational Workwear > Safety",,,
Amazon,Home & Kitchen > Furniture > Game & Recreation Room Furniture,Home & Kitchen > Furniture > Game & Recreation Room Furniture,True,stratified sample,Furniture > Home & Office Tables || Furniture > School Furniture || Furniture > School Furniture > Classroom Storage Furniture || Furniture > Storage Furniture || Furniture > Decor || Furniture || Gift Shop > Game Room & Toys > Game Room > Pool Tables & Accessories || Furniture > Decor > Home & Office Decor || Furniture > Home & Office Tables > Training Room Tables || Furniture > Home & Office Tables > Conference Room Tables || Gift Shop > Game Room & Toys > Game Room || Gift Shop > Professional Gifts > Compasses > Water Recreation,,,
Amazon,"Arts, Crafts & Sewing > Organization, Storage & Transport > Storage Boxes & Organizers","Arts, Crafts & Sewing > Organization, Storage & Transport > Storage Boxes & Organizers",True,stratified sample,Office Supplies > Storage & Organization > Storage Containers & Boxes || Office Supplies > Storage & Organization > Storage Bins || Office Supplies > Storage & Organization > Storage Baskets || Office Supplies > Storage & Organization > Storage Furniture || Office Supplies > Storage & Organization > Storage Drawers || Furniture > Storage Furniture > Storage Organization || Office Supplies > Storage & Organization || Furniture > Storage Furniture > Clothing Racks & Closet Organization > Closet Storage & Organizers || Office Supplies > Desk Organizers & Accessories > Drawer Organizers || Restaurant & Foodservice Supplies > Restaurant Storage & Transport > Food Storage & Containers || Healthcare Supplies > OTC Pharmaceuticals > Medicine & Vitamins > Pill Organizers & Storage || Office Supplies > Desk Organizers & Accessories > Desk Organizers,,,
Amazon,Industrial & Scientific > Professional Medical Supplies > Patient Treatment Equipment,Industrial & Scientific > Medical Supplies > Patient Treatment Equipment,True,stratified sample,Healthcare Supplies > Physical Therapy and Rehabilitation Equipment || Healthcare Supplies > Patient Care > Medical Practice Furniture || Healthcare Supplies > Patient Care || Healthcare Supplies > Patient Care > Exam Room Supplies & Equipment || Healthcare Supplies > Physical Therapy and Rehabilitation Equipment > Rehabilitation & Therapeutic Equipment || Healthcare Supplies > Patient Care > Medical Practice Furniture > Medical Cabinets || Healthcare Supplies > Durable Medical Equipment > Patient Lift & Transfer || Healthcare Supplies > Patient Care > Respiratory Therapy || Healthcare Supplies > Patient Care > Medical Practice Furniture > Medical Instrument Stands & Trays || Healthcare Supplies > Durable Medical Equipment || Facilities > Plumbing > Bathroom Hardware > Water Treatment || Retail Store Supplies > Spa & Salon > Hair > Hair Treatment,,,
Amazon,Tools & Home Improvement > Appliances > In-Refrigerator Water Filters,Tools & Home Improvement > Appliances > In-Refrigerator Water Filters,True,stratified sample,"Coffee, Water & Snacks > Breakroom Appliances > Water Filters & Dispensers || Appliances & Kitchenware > Major Appliances > Refrigerators || Appliances & Kitchenware > Small Appliances || Appliances & Kitchenware > Small Appliances > Ice Makers & Snow Cone Machines || Appliances & Kitchenware > Major Appliances > Ice Makers & Dispensers || Appliances & Kitchenware > Major Appliances > Washers & Dryers || Appliances & Kitchenware > Small Appliances > Egg Cookers & Servers || Appliances & Kitchenware > Small Appliances > Microwaves || Appliances & Kitchenware > Major Appliances || Laboratory & Scientific Supplies > Lab Instruments & Equipment > Refrigerators, Freezers & Accessories || Coffee, Water & Snacks > Water & Beverages > Water || Coffee, Water & Snacks > Coffee, Coffee Makers & Supplies > Coffee Filters",,,
Amazon,"Arts, Crafts & Sewing > Sewing > Storage & Furniture","Arts, Crafts & Sewing > Sewing > Storage & Furniture",True,stratified sample,Retail Store Supplies > Sewing & Tailoring > Sewing Tools || Retail Store Supplies > Sewing & Tailoring > Sewing Machines || Retail Store Supplies > Sewing & Tailoring > Patterns & Sewing Books || Retail Store Supplies > Sewing & Tailoring > Sewing Rulers || Retail Store Supplies > Sewing & Tailoring || Retail Store Supplies > Sewing & Tailoring > Fabric || Retail Store Supplies > Sewing & Tailoring > Knit & Crochet Supplies || Retail Store Supplies > Sewing & Tailoring > Needle Arts || Furniture > Storage Furniture > Clothing Racks & Closet Organization || Retail Store Supplies > Sewing & Tailoring > Yarn || Furniture > Storage Furniture || Furniture > Storage Furniture > Media Storage Furniture,,,
Amazon,"Arts, Crafts & Sewing > Sewing > Industrial Machines","Arts, Crafts & Sewing > Sewing > Industrial Machines",True,stratified sample,"Retail Store Supplies > Sewing & Tailoring > Sewing Machines || Retail Store Supplies > Sewing & Tailoring > Sewing Tools || Tools, Parts & Supplies > Measuring & Leveling Tools > Industrial Tape || Appliances & Kitchenware > Small Appliances > Cotton Candy Machines || Retail Store Supplies > Sewing & Tailoring > Patterns & Sewing Books || Retail Store Supplies > Sewing & Tailoring > Sewing Rulers || Cleaning Supplies > Floor & Carpet Cleaning Equipment > Floor Machines & Burnishers || Tools, Parts & Supplies > Welding Tools || Retail Store Supplies > Sewing & Tailoring > Needle Arts || Tools, Parts & Supplies > Non Woven Roll Abrasive Parts & Accessories || Facilities > Heating & Cooling > Industrial Fans || Shredders, Projectors & Office Machines > Fax Machines",,,
Amazon,Health & Personal Care > Sexual Wellness > Jewelry,Health & Personal Care > Sexual Wellness > Jewelry,True,stratified sample,"Gift Shop > Home, Personal & Travel > Jewelry Boxes & Cases || Gift Shop > Home, Personal & Travel > Key Chains & Rings || Gift Shop > Home, Personal & Travel > Unique Gifts || Expanded Assortment > Personal Care & Eyewear || Gift Shop > Home, Personal & Travel || Expanded Assortment > Personal Care & Eyewear > Hair Styling Products || Gift Shop > Home, Personal & Travel > Grooming Sets || Furniture > Decor > Wall Art > People & Fashion Art || Healthcare Supplies > Patient Care > Practice Front Desk Supplies > Personal Care Kits || Healthcare Supplies > Personal Care || Safety Supplies > Personal Protective Equipment (PPE) > Workwear & Rainwear > Pants & Jeans || Coffee, Water & Snacks > Paper Products > Paper Towels",,,
Amazon,Office Products > Office Furniture & Lighting > Desks & Workstations,Office Products > Office Furniture & Lighting > Desks & Workstations,True,stratified sample,Furniture > Desks > Office Desks || Furniture > Desks || Furniture > Desks > Desk Components & Hutches || Furniture > Desks > Desk Components & Hutches > Desk Components || Furniture > Desks > Sit & Stand Desks || Furniture > Cubicle & Panel Systems > Cubicle & Panel Workstations || Laboratory & Scientific Supplies > Lab Furniture & Fixtures > Lab Desks || Furniture > Cubicle & Panel Systems || Furniture > Home & Office Tables || Office Supplies > Desk Organizers & Accessories,,,
Amazon,"Home & Kitchen > Home Décor > Rugs, Pads & Protectors","Home & Kitchen > Home Décor > Rugs, Pads & Protectors",True,stratified sample,"Decor > Rug Pads || Furniture > Decor > Bath Mats & Towels || Cleaning Supplies > Floor & Carpet Cleaning Equipment > Floor Pads || Decor > Rugs || Furniture > Decor > Beds & Bedding > Mattress Pads & Toppers || Furniture > Decor > Shower Curtains & Accessories || Furniture > Decor > Home & Office Decor > Decorative Plates || Furniture > Chair Mats || Furniture > Standing Desk Mats || Furniture > Decor > Home & Office Decor > Decorative Baskets, Bowls and Boxes || Office Supplies > Sheet Protectors || Healthcare Supplies > Wound Care > Advanced Wound Care > Cast Protectors",,,
Amazon,Tools & Home Improvement > Appliances > Large Appliance Accessories,Tools & Home Improvement > Appliances > Large Appliance Accessories,True,stratified sample,"Appliances & Kitchenware > Small Appliances || Appliances & Kitchenware > Major Appliances || Appliances & Kitchenware > Small Appliances > Egg Cookers & Servers || Appliances & Kitchenware > Kitchenware > Kitchen Accessories > Kitchen Storage & Organization || Appliances & Kitchenware > Small Appliances > Ice Makers & Snow Cone Machines || Appliances & Kitchenware > Small Appliances > Popcorn Machines || Appliances & Kitchenware > Major Appliances > Range Hoods || Appliances & Kitchenware > Small Appliances > Bread Machines || Appliances & Kitchenware > Major Appliances > Washers & Dryers || Appliances & Kitchenware > Small Appliances > Cotton Candy Machines || Coffee, Water & Snacks > Breakroom Appliances || Appliances & Kitchenware",,,
Amazon,Home & Kitchen > Event & Party Supplies > Decorations,Home & Kitchen > Event & Party Supplies > Decorations,True,stratified sample,"Party Supplies > Wedding Supplies > Wedding Decorations & Supplies || Party Supplies > Balloons & Accessories || Party Supplies > Party Favors & Costumes || Furniture > Decor > Seasonal Decor > Ornaments & Tree Decor || Party Supplies > Wedding Supplies || Furniture > Decor > Seasonal Decor > Holiday Lighting || Party Supplies > Wedding Supplies > Wedding Glassware || Furniture > Decor > Home & Office Decor > Decorative Baskets, Bowls and Boxes || Party Supplies > Party Favors & Costumes > Costumes & Accessories || Party Supplies > Wedding Supplies > Wedding Favors || School Supplies > Teacher Supplies > Classroom Decorations || Appliances & Kitchenware > Kitchenware > Kitchen Tools > Cake, Cookie & Pastry Decorations",,,
Amazon,"Patio, Lawn & Garden > Generators & Portable Power > Generator Accessories","Patio, Lawn & Garden > Generators & Portable Power > Generator Accessories",True,stratified sample,"Safety Supplies > Generators || Computers & Accessories > Computer Parts & Components > Power Supplies || Facilities > Hand & Power Tools > Power Tools > Power Saws & Accessories || Facilities > Hand & Power Tools > Power Tools > Cordless Tools & Accessories || Tools, Parts & Supplies > Power Tools > Pressure Washer Accessories / Attachments || Tools, Parts & Supplies > Power Tools > Metal Detectors || Batteries & Power > Power Management > Power Inverters || Facilities > Hand & Power Tools > Power Tools > Power Tool Sets || Tools, Parts & Supplies > Power Tools || Tools, Parts & Supplies > Power Tools > Sheet Sander Parts & Accessories || TV & Streaming Media > TV & Video > TV Accessories || Gift Shop > Professional Gifts > Bar Accessories",,,
Amazon,"Arts, Crafts & Sewing > Painting, Drawing & Art Supplies > Drawing","Arts, Crafts & Sewing > Painting, Drawing & Art Supplies > Drawing",True,stratified sample,Arts & Crafts > Art & Drawing Pens || Arts & Crafts > Drawing Tools & Supplies || Arts & Crafts > Drawing & Colored Pencils || Arts & Crafts > Painting Accessories || Furniture > Decor > Wall Art > Abstract Art || Arts & Crafts > Sketch Pads & Books || Arts & Crafts > Art Brushes || Arts & Crafts > Canvas & Art Boards || Arts & Crafts > Paint || Furniture > Decor > Wall Art > Animal Art || Office Supplies > Storage & Organization > Storage Drawers || Office Supplies > Desk Organizers & Accessories > Drawer Organizers,,,
Amazon,Tools & Home Improvement > Hardware > Gate Hardware,Tools & Home Improvement > Hardware > Gate Hardware,True,stratified sample,"Facilities > Hardware > Door Hardware || Facilities > Plumbing > Bathroom Hardware > Bathroom Safety Hardware || Facilities > Hardware > Chain, Rope & Tie Downs || Facilities > Hardware > Door Hardware > Door Stops & Bumpers || Facilities > Hardware > Door Hardware > Push Plates & Pulls || Facilities > Hardware > Door Hardware > Door Closers || Facilities > Hardware > Door Hardware > Door Strips || Facilities > Hardware > Fasteners || Facilities > Plumbing > Bathroom Hardware || Facilities > Hardware > Door Hardware > Commercial Locksets || Retail Store Supplies > Sewing & Tailoring > Handbag Hardware || Facilities > Hardware",,,
Amazon,Electronics > Television & Video > HD DVD Players,Electronics > Television & Video > HD DVD Players,True,stratified sample,TV & Streaming Media > TV & Video > DVD & Blu-Ray Players || TV & Streaming Media > TV & Video > Car CD Players & Monitors || TV & Streaming Media > TV & Video || TV & Streaming Media > TV & Video > TV Accessories || TV & Streaming Media > TV & Video > TV Wall Mounts || TV & Streaming Media || TV & Streaming Media > Streaming Media Players > Streaming Media Players || TV & Streaming Media > Streaming Media Players || TV & Streaming Media > TV & Video > TVs || TV & Streaming Media > DJ Equipment & Musical Instruments || School Supplies > Teacher Supplies > Classroom Books & Digital Media > CDs & DVDs,,,
Amazon,"Health & Personal Care > Vitamins, Minerals & Supplements","Health & Personal Care > Vitamins, Minerals & Supplements",False,stratified sample,Healthcare Supplies > Personal Care > Skin Care > Supplements || Healthcare Supplies > OTC Pharmaceuticals > Medicine & Vitamins > Vitamins & Supplements || Healthcare Supplies > OTC Pharmaceuticals > Medicine & Vitamins || Healthcare Supplies > OTC Pharmaceuticals > Medicine & Vitamins > Clinical Nutrition || Healthcare Supplies > Personal Care > Skin Care || Healthcare Supplies > OTC Pharmaceuticals > Medicine & Vitamins > Anti-Nausea & Digestive Aids || Healthcare Supplies > Patient Care > Feeding Tubes & Nutrients || Healthcare Supplies > OTC Pharmaceuticals > Medicine & Vitamins > Sleep Aids || Healthcare Supplies > Personal Care || Healthcare Supplies > OTC Pharmaceuticals > Medicine & Vitamins > Stop Smoking Aids || School Supplies > Elementary School Supplies || Office Supplies > Writing Supplies & Instruments,,,
Amazon,"Industrial & Scientific > Adhesives, Sealants & Lubricants > Adhesive Tapes","Industrial & Scientific > Adhesives, Sealants & Lubricants > Adhesive Tapes",True,stratified sample,"Facilities > Adhesives, Sealants and Patching > Adhesives > Commercial Adhesives || Office Supplies > Tape, Fasteners & Adhesives > Adhesive Dots & Tape Runners || Facilities > Adhesives, Sealants and Patching > Adhesives || Tools, Parts & Supplies > Industrial Adhesives, Sealants & Tapes || Office Supplies > Tape, Fasteners & Adhesives > Tape || Office Supplies > Tape, Fasteners & Adhesives > Tape Dispensers || Office Supplies > Tape, Fasteners & Adhesives > Tape > Specialty Tape || Office Supplies > Tape, Fasteners & Adhesives || Office Supplies > Tape, Fasteners & Adhesives > Glue & Glue Sticks || Office Supplies > Tape, Fasteners & Adhesives > Tape > Masking Tape || Healthcare Supplies > Wound Care > Bandages > Adhesive Bandages",,,
Amazon,"Industrial & Scientific > Adhesives, Sealants & Lubricants > Adhesive Primers","Industrial & Scientific > Adhesives, Sealants & Lubricants > Adhesive Primers",True,stratified sample,"Facilities > Adhesives, Sealants and Patching > Adhesives || Facilities > Adhesives, Sealants and Patching > Adhesives > Commercial Adhesives || Facilities > Adhesives, Sealants and Patching > Adhesives > Sealants & Caulking || Tools, Parts & Supplies > Industrial Adhesives, Sealants & Tapes || Office Supplies > Tape, Fasteners & Adhesives > Adhesive Dots & Tape Runners || Office Supplies > Tape, Fasteners & Adhesives > Glue & Glue Sticks || Tools, Parts & Supplies > Chemicals, Lubricants & Paints > Penetrants || Tools, Parts & Supplies > Chemicals, Lubricants & Paints > Lubricants || Tools, Parts & Supplies > Chemicals, Lubricants & Paints > Corrosion Inhibitors || Facilities > Paint Supplies > Paint Accessories > Primer || Healthcare Supplies > Wound Care > Bandages > Adhesive Bandages",,,
Amazon,Home & Kitchen > Bedding > Bedding Duvet Covers & Sets,Home & Kitchen > Bedding > Bedding Duvet Covers & Sets,True,stratified sample,Furniture > Decor > Beds & Bedding > Bedding || Furniture > Decor > Beds & Bedding > Pillows || Furniture > Decor > Beds & Bedding || Furniture > Decor > Beds & Bedding > Mattress Pads & Toppers || Furniture > Decor > Beds & Bedding > Blankets & Throws || Furniture > Decor > Beds & Bedding > Beds & Mattresses || Furniture > Decor > Bath Mats & Towels || Furniture > Decor > Shower Curtains & Accessories || Retail Store Supplies > Spa & Salon > Spa & Massage > Pillows & Pillow Cover || Retail Store Supplies > Spa & Salon > Spa & Massage > Sheets & Linens || Safety Supplies > Personal Protective Equipment (PPE) > Shoe Covers || Facilities > Paint Supplies > Paint Accessories > Roller Covers,,,
Amazon,Appliances > Laundry Appliances,Appliances > Laundry Appliances,False,stratified sample,"Appliances & Kitchenware > Small Appliances || Appliances & Kitchenware > Major Appliances || Appliances & Kitchenware > Major Appliances > Refrigerators || Appliances & Kitchenware > Major Appliances > Washers & Dryers || Appliances & Kitchenware > Major Appliances > Dishwashers || Appliances & Kitchenware || Appliances & Kitchenware > Small Appliances > Microwaves || Appliances & Kitchenware > Major Appliances > Freezers || Coffee, Water & Snacks > Breakroom Appliances > Toaster Ovens || Coffee, Water & Snacks > Breakroom Appliances || Cleaning Supplies > Laundry Care || Cleaning Supplies > Laundry Care > Laundry Room Organization > Laundry Accessories",,,
Amazon,"Health & Personal Care > Vitamins, Minerals & Supplements > DIM Supplements","Health & Personal Care > Vitamins, Minerals & Supplements > DIM Supplements",True,stratified sample,Healthcare Supplies > Personal Care > Skin Care > Supplements || Healthcare Supplies > OTC Pharmaceuticals > Medicine & Vitamins > Vitamins & Supplements || Healthcare Supplies > OTC Pharmaceuticals > Medicine & Vitamins || Healthcare Supplies > OTC Pharmaceuticals > Medicine & Vitamins > Anti-Nausea & Digestive Aids || Healthcare Supplies > OTC Pharmaceuticals > Medicine & Vitamins > Sleep Aids || Healthcare Supplies > OTC Pharmaceuticals > Medicine & Vitamins > Probiotics || Healthcare Supplies > OTC Pharmaceuticals > Medicine & Vitamins > Stop Smoking Aids || Healthcare Supplies > OTC Pharmaceuticals > Medicine & Vitamins > Clinical Nutrition || Healthcare Supplies > OTC Pharmaceuticals > Medicine & Vitamins > Topical Pain Relief || Healthcare Supplies > Patient Care > Feeding Tubes & Nutrients > Eating & Drinking Aids || School Supplies > Elementary School Supplies || Office Supplies > Writing Supplies & Instruments,,,
Amazon,Industrial & Scientific > Commercial Door Products > Commercial Door Hardware,Industrial & Scientific > Commercial Door Products > Commercial Door Hardware,True,stratified sample,"Facilities > Hardware > Door Hardware > Commercial Locksets || Facilities > Hardware > Door Hardware || Facilities > Hardware > Door Hardware > Door Strips || Facilities > Hardware > Door Hardware > Door Stops & Bumpers || Restaurant & Foodservice Supplies > Smallwares > Commercial Kitchen Tools || Facilities > Plumbing > Bathroom Hardware > Bathroom Safety Hardware || Tools, Parts & Supplies > Tool & Garage Organization > Garage Storage Equipment || Facilities > Hardware > Door Hardware > Push Plates & Pulls || Restaurant & Foodservice Supplies > Commercial Restaurant Equipment > Equipment Parts & Accessories || Facilities > Hardware > Door Hardware > Door Closers || Restaurant & Foodservice Supplies > Smallwares > Commercial Cookware || Facilities > Commercial Lighting, Ballasts & Bulbs > Commercial Lighting",,,
Amazon,"Patio, Lawn & Garden > Outdoor Heating & Cooling","Patio, Lawn & Garden > Outdoor Heating & Cooling",False,stratified sample,Facilities > Grounds Maintenance > Outdoor Tools > Lawn & Garden Tools || Facilities > Heating & Cooling > Heaters || Facilities > Grounds Maintenance > Watering Equipment > Lawn Sprinklers || Facilities > Heating & Cooling || Retail Store Supplies > Spa & Salon > Spa & Massage > Heating & Warming Pads || Furniture > Decor > Home & Office Decor > Indoor Fireplaces || Facilities > Heating & Cooling > Bathroom Fans || Facilities > Grounds Maintenance > Watering Equipment > Water Hoses & Accessories || Facilities > Heating & Cooling > Air Conditioners || Facilities > Heating & Cooling > Ceiling Fans || Gift Shop > Professional Gifts > Compasses > Outdoor Heaters || Computers & Accessories > Computer Accessories & Peripherals > Laptop Cooling Pads,,,
Amazon,Industrial & Scientific > Occupational Health & Safety Products > Safety Signs & Signals,Industrial & Scientific > Occupational Health & Safety Products > Safety Signs & Signals,True,stratified sample,"Laboratory & Scientific Supplies > Lab Safety > Hazard Communications, Labels, Tags & Signs || Facilities > Facilities Signs > Safety Signs || Safety Supplies > Traffic Signs || Laboratory & Scientific Supplies > Lab Safety > Maintenance & Safety Supplies || Safety Supplies || Safety Supplies > Safety Vests & High Visibility Clothing || Safety Supplies > Safety Storage || Safety Supplies > Test Instruments, Meters & Precision Tools || Facilities > Facilities Signs > Safety Labels & Tags || Safety Supplies > Personal Protective Equipment (PPE) || Workwear > Occupational Workwear > Safety || Laboratory & Scientific Supplies > Lab Safety",,,
Amazon,Industrial & Scientific > Power & Hand Tools > Industrial Power Tools,Industrial & Scientific > Power & Hand Tools > Industrial Power Tools,True,stratified sample,"Facilities > Hand & Power Tools > Power Tools || Tools, Parts & Supplies > Power Tools || Facilities > Hand & Power Tools > Tool Storage || Facilities > Hand & Power Tools > Power Tools > Power Tool Sets || Facilities > Hand & Power Tools > Power Tools > Power Saws & Accessories || Tools, Parts & Supplies > Power Tools > Concrete Tools || Facilities > Hand & Power Tools > Hand Tools || Facilities > Hand & Power Tools > Power Tools > Pneumatic Tools || Facilities > Hand & Power Tools || Computers & Accessories > Computer Parts & Components > Power Supplies || Tools, Parts & Supplies > Measuring & Leveling Tools > Industrial Tape",,,
Amazon,Health & Personal Care > Household Supplies > Air Fresheners,Health & Personal Care > Household Supplies > Air Fresheners,True,stratified sample,Cleaning Supplies > Cleaning Chemicals & Wipes > Air Fresheners & Deodorizers || Facilities > Air Quality > Air Purifiers || Cleaning Supplies > Hand Soaps & Sanitizers || Facilities > Air Quality > Air Purifier Filters || Facilities > Heating & Cooling > Air Conditioners || Cleaning Supplies > Cleaning Chemicals & Wipes || Cleaning Supplies > Cleaning Chemicals & Wipes > Carpet Care || Cleaning Supplies > Natural Cleaning Supplies || Cleaning Supplies > Natural Cleaning Supplies > Natural Cleaning Supplies || Cleaning Supplies > Laundry Care || Facilities > Air Quality || Facilities > Air Quality > Air Filter Accessories,,,
Amazon,Health & Personal Care > Medical Supplies & Equipment > Orthopedic Supplies,Health & Personal Care > Medical Supplies & Equipment > Orthopedic Supplies,True,stratified sample,Healthcare Supplies > Durable Medical Equipment || Healthcare Supplies > Physical Therapy and Rehabilitation Equipment || Healthcare Supplies > Professional Dental Supplies || Healthcare Supplies > Durable Medical Equipment > Orthopedics || Healthcare Supplies > Patient Care > Medical Practice Furniture || Healthcare Supplies > Personal Dental Care || Healthcare Supplies > Patient Care > Medical Practice Furniture > Medical Cabinets || Healthcare Supplies > Physical Therapy and Rehabilitation Equipment > Rehabilitation & Therapeutic Equipment || Healthcare Supplies > Patient Care > Exam Room Supplies & Equipment || Healthcare Supplies > Patient Care > Beds & Bedside Care > Disposable Medical & Dental Cups || Party Supplies || Restaurant & Foodservice Supplies > Bar Supplies,,,
Amazon,Tools & Home Improvement > Electrical > Electrical Ballasts,Tools & Home Improvement > Electrical > Electrical Ballasts,True,stratified sample,"Facilities > Electrical and Wiring > Electrical || Facilities > Electrical and Wiring > Electrical > Plugs and Connectors || Facilities > Electrical and Wiring || Facilities > Electrical and Wiring > Electrical > Switches and Controls || Facilities > Electrical and Wiring > Electrical > Wire || Facilities > Electrical and Wiring > Electrical > Fuses || Facilities > Commercial Lighting, Ballasts & Bulbs > Ballasts || Facilities > Electrical and Wiring > Electrical > Receptacles || Facilities > Electrical and Wiring > Electrical > Wall Plates || Facilities > Commercial Lighting, Ballasts & Bulbs || Office Supplies > Tape, Fasteners & Adhesives > Tape > Electrical Tape",,,
Amazon,"Arts, Crafts & Sewing > Painting, Drawing & Art Supplies > Painting","Arts, Crafts & Sewing > Painting, Drawing & Art Supplies > Painting",True,stratified sample,Arts & Crafts > Painting Accessories || Arts & Crafts > Paint || Arts & Crafts > Art & Drawing Pens || Arts & Crafts > Canvas & Art Boards || Arts & Crafts > Art Brushes || Furniture > Decor > Wall Art > Abstract Art || Furniture > Decor > Wall Art > Art by Famous Artists || Furniture > Decor > Wall Art > Nature Landscape Art || Arts & Crafts > Drawing & Colored Pencils || Arts & Crafts > Drawing Tools & Supplies || Facilities > Paint Supplies > Paint || Expanded Assortment > Paint & Paint Supplies,,,
Amazon,"Home & Kitchen > Home Décor > Photo Albums, Frames & Accessories","Home & Kitchen > Home Décor > Photo Albums, Frames & Accessories",True,stratified sample,"Furniture > Decor > Picture Frames & Photo Albums || Gift Shop > Gift Sets, Photo & Custom Gifts > Photo Gifts || Furniture > Decor > Home & Office Decor || Furniture > Decor > Wall Art > Vintage Art || Furniture > Decor > Wall Art || Furniture > Decor > Home & Office Decor > Decorative Plates || Furniture > Decor > Wall Art > Wall Art/Decor || Furniture > Decor > Home & Office Decor > Home & Office Bars || Furniture > Decor > Home & Office Decor > Decorative Baskets, Bowls and Boxes || Furniture > Decor > Wall Art > Music Art || Facilities > Paint Supplies > Paint Accessories > Roller Frames || Phones, Cameras & Electronics > Phones & Accessories > Phone Accessories",,,
Amazon,Industrial & Scientific > Packaging & Shipping Supplies > Corrugated Pads,Industrial & Scientific > Packaging & Shipping Supplies > Corrugated Pads,True,stratified sample,"Shipping, Packing & Mailing Supplies > Shipping Supplies > Corrugated Boxes & Pads || Shipping, Packing & Mailing Supplies > Shipping Supplies > Corrugated Boxes & Pads > Corrugated Mailers || Shipping, Packing & Mailing Supplies > Shipping Supplies > Corrugated Boxes & Pads > Layer Pads || Shipping, Packing & Mailing Supplies > Shipping Supplies > Poly Bags & Tubing > Pallet Covers & Sheeting || Shipping, Packing & Mailing Supplies > Shipping Supplies > Corrugated Boxes & Pads > Shipping Boxes || Shipping, Packing & Mailing Supplies > Shipping Supplies > Poly Bags & Tubing || Shipping, Packing & Mailing Supplies > Shipping Supplies > Cushioning & Void Fill > Packing Paper Sheets || Shipping, Packing & Mailing Supplies > Shipping Supplies > Packing Tape & Dispensers || Retail Store Supplies > Retail Packaging > Decorative Shipping Boxes || Shipping, Packing & Mailing Supplies > Shipping Supplies > Cushioning & Void Fill > Air Pillows & Inflatable Packaging || Decor > Rug Pads || Office Supplies > Desk Organizers & Accessories > Desk Pads",,,
Amazon,Health & Personal Care,Health & Personal Care,False,stratified sample,"Healthcare Supplies > Personal Care || Healthcare Supplies > Personal Dental Care || Healthcare Supplies > Personal Care > Baby Care || Healthcare Supplies > Personal Care > Skin Care || Healthcare Supplies > Patient Care > Practice Front Desk Supplies > Personal Care Kits || Healthcare Supplies > Personal Care > Period Care || Healthcare Supplies > Patient Care || Healthcare Supplies > Personal Dental Care > Oral Care || Healthcare Supplies > Patient Care > Medical Practice Furniture || Healthcare Supplies > Physical Therapy and Rehabilitation Equipment || Expanded Assortment > Personal Care & Eyewear || Bags, Backpacks & Luggage > Luggage & Travel Accessories > Travel Accessories > Personal Travel Accessories",,,
Amazon,Tools & Home Improvement > Measuring & Layout Tools,Tools & Home Improvement > Measuring & Layout Tools,False,stratified sample,"Facilities > Hand & Power Tools > Measuring & Layout Tools || Facilities > Hand & Power Tools > Measuring & Layout Tools > Measuring Wheels || Facilities > Hand & Power Tools > Measuring & Layout Tools > Tape Measures || Tools, Parts & Supplies > Power Tools > Finishing Tools || Tools, Parts & Supplies > Power Tools > Concrete Tools || Facilities > Hand & Power Tools > Tool Storage || Tools, Parts & Supplies > Measuring & Leveling Tools || Tools, Parts & Supplies > Hand Tools > Electrical Tools, Meters & Fish Tape || Facilities > Hand & Power Tools > Measuring & Layout Tools > Inspection Mirrors || Facilities > Hand & Power Tools > Tool Storage > Tool Boxes & Cases || Office Supplies > Office Basics > Rulers & Measuring Devices || Tools, Parts & Supplies > Automotive > Oil Drain Pans, Measuring Cans & Funnels",,,
Amazon,"Arts, Crafts & Sewing > Crafting","Arts, Crafts & Sewing > Crafting",False,stratified sample,Arts & Crafts > Crafting || Arts & Crafts > Crafting > Craft Supplies || Arts & Crafts > Crafting > Craft Kits || Arts & Crafts > Crafting > Art Portfolios & Craft Storage || Arts & Crafts > Scrapbooking || Arts & Crafts || Arts & Crafts > Drawing Tools & Supplies || Arts & Crafts > Art & Drawing Pens || Arts & Crafts > Painting Accessories || Arts & Crafts > Drafting Supplies || Furniture > Home & Office Tables > Specialty & Drafting Tables,,,
Amazon,"Home & Kitchen > Heating, Cooling & Air Quality > Humidifiers","Home & Kitchen > Heating, Cooling & Air Quality > Humidifiers",True,stratified sample,"Facilities > Air Quality > Humidifiers || Facilities > Heating & Cooling > Air Conditioners || Facilities > Air Quality > Dehumidifiers || Facilities > Heating & Cooling > Heaters || Facilities > Air Quality > Air Purifiers || Facilities > Heating & Cooling > Thermostats || Facilities > Air Quality > Air Purifier Filters || Coffee, Water & Snacks > Breakroom Appliances > Water Filters & Dispensers || Facilities > Heating & Cooling > Bathroom Fans || Gift Shop > Professional Gifts > Compasses > Outdoor Heaters || Audio > Portable Audio > Home Theater Audio > Receivers & Amplifiers || Furniture > Lamps & Lighting > Craft Lighting & Magnifiers",,,
Amazon,Industrial & Scientific > Retail Store Fixtures & Equipment > Mannequins,Industrial & Scientific > Retail Store Fixtures & Equipment > Mannequins,True,stratified sample,Retail Store Supplies > Store Fixtures & Retail Displays > Mannequins || Retail Store Supplies > Backroom Retail Supplies > Clothing Hangers & Accessories || Retail Store Supplies > Store Fixtures & Retail Displays || Retail Store Supplies > Store Fixtures & Retail Displays > Retail Displays || Retail Store Supplies > Store Fixtures & Retail Displays > Store Shelving || Retail Store Supplies > Store Fixtures & Retail Displays > Slatwall Panels & Accessories || Retail Store Supplies > Store Fixtures & Retail Displays > Hangrails & Accessories || Retail Store Supplies > Store Fixtures & Retail Displays > Floor & Wall Mirrors || Retail Store Supplies > Store Fixtures & Retail Displays > Pegboard & Accessories || Retail Store Supplies > Store Fixtures & Retail Displays > Merchandisers || Printers & Scanners > Scanners & Scanner Accessories > Scanners || Printers & Scanners > Scanners & Scanner Accessories,,,
Amazon,Tools & Home Improvement > Hardware > Door Hardware & Locks,Tools & Home Improvement > Hardware > Door Hardware & Locks,True,stratified sample,"Facilities > Hardware > Door Hardware || Facilities > Hardware > Door Hardware > Door Stops & Bumpers || Facilities > Plumbing > Bathroom Hardware > Bathroom Safety Hardware || Facilities > Hardware > Door Hardware > Push Plates & Pulls || Facilities > Hardware > Door Hardware > Door Closers || Facilities > Hardware > Door Hardware > Door Strips || Facilities > Locks & Key Control > Locking Systems || Facilities > Plumbing > Bathroom Hardware || Facilities > Hardware > Chain, Rope & Tie Downs || Smart Home & Security > Smart Locks || Retail Store Supplies > Sewing & Tailoring > Handbag Hardware || Facilities > Hardware",,,
Amazon,Tools & Home Improvement > Lighting & Ceiling Fans > Commercial Lighting,Tools & Home Improvement > Lighting & Ceiling Fans > Commercial Lighting,True,stratified sample,"Facilities > Commercial Lighting, Ballasts & Bulbs > Commercial Lighting || Furniture > Lamps & Lighting > Ceiling Lighting || Furniture > Lamps & Lighting > Outdoor Lighting || Furniture > Lamps & Lighting > Specialty Lighting || Furniture > Lamps & Lighting > Lighting Controls, Dimmers & Accessories > Lighting Accessories || Furniture > Lamps & Lighting > Under Cabinet Lighting || Furniture > Lamps & Lighting > Accent Lighting || Furniture > Lamps & Lighting > Lighting Controls, Dimmers & Accessories || Furniture > Lamps & Lighting || Facilities > Commercial Lighting, Ballasts & Bulbs || Restaurant & Foodservice Supplies > Smallwares > Commercial Baking Tools || Restaurant & Foodservice Supplies > Smallwares > Commercial Cookware",,,
Amazon,Industrial & Scientific > Professional Dental Supplies > Cosmetics & Restoratives,Industrial & Scientific > Dental Supplies > Cosmetics & Restoratives,True,stratified sample,Healthcare Supplies > Professional Dental Supplies > Restoratives & Cosmetic || Retail Store Supplies > Spa & Salon > Cosmetics || Healthcare Supplies > Professional Dental Supplies > Dental Instruments || Healthcare Supplies > Professional Dental Supplies || Healthcare Supplies > Professional Dental Supplies > Operatory Products || Healthcare Supplies > Professional Dental Supplies > Lab Products || Healthcare Supplies > Professional Dental Supplies > Dental Instruments > Dental Mirrors || Healthcare Supplies > Professional Dental Supplies > Orthodontic || Expanded Assortment > Personal Care & Eyewear > Toothpaste || Healthcare Supplies > Professional Dental Supplies > Infection Prevention > Dental Applicators & Swabs || Healthcare Supplies > OTC Pharmaceuticals > Medicine & Vitamins > Laxatives || Furniture > Decor > Home & Office Decor > Decorative Plates,,,
Amazon,Office Products > Office Electronics > Point-of-Sale (POS) Equipment,Office Products > Office Electronics > Point-of-Sale (POS) Equipment,True,stratified sample,"Retail Store Supplies > Point of Sale (POS) Equipment || Retail Store Supplies > Point of Sale (POS) Equipment > POS Computers & Accessories || Retail Store Supplies > Point of Sale (POS) Equipment > POS Software || Retail Store Supplies > Point of Sale (POS) Equipment > POS Receipt Printers || Retail Store Supplies > Point of Sale (POS) Equipment > Cash Register Ribbons || Office Supplies > Office Basics > Office Supply Kits || Retail Store Supplies > Point of Sale (POS) Equipment > Restaurant Pagers & Communication || Retail Store Supplies > Point of Sale (POS) Equipment > Cash Registers || Office Supplies > Custom Marketing Materials || Retail Store Supplies > Point of Sale (POS) Equipment > POS Software > POS Systems & Software || TV & Streaming Media > DJ Equipment & Musical Instruments > Stage Equipment || Shredders, Projectors & Office Machines > Binding Equipment",,,
Amazon,"Arts, Crafts & Sewing > Organization, Storage & Transport > Storage Cabinets","Arts, Crafts & Sewing > Organization, Storage & Transport > Storage Cabinets",True,stratified sample,Furniture > Storage Furniture > Storage Cabinets || Office Supplies > Storage & Organization > Storage Drawers || Furniture > Storage Furniture > Storage Organization || Office Supplies > Storage & Organization > Storage Furniture || Office Supplies > Storage & Organization > Storage Bins || Office Supplies > Storage & Organization > Storage Containers & Boxes || Office Supplies > Storage & Organization > Storage Baskets || Furniture > Storage Furniture > Electronics & Computer Storage Units || Furniture > Storage Furniture > Media Storage Furniture || Furniture > Storage Furniture > Clothing Racks & Closet Organization > Closet Storage & Organizers || Safety Supplies > Safety Storage > Flammables Storage Cabinets || Furniture > File Cabinets,,,
Amazon,Tools & Home Improvement > Hardware > Grommets,Tools & Home Improvement > Hardware > Grommets,True,gap-enriched sample,"Facilities > Hardware > Fasteners || Facilities > Hardware > Door Hardware || Office Supplies > Tape, Fasteners & Adhesives > Mounting > Hook and Loop Fasteners || Facilities > Hardware > Chain, Rope & Tie Downs > Straps & Bungee Cords || Facilities > Hardware > Chain, Rope & Tie Downs || Retail Store Supplies > Sewing & Tailoring > Fasteners || Facilities > Hardware > Wheels & Casters || Office Supplies > Tape, Fasteners & Adhesives > Mounting > Hooks & Hanging Strips || Office Supplies > Tape, Fasteners & Adhesives > Mounting || Office Supplies > Clips, Fasteners & Rubber Bands > Paper Fasteners || Gift Shop > Home, Personal & Travel > Grooming Sets || Safety Supplies > Personal Protective Equipment (PPE) > Head & Face Protection > Hard Hats & Safety Helmets",,,
Amazon,"Patio, Lawn & Garden > Grills & Outdoor Cooking > Grills & Smokers","Patio, Lawn & Garden > Grills & Outdoor Cooking > Grills & Smokers",True,gap-enriched sample,"Appliances & Kitchenware > Small Appliances > Griddles, Grills & Waffle Makers || Appliances & Kitchenware > Kitchenware > Kitchen Tools > Grilling Products || Furniture > Decor > Home & Office Decor > Indoor Fireplaces || Gift Shop > Professional Gifts > Compasses > Outdoor Heaters || Facilities > Grounds Maintenance > Outdoor Tools > Rakes & Leaf Blowers || Appliances & Kitchenware > Small Appliances > Slow Cookers & Roasters || Appliances & Kitchenware > Small Appliances > Deep Fryers || Appliances & Kitchenware > Kitchenware > Kitchen Tools > Cooking Utensils || Restaurant & Foodservice Supplies > Restaurant Storage & Transport > Kitchen Racks || Gift Shop > Professional Gifts > Compasses > Patio Furniture || Facilities > Hand & Power Tools > Power Tools > Drills || Healthcare Supplies > OTC Pharmaceuticals > Medicine & Vitamins > Stop Smoking Aids",,,
Amazon,Electronics > Video Game Consoles & Accessories > Xbox 360,Electronics > Video Game Consoles & Accessories > Xbox 360,True,gap-enriched sample,Computer Software > PC Games & Accessories > PC Gaming Accessories || Computer Software > PC Games & Accessories > PC Games || Gaming > Handheld Consoles || Gaming > Video Games || Computer Software > PC Games & Accessories || Gaming > Gaming Consoles || Gaming > Gaming Controllers || Gaming > Gaming Accessories || Gift Shop > Game Room & Toys > Game Room > Gaming Tables & Accessories || TV & Streaming Media > TV & Video > Car CD Players & Monitors || Facilities > Hand & Power Tools > Hand Tools > Box Cutters & Utility Knives || Party Supplies > Wrapping Supplies > Gift Boxes & Bags,,,
Amazon,"Arts, Crafts & Sewing > Crafting > Weaving & Spinning","Arts, Crafts & Sewing > Crafting > Weaving & Spinning",True,gap-enriched sample,Arts & Crafts > Crafting || Arts & Crafts > Crafting > Craft Supplies || Arts & Crafts > Crafting > Craft Kits || Arts & Crafts > Crafting > Art Portfolios & Craft Storage || Retail Store Supplies > Sewing & Tailoring > Yarn || Retail Store Supplies > Sewing & Tailoring > Needle Arts || Retail Store Supplies > Sewing & Tailoring > Patterns & Sewing Books || Retail Store Supplies > Sewing & Tailoring > Sewing Tools || Arts & Crafts > Drawing Tools & Supplies || Retail Store Supplies > Sewing & Tailoring > Sewing Machines || Appliances & Kitchenware > Kitchenware > Kitchen Tools > Salad Spinners || Retail Store Supplies > Spa & Salon > Shaving,,,
Amazon,Health & Personal Care > Sexual Wellness > Novelties,Health & Personal Care > Sexual Wellness > Novelties,True,gap-enriched sample,"Expanded Assortment > Personal Care & Eyewear || School Supplies > Teacher Supplies > Physical Education & Recreation > Sporting Goods || Expanded Assortment > Pet Supplies & Accessories > Specialty Pet Supplies || Expanded Assortment > Pet Supplies & Accessories || School Supplies > Learning at Home > Educational & STEM Toys || Healthcare Supplies > Professional Dental Supplies > Operatory Products || Expanded Assortment > Fitness || Party Supplies > Party Favors & Costumes > Costumes & Accessories || Gift Shop > Home, Personal & Travel > Unique Gifts || Healthcare Supplies > Personal Care || Tools, Parts & Supplies > Cable Ties & Tie Guns || Facilities",,,
Amazon,Industrial & Scientific > Professional Dental Supplies > Anesthesia,Industrial & Scientific > Dental Supplies > Anesthesia,True,gap-enriched sample,"Healthcare Supplies > Professional Dental Supplies > Dental Instruments || Healthcare Supplies > Professional Dental Supplies || Healthcare Supplies > Professional Dental Supplies > Orthodontic || Healthcare Supplies > Patient Care > Beds & Bedside Care > Disposable Medical & Dental Cups || Healthcare Supplies > Patient Care > Diagnostic & Exam Instruments || Healthcare Supplies > Personal Dental Care || Healthcare Supplies > Patient Care > Respiratory Therapy || Healthcare Supplies > Patient Care > Diagnostic & Exam Instruments > Oximeters || Healthcare Supplies > Professional Dental Supplies > Dental Instruments > Dental Mirrors || Healthcare Supplies > Professional Dental Supplies > Infection Prevention || Healthcare Supplies > Durable Medical Equipment > Mobility Aids > Canes || Facilities > Adhesives, Sealants and Patching > Adhesives",,,
Amazon,Industrial & Scientific > Science Education > Optics,Industrial & Scientific > Science Education > Optics,True,gap-enriched sample,"Laboratory & Scientific Supplies > Lab Instruments & Equipment > Microscopes, Magnification & Accessories || Laboratory & Scientific Supplies > Educational Materials & Accessories || Laboratory & Scientific Supplies || Laboratory & Scientific Supplies > Lab Instruments & Equipment > Spectroscopy, Spectrophotometers & Accessories || Laboratory & Scientific Supplies > Lab Instruments & Equipment || Laboratory & Scientific Supplies > Lab Instruments & Equipment > Light Sources || Laboratory & Scientific Supplies > Biochemistry || Laboratory & Scientific Supplies > Controlled Environment Supplies || Laboratory & Scientific Supplies > Lab Safety || Laboratory & Scientific Supplies > Labware & Consumables > General Laboratory Supplies || Healthcare Supplies > Wound Care > Antiseptics & Antibiotics > Antiseptics || Healthcare Supplies > Wound Care > Antiseptics & Antibiotics",,,
Amazon,Home & Kitchen > Home Décor > Draft Stoppers,Home & Kitchen > Home Décor > Draft Stoppers,True,gap-enriched sample,"Furniture > Home & Office Tables > Specialty & Drafting Tables || Furniture > Decor > Home & Office Decor > Decorative Baskets, Bowls and Boxes || Furniture > Decor > Home & Office Decor > Decorative Plates || Furniture > Decor > Home & Office Decor > Home & Office Bars || Party Supplies > Party Décor || Furniture > Decor > Home & Office Decor || Furniture > Decor > Home & Office Decor > Accent Room Dividers || Furniture > Decor > Seasonal Decor > Window & Wall Decor & Signs || Furniture > Decor > Home & Office Decor > Home Accents || Healthcare Supplies > Patient Care > Exam Room Supplies & Equipment > Sharps Containers & Wall Brackets || Furniture > Decor > Beds & Bedding > Mattress Pads & Toppers || Arts & Crafts > Drafting Supplies",,,
Amazon,"Arts, Crafts & Sewing > Fabric Decorating > Dyes","Arts, Crafts & Sewing > Fabric Decorating > Dyes",True,gap-enriched sample,"Retail Store Supplies > Sewing & Tailoring > Fabric || Facilities > Paint Supplies > Paint Accessories > Paint Solvents || Retail Store Supplies > Sewing & Tailoring > Yarn || Expanded Assortment > Paint & Paint Supplies > Paints || Arts & Crafts > Paint || Tools, Parts & Supplies > Chemicals, Lubricants & Paints > Penetrants || Retail Store Supplies > Sewing & Tailoring > Patterns & Sewing Books || Cleaning Supplies > Laundry Care > Fabric Softener || Tools, Parts & Supplies > Chemicals, Lubricants & Paints || Arts & Crafts > Drawing & Colored Pencils || Phones, Cameras & Electronics > Phones & Accessories || Party Supplies > Party Favors & Costumes > Costumes & Accessories",,,
Amazon,Home & Kitchen > Seasonal Décor > Nutcrackers,Home & Kitchen > Seasonal Décor > Nutcrackers,True,gap-enriched sample,"Furniture > Decor > Seasonal Decor > Ornaments & Tree Decor || Furniture > Decor > Seasonal Decor > Figurines & Tabletop Decor || Furniture > Decor > Seasonal Decor || Furniture > Decor > Home & Office Decor > Decorative Baskets, Bowls and Boxes || Furniture > Decor > Candles || Gift Shop > Professional Gifts > Compasses > Outdoor Decor || Furniture > Decor > Seasonal Decor > Standing Decor || Gift Shop > Professional Gifts > Compasses > Patio Furniture || Gift Shop > Home, Personal & Travel > Sculptures & Figurines || Furniture > Decor > Seasonal Decor > Holiday Lighting || Coffee, Water & Snacks > Snacks & Food > Crackers || Furniture > Storage Furniture > Lockers",,,
Amazon,"Arts, Crafts & Sewing > Beading & Jewelry Making > Charms","Arts, Crafts & Sewing > Beading & Jewelry Making > Charms",True,gap-enriched sample,"Gift Shop > Home, Personal & Travel > Jewelry Boxes & Cases || Arts & Crafts > Scrapbooking > Stickers & Embellishments || Arts & Crafts > Crafting > Craft Kits || Arts & Crafts > Crafting > Craft Supplies || Gift Shop > Home, Personal & Travel > Key Chains & Rings || Arts & Crafts > Crafting || Arts & Crafts > Painting Accessories || Arts & Crafts > Scrapbooking || Gift Shop > Professional Gifts > Cufflinks || Furniture > Decor > Wall Art > Kids & Whimsical Art || Healthcare Supplies > Patient Care > Exam Room Supplies & Equipment > Patient Alarms || Phones, Cameras & Electronics > Chargers & Charging Cables",,,
Amazon,Health & Personal Care > Household Supplies > Lighters & Matches,Health & Personal Care > Household Supplies > Lighters & Matches,True,gap-enriched sample,"Gift Shop > Home, Personal & Travel > Jewelry Boxes & Cases || Party Supplies > Disposable Bowls || Party Supplies > Disposable Cutlery & Dispensers || Gift Shop > Professional Gifts > Cigar Accessories || Tools, Parts & Supplies > Flashlights, Lanterns & Work Lights || Gift Shop > Professional Gifts > Compasses > Outdoor Furniture Covers || Safety Supplies > Crowd Control Accessories || Office Supplies > Writing Supplies & Instruments > Pencil Accessories || Office Supplies > Writing Supplies & Instruments > Pencil Accessories > Pencil Accessories || Safety Supplies > Fall Protection Kits, Parts & Accessories || Office Supplies > Writing Supplies & Instruments > Highlighters || Wearable Technology > Smart Watches",,,
Amazon,Industrial & Scientific > Janitorial & Sanitation Supplies > Commercial Odor & Drain Maintainers,Industrial & Scientific > Janitorial & Sanitation Supplies > Commercial Odor & Drain Maintainers,True,gap-enriched sample,"Cleaning Supplies > Cleaning Chemicals & Wipes > Dilution Control Systems & Chemicals || Cleaning Supplies > Chemical Sterilization Equipment || Cleaning Supplies > Cleaning Chemicals & Wipes > Cleaning Chemicals || Cleaning Supplies > Janitorial Paper & Dispensers || Cleaning Supplies > Cleaning Chemicals & Wipes || Cleaning Supplies > Pest Control || Cleaning Supplies > Waste & Recycling || Cleaning Supplies > Natural Cleaning Supplies || Cleaning Supplies > Natural Cleaning Supplies > Natural Cleaning Supplies || Laboratory & Scientific Supplies > Lab Instruments & Equipment > Water & Wastewater Testing || Facilities > Plumbing > Bathroom Hardware > Drains || Facilities > Commercial Lighting, Ballasts & Bulbs > Commercial Lighting",,,
Amazon,Health & Personal Care > Vision Care > Contact Lenses,Health & Personal Care > Vision Care > Contact Lenses,True,gap-enriched sample,"Healthcare Supplies > Personal Care > Skin Care || Healthcare Supplies > Patient Care > Practice Front Desk Supplies > Personal Care Kits || Expanded Assortment > Personal Care & Eyewear || Safety Supplies > Personal Protective Equipment (PPE) > Eye Protection > Safety Glasses, Goggles & Accessories || Healthcare Supplies > Personal Care || Healthcare Supplies > Personal Dental Care || Safety Supplies > Personal Protective Equipment (PPE) > Eye Protection || Healthcare Supplies > Personal Care > Skin Care > Skin Care Treatment || Healthcare Supplies > Patient Care > Practice Front Desk Supplies > Medical Take Home Bags || Healthcare Supplies > Personal Dental Care > Oral Care || Laboratory & Scientific Supplies > Lab Safety > Lab Spill Control & Containment || Restaurant & Foodservice Supplies > Restaurant Storage & Transport > Food Storage & Containers",,,
Amazon,Appliances > Garbage Disposals & Compactors > Trash Compactors,Appliances > Garbage Disposals & Compactors > Trash Compactors,True,gap-enriched sample,"Cleaning Supplies > Waste & Recycling > Trash Cans & Recycling Bins || Cleaning Supplies > Waste & Recycling > Trash Bags || Cleaning Supplies > Waste & Recycling > Waste Receptacle Lids & Accessories || Appliances & Kitchenware > Major Appliances > Dishwashers || Appliances & Kitchenware > Major Appliances > Refrigerators || Appliances & Kitchenware > Major Appliances > Washers & Dryers || Appliances & Kitchenware > Major Appliances > Freezers || Cleaning Supplies > Waste & Recycling || Cleaning Supplies > Floor & Carpet Cleaning Equipment > Vacuums || Coffee, Water & Snacks > Breakroom Appliances > Toaster Ovens || Tools, Parts & Supplies > Measuring & Leveling Tools > Compasses, Protractors and Markers || Gift Shop > Professional Gifts > Compasses",,,
Amazon,Industrial & Scientific > Material Handling Products > Loading Dock Levelers,Industrial & Scientific > Material Handling Products > Loading Dock Levelers,True,gap-enriched sample,"Laboratory & Scientific Supplies > Lab Safety > Material Handling & Storage || Facilities > Material Handling > Hand Trucks & Dollies || Facilities > Material Handling > Hoists, Winches & Pullers || Facilities > Material Handling || Safety Supplies > Safety Storage > Safety Cabinets & Shelves || Laboratory & Scientific Supplies > Lab Furniture & Fixtures > Hazardous Material Lab Storage || Tools, Parts & Supplies > Measuring & Leveling Tools > Industrial Tape || Laboratory & Scientific Supplies > Lab Instruments & Equipment > Gas Handling & Extraction || Facilities > Hand & Power Tools > Tool Storage > Tool Chests & Side Cabinets || Healthcare Supplies > Durable Medical Equipment > Patient Lift & Transfer > Ramps || Tools, Parts & Supplies > Measuring & Leveling Tools || Facilities > Hand & Power Tools > Measuring & Layout Tools > Levels, Compasses, and Calipers",,,
Amazon,"Patio, Lawn & Garden > Gardening & Lawn Care > Greenhouses & Plant Germination Equipment","Patio, Lawn & Garden > Gardening & Lawn Care > Greenhouses & Plant Germination Equipment",True,gap-enriched sample,"Facilities > Grounds Maintenance > Outdoor Tools > Lawn & Garden Tools || Facilities > Grounds Maintenance > Watering Equipment > Lawn Sprinklers || Furniture > Decor > Artificial Plants & Flowers > Artificial Plants || Facilities > Grounds Maintenance > Watering Equipment || Furniture > Decor > Artificial Plants & Flowers || Facilities > Grounds Maintenance > Outdoor Tools > Rakes & Leaf Blowers || Furniture > Decor > Artificial Plants & Flowers > Artificial Trees || Facilities > Grounds Maintenance > Watering Equipment > Water Hoses & Accessories || Facilities > Grounds Maintenance > Outdoor Tools || Facilities > Grounds Maintenance > Watering Equipment > Water Hose Nozzles & Sprayers || TV & Streaming Media > DJ Equipment & Musical Instruments > Stage Equipment || Shredders, Projectors & Office Machines > Binding Equipment",,,
Amazon,Home & Kitchen > Seasonal Décor > Nativity,Home & Kitchen > Seasonal Décor > Nativity,True,gap-enriched sample,"Furniture > Decor > Seasonal Decor > Ornaments & Tree Decor || Furniture > Decor > Seasonal Decor > Figurines & Tabletop Decor || Furniture > Decor > Seasonal Decor || Furniture > Decor > Seasonal Decor > Holiday Lighting || Furniture > Decor > Seasonal Decor > Window & Wall Decor & Signs || Furniture > Decor > Seasonal Decor > Standing Decor || Gift Shop > Home, Personal & Travel > Sculptures & Figurines || Gift Shop > Professional Gifts > Compasses > Outdoor Decor || Furniture > Decor > Candles || Gift Shop > Artificial Christmas Trees || Cleaning Supplies > Natural Cleaning Supplies > Natural Cleaning Supplies || Cleaning Supplies > Natural Cleaning Supplies",,,
Amazon,Electronics > Video Game Consoles & Accessories > PlayStation 3,Electronics > Video Game Consoles & Accessories > PlayStation 3,True,gap-enriched sample,Computer Software > PC Games & Accessories > PC Games || Computer Software > PC Games & Accessories > PC Gaming Accessories || Computer Software > PC Games & Accessories || Gaming > Video Games || Gaming > Handheld Consoles || Gift Shop > Game Room & Toys > Game Room > Gaming Tables & Accessories || Gaming > Gaming Consoles || Gift Shop > Game Room & Toys > Game Room > Game Room & Games || TV & Streaming Media > TV & Video > Car CD Players & Monitors || Gaming > Gaming Accessories || Gift Shop > Stationery || Paper > Stationery & Invitations,,,
Amazon,Industrial & Scientific > Industrial Electrical > Semiconductor Products,Industrial & Scientific > Industrial Electrical > Semiconductor Products,True,gap-enriched sample,"Facilities > Electrical and Wiring > Electrical || Tools, Parts & Supplies > Measuring & Leveling Tools > Industrial Tape || Tools, Parts & Supplies > Power Tools > Metal Detectors || Laboratory & Scientific Supplies > Lab Instruments & Equipment > Filtration Products || Tools, Parts & Supplies > Automotive > Liquid Transfer Tanks || Tools, Parts & Supplies > Automotive || Tools, Parts & Supplies > Industrial Adhesives, Sealants & Tapes || Laboratory & Scientific Supplies > Lab Furniture & Fixtures > Hazardous Material Lab Storage || Laboratory & Scientific Supplies > Lab Furniture & Fixtures > Lab Sinks & Plumbing Apparatus || Facilities > Heating & Cooling > Industrial Fans || Coffee, Water & Snacks > Paper Products || Healthcare Supplies > Professional Dental Supplies > Lab Products",,,
